종목코드,기업명,ROE,ROA,GPM,OPM,NPM,EBITDA,부채비율,유동비율,당좌비율,자기자본비율,매출액증가율,영업이익증가율,EPS증가율,BPS증가율,재고자산회전율,총자산회전율,PER,PBR,PSR,PCR,EV/EBITDA,GP/A,OCF,FCF,주가,시가총액
000010,신한은행,9.82,0.63,0.0,0.0,0.0,53096.94,1452.43,0.0,0.0,6.44,0.0,4.95,0.0,0.0,0.0,0.0,0.0,0.0,0.0,0.0,0.0,0.0,0.0,0.0,0,0
000020,동화약품,0.96,0.6,0.0,0.05,0.77,2.57,59.97,107.29,107.29,62.51,6.78,-98.09,0.0,0.0,496394309778.0,0.773,8.01,0.0,0.2915,0.0,1501.17,0.0,0.0,0.0,5180,144700000000
000030,우리은행,8.7,0.51,0.0,0.0,0.0,35207.42,1593.8,0.0,0.0,5.9,0.0,-13.48,0.0,0.0,0.0,0.0,0.0,0.0,0.0,0.0,0.0,0.0,0.0,0.0,0,0
000040,KR모터스,-4.34,-2.01,0.0,-20.92,-13.72,-28.92,115.69,63.3,63.3,46.36,-13.75,41.43,0.0,0.0,13820791334.0,0.1467,0.85,0.0,1.8233,0.0,0.0,0.0,0.0,0.0,1456,25200000000
000050,경방,5.84,3.77,0.0,11.15,11.49,459.93,54.67,70.48,70.48,64.65,3.83,37.5,0.0,0.0,412475877463.0,0.3285,4.33,0.0,0.5489,0.0,14.57,0.0,0.0,0.0,8260,226400000000
000060,메리츠화재해상보험,28.81,3.8,0.0,0.0,0.0,22865.2,657.16,0.0,0.0,13.21,0.0,-0.47,0.0,0.0,0.0,0.0,0.0,0.0,0.0,0.0,0.0,0.0,0.0,0.0,0,0
000070,삼양홀딩스,-11.24,-5.65,0.0,3.25,-8.9,1087.66,98.76,122.46,122.46,50.31,-1.95,0.68,0.0,0.0,3348286833611.0,0.6351,0.0,0.0,0.14,0.0,28.4,0.0,0.0,0.0,60400,468900000000
000080,하이트진로,3.6,1.26,0.0,6.9,1.65,1723.39,186.52,62.78,62.78,34.9,-3.87,-17.2,0.0,0.0,2498566821284.0,0.7635,23.52,0.0,0.4365,0.0,18.69,0.0,0.0,0.0,15550,1090600000000
000100,유한양행,7.84,5.75,0.0,4.77,8.48,1043.74,36.35,206.07,206.07,73.34,5.75,90.19,0.0,0.0,2186637586358.0,0.6789,28.6,0.0,2.8178,0.0,67.26,0.0,0.0,0.0,83700,6161600000000
000110,한국스탠다드차타드은행,2.6,0.15,0.0,0.0,0.0,3367.77,1592.92,0.0,0.0,5.91,0.0,-36.27,0.0,0.0,0.0,0.0,0.0,0.0,0.0,0.0,0.0,0.0,0.0,0.0,0,0
000120,CJ대한통운,5.83,2.5,0.0,4.14,2.11,5080.81,132.88,88.51,88.51,42.94,1.39,-4.26,0.0,0.0,12284652471280.0,1.1882,7.52,0.0,0.1365,0.0,14.91,0.0,0.0,0.0,73500,1676700000000
000140,하이트진로홀딩스,1.39,0.41,0.0,7.38,0.64,1832.53,242.77,50.32,50.32,29.17,-3.89,-17.38,0.0,0.0,2484504029642.0,0.6357,0.0,0.0,0.0763,0.0,16.14,0.0,0.0,0.0,8170,189600000000
000150,두산,2.04,0.76,0.0,5.37,1.26,10627.15,169.14,103.19,103.19,37.16,9.11,5.87,0.0,0.0,19784138000000.0,0.6008,72.82,0.0,1.0338,0.0,38.72,0.0,0.0,0.0,1263000,20452800000000
000180,성창기업지주,-3.05,-2.4,0.0,-5.45,-16.22,-69.28,27.13,85.19,85.19,78.66,-11.1,5.01,0.0,0.0,127218274093.0,0.1477,0.0,0.0,0.5746,0.0,0.0,0.0,0.0,0.0,5240,73100000000
0001A0,덕양에너젠,10.63,4.48,0.0,4.67,3.15,66.8,137.33,49.84,49.84,42.14,4.24,10.94,0.0,0.0,143195229364.0,1.4205,37.45,0.0,1.6718,0.0,44.57,0.0,0.0,0.0,9400,239400000000
000210,DL,-1.96,-0.79,0.0,5.6,-1.81,2985.46,147.55,120.84,120.84,40.4,-5.14,-27.63,0.0,0.0,5326721292281.0,0.4373,8.09,0.0,0.1983,0.0,27.86,0.0,0.0,0.0,50400,1056200000000
000220,유유제약,6.49,4.4,0.0,7.82,6.47,110.19,47.44,164.41,164.41,67.82,5.81,-5.8,0.0,0.0,140884666972.0,0.6799,6.01,0.0,0.4294,0.0,11.54,0.0,0.0,0.0,3840,60500000000
000230,일동홀딩스,6.24,2.69,0.0,2.53,3.65,149.25,132.32,76.54,76.54,43.04,-6.9,469.93,0.0,0.0,590889546403.0,0.736,3.5,0.0,0.1283,0.0,35.72,0.0,0.0,0.0,6570,75800000000
000240,한국앤컴퍼니,7.26,6.6,0.0,28.24,23.82,4116.26,10.01,235.27,235.27,90.9,4.78,-1.59,0.0,0.0,1457551700261.0,0.2771,5.92,0.0,1.6056,0.0,6.85,0.0,0.0,0.0,24650,2340200000000
000250,삼천당제약,3.31,2.14,0.0,3.65,5.19,84.67,54.36,226.85,226.85,64.78,9.9,220.46,0.0,0.0,231805277738.0,0.413,221.5,0.0,16.9906,0.0,488.53,0.0,0.0,0.0,167900,3938500000000
000270,기아,12.35,7.63,0.0,7.95,6.62,90781.48,61.76,156.55,156.55,61.82,6.23,-28.33,0.0,0.0,114140919000000.0,1.1532,7.28,0.0,0.4481,0.0,9.8,0.0,0.0,0.0,131000,51144100000000
000300,DH오토넥스,17.93,11.23,0.0,0.0,0.0,32.28,59.58,188.11,188.11,62.66,0.0,162.69,0.0,0.0,0.0,0.0,1400.0,0.0,0.0,0.0,59.84,0.0,0.0,0.0,4200,174000000000
000320,노루홀딩스,7.21,4.58,0.0,5.21,4.72,645.08,57.57,183.38,183.38,63.46,-0.69,-11.09,0.0,0.0,1239267844107.0,0.9687,6.38,0.0,0.1883,0.0,10.86,0.0,0.0,0.0,17550,233300000000
000370,한화손해보험,10.8,1.43,0.0,0.0,0.0,4295.93,656.87,0.0,0.0,13.21,0.0,-1.41,0.0,0.0,0.0,0.0,4.81,0.0,0.0,0.0,43.69,0.0,0.0,0.0,8410,981800000000
000400,롯데손해보험,8.37,0.36,0.0,0.0,0.0,647.36,2248.85,0.0,0.0,4.26,0.0,108.42,0.0,0.0,0.0,0.0,31.77,0.0,0.0,0.0,223.02,0.0,0.0,0.0,2065,640800000000
000430,대원강업,6.3,3.17,0.0,2.94,2.88,470.07,98.48,94.7,94.7,50.38,16.93,108.32,0.0,0.0,1599072177000.0,1.1033,3.8,0.0,0.1702,0.0,21.09,0.0,0.0,0.0,4390,272200000000
000440,중앙에너비스,-2.14,-2.03,0.0,-3.52,-2.25,-17.44,5.74,801.45,801.45,94.57,-0.44,0.13,0.0,0.0,49592330053.0,0.9018,0.0,0.0,1.4518,0.0,0.0,0.0,0.0,0.0,11570,72000000000
000480,시알홀딩스,-2.33,-1.2,0.0,3.36,-2.27,278.24,93.66,103.95,103.95,51.64,2.09,59.55,0.0,0.0,827752427000.0,0.5289,0.0,0.0,0.256,0.0,34.82,0.0,0.0,0.0,4520,211900000000
0004V0,엔비알모션,-35.61,-14.19,0.0,-6.23,-19.41,-39.28,150.94,99.41,99.41,39.85,-1.17,4.26,0.0,0.0,63094455574.0,0.731,0.0,0.0,0.9731,0.0,0.0,0.0,0.0,0.0,5580,61400000000
0004Y0,디비금융제14호스팩,-0.18,-0.16,0.0,0.0,0.0,-0.59,14.92,2174835.48,2174835.48,87.02,0.0,-856.6,0.0,0.0,0.0,0.0,105.21,0.0,0.0,0.0,0.0,0.0,0.0,0.0,1999,10600000000
000500,가온전선,10.62,3.73,0.0,3.11,2.02,791.92,184.82,130.2,130.2,35.11,47.4,75.94,0.0,0.0,2545698074000.0,1.8475,97.27,0.0,2.4564,0.0,90.26,0.0,0.0,0.0,210000,6253300000000
000520,삼일제약,-26.01,-9.33,0.0,-10.56,-16.49,-222.12,178.85,44.26,44.26,35.86,-4.3,-19749.45,0.0,0.0,210253472993.0,0.5658,0.0,0.0,0.6345,0.0,0.0,0.0,0.0,0.0,6150,133400000000
000540,흥국화재,18.13,1.21,0.0,0.0,0.0,1875.04,1393.92,0.0,0.0,6.69,0.0,26.03,0.0,0.0,0.0,0.0,7.31,0.0,0.0,0.0,63.42,0.0,0.0,0.0,3530,226800000000
000590,CS홀딩스,5.33,4.94,0.0,14.99,15.57,202.15,8.04,1414.04,1414.04,92.56,-4.99,-9.41,0.0,0.0,134870815287.0,0.317,3.33,0.0,0.5806,0.0,5.44,0.0,0.0,0.0,67800,78300000000
000640,동아쏘시오홀딩스,7.94,4.4,0.0,6.84,6.4,977.73,80.57,74.77,74.77,55.38,7.24,19.1,0.0,0.0,1429766810735.0,0.6876,7.44,0.0,0.4436,0.0,15.98,0.0,0.0,0.0,94200,634200000000
000650,천일고속,-58.68,-10.5,0.0,-13.04,-12.35,-59.41,458.61,12.43,12.43,17.9,1.86,-12.74,0.0,0.0,45550266479.0,0.8509,0.0,0.0,4.8101,0.0,0.0,0.0,0.0,0.0,153300,219100000000
000660,SK하이닉스,35.59,24.39,0.0,48.59,44.21,472063.19,45.95,185.82,185.82,68.52,46.76,101.16,0.0,0.0,97146675000000.0,0.5516,7.46,0.0,12.5876,0.0,27.08,0.0,0.0,0.0,1674000,1222844200000000
000670,영풍,0.77,0.51,0.0,-8.93,1.06,-2596.89,49.37,96.09,96.09,66.95,4.36,-61.6,0.0,0.0,2908974321148.0,0.4846,7.17,0.0,0.2531,0.0,0.0,0.0,0.0,0.0,40000,736400000000
000680,LS네트웍스,-1.49,-0.16,0.0,0.85,-0.73,222.87,814.38,97.09,97.09,10.94,35.24,-26.17,0.0,0.0,2615245130367.0,0.2238,0.0,0.0,0.0948,0.0,478.08,0.0,0.0,0.0,3145,247800000000
000700,유수홀딩스,4.06,3.49,0.0,5.07,4.0,212.2,16.38,475.75,475.75,85.92,-3.99,15.86,0.0,0.0,418474161915.0,0.8724,11.15,0.0,0.4108,0.0,11.28,0.0,0.0,0.0,6600,171900000000
000720,현대건설,5.53,2.01,0.0,2.1,1.8,6530.06,174.82,147.94,147.94,36.39,-4.92,151.69,0.0,0.0,31062912000000.0,1.1177,30.89,0.0,0.442,0.0,48.1,0.0,0.0,0.0,123300,13730200000000
000760,이화산업,-1.04,-0.79,0.0,-0.35,-4.62,-1.64,31.58,128.03,128.03,76.0,-6.53,-121.25,0.0,0.0,46255096115.0,0.1716,0.0,0.0,0.8518,0.0,0.0,0.0,0.0,0.0,14060,39400000000
0007C0,아크릴,-6.42,-5.51,0.0,-16.93,-21.09,-22.54,16.43,778.86,778.86,85.89,-0.83,5.53,0.0,0.0,13312020352.0,0.2613,0.0,0.0,9.0895,0.0,0.0,0.0,0.0,0.0,15070,121000000000
0007J0,인벤테라,-56.4,-52.19,0.0,0.0,0.0,-86.04,8.07,2468.53,2468.53,92.53,0.0,-35.1,0.0,0.0,0.0,0.0,0.0,0.0,0.0,0.0,0.0,0.0,0.0,0.0,8430,66300000000
000800,경남기업,24.74,10.36,0.0,15.86,17.89,625.77,138.89,160.7,160.7,41.86,-20.01,64.5,0.0,0.0,394516845880.0,0.579,0.0,0.0,0.0,0.0,0.0,0.0,0.0,0.0,0,0
000810,삼성화재해상보험,9.49,2.09,0.0,0.0,0.0,26591.43,352.98,0.0,0.0,22.08,0.0,0.36,0.0,0.0,0.0,0.0,16.01,0.0,0.0,0.0,39.43,0.0,0.0,0.0,665000,29690600000000
000850,화천기공,3.35,2.71,0.0,1.9,5.13,42.17,23.85,308.23,308.23,80.74,-0.2,668.98,0.0,0.0,221755533963.0,0.5275,3.91,0.0,0.3612,0.0,38.19,0.0,0.0,0.0,36400,80100000000
000860,강남제비스코,0.13,0.1,0.0,1.39,0.15,82.95,37.42,150.86,150.86,72.77,-6.93,-59.6,0.0,0.0,598552862276.0,0.6145,0.0,0.0,0.2727,0.0,51.65,0.0,0.0,0.0,12550,163200000000
000880,한화,4.11,0.69,0.0,5.55,2.66,41468.83,497.35,132.69,132.69,16.74,34.39,71.63,0.0,0.0,74785440000000.0,0.2585,15.75,0.0,0.0966,0.0,59.83,0.0,0.0,0.0,135500,7226100000000
000890,보해양조,3.87,2.38,0.0,4.24,3.88,38.12,62.43,121.05,121.05,61.56,2.57,65.7,0.0,0.0,89878693356.0,0.6133,10.37,0.0,0.4117,0.0,24.48,0.0,0.0,0.0,1338,37000000000
0008Z0,에스엔시스,10.45,7.76,0.0,12.28,12.49,177.39,34.66,289.04,289.04,74.26,4.56,14.61,0.0,0.0,144425340172.0,0.6211,12.36,0.0,1.5683,0.0,16.14,0.0,0.0,0.0,24000,226500000000
000910,유니온,19.73,7.67,0.0,2.72,12.63,54.99,157.34,72.11,72.11,38.86,-7.22,148.0,0.0,0.0,202400732520.0,0.6071,0.78,0.0,0.2322,0.0,45.61,0.0,0.0,0.0,3010,47000000000
000950,전방,13.1,12.56,0.0,-17.94,73.1,-73.15,4.34,4307.11,4307.11,95.84,-28.76,13.77,0.0,0.0,40776455996.0,0.1718,109.67,0.0,1.3562,0.0,0.0,0.0,0.0,0.0,32900,55300000000
000970,한국주철관공업,4.68,3.93,0.0,3.27,4.21,132.96,19.26,452.51,452.51,83.85,-3.05,-13.92,0.0,0.0,406620008497.0,0.9334,9.0,0.0,0.3773,0.0,16.83,0.0,0.0,0.0,6730,153400000000
000990,DB하이텍,11.26,8.44,0.0,19.85,18.08,2772.95,33.36,247.88,247.88,74.99,23.52,45.3,0.0,0.0,1397233307039.0,0.4669,12.05,0.0,2.9579,0.0,17.6,0.0,0.0,0.0,95000,4132900000000
0009K0,에임드바이오,2.61,2.52,0.0,43.93,10.61,207.69,3.32,3143.34,3143.34,96.79,302.02,5193.41,0.0,0.0,47278353425.0,0.2376,39.2,0.0,33.5122,0.0,76.6,0.0,0.0,0.0,24500,1584400000000
001000,신라섬유,0.5,0.23,0.0,13.59,2.0,4.88,112.36,4.39,4.39,47.09,-2.15,17.0,0.0,0.0,3590565852.0,0.1168,231.0,0.0,3.1193,0.0,56.3,0.0,0.0,0.0,462,11200000000
001020,페이퍼코리아,-7.33,-4.12,0.0,-1.98,-7.25,-52.79,77.91,159.88,159.88,56.21,-8.1,-359.08,0.0,0.0,266668528958.0,0.5684,0.0,0.0,0.3139,0.0,0.0,0.0,0.0,0.0,2350,83700000000
001040,CJ,0.84,0.3,0.0,5.61,0.32,25277.38,176.0,76.67,76.67,36.23,3.14,-0.18,0.0,0.0,45018829227000.0,0.9585,98.63,0.0,0.0842,0.0,13.35,0.0,0.0,0.0,129900,3790100000000
001060,JW중외제약,16.65,10.16,0.0,12.18,7.93,944.61,63.87,141.76,141.76,61.03,7.77,14.51,0.0,0.0,775298057923.0,1.2809,6.93,0.0,0.847,0.0,9.45,0.0,0.0,0.0,28200,656700000000
001080,만호제강,-1.88,-1.67,0.0,-7.83,-2.31,-119.77,11.98,686.76,686.76,89.3,-14.98,61.11,0.0,0.0,152953052398.0,0.7243,55.0,0.0,0.9219,0.0,0.0,0.0,0.0,0.0,4015,141000000000
0010F0,보원케미칼,0.91,0.31,0.0,9.81,0.42,51.19,192.81,42.57,42.57,34.15,31.38,7.53,0.0,0.0,52193588709.0,0.744,18.7,0.0,0.4598,0.0,13.71,0.0,0.0,0.0,2150,24000000000
001120,LX인터내셔널,4.48,1.7,0.0,1.75,0.95,2921.93,163.83,146.94,146.94,37.9,0.41,-40.27,0.0,0.0,16706309561513.0,1.7909,12.61,0.0,0.0904,0.0,24.99,0.0,0.0,0.0,38950,1509700000000
001130,대한제분,-2.49,-1.64,0.0,4.53,-1.83,622.57,52.08,153.18,153.18,65.75,0.03,-13.9,0.0,0.0,1375199649054.0,0.896,0.0,0.0,0.1438,0.0,11.62,0.0,0.0,0.0,11700,197700000000
001140,국보,154.89,-43.46,0.0,-136.55,-640.82,-55.73,-456.39,20.95,20.95,-28.06,-89.96,28.13,0.0,0.0,4081102301.0,0.0678,0.0,0.0,0.0,0.0,0.0,0.0,0.0,0.0,0,0
0011A0,액스비스,17.83,6.92,0.0,7.61,8.86,43.07,157.64,153.98,153.98,38.81,1.64,78.28,0.0,0.0,56573055392.0,0.7812,14.18,0.0,1.4159,0.0,28.89,0.0,0.0,0.0,8580,80100000000
001200,유진증권,5.7,0.58,0.0,4.98,3.81,844.41,875.66,0.0,0.0,10.25,2.51,44.74,0.0,0.0,1694075188265.0,0.1533,3.82,0.0,0.251,0.0,122.47,0.0,0.0,0.0,4390,425200000000
001210,금호전기,-38.91,-12.79,0.0,-2.67,-8.88,-11.84,204.26,97.43,97.43,32.87,-16.61,76.12,0.0,0.0,44337718233.0,1.4406,0.0,0.0,3.4846,0.0,0.0,0.0,0.0,0.0,12480,154500000000
001230,동국홀딩스,1.06,0.77,0.0,1.99,1.04,394.57,37.72,159.64,159.64,72.61,-0.71,-31.98,0.0,0.0,1985265094613.0,0.7371,2.83,0.0,0.1594,0.0,26.72,0.0,0.0,0.0,2035,316500000000
001250,GS글로벌,2.43,0.96,0.0,1.27,0.34,523.0,154.58,146.22,146.22,39.28,1.05,-32.84,0.0,0.0,4109264561000.0,2.8298,14.62,0.0,0.0537,0.0,21.08,0.0,0.0,0.0,2675,220800000000
001260,남광토건,4.24,1.29,0.0,3.2,1.48,114.4,228.13,119.01,119.01,30.48,-29.11,56.63,0.0,0.0,357445671000.0,0.8716,14.12,0.0,0.2132,0.0,31.58,0.0,0.0,0.0,7750,76200000000
001270,부국증권,5.48,2.52,0.0,5.88,4.73,567.77,117.45,0.0,0.0,45.99,23.91,54.81,0.0,0.0,965463610904.0,0.5328,18.24,0.0,0.5886,0.0,27.25,0.0,0.0,0.0,54800,568300000000
001290,상상인증권,-3.0,-0.47,0.0,-5.0,-3.22,-90.89,537.0,0.0,0.0,15.7,-43.68,81.71,0.0,0.0,181734041730.0,0.146,45.91,0.0,0.602,0.0,0.0,0.0,0.0,0.0,1010,109400000000
001340,PKC,4.52,1.67,0.0,4.46,3.71,121.51,171.61,33.65,33.65,36.82,10.97,24.64,0.0,0.0,272137469082.0,0.4487,31.14,0.0,0.8602,0.0,50.8,0.0,0.0,0.0,5200,234100000000
001360,삼성제약,9.54,6.9,0.0,-39.22,25.06,-180.68,38.33,92.13,92.13,72.29,4.02,-21.85,0.0,0.0,46074379551.0,0.2752,0.0,0.0,2.7065,0.0,0.0,0.0,0.0,0.0,1324,124700000000
001380,SG글로벌,1.85,1.41,0.0,5.31,3.0,49.64,30.56,162.09,162.09,76.59,-5.99,-19.34,0.0,0.0,93481243542.0,0.4711,8.18,0.0,0.3188,0.0,15.36,0.0,0.0,0.0,1325,29800000000
001390,KG케미칼,6.2,2.92,0.0,3.36,2.68,3056.79,111.91,110.24,110.24,47.19,2.69,-4.12,0.0,0.0,9101646921664.0,1.0908,3.27,0.0,0.0327,0.0,15.39,0.0,0.0,0.0,4475,297200000000
0013V0,삼진식품,12.45,6.25,0.0,5.44,4.74,59.56,99.18,153.72,153.72,50.21,13.59,22.93,0.0,0.0,109497527234.0,1.3181,6.25,0.0,0.4603,0.0,15.41,0.0,0.0,0.0,5080,50400000000
001420,태원물산,-5.61,-5.15,0.0,-6.58,-15.74,-9.78,8.98,3631.48,3631.48,91.76,28.47,-9.41,0.0,0.0,14864855000.0,0.3273,0.0,0.0,1.1773,0.0,0.0,0.0,0.0,0.0,2300,17500000000
001430,세아베스틸지주,2.87,1.43,0.0,2.7,1.54,984.12,100.44,185.76,185.76,49.89,0.43,88.05,0.0,0.0,3651585276954.0,0.9328,16.59,0.0,0.4026,0.0,34.87,0.0,0.0,0.0,41000,1470300000000
001440,대한전선,5.51,2.57,0.0,3.54,2.47,1286.13,114.0,143.89,143.89,46.73,10.47,11.67,0.0,0.0,3636018215712.0,1.0409,0.0,0.0,1.5848,0.0,59.27,0.0,0.0,0.0,29400,5762200000000
001450,현대해상,19.77,2.02,0.0,0.0,0.0,12609.94,877.79,0.0,0.0,10.23,0.0,1.36,0.0,0.0,0.0,0.0,4.32,0.0,0.0,0.0,39.34,0.0,0.0,0.0,50900,4339100000000
001460,BYC,3.48,2.53,0.0,16.29,12.01,265.74,37.92,198.96,198.96,72.51,-1.24,11.5,0.0,0.0,163166613171.0,0.2103,14.23,0.0,1.4721,0.0,17.07,0.0,0.0,0.0,38450,240200000000
001470,삼부토건,54.0,-43.99,0.0,-23.97,-69.11,-266.1,-222.75,17.63,17.63,-81.46,-75.01,81.32,0.0,0.0,110992936772.0,0.6365,0.45,0.0,0.7181,0.0,0.0,0.0,0.0,0.0,347,79700000000
001500,현대차증권,4.0,0.47,0.0,0.0,0.0,722.52,758.88,0.0,0.0,11.64,0.0,32.11,0.0,0.0,0.0,0.0,7.69,0.0,0.0,0.0,158.42,0.0,0.0,0.0,7970,492800000000
001510,SK증권,4.75,0.42,0.0,0.0,0.0,77.86,1034.52,0.0,0.0,8.81,0.0,107.22,0.0,0.0,0.0,0.0,12.34,0.0,0.0,0.0,879.27,0.0,0.0,0.0,2555,591000000000
001520,동양,2.68,1.39,0.0,-3.29,3.21,-207.44,92.21,105.85,105.85,52.03,-15.96,-2153.25,0.0,0.0,630627899042.0,0.4335,10.97,0.0,0.1827,0.0,0.0,0.0,0.0,0.0,1075,115200000000
001530,디아이동일,-1.92,-0.97,0.0,-0.26,-1.66,-15.45,96.89,74.13,74.13,50.79,-7.73,-119.78,0.0,0.0,601351665454.0,0.5868,90.23,0.0,0.9542,0.0,0.0,0.0,0.0,0.0,27700,573800000000
001540,안국약품,4.4,2.35,0.0,3.2,2.39,98.23,86.99,164.93,164.93,53.48,13.19,46.57,0.0,0.0,306873904373.0,0.9869,6.63,0.0,0.4679,0.0,29.35,0.0,0.0,0.0,11010,143600000000
001550,조비,3.61,1.6,0.0,3.83,1.98,38.2,125.35,127.17,127.17,44.37,-2.65,-20.86,0.0,0.0,99737235320.0,0.8092,22.05,0.0,0.5655,0.0,32.71,0.0,0.0,0.0,10870,56400000000
001560,제일연마,12.54,11.25,0.0,5.38,17.29,42.42,11.41,754.52,754.52,89.76,-3.75,-26.28,0.0,0.0,78898942508.0,0.6508,12.49,0.0,0.8758,0.0,19.22,0.0,0.0,0.0,9090,69100000000
001570,금양,-14.99,-5.65,0.0,-43.45,-67.17,-446.61,165.33,12.0,12.0,37.69,-33.14,20.25,0.0,0.0,102780898535.0,0.0841,0.0,0.0,6.1617,0.0,0.0,0.0,0.0,0.0,9900,633300000000
0015N0,아로마티카,10.78,8.88,0.0,10.04,8.95,51.4,21.37,478.18,478.18,82.39,-2.68,-9.09,0.0,0.0,51187435857.0,0.9921,21.72,0.0,2.6628,0.0,28.29,0.0,0.0,0.0,10840,136300000000
0015S0,페스카로,4.2,3.9,0.0,5.29,15.41,8.79,7.81,1399.18,1399.18,92.76,16.13,-33.54,0.0,0.0,16627916707.0,0.2529,15.79,0.0,4.2278,0.0,85.35,0.0,0.0,0.0,7120,70300000000
001620,케이비아이동국실업,11.77,3.66,0.0,2.3,3.91,185.58,221.58,83.69,83.69,31.1,20.89,393.34,0.0,0.0,808008048191.0,0.9374,1.02,0.0,0.0594,0.0,34.59,0.0,0.0,0.0,2155,48000000000
001630,종근당홀딩스,5.95,3.33,0.0,6.08,5.66,582.81,78.39,81.05,81.05,56.06,0.13,64.24,0.0,0.0,959011774439.0,0.5888,3.66,0.0,0.205,0.0,15.65,0.0,0.0,0.0,39250,196600000000
001680,대상,-27.63,-8.71,0.0,3.85,-6.89,1692.82,217.17,113.72,113.72,31.53,3.44,-4.33,0.0,0.0,4401305371276.0,1.2651,0.0,0.0,0.1441,0.0,17.82,0.0,0.0,0.0,18310,634400000000
001720,신영증권,6.13,1.08,0.0,5.52,4.55,1361.46,466.36,0.0,0.0,17.66,-10.78,-20.09,0.0,0.0,2466380710168.0,0.2376,14.22,0.0,1.0425,0.0,81.66,0.0,0.0,0.0,156400,2571200000000
001740,SK네트웍스,2.47,0.99,0.0,1.28,0.74,862.93,148.85,102.79,102.79,40.18,-11.91,-24.25,0.0,0.0,6745127000000.0,1.3381,11.95,0.0,0.1954,0.0,50.21,0.0,0.0,0.0,6570,1317900000000
001750,한양증권,9.72,3.09,0.0,8.28,6.22,753.11,215.17,0.0,0.0,31.73,9.09,38.31,0.0,0.0,909022352850.0,0.4957,4.77,0.0,0.3241,0.0,20.53,0.0,0.0,0.0,19500,294600000000
001770,SHD,3.55,2.44,0.0,2.73,1.96,27.38,45.47,216.78,216.78,68.74,-5.82,168.01,0.0,0.0,100397778375.0,1.2457,23.91,0.0,0.1604,0.0,15.08,0.0,0.0,0.0,13220,16100000000
001780,알루코,3.92,1.74,0.0,6.06,2.76,349.0,125.5,97.33,97.33,44.35,-7.59,-8.29,0.0,0.0,575658057136.0,0.6305,8.3,0.0,0.2793,0.0,19.17,0.0,0.0,0.0,1661,160800000000
001790,대한제당,-12.46,-4.8,0.0,4.17,-4.45,565.56,159.38,164.34,164.34,38.55,-1.28,52.87,0.0,0.0,1356276028000.0,1.0805,0.0,0.0,0.186,0.0,18.1,0.0,0.0,0.0,2925,252300000000
001800,오리온홀딩스,6.55,5.46,0.0,14.37,9.95,4877.29,19.93,279.57,279.57,83.38,6.19,-3.66,0.0,0.0,3393126199452.0,0.5487,11.5,0.0,0.4574,0.0,5.29,0.0,0.0,0.0,25800,1552000000000
001810,무림SP,-0.83,-0.49,0.0,0.86,-0.81,17.78,71.28,167.24,167.24,58.38,16.29,169.95,0.0,0.0,205670598437.0,0.5982,0.0,0.0,0.1279,0.0,95.29,0.0,0.0,0.0,1189,26300000000
001820,삼화콘덴서공업,4.51,3.71,0.0,4.37,4.28,128.66,21.69,400.86,400.86,82.18,-0.31,-27.89,0.0,0.0,294491998379.0,0.8655,61.25,0.0,3.978,0.0,95.76,0.0,0.0,0.0,112700,1171500000000
001840,이화공영,23.78,4.22,0.0,2.86,1.85,32.9,464.23,88.56,88.56,17.72,-10.21,116.64,0.0,0.0,115190727605.0,2.2824,0.0,0.0,0.5434,0.0,31.65,0.0,0.0,0.0,2215,62600000000
001890,아이파크영창,19.01,-30.58,0.0,-16.6,-16.39,-51.63,-162.16,22.58,22.58,-160.89,-24.33,-10.8,0.0,0.0,31105086538.0,1.8663,0.0,0.0,0.0,0.0,0.0,0.0,0.0,0.0,0,0
001940,KISCO홀딩스,-1.55,-1.4,0.0,-8.57,-2.81,-707.47,10.9,1153.34,1153.34,90.17,-18.55,-1850.29,0.0,0.0,825260643220.0,0.498,0.0,0.0,0.487,0.0,0.0,0.0,0.0,0.0,28350,401900000000
001970,에스지신성건설,-11.14,-5.08,0.0,-92.05,-22.1,-206.3,119.46,41.47,41.47,45.57,-83.93,-28.01,0.0,0.0,22412385642.0,0.2297,0.0,0.0,0.0,0.0,0.0,0.0,0.0,0.0,0,0
002020,코오롱,-12.24,-3.98,0.0,1.03,-5.04,605.01,207.31,55.76,55.76,32.54,-0.57,165.76,0.0,0.0,5886133083763.0,0.7904,0.0,0.0,0.0567,0.0,88.55,0.0,0.0,0.0,25850,333700000000
002030,아세아,2.52,1.54,0.0,5.89,2.72,1110.3,63.04,150.51,150.51,61.33,-6.13,-35.61,0.0,0.0,1884464676000.0,0.5678,15.84,0.0,0.2327,0.0,15.51,0.0,0.0,0.0,213000,438500000000
002070,비비안,-15.27,-6.23,0.0,-2.25,-5.67,-50.04,144.96,83.07,83.07,40.82,0.32,-979.76,0.0,0.0,222445054857.0,1.0999,0.0,0.0,0.1038,0.0,0.0,0.0,0.0,0.0,4805,23100000000
002100,경농,6.79,4.03,0.0,8.46,5.77,286.98,68.7,153.08,153.08,59.28,4.32,7.4,0.0,0.0,339236756604.0,0.6974,12.05,0.0,0.5347,0.0,13.22,0.0,0.0,0.0,9290,181400000000
002140,고려산업,8.08,3.67,0.0,4.62,3.25,137.48,120.22,92.95,92.95,45.41,-3.36,-3.65,0.0,0.0,297322291052.0,1.1279,7.44,0.0,0.183,0.0,14.42,0.0,0.0,0.0,2180,54400000000
002150,도화엔지니어링,2.51,0.87,0.0,4.31,0.91,301.17,187.78,94.11,94.11,34.75,19.85,324.98,0.0,0.0,698474865934.0,0.9632,20.62,0.0,0.2587,0.0,21.71,0.0,0.0,0.0,5360,180700000000
002170,SYTS,5.28,5.05,0.0,10.56,13.71,184.42,4.58,3256.72,3256.72,95.62,-8.69,-7.75,0.0,0.0,174685073701.0,0.3683,6.88,0.0,0.9909,0.0,10.51,0.0,0.0,0.0,57700,173100000000
002200,한국수출포장공업,-1.38,-1.14,0.0,-2.26,-1.34,-65.57,20.68,336.24,336.24,82.87,-4.03,-1019.27,0.0,0.0,289599658247.0,0.853,0.0,0.0,0.3118,0.0,0.0,0.0,0.0,0.0,2695,90300000000
002210,동성제약,-110.12,-15.28,0.0,-11.61,-29.53,-101.18,620.74,68.53,68.53,13.87,-1.45,-76.53,0.0,0.0,87168895112.0,0.5175,0.0,0.0,1.6554,0.0,0.0,0.0,0.0,0.0,1493,144300000000
002220,한일철강,-0.26,-0.13,0.0,1.62,-0.22,31.79,103.58,72.91,72.91,49.12,-4.59,376.65,0.0,0.0,196404368831.0,0.5843,0.0,0.0,0.4058,0.0,78.86,0.0,0.0,0.0,2985,79700000000
002230,피에스텍,6.69,5.22,0.0,5.44,9.4,52.81,28.14,500.64,500.64,78.04,20.57,53.98,0.0,0.0,97159784624.0,0.5556,4.98,0.0,0.9994,0.0,25.66,0.0,0.0,0.0,5270,97100000000
002240,고려제강,0.23,0.17,0.0,2.25,0.25,407.23,35.6,261.15,261.15,73.74,4.0,55.98,0.0,0.0,1809183329321.0,0.6801,9.59,0.0,0.2577,0.0,28.6,0.0,0.0,0.0,17270,466300000000
002290,삼일기업공사,9.33,6.99,0.0,8.68,8.03,73.94,33.46,356.4,356.4,74.93,-24.39,30.79,0.0,0.0,85177109801.0,0.8709,6.99,0.0,0.4872,0.0,8.93,0.0,0.0,0.0,3350,41500000000
002310,아세아제지,3.5,2.86,0.0,3.18,3.46,272.16,22.38,235.26,235.26,81.71,-4.03,2.45,0.0,0.0,855126180115.0,0.8266,12.8,0.0,0.394,0.0,19.33,0.0,0.0,0.0,8540,336900000000
002320,한진,0.06,0.02,0.0,3.66,0.03,1121.96,183.4,81.08,81.08,35.29,1.64,12.1,0.0,0.0,3064925190779.0,0.71,0.0,0.0,0.0756,0.0,26.97,0.0,0.0,0.0,14930,231700000000
002350,넥센타이어,7.36,3.21,0.0,5.34,4.74,1702.97,129.23,157.44,157.44,43.62,12.0,-1.07,0.0,0.0,3189610448781.0,0.6773,4.34,0.0,0.1966,0.0,19.27,0.0,0.0,0.0,6420,627000000000
002360,SH에너지화학,-15.47,-10.59,0.0,-12.42,-10.93,-122.5,46.1,450.11,450.11,68.45,-21.75,-26.36,0.0,0.0,98627094841.0,0.9686,0.0,0.0,0.1805,0.0,0.0,0.0,0.0,0.0,1603,17800000000
002380,케이씨씨,19.66,9.16,0.0,6.6,23.73,4276.15,114.76,100.01,100.01,46.56,-2.63,-9.23,0.0,0.0,6483819486096.0,0.3859,1.15,0.0,0.6282,0.0,30.52,0.0,0.0,0.0,474000,4073000000000
002390,한독,-0.8,-0.28,0.0,0.62,-0.42,32.91,184.11,77.01,77.01,35.2,5.48,511.22,0.0,0.0,535137855367.0,0.6767,0.0,0.0,0.2446,0.0,195.45,0.0,0.0,0.0,9510,130900000000
002410,범양건영,125.96,-84.97,0.0,-71.42,-121.8,-513.09,-248.24,36.53,36.53,-67.46,-29.12,-34.2,0.0,0.0,71843235941.0,0.6977,0.0,0.0,0.7405,0.0,0.0,0.0,0.0,0.0,1935,53200000000
002420,세기상사,-6.5,-3.24,0.0,-1.95,-5.46,-5.7,100.82,27.41,27.41,49.79,-8.7,71.16,0.0,0.0,29245475900.0,0.5933,0.0,0.0,6.2574,0.0,0.0,0.0,0.0,0.0,5870,183000000000
002450,삼익악기,6.17,3.36,0.0,1.02,7.7,22.82,83.8,94.83,94.83,54.41,-2.58,-61.55,0.0,0.0,224438993364.0,0.4363,2.52,0.0,0.4647,0.0,148.49,0.0,0.0,0.0,1152,104300000000
002460,HS화성,7.06,4.16,0.0,6.56,4.69,432.45,69.49,133.39,133.39,59.0,7.62,82.21,0.0,0.0,659478953752.0,0.8886,4.42,0.0,0.1677,0.0,9.59,0.0,0.0,0.0,10900,110600000000
002550,KB손해보험,13.6,1.71,0.0,0.0,0.0,11410.58,697.16,0.0,0.0,12.54,0.0,0.74,0.0,0.0,0.0,0.0,0.0,0.0,0.0,0.0,0.0,0.0,0.0,0.0,0,0
002600,조흥,5.34,1.86,0.0,3.82,1.66,186.3,187.05,90.13,90.13,34.84,14.03,-10.58,0.0,0.0,488246059548.0,1.123,37.24,0.0,0.1675,0.0,19.6,0.0,0.0,0.0,136300,81800000000
002620,제일파마홀딩스,7.39,3.95,0.0,5.88,5.27,386.86,86.88,115.54,115.54,53.51,-15.67,434.69,0.0,0.0,657614014071.0,0.7501,14.11,0.0,0.181,0.0,13.61,0.0,0.0,0.0,7450,119000000000
002630,오리엔트바이오,-18.37,-15.56,0.0,-10.46,-44.88,-30.76,18.0,1126.05,1126.05,84.74,4.97,-376.26,0.0,0.0,29397883042.0,0.3467,22.38,0.0,1.762,0.0,0.0,0.0,0.0,0.0,873,51800000000
002680,한탑,4.41,1.51,0.0,3.55,2.53,29.24,192.29,47.89,47.89,34.21,-2.93,-22.0,0.0,0.0,82399706144.0,0.5957,0.0,0.0,0.2002,0.0,36.77,0.0,0.0,0.0,2560,16500000000
002690,동일제강,0.86,0.77,0.0,-2.38,0.92,-35.11,11.94,678.38,678.38,89.34,-2.5,39.45,0.0,0.0,147345604058.0,0.8352,38.51,0.0,0.207,0.0,0.0,0.0,0.0,0.0,1502,30500000000
002700,신일전자,5.06,3.03,0.0,2.7,2.17,52.37,66.91,174.42,174.42,59.91,8.79,29.86,0.0,0.0,193989833588.0,1.3976,12.5,0.0,0.3531,0.0,23.7,0.0,0.0,0.0,1000,68500000000
002710,TCC스틸,-3.05,-1.32,0.0,-1.78,-1.24,-109.09,130.67,107.63,107.63,43.35,5.06,-188.89,0.0,0.0,611513908644.0,1.0652,0.0,0.0,0.4896,0.0,0.0,0.0,0.0,0.0,11420,299400000000
002720,국제약품,5.84,3.13,0.0,3.52,3.25,61.85,86.56,108.64,108.64,53.6,12.16,-7.71,0.0,0.0,175496223500.0,0.9628,14.34,0.0,0.408,0.0,25.25,0.0,0.0,0.0,3385,71600000000
002760,보락,4.8,3.95,0.0,4.45,4.67,22.3,21.57,350.74,350.74,82.26,5.28,224.46,0.0,0.0,50115779158.0,0.846,24.45,0.0,1.2272,0.0,32.29,0.0,0.0,0.0,1027,61500000000
002780,진흥기업,-11.78,-5.04,0.0,-3.99,-4.92,-230.04,133.72,204.34,204.34,42.79,-20.63,-384.63,0.0,0.0,576381970077.0,1.0235,0.0,0.0,0.1974,0.0,0.0,0.0,0.0,0.0,782,113800000000
002790,아모레퍼시픽홀딩스,4.04,3.33,0.0,7.96,6.32,3680.0,21.2,251.27,251.27,82.51,8.53,47.63,0.0,0.0,4623175217447.0,0.5272,18.09,0.0,0.4507,0.0,9.83,0.0,0.0,0.0,27250,2083500000000
002800,신신제약,12.46,6.75,0.0,9.48,8.16,107.9,84.51,98.44,98.44,54.2,6.95,56.6,0.0,0.0,113778253746.0,0.8275,5.25,0.0,0.6223,0.0,12.4,0.0,0.0,0.0,4665,70800000000
002810,삼영무역,9.2,7.96,0.0,2.86,13.73,127.62,15.64,539.13,539.13,86.47,-6.94,-30.49,0.0,0.0,446867820266.0,0.5796,6.18,0.0,0.9278,0.0,40.66,0.0,0.0,0.0,22450,414600000000
002820,SUN&L,-1.63,-0.77,0.0,-6.56,-1.33,-178.78,112.24,98.75,98.75,47.12,-19.73,-204.87,0.0,0.0,272403719123.0,0.5757,2.6,0.0,0.0738,0.0,0.0,0.0,0.0,0.0,1670,20100000000
002840,미원상사,10.45,8.83,0.0,9.89,9.87,436.08,18.37,492.92,492.92,84.48,1.23,-27.26,0.0,0.0,441137509663.0,0.895,12.44,0.0,1.4109,0.0,16.03,0.0,0.0,0.0,138300,622400000000
002870,신풍,2.72,2.62,0.0,-9.47,8.26,-22.93,3.85,1793.13,1793.13,96.29,6.36,47.47,0.0,0.0,24228056503.0,0.3168,4.17,0.0,1.4941,0.0,0.0,0.0,0.0,0.0,1035,36200000000
002880,디와이에이,-1.4,-0.17,0.0,4.77,-0.1,302.06,744.65,43.79,43.79,11.84,12.12,-19.38,0.0,0.0,633397608367.0,1.6123,2.68,0.0,0.0556,0.0,12.63,0.0,0.0,0.0,753,35200000000
002900,TYM,9.52,4.71,0.0,6.9,4.32,640.82,102.27,133.95,133.95,49.44,17.82,298.51,0.0,0.0,929360802636.0,1.0903,3.94,0.0,0.3029,0.0,11.12,0.0,0.0,0.0,6800,281500000000
002920,유성기업,-7.76,-5.36,0.0,-9.86,-7.64,-300.23,44.84,241.31,241.31,69.04,-6.17,-6237.81,0.0,0.0,304574766277.0,0.7018,0.0,0.0,0.1507,0.0,0.0,0.0,0.0,0.0,1770,45900000000
002960,한국쉘석유,34.36,24.08,0.0,15.3,13.98,527.81,42.68,318.24,318.24,70.09,5.44,14.85,0.0,0.0,344959163929.0,1.7225,12.65,0.0,1.8785,0.0,13.41,0.0,0.0,0.0,498500,648000000000
002990,금호건설,25.72,4.15,0.0,2.33,3.09,470.84,520.23,89.56,89.56,16.12,5.45,125.89,0.0,0.0,2018488470870.0,1.3417,7.94,0.0,0.3038,0.0,39.83,0.0,0.0,0.0,16460,613300000000
003000,부광약품,3.65,2.61,0.0,7.06,6.19,141.64,39.7,257.33,257.33,71.58,25.38,775.57,0.0,0.0,200714183691.0,0.4214,45.49,0.0,2.0572,0.0,38.71,0.0,0.0,0.0,4185,412900000000
003010,혜인,11.15,5.68,0.0,7.26,5.89,175.52,96.4,148.88,148.88,50.92,-2.86,23.98,0.0,0.0,241713123892.0,0.9643,8.75,0.0,0.6516,0.0,15.98,0.0,0.0,0.0,12390,157500000000
003030,세아제강지주,3.58,1.62,0.0,5.47,2.6,2058.26,121.24,194.16,194.16,45.2,2.3,-2.73,0.0,0.0,3759574982771.0,0.6217,0.0,0.0,0.1116,0.0,18.14,0.0,0.0,0.0,101300,419500000000
003060,에이프로젠바이오로직스,-60.63,-28.67,0.0,-82.42,-229.83,-603.55,111.48,67.44,67.44,47.29,8.68,-14.26,0.0,0.0,73226140158.0,0.1247,0.0,0.0,0.3933,0.0,0.0,0.0,0.0,0.0,1800,28800000000
003070,코오롱글로벌,-29.28,-6.77,0.0,0.14,-7.46,36.51,332.25,71.29,71.29,23.13,-7.81,106.44,0.0,0.0,2684430963154.0,0.9074,0.0,0.0,0.093,0.0,691.26,0.0,0.0,0.0,9820,249700000000
003080,SB성보,22.33,14.94,0.0,-12.66,53.03,-81.43,49.41,175.34,175.34,66.93,7.51,-177.91,0.0,0.0,64334046194.0,0.2818,0.0,0.0,0.6948,0.0,0.0,0.0,0.0,0.0,2235,44700000000
003090,대웅,12.9,7.05,0.0,12.66,11.02,2617.94,82.88,134.12,134.12,54.68,6.79,-7.14,0.0,0.0,2068370455244.0,0.6399,5.85,0.0,0.5071,0.0,9.6,0.0,0.0,0.0,18040,1048900000000
0030R0,대신밸류리츠,0.71,0.29,0.0,70.57,21.85,66.72,146.51,578.79,578.79,40.57,5.79,-6.76,0.0,0.0,9454944600.0,0.0131,120.3,0.0,25.098,0.0,99.79,0.0,0.0,0.0,3970,237300000000
003100,선광,9.09,5.71,0.0,21.74,20.73,413.9,59.22,225.97,225.97,62.81,1.97,13.79,0.0,0.0,190422002484.0,0.2755,3.01,0.0,0.7226,0.0,9.54,0.0,0.0,0.0,20850,137600000000
003160,디아이,7.27,3.62,0.0,8.45,3.13,365.08,101.07,168.28,168.28,49.73,102.05,1084.8,0.0,0.0,432293560547.0,1.1566,23.47,0.0,1.5843,0.0,23.91,0.0,0.0,0.0,24200,684900000000
003200,일신방직,3.57,3.03,0.0,2.4,6.56,124.07,18.01,365.27,365.27,84.74,-1.24,36.88,0.0,0.0,517177907810.0,0.4615,5.33,0.0,0.4844,0.0,33.98,0.0,0.0,0.0,10910,250500000000
003220,대원제약,-1.46,-0.65,0.0,0.58,-0.66,34.83,123.49,118.61,118.61,44.75,1.22,-87.66,0.0,0.0,605434719615.0,0.9866,67.78,0.0,0.2937,0.0,148.38,0.0,0.0,0.0,7930,177800000000
003230,삼양식품,30.57,17.7,0.0,22.29,16.53,5241.88,72.74,157.15,157.15,57.89,36.1,52.13,0.0,0.0,2351785163786.0,1.0707,23.65,0.0,4.9039,0.0,23.77,0.0,0.0,0.0,1531000,11533000000000
003240,태광산업,2.1,1.85,0.0,-1.97,4.55,-360.15,13.47,725.99,725.99,88.13,-9.87,-9025.08,0.0,0.0,1827439561466.0,0.4063,8.74,0.0,0.5678,0.0,0.0,0.0,0.0,0.0,932000,1037700000000
003280,흥아해운,11.67,6.7,0.0,6.24,16.77,112.76,74.22,239.51,239.51,57.4,-3.82,-59.06,0.0,0.0,180812754057.0,0.3993,17.35,0.0,2.2603,0.0,53.35,0.0,0.0,0.0,1700,408700000000
003300,한일홀딩스,2.64,1.66,0.0,6.38,3.21,1232.24,59.01,129.68,129.68,62.89,-14.15,-55.88,0.0,0.0,1930489160379.0,0.5167,10.68,0.0,0.3022,0.0,15.99,0.0,0.0,0.0,18920,583300000000
003310,대주산업,6.04,4.59,0.0,10.53,6.69,106.35,31.53,233.74,233.74,76.03,-4.77,6.09,0.0,0.0,100983295727.0,0.6864,9.41,0.0,0.5971,0.0,8.99,0.0,0.0,0.0,1704,60300000000
003350,한국화장품제조,26.15,13.77,0.0,17.81,14.83,328.84,89.84,454.69,454.69,52.68,10.25,23.88,0.0,0.0,184628302893.0,0.929,10.59,0.0,1.8372,0.0,13.18,0.0,0.0,0.0,14970,339200000000
003380,하림지주,8.18,3.02,0.0,6.72,3.89,8874.27,170.94,75.75,75.75,36.91,7.67,15.93,0.0,0.0,13214884000000.0,0.777,7.24,0.0,0.0916,0.0,13.46,0.0,0.0,0.0,10810,1210800000000
003410,쌍용씨앤이,-0.75,-0.37,0.0,7.12,-1.05,1060.36,101.58,45.38,45.38,49.61,-12.21,-43.35,0.0,0.0,1488638509094.0,0.3532,0.0,0.0,0.0,0.0,0.0,0.0,0.0,0.0,0,0
003450,케이비증권,9.89,0.89,0.0,6.44,4.82,9115.71,1008.86,0.0,0.0,9.02,30.61,16.75,0.0,0.0,14148225545746.0,0.185,0.0,0.0,0.0,0.0,0.0,0.0,0.0,0.0,0,0
003460,유화증권,2.61,1.73,0.0,0.0,0.0,59.17,50.68,0.0,0.0,66.37,0.0,-51.5,0.0,0.0,0.0,0.0,12.56,0.0,0.0,0.0,75.68,0.0,0.0,0.0,3090,175200000000
003470,유안타증권,5.02,0.48,0.0,2.87,2.76,993.79,950.94,0.0,0.0,9.52,27.59,4.88,0.0,0.0,3461272611000.0,0.1728,6.51,0.0,0.2633,0.0,191.55,0.0,0.0,0.0,4730,911400000000
003480,한진중공업홀딩스,13.04,3.44,0.0,6.1,5.21,732.54,278.72,75.32,75.32,26.4,3.17,59.68,0.0,0.0,1201730000000.0,0.6613,2.07,0.0,0.1155,0.0,20.15,0.0,0.0,0.0,4700,138800000000
003490,대한항공,5.65,1.28,0.0,4.41,2.57,11135.89,339.88,64.38,64.38,22.73,41.16,-47.23,0.0,0.0,25225542379502.0,0.5004,0.0,0.0,0.4102,0.0,44.27,0.0,0.0,0.0,28100,10347000000000
003520,영진약품,-0.25,-0.09,0.0,1.34,-0.09,34.16,186.89,147.84,147.84,34.86,0.88,-60.84,0.0,0.0,254255894053.0,0.969,0.0,0.0,0.8149,0.0,110.71,0.0,0.0,0.0,1133,207200000000
003530,한화투자증권,4.93,0.59,0.0,4.77,3.3,1477.01,739.27,0.0,0.0,11.92,23.99,3624.18,0.0,0.0,3094578000000.0,0.1783,12.87,0.0,0.3418,0.0,110.68,0.0,0.0,0.0,4930,1057700000000
003540,대신증권,4.6,0.48,0.0,5.95,3.69,3014.02,864.42,0.0,0.0,10.37,23.69,260.56,0.0,0.0,5063889973000.0,0.1294,9.62,0.0,0.2551,0.0,120.65,0.0,0.0,0.0,27100,1291800000000
003550,LG,3.3,2.94,0.0,12.58,13.79,9121.74,12.03,243.72,243.72,89.26,1.07,-5.65,0.0,0.0,7252547000000.0,0.2134,24.81,0.0,2.4891,0.0,23.79,0.0,0.0,0.0,119400,18052300000000
003560,아이에이치큐,-12.95,-8.76,0.0,-26.02,-45.66,-72.15,47.86,118.51,118.51,67.63,-14.51,-0.7,0.0,0.0,27725711733.0,0.1918,0.0,0.0,0.0,0.0,0.0,0.0,0.0,0.0,0,0
003570,SNT다이내믹스,7.1,5.01,0.0,12.0,8.65,854.57,41.74,371.83,371.83,70.55,15.88,-22.67,0.0,0.0,712021619474.0,0.5795,19.82,0.0,1.3684,0.0,15.63,0.0,0.0,0.0,29300,974300000000
003580,HLB글로벌,-11.8,-7.59,0.0,-9.85,-8.88,-98.83,55.43,119.72,119.72,64.34,7.9,-339.51,0.0,0.0,100285620415.0,0.8545,0.0,0.0,0.7878,0.0,0.0,0.0,0.0,0.0,1559,79000000000
003610,방림,3.61,2.84,0.0,0.92,5.31,11.21,26.82,310.1,310.1,78.85,10.79,134.29,0.0,0.0,122527094021.0,0.5351,15.46,0.0,1.4389,0.0,200.41,0.0,0.0,0.0,5490,176300000000
003620,KG모빌리티,3.14,1.38,0.0,0.84,1.08,361.56,126.95,123.13,123.13,44.06,10.21,2423.23,0.0,0.0,4303636808271.0,1.2773,5.84,0.0,0.127,0.0,67.24,0.0,0.0,0.0,2700,546400000000
003650,미창석유공업,14.36,12.9,0.0,8.52,16.98,345.52,11.38,1052.61,1052.61,89.78,-6.12,-24.29,0.0,0.0,405486654859.0,0.7594,1.94,0.0,0.5899,0.0,8.5,0.0,0.0,0.0,137500,239200000000
003670,포스코퓨처엠,0.81,0.4,0.0,1.12,1.24,328.27,102.65,130.86,130.86,49.35,-20.57,4451.47,0.0,0.0,2938698184392.0,0.3214,396.25,0.0,6.0686,0.0,684.36,0.0,0.0,0.0,200500,17833700000000
003680,한성기업,0.25,0.07,0.0,1.83,0.05,58.31,262.0,102.24,102.24,27.62,-4.22,-47.01,0.0,0.0,318445028569.0,1.3066,8.55,0.0,0.0945,0.0,35.41,0.0,0.0,0.0,4850,30100000000
003690,코리안리,8.74,2.26,0.0,0.0,0.0,4709.39,287.13,0.0,0.0,25.83,0.0,16.16,0.0,0.0,0.0,0.0,6.3,0.0,0.0,0.0,27.82,0.0,0.0,0.0,14280,2523600000000
003720,삼영,17.04,7.58,0.0,9.74,9.82,149.21,124.75,103.51,103.51,44.49,21.56,63.94,0.0,0.0,153208300579.0,0.7721,10.66,0.0,1.4249,0.0,22.01,0.0,0.0,0.0,6420,218300000000
003780,진양산업,10.35,7.42,0.0,9.31,7.66,84.44,39.55,142.59,142.59,71.66,2.76,3.03,0.0,0.0,90655194966.0,0.9676,8.75,0.0,0.5582,0.0,9.14,0.0,0.0,0.0,3895,50600000000
0037T0,KB제32호스팩,0.49,0.42,0.0,0.0,0.0,-0.57,16.8,7934032.06,7934032.06,85.62,0.0,0.0,0.0,0.0,0.0,0.0,90.73,0.0,0.0,0.0,0.0,0.0,0.0,0.0,1996,12600000000
003800,에이스침대,7.48,6.84,0.0,17.05,17.64,540.91,9.35,348.28,348.28,91.45,-2.68,-18.33,0.0,0.0,317267060878.0,0.3877,5.99,0.0,1.1552,0.0,8.07,0.0,0.0,0.0,33050,366500000000
003830,대한화섬,1.35,1.15,0.0,-6.7,8.88,-72.55,17.76,154.88,154.88,84.92,-12.57,-370.37,0.0,0.0,108225676813.0,0.1293,10.04,0.0,1.4414,0.0,0.0,0.0,0.0,0.0,117500,156000000000
003850,보령,7.61,4.63,0.0,6.4,6.32,650.67,64.15,260.01,260.01,60.92,0.03,-7.67,0.0,0.0,1017427357548.0,0.7331,6.45,0.0,0.7648,0.0,20.29,0.0,0.0,0.0,9070,778100000000
003920,남양유업,0.75,0.65,0.0,0.57,0.78,51.74,15.43,368.91,368.91,86.63,-4.06,152.76,0.0,0.0,914148968157.0,0.8345,27.65,0.0,0.2756,0.0,76.99,0.0,0.0,0.0,44400,251900000000
003960,사조대림,-9.25,-3.37,0.0,2.71,-2.1,946.83,174.7,88.48,88.48,36.4,32.42,-28.82,0.0,0.0,3499812746968.0,1.6019,0.0,0.0,0.0812,0.0,17.68,0.0,0.0,0.0,31000,284100000000
004000,롯데정밀화학,4.36,3.86,0.0,4.24,6.05,743.61,12.74,424.96,424.96,88.7,4.92,47.62,0.0,0.0,1752682647758.0,0.6382,6.13,0.0,0.7036,0.0,20.76,0.0,0.0,0.0,47800,1233200000000
004020,현대제철,0.01,0.0,0.0,0.96,0.01,2192.35,73.6,152.72,152.72,57.6,-2.12,37.46,0.0,0.0,22733237259727.0,0.66,0.0,0.0,0.1785,0.0,85.11,0.0,0.0,0.0,30400,4056800000000
004060,SG세계물산,0.34,0.3,0.0,-1.15,0.67,-15.16,12.68,296.49,296.49,88.74,-4.65,45.0,0.0,0.0,132347880383.0,0.4499,11.65,0.0,0.3453,0.0,0.0,0.0,0.0,0.0,2260,45700000000
004080,신흥,2.53,1.96,0.0,6.91,2.86,70.91,28.99,196.49,196.49,77.52,0.84,12.95,0.0,0.0,102606917707.0,0.6857,24.83,0.0,1.2757,0.0,23.2,0.0,0.0,0.0,14080,130900000000
004090,한국석유공업,2.46,1.23,0.0,1.7,0.73,118.44,100.48,136.65,136.65,49.88,-4.03,-36.91,0.0,0.0,696926234873.0,1.6873,9.61,0.0,0.2042,0.0,29.49,0.0,0.0,0.0,11210,142300000000
004100,태양금속공업,1.83,0.5,0.0,3.61,0.49,224.19,266.35,88.36,88.36,27.3,0.02,39.65,0.0,0.0,620169328505.0,1.0178,5.95,0.0,0.1535,0.0,24.01,0.0,0.0,0.0,2595,95200000000
004140,동방,9.76,2.62,0.0,3.49,1.9,319.57,272.55,97.06,97.06,26.84,5.04,-18.14,0.0,0.0,915552774078.0,1.378,12.53,0.0,0.0966,0.0,17.98,0.0,0.0,0.0,1842,88400000000
004150,한솔홀딩스,1.38,1.0,0.0,2.06,0.81,226.09,37.79,167.36,167.36,72.57,38.74,202.28,0.0,0.0,1098306886000.0,1.2355,3.18,0.0,0.127,0.0,16.95,0.0,0.0,0.0,3400,139500000000
004170,신세계,0.98,0.41,0.0,6.93,0.93,4799.62,140.91,53.46,53.46,41.51,5.47,0.62,0.0,0.0,6929498818333.0,0.4377,23.5,0.0,0.5643,0.0,27.44,0.0,0.0,0.0,414000,3910300000000
0041B0,교보18호스팩,-0.2,-0.17,0.0,0.0,0.0,-0.62,20.18,3092132.64,3092132.64,83.21,0.0,0.0,0.0,0.0,0.0,0.0,201.0,0.0,0.0,0.0,0.0,0.0,0.0,0.0,2010,10100000000
0041J0,엘에스스팩1호,0.08,0.07,0.0,0.0,0.0,-0.33,21.26,0.0,0.0,82.47,0.0,0.0,0.0,0.0,0.0,0.0,132.47,0.0,0.0,0.0,0.0,0.0,0.0,0.0,1987,8200000000
0041L0,하나35호스팩,0.33,0.29,0.0,0.0,0.0,-0.3,15.83,756.72,756.72,86.33,0.0,0.0,0.0,0.0,0.0,0.0,142.64,0.0,0.0,0.0,0.0,0.0,0.0,0.0,1997,12000000000
004250,엔피씨,2.88,2.07,0.0,5.23,2.87,235.74,39.15,107.87,107.87,71.87,-1.73,124.62,0.0,0.0,450319620231.0,0.7201,8.01,0.0,0.2449,0.0,12.14,0.0,0.0,0.0,3005,110300000000
004270,남성,-3.54,-1.34,0.0,0.24,-4.82,1.88,163.92,65.5,65.5,37.89,3.97,110.39,0.0,0.0,77541223156.0,0.2785,4.32,0.0,0.2902,0.0,1039.53,0.0,0.0,0.0,4935,22500000000
004310,현대약품,3.06,1.54,0.0,2.17,1.31,41.61,98.79,113.19,113.19,50.3,9.14,2200.3,0.0,0.0,191790079025.0,1.1751,48.7,0.0,1.0647,0.0,68.57,0.0,0.0,0.0,6380,204200000000
004360,세방,5.43,4.39,0.0,2.2,5.28,273.01,23.78,134.92,134.92,80.79,-9.58,11.45,0.0,0.0,1241786832538.0,0.8301,4.97,0.0,0.2081,0.0,19.99,0.0,0.0,0.0,13520,258400000000
004370,농심,6.01,4.45,0.0,5.23,4.84,1839.33,35.0,235.29,235.29,74.07,2.2,12.79,0.0,0.0,3514315500097.0,0.9195,13.7,0.0,0.7676,0.0,20.05,0.0,0.0,0.0,443500,2697700000000
004380,삼익THK,-28.59,-11.46,0.0,-15.96,-20.25,-354.6,149.52,78.02,78.02,40.08,-27.02,-6377.26,0.0,0.0,222175005872.0,0.5656,0.0,0.0,0.7697,0.0,0.0,0.0,0.0,0.0,8260,171000000000
004410,서울식품공업,-5.99,-2.2,0.0,-0.67,-2.34,-4.6,172.03,58.57,58.57,36.76,17.09,79.4,0.0,0.0,68603497542.0,0.9417,0.0,0.0,0.7215,0.0,0.0,0.0,0.0,0.0,1255,49500000000
004430,송원산업,0.31,0.2,0.0,2.1,0.22,218.45,50.94,217.59,217.59,66.25,-2.9,-65.22,0.0,0.0,1039162000000.0,0.9057,5.89,0.0,0.2646,0.0,30.31,0.0,0.0,0.0,11460,275000000000
004440,삼일씨엔에스,0.56,0.34,0.0,2.24,0.67,49.96,64.4,123.5,123.5,60.83,0.83,398.34,0.0,0.0,223128675519.0,0.5062,16.99,0.0,0.3065,0.0,48.25,0.0,0.0,0.0,5370,68400000000
004450,삼화왕관,3.62,2.0,0.0,4.15,2.63,67.57,80.87,152.91,152.91,55.29,-2.54,-36.43,0.0,0.0,162897513863.0,0.7602,11.53,0.0,0.3511,0.0,22.65,0.0,0.0,0.0,26550,57200000000
004490,세방전지,8.51,6.31,0.0,7.18,6.6,1537.64,34.89,259.37,259.37,74.14,4.01,-14.42,0.0,0.0,2142068327877.0,0.9551,6.67,0.0,0.4413,0.0,9.92,0.0,0.0,0.0,68200,945300000000
004540,깨끗한나라,-27.84,-7.46,0.0,-4.45,-9.35,-226.38,273.37,57.71,57.71,26.78,-5.37,-2409.22,0.0,0.0,508201414888.0,0.7974,0.0,0.0,0.0874,0.0,0.0,0.0,0.0,0.0,1191,44400000000
004560,현대비앤지스틸,2.85,2.08,0.0,3.49,2.0,258.93,36.89,460.43,460.43,73.05,-6.81,-15.46,0.0,0.0,741250134001.0,1.0393,9.18,0.0,0.2378,0.0,14.23,0.0,0.0,0.0,11690,176300000000
004590,한국가구,7.14,5.65,0.0,12.38,10.07,175.35,26.44,266.79,266.79,79.09,10.02,-1.62,0.0,0.0,141617438014.0,0.5604,5.29,0.0,0.5218,0.0,7.23,0.0,0.0,0.0,4925,73900000000
004650,창해에탄올,8.99,6.73,0.0,12.99,10.7,158.93,33.6,133.06,133.06,74.85,-10.99,-8.56,0.0,0.0,122344462021.0,0.6287,6.58,0.0,0.7095,0.0,8.54,0.0,0.0,0.0,9440,86800000000
004690,삼천리,6.98,2.94,0.0,3.03,2.49,1596.31,136.9,134.11,134.11,42.21,3.03,39.66,0.0,0.0,5275461012669.0,1.183,3.93,0.0,0.0917,0.0,19.17,0.0,0.0,0.0,133400,483800000000
004700,조광피혁,2.0,1.74,0.0,8.98,11.79,87.9,14.56,987.64,987.64,87.29,8.46,21.64,0.0,0.0,97880064978.0,0.1479,43.87,0.0,4.4698,0.0,59.34,0.0,0.0,0.0,65800,437500000000
004710,한솔테크닉스,0.11,0.06,0.0,1.63,0.04,204.16,102.16,120.65,120.65,49.47,4.41,-38.79,0.0,0.0,1252424760923.0,1.2574,0.0,0.0,0.2897,0.0,42.43,0.0,0.0,0.0,6830,362800000000
004720,팜젠사이언스,-79.73,-59.69,0.0,3.46,-67.39,59.87,33.57,285.24,285.24,74.87,1.04,-43.75,0.0,0.0,173072508298.0,0.8857,0.0,0.0,0.4247,0.0,20.48,0.0,0.0,0.0,3245,73500000000
004770,써니전자,4.28,4.22,0.0,17.81,29.35,22.01,1.45,8197.26,8197.26,98.57,-3.5,-14.57,0.0,0.0,12360625475.0,0.1437,26.63,0.0,6.812,0.0,38.81,0.0,0.0,0.0,2370,84200000000
004780,대륙제관,5.78,4.36,0.0,3.86,3.44,103.02,32.44,422.09,422.09,75.5,-2.95,-34.87,0.0,0.0,266562442241.0,1.267,5.99,0.0,0.2472,0.0,11.4,0.0,0.0,0.0,4145,65900000000
004800,효성,14.77,7.84,0.0,16.16,17.36,3930.21,88.55,101.46,101.46,53.04,6.99,77.73,0.0,0.0,2431708714737.0,0.4514,6.05,0.0,1.1483,0.0,13.54,0.0,0.0,0.0,166800,2792300000000
004830,덕성,5.63,3.6,0.0,4.26,3.75,62.36,56.68,194.11,194.11,63.82,16.76,-30.02,0.0,0.0,146476303554.0,0.9595,15.99,0.0,0.3632,0.0,17.39,0.0,0.0,0.0,3390,53200000000
004840,DRB동일,1.7,0.92,0.0,3.1,1.12,248.94,84.29,123.99,123.99,54.26,6.65,13.83,0.0,0.0,802745958892.0,0.8234,7.11,0.0,0.1029,0.0,21.23,0.0,0.0,0.0,4285,82600000000
004870,티웨이홀딩스,-59.18,-46.77,0.0,-71.62,-1106.91,-36.06,26.54,105.98,105.98,79.03,-3.96,30.92,0.0,0.0,5034977500.0,0.0422,0.0,0.0,5.0844,0.0,0.0,0.0,0.0,0.0,1130,25600000000
004890,동일산업,-3.18,-2.84,0.0,-0.79,-3.71,-27.5,11.99,703.66,703.66,89.3,-16.32,33.88,0.0,0.0,347922351797.0,0.7644,24.37,0.0,0.248,0.0,0.0,0.0,0.0,0.0,35600,86300000000
004910,조광페인트,-4.88,-2.39,0.0,-9.62,-5.1,-194.98,104.15,73.5,73.5,48.98,-18.29,-910.75,0.0,0.0,202667523052.0,0.4683,0.0,0.0,0.227,0.0,0.0,0.0,0.0,0.0,3595,46000000000
004920,씨아이테크,19.96,11.52,0.0,4.83,35.27,20.02,73.35,171.9,171.9,57.69,22.79,257.16,0.0,0.0,41449800518.0,0.3265,2.76,0.0,1.1701,0.0,51.07,0.0,0.0,0.0,929,48500000000
004940,하나은행,10.43,0.68,0.0,0.0,0.0,50097.92,1444.17,0.0,0.0,6.48,0.0,10.18,0.0,0.0,0.0,0.0,0.0,0.0,0.0,0.0,0.0,0.0,0.0,0.0,0,0
004960,한신공영,6.88,2.61,0.0,5.61,5.04,645.21,162.99,141.27,141.27,38.02,-22.9,73.19,0.0,0.0,1149191208443.0,0.5193,1.67,0.0,0.1214,0.0,23.42,0.0,0.0,0.0,12060,139500000000
004970,신라교역,0.88,0.73,0.0,-0.34,1.17,-15.66,19.79,293.6,293.6,83.48,-3.35,-109.31,0.0,0.0,454741129091.0,0.6295,3.17,0.0,0.3307,0.0,0.0,0.0,0.0,0.0,9400,150400000000
004980,성신양회,4.39,1.99,0.0,3.59,2.14,436.56,120.49,73.53,73.53,45.35,4.61,-18.0,0.0,0.0,1216265960464.0,0.9304,6.99,0.0,0.175,0.0,21.24,0.0,0.0,0.0,8680,212800000000
004990,롯데지주,-6.32,-2.58,0.0,1.54,-3.83,2394.39,144.87,80.89,80.89,40.84,-1.38,-29.67,0.0,0.0,15539626589471.0,0.6736,0.0,0.0,0.1533,0.0,66.95,0.0,0.0,0.0,23900,2382000000000
005010,휴스틸,-1.42,-1.1,0.0,0.57,-2.45,34.9,29.78,225.57,225.57,77.05,-15.29,-79.57,0.0,0.0,612490282785.0,0.4463,0.0,0.0,0.344,0.0,150.62,0.0,0.0,0.0,3750,210700000000
005030,부산주공,8.91,0.79,0.0,0.3,0.88,5.78,1034.53,68.05,68.05,8.81,-8.27,-92.12,0.0,0.0,195406166736.0,0.8921,0.0,0.0,0.2308,0.0,423.52,0.0,0.0,0.0,486,45100000000
005070,코스모신소재,-0.11,-0.07,0.0,0.52,-0.11,23.78,45.14,88.59,88.59,68.9,-19.91,-90.49,0.0,0.0,456295847107.0,0.6328,0.0,0.0,3.0171,0.0,673.15,0.0,0.0,0.0,41450,1376700000000
005090,SGC에너지,-12.49,-2.84,0.0,3.89,-3.85,958.2,339.16,67.23,67.23,22.77,4.49,-49.46,0.0,0.0,2460687771156.0,0.738,0.0,0.0,0.325,0.0,35.22,0.0,0.0,0.0,55500,799700000000
005110,한창,615.08,110.22,0.0,-96.66,774.77,-77.76,458.05,73.62,73.62,17.92,160.42,17.66,0.0,0.0,8044626288.0,0.1423,0.0,0.0,3.2941,0.0,0.0,0.0,0.0,0.0,1254,26500000000
005160,동국산업,-2.35,-1.27,0.0,0.97,-1.52,70.25,85.13,127.52,127.52,54.02,-7.91,-41.36,0.0,0.0,727764317548.0,0.8346,0.0,0.0,0.1924,0.0,77.0,0.0,0.0,0.0,2580,140000000000
005180,빙그레,7.47,5.2,0.0,5.93,3.73,883.57,43.7,280.1,280.1,69.59,1.81,-32.69,0.0,0.0,1489587173794.0,1.3938,9.85,0.0,0.5638,0.0,13.18,0.0,0.0,0.0,90600,839800000000
005250,녹십자홀딩스,-2.37,-1.03,0.0,1.48,-1.71,362.27,130.71,96.2,96.2,43.34,11.19,438.06,0.0,0.0,2451476280927.0,0.6025,0.0,0.0,0.1924,0.0,76.66,0.0,0.0,0.0,10030,471700000000
005270,아이엠뱅크,7.4,0.51,0.0,0.0,0.0,4892.4,1345.42,0.0,0.0,6.92,0.0,9.8,0.0,0.0,0.0,0.0,0.0,0.0,0.0,0.0,0.0,0.0,0.0,0.0,0,0
005280,부산은행,7.45,0.52,0.0,0.0,0.0,5034.15,1323.14,0.0,0.0,7.03,0.0,11.23,0.0,0.0,0.0,0.0,0.0,0.0,0.0,0.0,0.0,0.0,0.0,0.0,0,0
005300,롯데칠성음료,3.2,1.19,0.0,4.21,1.29,1671.6,167.74,77.83,77.83,37.35,-1.33,-9.61,0.0,0.0,3971143829134.0,0.9268,15.35,0.0,0.2332,0.0,21.6,0.0,0.0,0.0,99800,926000000000
005320,온타이드,-10.2,-6.53,0.0,-0.8,-4.63,-18.56,56.2,206.21,206.21,64.02,-12.94,57.29,0.0,0.0,231493980175.0,1.4111,0.0,0.0,0.1184,0.0,0.0,0.0,0.0,0.0,800,27400000000
005360,모나미,-13.17,-6.05,0.0,-4.47,-8.14,-58.54,117.76,92.09,92.09,45.92,-1.55,-53.5,0.0,0.0,131024331487.0,0.7433,0.0,0.0,0.2007,0.0,0.0,0.0,0.0,0.0,1393,26300000000
005380,현대자동차,8.12,2.81,0.0,6.16,5.56,114678.51,188.95,136.35,136.35,34.61,6.29,-19.47,0.0,0.0,186254472000000.0,0.505,13.14,0.0,0.4436,0.0,28.24,0.0,0.0,0.0,403500,82619800000000
005390,신성통상,10.91,4.97,0.0,5.04,4.04,744.88,119.26,180.16,180.16,45.61,-2.05,-38.84,0.0,0.0,1476972318390.0,1.2314,0.0,0.0,0.0,0.0,0.0,0.0,0.0,0.0,0,0
005420,코스모화학,-5.3,-2.65,0.0,-2.41,-4.66,-159.86,99.96,60.74,60.74,50.01,-11.36,-698.95,0.0,0.0,664155164378.0,0.5684,0.0,0.0,0.6773,0.0,0.0,0.0,0.0,0.0,11710,449800000000
005430,한국공항,10.01,7.66,0.0,7.09,6.11,470.15,30.68,255.76,255.76,76.52,5.85,4.46,0.0,0.0,663192785932.0,1.2526,5.57,0.0,0.3853,0.0,8.08,0.0,0.0,0.0,80700,255500000000
005440,현대지에프홀딩스,7.1,4.94,0.0,3.39,6.41,2740.74,43.57,194.78,194.78,69.65,9.21,38.35,0.0,0.0,8091605017000.0,0.7714,5.3,0.0,0.2715,0.0,19.63,0.0,0.0,0.0,11980,2197100000000
005490,POSCO홀딩스,0.81,0.48,0.0,2.64,0.73,18270.63,68.64,187.98,187.98,59.3,-4.94,-15.94,0.0,0.0,69094886192787.0,0.6568,20.22,0.0,0.3882,0.0,38.11,0.0,0.0,0.0,338500,26823300000000
0054V0,엔에이치스팩32호,-0.41,-0.37,0.0,0.0,0.0,-0.45,11.05,0.0,0.0,90.05,0.0,0.0,0.0,0.0,0.0,0.0,0.0,0.0,0.0,0.0,0.0,0.0,0.0,0.0,2005,12500000000
005500,삼진제약,8.32,5.14,0.0,8.66,7.82,267.84,62.03,130.19,130.19,61.72,0.25,-15.34,0.0,0.0,309133530719.0,0.657,10.96,0.0,0.81,0.0,16.07,0.0,0.0,0.0,18800,250400000000
005610,삼립,2.91,1.13,0.0,1.15,0.42,387.39,158.51,107.95,107.95,38.68,-1.68,-59.21,0.0,0.0,3370480879745.0,2.7075,0.0,0.0,0.1057,0.0,28.9,0.0,0.0,0.0,41300,356400000000
005670,푸드웰,10.33,5.04,0.0,5.73,3.74,183.53,104.93,108.52,108.52,48.8,17.34,31.79,0.0,0.0,320327563488.0,1.3457,4.73,0.0,0.1979,0.0,10.1,0.0,0.0,0.0,6340,63400000000
005680,삼영전자공업,0.95,0.91,0.0,6.17,3.44,92.4,4.39,1868.46,1868.46,95.79,-8.13,26.56,0.0,0.0,149728576895.0,0.2656,57.62,0.0,1.647,0.0,29.26,0.0,0.0,0.0,12330,246600000000
005690,파미셀,32.52,25.63,0.0,30.08,35.32,343.04,26.88,484.79,484.79,78.82,75.88,636.83,0.0,0.0,114061538479.0,0.7257,14.34,0.0,5.8442,0.0,20.4,0.0,0.0,0.0,11110,666600000000
005710,대원산업,13.15,10.15,0.0,6.68,7.26,707.54,29.52,368.39,368.39,77.21,13.68,-5.64,0.0,0.0,1058925866620.0,1.3987,3.06,0.0,0.2017,0.0,5.46,0.0,0.0,0.0,10660,213600000000
005720,넥센,6.76,3.17,0.0,5.69,4.96,2042.1,113.35,163.27,163.27,46.87,11.58,-2.6,0.0,0.0,3586518022664.0,0.6391,3.01,0.0,0.0901,0.0,16.18,0.0,0.0,0.0,6150,323100000000
005740,크라운해태홀딩스,5.54,2.81,0.0,5.35,3.14,572.51,96.81,73.65,73.65,50.81,2.2,-15.28,0.0,0.0,1069881590060.0,0.8949,5.12,0.0,0.0802,0.0,11.77,0.0,0.0,0.0,5780,85800000000
005750,대림바스,7.7,3.99,0.0,6.19,4.49,186.17,92.97,105.36,105.36,51.82,6.94,84.39,0.0,0.0,300567542574.0,0.888,4.92,0.0,0.2648,0.0,13.04,0.0,0.0,0.0,4800,79600000000
005800,신영와코루,1.61,1.47,0.0,0.7,3.39,12.89,9.86,667.57,667.57,91.02,-5.86,-53.22,0.0,0.0,185154553424.0,0.4335,74.36,0.0,0.654,0.0,123.68,0.0,0.0,0.0,13460,121100000000
005810,풍산홀딩스,6.34,5.49,0.0,15.44,17.19,668.01,15.48,154.43,154.43,86.6,-3.75,-36.23,0.0,0.0,432529869131.0,0.3194,5.24,0.0,1.2584,0.0,10.87,0.0,0.0,0.0,37750,544300000000
005820,원림,3.26,2.73,0.0,4.93,5.78,44.26,19.33,406.35,406.35,83.8,8.85,155.29,0.0,0.0,89681887437.0,0.4722,7.72,0.0,0.3958,0.0,14.97,0.0,0.0,0.0,15430,35500000000
005830,DB손해보험,16.37,2.42,0.0,0.0,0.0,23839.5,576.91,0.0,0.0,14.77,0.0,-1.69,0.0,0.0,0.0,0.0,7.99,0.0,0.0,0.0,31.44,0.0,0.0,0.0,181100,11862100000000
005850,에스엘,12.1,8.03,0.0,7.77,6.12,4070.99,50.74,225.02,225.02,66.34,5.36,3.02,0.0,0.0,5239939345004.0,1.3109,6.48,0.0,0.4716,0.0,9.37,0.0,0.0,0.0,53200,2471100000000
005860,한일사료,3.79,2.98,0.0,1.29,1.37,58.61,27.18,332.2,332.2,78.63,5.54,58.58,0.0,0.0,454852166662.0,2.1719,17.91,0.0,0.2157,0.0,24.37,0.0,0.0,0.0,2490,98100000000
005870,휴니드테크놀러지스,-6.13,-3.2,0.0,-8.77,-7.28,-120.33,91.48,464.53,464.53,52.22,-40.56,-231.74,0.0,0.0,137185901827.0,0.44,0.0,0.0,0.4716,0.0,0.0,0.0,0.0,0.0,4585,64700000000
005880,대한해운,7.18,4.22,0.0,16.22,13.57,2071.64,70.18,182.84,182.84,58.76,-26.91,-36.96,0.0,0.0,1276968118509.0,0.3108,3.81,0.0,0.5282,0.0,11.44,0.0,0.0,0.0,2090,674500000000
005930,삼성전자,10.36,7.97,0.0,13.07,13.55,436010.51,29.94,232.76,232.76,76.96,10.88,33.23,0.0,0.0,333605938000000.0,0.5884,11.66,0.0,4.5564,0.0,37.86,0.0,0.0,0.0,260000,1520032400000000
005940,NH투자증권,10.93,1.24,0.0,0.0,0.0,14205.8,783.5,0.0,0.0,11.32,0.0,57.65,0.0,0.0,0.0,0.0,7.45,0.0,0.0,0.0,58.95,0.0,0.0,0.0,26550,9802400000000
005950,이수화학,-18.28,-4.51,0.0,0.41,-2.44,68.84,305.01,80.99,80.99,24.69,-13.4,113.38,0.0,0.0,1659477477000.0,1.8486,3.77,0.0,0.1931,0.0,144.76,0.0,0.0,0.0,12190,320500000000
005960,동부건설,8.08,2.64,0.0,2.42,2.53,426.28,206.43,131.42,131.42,32.63,4.16,143.97,0.0,0.0,1758625710036.0,1.0419,2.15,0.0,0.0971,0.0,30.68,0.0,0.0,0.0,7440,170700000000
005990,매일홀딩스,8.2,4.93,0.0,2.91,3.2,639.73,66.29,210.52,210.52,60.13,0.28,-18.27,0.0,0.0,2196211284329.0,1.5427,3.83,0.0,0.0657,0.0,11.13,0.0,0.0,0.0,10840,144200000000
006040,동원산업,10.46,4.98,0.0,5.39,4.04,5161.34,110.1,123.73,123.73,47.6,7.15,2.96,0.0,0.0,9583673896991.0,1.2322,3.92,0.0,0.1771,0.0,11.19,0.0,0.0,0.0,38450,1697200000000
006050,국영지앤엠,3.24,2.3,0.0,1.54,2.82,9.29,40.62,202.84,202.84,71.11,-20.17,2.94,0.0,0.0,60198966693.0,0.8172,0.0,0.0,0.2857,0.0,41.4,0.0,0.0,0.0,4930,17200000000
006060,화승인더스트리,1.73,0.61,0.0,4.3,0.54,765.8,185.01,73.91,73.91,35.09,-4.64,-35.23,0.0,0.0,1781041307923.0,1.118,4.7,0.0,0.0784,0.0,15.33,0.0,0.0,0.0,2525,139700000000
006090,사조오양,4.28,2.43,0.0,3.24,2.54,135.17,76.49,74.13,74.13,56.66,4.16,-35.32,0.0,0.0,417363807366.0,0.9568,8.52,0.0,0.2065,0.0,20.36,0.0,0.0,0.0,9150,86200000000
006110,삼아알미늄,-11.42,-5.51,0.0,-6.5,-9.17,-176.47,107.42,117.4,117.4,48.21,7.84,-84.01,0.0,0.0,271458652401.0,0.6005,0.0,0.0,3.9833,0.0,0.0,0.0,0.0,0.0,71500,1081300000000
006120,SK디스커버리,2.11,0.89,0.0,3.56,1.42,3613.54,137.91,146.01,146.01,42.03,12.44,109.41,0.0,0.0,10164013989611.0,0.6236,5.5,0.0,0.0874,0.0,28.6,0.0,0.0,0.0,51000,888100000000
006140,피제이전자,6.71,4.72,0.0,6.14,5.24,109.6,42.09,184.56,184.56,70.38,5.47,1.65,0.0,0.0,178552370684.0,0.9015,6.09,0.0,0.3965,0.0,11.81,0.0,0.0,0.0,4765,70800000000
006200,한국전자홀딩스,-5.24,-3.82,0.0,-5.09,-7.17,-140.51,37.0,228.24,228.24,72.99,-6.26,-240.57,0.0,0.0,275886966324.0,0.5334,0.0,0.0,0.066,0.0,0.0,0.0,0.0,0.0,1947,18200000000
006220,제주은행,2.15,0.17,0.0,0.0,0.0,99.34,1139.04,0.0,0.0,8.07,0.0,-13.03,0.0,0.0,0.0,0.0,24.99,0.0,0.0,0.0,780.86,0.0,0.0,0.0,10170,384400000000
006260,LS,6.32,1.94,0.0,3.3,1.52,10525.54,225.47,119.16,119.16,30.72,15.7,-1.9,0.0,0.0,31870031000000.0,1.2751,23.0,0.0,0.305,0.0,25.68,0.0,0.0,0.0,311500,9718800000000
006280,녹십자,-2.13,-1.0,0.0,3.47,-1.49,691.5,113.09,119.6,119.6,46.93,18.54,115.37,0.0,0.0,1991279093821.0,0.6702,0.0,0.0,0.7577,0.0,44.62,0.0,0.0,0.0,129100,1508700000000
006340,대원전선,8.49,3.73,0.0,1.5,2.07,93.51,127.85,175.38,175.38,43.89,12.98,-34.78,0.0,0.0,624542487406.0,1.8027,85.66,0.0,1.7101,0.0,135.0,0.0,0.0,0.0,13620,1068000000000
006350,전북은행,9.74,0.87,0.0,0.0,0.0,2867.37,1019.62,0.0,0.0,8.93,0.0,2.73,0.0,0.0,0.0,0.0,0.0,0.0,0.0,0.0,0.0,0.0,0.0,0.0,0,0
006360,GS건설,1.69,0.51,0.0,3.52,0.75,4378.09,234.2,115.86,115.86,29.92,-3.21,53.1,0.0,0.0,12450347000000.0,0.6745,23.8,0.0,0.2495,0.0,36.64,0.0,0.0,0.0,36300,3106600000000
006370,대구백화점,-23.7,-7.72,0.0,0.0,0.0,-149.73,206.91,9.63,9.63,32.58,0.0,0.16,0.0,0.0,0.0,0.0,0.0,0.0,0.0,0.0,0.0,0.0,0.0,0.0,3825,41400000000
006400,삼성SDI,-2.48,-1.38,0.0,-12.98,-4.41,-17223.61,79.28,89.23,89.23,55.78,-20.04,-574.08,0.0,0.0,13266730679499.0,0.314,1259.83,0.0,3.5048,0.0,0.0,0.0,0.0,0.0,577000,46497800000000
006490,프리티,-259.45,-68.94,0.0,3.86,-39.49,40.79,276.33,55.61,55.61,26.57,5.0,207.72,0.0,0.0,105558023911.0,1.7459,0.0,0.0,0.252,0.0,17.41,0.0,0.0,0.0,898,26600000000
006570,대림통상,-44.42,-10.96,0.0,-7.58,-13.44,-95.66,305.43,76.82,76.82,24.66,-7.88,-180.16,0.0,0.0,126171254752.0,0.8151,0.0,0.0,0.2291,0.0,0.0,0.0,0.0,0.0,1895,28900000000
006580,대양제지공업,-6.81,-4.29,0.0,-4.41,-5.57,-66.46,58.74,95.61,95.61,63.0,-0.45,1.83,0.0,0.0,150547919980.0,0.7705,0.0,0.0,0.0,0.0,0.0,0.0,0.0,0.0,0,0
006620,동구바이오제약,32.97,14.92,0.0,3.81,20.67,92.48,121.05,91.87,91.87,45.24,-2.64,-27.13,0.0,0.0,242687805574.0,0.7215,3.09,0.0,0.4199,0.0,30.94,0.0,0.0,0.0,3580,101900000000
006650,대한유화,2.69,2.07,0.0,1.57,1.67,526.69,29.73,178.97,178.97,77.08,19.56,187.94,0.0,0.0,3347821791902.0,1.2398,8.49,0.0,0.1868,0.0,23.62,0.0,0.0,0.0,96200,625300000000
006660,삼성공조,2.46,2.17,0.0,2.76,6.15,32.45,13.3,764.16,764.16,88.26,1.7,-49.93,0.0,0.0,117736352607.0,0.3524,9.13,0.0,0.8901,0.0,44.38,0.0,0.0,0.0,12900,104800000000
006730,서부T&D,8.38,3.57,0.0,28.32,46.79,703.37,134.7,46.56,46.56,42.61,37.24,46.38,0.0,0.0,248329962530.0,0.0763,7.38,0.0,2.8808,0.0,36.73,0.0,0.0,0.0,11130,715400000000
006740,블루산업개발,-29.78,-14.82,0.0,-16.95,-26.26,-158.06,100.88,44.62,44.62,49.78,5.83,-14.02,0.0,0.0,93251674239.0,0.5645,0.0,0.0,0.2724,0.0,0.0,0.0,0.0,0.0,5340,25400000000
006800,미래에셋증권,11.74,1.05,0.0,6.54,5.41,19151.04,1015.01,0.0,0.0,8.97,31.65,61.19,0.0,0.0,29283028000000.0,0.1949,10.89,0.0,0.6435,0.0,81.27,0.0,0.0,0.0,34700,18842800000000
006840,AK홀딩스,-15.55,-2.92,0.0,-4.57,-5.4,-1478.54,432.2,51.55,51.55,18.79,-15.08,-389.32,0.0,0.0,3235721337340.0,0.5414,5.98,0.0,0.0307,0.0,0.0,0.0,0.0,0.0,7500,99400000000
006880,신송홀딩스,3.25,1.29,0.0,5.49,1.88,103.11,152.08,52.54,52.54,39.67,14.08,22.73,0.0,0.0,187759398480.0,0.6839,7.53,0.0,0.2871,0.0,21.29,0.0,0.0,0.0,4555,53900000000
006890,태경케미컬,5.07,3.9,0.0,3.36,14.26,20.63,30.06,485.74,485.74,76.89,-13.74,-84.95,0.0,0.0,61347896962.0,0.2733,8.47,0.0,0.9845,0.0,54.41,0.0,0.0,0.0,5210,60400000000
0068Y0,비엔케이제3호스팩,-0.1,-0.09,0.0,0.0,0.0,-0.18,15.93,659931.77,659931.77,86.26,0.0,0.0,0.0,0.0,0.0,0.0,0.0,0.0,0.0,0.0,0.0,0.0,0.0,0.0,1980,8500000000
006910,보성파워텍,18.43,15.24,0.0,18.18,13.77,268.06,20.91,415.2,415.2,82.71,91.39,455.67,0.0,0.0,147486453767.0,1.1066,20.8,0.0,2.4314,0.0,14.24,0.0,0.0,0.0,7300,358600000000
006920,모헨즈,-9.12,-5.86,0.0,-3.65,-4.32,-29.59,55.59,295.26,295.26,64.27,-19.23,-208.38,0.0,0.0,81161016764.0,1.3574,0.0,0.0,0.451,0.0,0.0,0.0,0.0,0.0,3350,36600000000
006980,우성,6.09,2.8,0.0,3.16,2.11,193.73,117.55,134.66,134.66,45.97,1.13,125.49,0.0,0.0,613023508125.0,1.326,34.69,0.0,0.0794,0.0,15.41,0.0,0.0,0.0,15750,48700000000
007070,GS리테일,1.53,0.67,0.0,2.44,0.42,2921.2,128.42,90.08,90.08,43.78,3.26,14.05,0.0,0.0,11957421688837.0,1.5979,16.99,0.0,0.1842,0.0,21.94,0.0,0.0,0.0,26350,2203100000000
007110,일신석재,-1.17,-0.75,0.0,1.25,-1.26,6.81,56.65,153.52,153.52,63.84,-30.77,-82.1,0.0,0.0,54503324545.0,0.5931,0.0,0.0,0.8623,0.0,117.87,0.0,0.0,0.0,607,47000000000
007120,미래아이앤지,-5.34,-3.69,0.0,26.89,-18.4,37.99,45.01,270.38,270.38,68.96,20.73,88.7,0.0,0.0,14128766686.0,0.2003,0.0,0.0,2.3286,0.0,14.42,0.0,0.0,0.0,1205,32900000000
007160,사조산업,-6.73,-3.42,0.0,4.69,-6.06,331.52,96.99,60.08,60.08,50.76,11.18,453.49,0.0,0.0,706210125216.0,0.5635,0.0,0.0,0.3646,0.0,26.38,0.0,0.0,0.0,51500,257500000000
007210,벽산,7.31,4.15,0.0,3.81,4.48,232.73,76.3,142.46,142.46,56.72,-5.04,-9.52,0.0,0.0,610688417236.0,0.9256,6.78,0.0,0.1546,0.0,16.33,0.0,0.0,0.0,1444,94400000000
007280,한국특강,1.4,0.54,0.0,1.53,0.39,117.4,158.51,141.95,141.95,38.68,-0.21,10.62,0.0,0.0,767140668215.0,1.3862,0.0,0.0,0.0868,0.0,34.58,0.0,0.0,0.0,2325,66600000000
0072Z0,KB제33호스팩,0.2,0.17,0.0,0.0,0.0,-0.36,15.75,1794950.62,1794950.62,86.39,0.0,0.0,0.0,0.0,0.0,0.0,79.2,0.0,0.0,0.0,0.0,0.0,0.0,0.0,1980,15600000000
007310,오뚜기,3.27,1.98,0.0,4.82,1.96,1772.51,65.29,143.3,143.3,60.5,3.83,-20.16,0.0,0.0,3674545422005.0,1.0092,18.47,0.0,0.367,0.0,15.72,0.0,0.0,0.0,336500,1348600000000
007330,푸른저축은행,6.2,1.28,0.0,0.0,0.0,169.48,386.03,0.0,0.0,20.57,0.0,147.48,0.0,0.0,0.0,0.0,7.19,0.0,0.0,0.0,82.07,0.0,0.0,0.0,10180,153500000000
007340,DN오토모티브,13.27,6.16,0.0,14.36,8.84,5279.08,115.36,82.0,82.0,46.43,7.02,0.95,0.0,0.0,3675704255000.0,0.6967,7.12,0.0,0.7513,0.0,10.58,0.0,0.0,0.0,47200,2761700000000
007370,진양제약,13.94,8.32,0.0,2.09,18.47,25.26,67.53,52.25,52.25,59.69,6.49,-78.42,0.0,0.0,120686230379.0,0.4506,2.45,0.0,0.4756,0.0,65.45,0.0,0.0,0.0,4060,57400000000
007390,네이처셀,-4.5,-3.8,0.0,-17.59,-13.69,-36.46,18.57,331.83,331.83,84.34,-35.87,-710.23,0.0,0.0,20734613571.0,0.2775,0.0,0.0,80.7973,0.0,0.0,0.0,0.0,0.0,26000,1675300000000
007460,에이프로젠,-30.65,-19.6,0.0,-81.01,-119.15,-955.71,56.4,97.21,97.21,63.94,-21.41,-10.1,0.0,0.0,117974152260.0,0.1645,0.0,0.0,0.4925,0.0,0.0,0.0,0.0,0.0,2340,58100000000
007530,와이엠,4.75,1.68,0.0,2.25,1.41,39.86,182.07,88.77,88.77,35.45,2.87,-34.74,0.0,0.0,177146007940.0,1.1925,11.71,0.0,0.1914,0.0,32.56,0.0,0.0,0.0,1522,33900000000
007540,샘표,5.21,3.84,0.0,5.9,4.6,241.43,35.85,199.28,199.28,73.61,0.99,310.93,0.0,0.0,408963972960.0,0.8345,13.64,0.0,0.3086,0.0,10.58,0.0,0.0,0.0,43900,126200000000
007570,일양약품,2.95,1.56,0.0,1.82,2.62,49.63,89.44,86.32,86.32,52.79,1.39,-48.43,0.0,0.0,272422211708.0,0.5957,9.62,0.0,0.5961,0.0,76.24,0.0,0.0,0.0,8510,162400000000
007610,선도전기,14.43,7.16,0.0,3.27,13.83,12.49,101.45,102.09,102.09,49.64,59.15,121.73,0.0,0.0,38170718483.0,0.518,0.0,0.0,1.9046,0.0,87.92,0.0,0.0,0.0,4040,72700000000
007660,이수페타시스,21.22,12.45,0.0,18.82,14.75,2047.25,70.53,207.16,207.16,58.64,30.01,100.95,0.0,0.0,1088025119176.0,0.8438,41.64,0.0,7.6916,0.0,43.48,0.0,0.0,0.0,114000,8368600000000
007680,대원,-3.04,-1.67,0.0,-12.27,-7.58,-137.54,82.41,671.17,671.17,54.82,-59.55,-7030.96,0.0,0.0,112122269871.0,0.2201,0.0,0.0,0.4085,0.0,0.0,0.0,0.0,0.0,3465,45800000000
007690,국도화학,2.5,1.25,0.0,3.81,1.57,531.7,99.64,148.73,148.73,50.09,6.88,109.88,0.0,0.0,1395556194366.0,0.7977,6.75,0.0,0.2555,0.0,23.13,0.0,0.0,0.0,38500,356500000000
007700,F&F 홀딩스,10.1,8.47,0.0,22.45,19.03,4341.95,19.24,179.3,179.3,83.87,1.87,4.28,0.0,0.0,1933800848582.0,0.4452,3.41,0.0,0.2905,0.0,2.91,0.0,0.0,0.0,14360,561700000000
007720,소노스퀘어,-3.6,-2.13,0.0,0.86,-1.66,13.97,68.71,119.7,119.7,59.27,22.04,112.94,0.0,0.0,162871417133.0,1.286,0.0,0.0,0.1602,0.0,55.61,0.0,0.0,0.0,1294,26100000000
007770,한일화학,-23.33,-15.89,0.0,-9.64,-16.31,-119.95,46.87,162.38,162.38,68.09,-0.7,-82.53,0.0,0.0,124410156822.0,0.9741,0.0,0.0,0.221,0.0,0.0,0.0,0.0,0.0,7840,27500000000
007810,코리아써키트,6.8,3.86,0.0,3.56,3.56,538.16,76.14,170.09,170.09,56.77,7.3,262.32,0.0,0.0,1509725133078.0,1.0841,19.83,0.0,0.9738,0.0,38.5,0.0,0.0,0.0,61300,1470100000000
007820,엠엑스로보틱스,-15.43,-7.01,0.0,-5.33,-5.48,-79.51,120.21,152.72,152.72,45.41,-8.66,-212.68,0.0,0.0,149093596003.0,1.2784,0.0,0.0,0.5399,0.0,0.0,0.0,0.0,0.0,4020,80500000000
007860,서연,5.75,2.52,0.0,4.06,1.91,1995.9,128.21,98.32,98.32,43.82,9.28,-17.5,0.0,0.0,4916072967528.0,1.3217,2.07,0.0,0.038,0.0,11.41,0.0,0.0,0.0,7960,186900000000
007980,TP,13.33,4.95,0.0,6.03,3.69,620.06,169.12,168.91,168.91,37.16,-3.3,26.72,0.0,0.0,1028988630596.0,1.342,2.4,0.0,0.0792,0.0,9.09,0.0,0.0,0.0,1737,81500000000
008040,사조동아원,-108.11,-29.6,0.0,6.3,-20.36,424.69,265.25,71.01,71.01,27.38,-0.57,-15.1,0.0,0.0,674263587949.0,1.454,0.0,0.0,0.1369,0.0,10.1,0.0,0.0,0.0,654,92300000000
008060,대덕,0.43,0.34,0.0,0.82,0.45,113.13,26.8,282.58,282.58,78.87,9.3,34.41,0.0,0.0,1384989854344.0,0.7535,14.63,0.0,0.3657,0.0,79.11,0.0,0.0,0.0,16190,506500000000
008110,대동전자,4.84,4.41,0.0,22.59,41.94,67.94,9.8,2295.68,2295.68,91.07,3.61,39.36,0.0,0.0,30074181636.0,0.1051,0.0,0.0,0.0,0.0,0.0,0.0,0.0,0.0,0,0
008120,엠소닉,0.0,0.0,0.0,5.82,0.0,44.48,50.13,203.51,203.51,66.61,-5.11,36.24,0.0,0.0,76474089276.0,0.9076,0.0,0.0,0.0,0.0,0.0,0.0,0.0,0.0,0,0
008250,이건산업,-7.51,-3.54,0.0,-1.29,-4.77,-38.29,111.92,87.49,87.49,47.19,-9.07,-127.76,0.0,0.0,297310475768.0,0.7432,0.0,0.0,0.1197,0.0,0.0,0.0,0.0,0.0,3250,35600000000
008260,NI스틸,7.02,3.68,0.0,12.15,7.65,301.15,90.86,55.04,55.04,52.4,-9.93,-18.9,0.0,0.0,247943373789.0,0.4806,5.35,0.0,0.3985,0.0,11.44,0.0,0.0,0.0,3455,98800000000
008270,산은캐피탈,16.38,2.66,0.0,0.0,0.0,4327.73,515.68,0.0,0.0,16.24,0.0,39.99,0.0,0.0,0.0,0.0,0.0,0.0,0.0,0.0,0.0,0.0,0.0,0.0,0,0
008290,원풍물산,-53.0,-38.23,0.0,-42.51,-44.73,-71.99,38.65,284.95,284.95,72.13,-25.47,-53.21,0.0,0.0,16935208093.0,0.8546,0.0,0.0,0.8326,0.0,0.0,0.0,0.0,0.0,692,14100000000
0082N0,카나프테라퓨틱스,-287.27,-229.99,0.0,-76.84,-639.5,-42.73,24.9,587.29,587.29,80.06,30.79,9.53,0.0,0.0,5560514921.0,0.3596,0.0,0.0,41.6149,0.0,0.0,0.0,0.0,0.0,17400,231400000000
008350,남선알미늄,1.28,0.83,0.0,-1.26,1.4,-32.66,53.87,155.74,155.74,64.99,-10.57,-167.69,0.0,0.0,258921909120.0,0.5921,0.0,0.0,0.5249,0.0,0.0,0.0,0.0,0.0,1053,135900000000
008370,원풍,7.57,7.15,0.0,7.53,8.04,65.96,5.89,3546.1,3546.1,94.44,10.08,45.04,0.0,0.0,87635177741.0,0.8892,6.42,0.0,0.6915,0.0,10.02,0.0,0.0,0.0,5050,60600000000
008420,문배철강,3.01,2.46,0.0,-0.7,4.25,-9.59,22.34,137.05,137.05,81.74,-1.66,54.98,0.0,0.0,137874736532.0,0.5784,5.65,0.0,0.322,0.0,0.0,0.0,0.0,0.0,2165,44400000000
008470,부스타,1.95,1.55,0.0,1.5,1.29,18.13,25.35,345.51,345.51,79.78,13.73,682.95,0.0,0.0,120761096176.0,1.2033,0.0,0.0,0.2377,0.0,27.03,0.0,0.0,0.0,1710,28700000000
008490,서흥,8.71,4.44,0.0,6.95,6.53,502.06,96.14,126.54,126.54,50.98,10.57,48.35,0.0,0.0,722308593846.0,0.6807,6.75,0.0,0.366,0.0,15.63,0.0,0.0,0.0,22850,264400000000
008500,일정실업,85.34,41.47,0.0,3.98,45.08,14.58,105.76,119.45,119.45,48.6,-15.83,-56.13,0.0,0.0,36617395256.0,0.9201,0.0,0.0,0.0,0.0,0.0,0.0,0.0,0.0,0,0
008560,메리츠증권,9.38,0.82,0.0,0.0,0.0,7882.77,1047.62,0.0,0.0,8.71,0.0,-25.27,0.0,0.0,0.0,0.0,0.0,0.0,0.0,0.0,0.0,0.0,0.0,0.0,0,0
008600,윌비스,-75.25,-14.69,0.0,-11.15,-19.35,-210.04,412.32,95.69,95.69,19.52,-13.37,-67.53,0.0,0.0,188323233506.0,0.7591,0.0,0.0,0.0935,0.0,0.0,0.0,0.0,0.0,2620,17600000000
008670,신한투자증권,6.58,0.71,0.0,0.0,0.0,4884.78,832.79,0.0,0.0,10.72,0.0,73.28,0.0,0.0,0.0,0.0,0.0,0.0,0.0,0.0,0.0,0.0,0.0,0.0,0,0
008700,아남전자,4.44,2.87,0.0,2.23,2.74,0.03,54.57,205.76,205.76,64.7,-20.12,-53.55,0.0,0.0,151351168.0,1.05,0.0,0.0,632.3043,0.0,28410.57,0.0,0.0,0.0,1241,95700000000
008730,율촌화학,1.43,0.61,0.0,1.75,0.86,85.14,135.29,99.45,99.45,42.5,6.19,146.39,0.0,0.0,485382903935.0,0.7059,83.51,0.0,0.862,0.0,95.57,0.0,0.0,0.0,16870,418400000000
008770,호텔신라,-15.63,-4.88,0.0,0.33,-4.25,135.13,220.14,107.95,107.95,31.24,3.06,360.64,0.0,0.0,4068306491409.0,1.1488,0.0,0.0,0.4254,0.0,308.31,0.0,0.0,0.0,44100,1730800000000
008800,행남사,-15.9,-9.06,0.0,-97.41,-343.35,-3.58,75.48,21.87,21.87,56.99,137.19,44.11,0.0,0.0,367236264.0,0.0264,0.0,0.0,0.0,0.0,0.0,0.0,0.0,0.0,0,0
008830,대동기어,-5.99,-1.76,0.0,0.07,-2.15,1.62,240.57,65.66,65.66,29.36,-14.05,-96.36,0.0,0.0,220939401126.0,0.8197,0.0,0.0,0.559,0.0,1932.42,0.0,0.0,0.0,6440,123500000000
008870,금비,2.88,1.28,0.0,1.33,1.52,33.69,124.54,105.9,105.9,44.54,-2.72,-72.74,0.0,0.0,252403803067.0,0.8464,0.0,0.0,0.1581,0.0,60.93,0.0,0.0,0.0,39900,39900000000
0088D0,메리츠제1호스팩,-0.27,-0.24,0.0,0.0,0.0,-0.34,15.36,0.0,0.0,86.69,0.0,0.0,0.0,0.0,0.0,0.0,0.0,0.0,0.0,0.0,0.0,0.0,0.0,0.0,2085,12100000000
0088M0,메쥬,27.62,19.77,0.0,-38.39,37.41,-28.32,39.7,336.37,336.37,71.58,211.77,52.4,0.0,0.0,7377640926.0,0.5285,16.59,0.0,17.3633,0.0,0.0,0.0,0.0,0.0,12960,128100000000
008930,한미사이언스,12.27,7.91,0.0,10.22,8.67,1387.27,55.24,88.05,88.05,64.42,5.73,40.32,0.0,0.0,1356957532846.0,0.9113,20.3,0.0,2.2579,0.0,25.91,0.0,0.0,0.0,44800,3063900000000
008970,KBI동양철관,-2.19,-1.29,0.0,-0.69,-1.32,-16.22,69.38,177.97,177.97,59.04,-6.2,-124.29,0.0,0.0,234784294346.0,0.9805,0.0,0.0,0.4813,0.0,0.0,0.0,0.0,0.0,1089,113000000000
009070,케이씨티시,6.97,2.94,0.0,3.93,2.36,388.18,136.79,80.6,80.6,42.23,11.85,-0.44,0.0,0.0,986704713638.0,1.2463,4.27,0.0,0.1234,0.0,14.92,0.0,0.0,0.0,4060,121800000000
009140,경인전자,4.76,4.39,0.0,2.84,10.61,10.24,8.57,1471.8,1471.8,92.1,57.24,180.55,0.0,0.0,36073854759.0,0.4133,5.29,0.0,0.9869,0.0,41.49,0.0,0.0,0.0,22650,35600000000
009150,삼성전기,7.46,5.01,0.0,8.07,6.46,9133.31,48.98,185.83,185.83,67.12,9.91,24.26,0.0,0.0,11314459238100.0,0.7752,112.29,0.0,9.6252,0.0,124.49,0.0,0.0,0.0,1458000,108903400000000
009160,SIMPAC,3.33,1.68,0.0,3.9,1.9,459.56,98.98,108.29,108.29,50.26,44.48,134.69,0.0,0.0,1179040874617.0,0.8839,14.82,0.0,0.2917,0.0,21.92,0.0,0.0,0.0,5260,343900000000
009180,한솔로지스틱스,11.02,6.05,0.0,3.07,2.35,206.93,82.02,186.32,186.32,54.94,-1.81,23.33,0.0,0.0,674562421919.0,2.577,6.68,0.0,0.1162,0.0,9.49,0.0,0.0,0.0,2785,78400000000
009190,대양금속,9.39,6.51,0.0,2.51,4.21,56.21,44.32,365.63,365.63,69.29,3.68,197.45,0.0,0.0,223485344976.0,1.5473,12.62,0.0,0.2806,0.0,19.05,0.0,0.0,0.0,1426,62700000000
009200,무림페이퍼,-3.35,-0.9,0.0,0.47,-1.84,59.51,270.59,76.68,76.68,26.98,-8.63,-93.34,0.0,0.0,1264911879644.0,0.4912,0.0,0.0,0.0502,0.0,326.62,0.0,0.0,0.0,1526,63500000000
009240,한샘,11.58,4.66,0.0,1.06,2.65,184.91,148.39,122.82,122.82,40.26,-8.59,-40.79,0.0,0.0,1744538347428.0,1.7569,77.32,0.0,0.5288,0.0,81.97,0.0,0.0,0.0,39200,922500000000
009270,신원,-0.72,-0.25,0.0,1.72,-0.15,187.79,181.76,123.64,123.64,35.49,16.25,-25.83,0.0,0.0,1092254154426.0,1.6998,28.79,0.0,0.118,0.0,28.94,0.0,0.0,0.0,1123,128900000000
009290,광동제약,3.0,1.62,0.0,1.87,1.29,310.46,85.49,136.45,136.45,53.91,1.15,3.15,0.0,0.0,1659512457700.0,1.2569,15.0,0.0,0.1917,0.0,29.85,0.0,0.0,0.0,6390,318200000000
009300,삼아제약,5.67,5.24,0.0,14.11,16.63,109.79,8.3,978.09,978.09,92.34,-18.6,-55.13,0.0,0.0,77799035965.0,0.3149,8.34,0.0,1.1311,0.0,9.74,0.0,0.0,0.0,13810,88000000000
009310,참엔지니어링,-20.32,-1.62,0.0,-12.58,-22.66,-75.31,1154.41,61.74,61.74,7.97,-7.78,78.99,0.0,0.0,59844031140.0,0.0715,0.0,0.0,0.3893,0.0,0.0,0.0,0.0,0.0,5330,23300000000
009320,아진전자부품,13.06,3.97,0.0,4.15,2.87,62.98,228.69,71.65,71.65,30.42,5.81,6.03,0.0,0.0,151831619994.0,1.3864,32.0,0.0,0.3115,0.0,19.61,0.0,0.0,0.0,960,47300000000
0093G0,미래에셋비전스팩8호,-0.01,-0.01,0.0,0.0,0.0,-0.19,18.91,657862.95,657862.95,84.1,0.0,0.0,0.0,0.0,0.0,0.0,0.0,0.0,0.0,0.0,0.0,0.0,0.0,0.0,1978,12700000000
009410,태영건설,14.91,2.32,0.0,2.43,4.41,527.89,541.95,67.45,67.45,15.58,-19.05,155.73,0.0,0.0,2174483568714.0,0.5269,3.04,0.0,0.2339,0.0,75.64,0.0,0.0,0.0,1709,508600000000
009420,한올바이오파마,-3.44,-2.47,0.0,-0.59,-3.58,-9.16,39.3,190.95,190.95,71.79,11.69,-497.36,0.0,0.0,155184524107.0,0.689,0.0,0.0,20.0974,0.0,0.0,0.0,0.0,0.0,59700,3118800000000
009440,KC그린홀딩스,-35.79,-23.7,0.0,-1.83,-47.5,-15.74,51.01,113.31,113.31,66.22,-79.99,97.59,0.0,0.0,85959945472.0,0.499,0.0,0.0,0.2047,0.0,0.0,0.0,0.0,0.0,756,17600000000
009450,경동나비엔,11.64,5.89,0.0,9.54,5.97,1433.77,97.56,128.78,128.78,50.62,10.96,8.15,0.0,0.0,1502239729157.0,0.9869,5.76,0.0,0.6071,0.0,11.6,0.0,0.0,0.0,62600,912000000000
009460,한창제지,-15.79,-4.55,0.0,-1.95,-4.9,-51.93,246.65,67.75,67.75,28.85,-9.28,-554.58,0.0,0.0,266951905121.0,0.9287,0.0,0.0,0.1281,0.0,0.0,0.0,0.0,0.0,2870,34200000000
009470,삼화전기,9.24,6.16,0.0,5.23,4.84,120.37,50.0,225.98,225.98,66.67,-1.31,-51.44,0.0,0.0,230067797956.0,1.2736,25.16,0.0,0.6741,0.0,17.89,0.0,0.0,0.0,23450,155100000000
009520,포스코엠텍,1.24,0.91,0.0,0.29,0.39,10.34,35.84,293.93,293.93,73.62,3.12,-27.29,0.0,0.0,357432185147.0,2.303,34.39,0.0,1.5147,0.0,562.95,0.0,0.0,0.0,13000,541400000000
009540,HD한국조선해양,17.32,7.41,0.0,13.04,9.78,39044.9,133.86,117.06,117.06,42.76,17.21,172.26,0.0,0.0,29933215227000.0,0.757,7.15,0.0,0.824,0.0,12.11,0.0,0.0,0.0,348500,24664400000000
009580,무림P&P,-5.45,-1.82,0.0,-3.34,-4.52,-244.6,199.96,78.81,78.81,33.34,-9.86,-167.06,0.0,0.0,731620027887.0,0.402,0.0,0.0,0.1426,0.0,0.0,0.0,0.0,0.0,1673,104300000000
009620,삼보산업,-11.54,-1.01,0.0,2.76,-1.14,78.88,1047.39,71.5,71.5,8.72,-16.22,1154.96,0.0,0.0,285655693776.0,0.8832,0.0,0.0,0.0532,0.0,39.36,0.0,0.0,0.0,870,15200000000
009680,모토닉,5.59,5.09,0.0,6.63,9.65,185.35,9.88,1046.43,1046.43,91.0,-3.75,-22.05,0.0,0.0,279697463554.0,0.5272,10.05,0.0,0.7955,0.0,14.58,0.0,0.0,0.0,10240,222500000000
0096B0,삼성스팩12호,0.08,0.07,0.0,0.0,0.0,-0.13,17.3,650713.0,650713.0,85.25,0.0,0.0,0.0,0.0,0.0,0.0,165.0,0.0,0.0,0.0,0.0,0.0,0.0,0.0,1980,13000000000
0096D0,미래에셋비전스팩9호,0.0,0.0,0.0,0.0,0.0,-0.2,12.75,0.0,0.0,88.69,0.0,0.0,0.0,0.0,0.0,0.0,0.0,0.0,0.0,0.0,0.0,0.0,0.0,0.0,1976,10900000000
009730,이렘,-42.25,-16.79,0.0,-15.1,-18.3,-138.9,151.64,136.9,136.9,39.74,-16.24,-194.06,0.0,0.0,91994767552.0,0.9176,0.0,0.0,0.1685,0.0,0.0,0.0,0.0,0.0,1945,15500000000
009770,삼정펄프,10.94,9.74,0.0,-0.97,21.13,-14.4,12.27,1148.65,1148.65,89.07,-9.35,-129.59,0.0,0.0,148565929898.0,0.461,4.57,0.0,0.4671,0.0,0.0,0.0,0.0,0.0,27750,69400000000
009780,엠에스씨,12.16,8.3,0.0,15.0,11.64,296.54,46.5,186.27,186.27,68.26,4.17,7.76,0.0,0.0,197662693140.0,0.7131,4.81,0.0,0.6526,0.0,7.32,0.0,0.0,0.0,7330,129000000000
0097F0,미래에셋비전스팩10호,-0.12,-0.1,0.0,0.0,0.0,-0.19,17.88,0.0,0.0,84.84,0.0,0.0,0.0,0.0,0.0,0.0,0.0,0.0,0.0,0.0,0.0,0.0,0.0,0.0,1976,12800000000
009810,MDS스피어,-1.64,-1.03,0.0,-1.75,-1.19,-43.97,59.08,162.82,162.82,62.86,-6.49,13.78,0.0,0.0,250921655440.0,0.8677,0.0,0.0,0.1192,0.0,0.0,0.0,0.0,0.0,1900,29900000000
009830,한화솔루션,-5.5,-1.86,0.0,-2.74,-4.61,-3647.59,196.32,99.22,99.22,33.75,7.58,-21.49,0.0,0.0,13333055000000.0,0.4023,0.0,0.0,0.571,0.0,0.0,0.0,0.0,0.0,33850,7612600000000
0098T0,교보19호스팩,-0.27,-0.24,0.0,0.0,0.0,-0.32,13.48,0.0,0.0,88.12,0.0,0.0,0.0,0.0,0.0,0.0,0.0,0.0,0.0,0.0,0.0,0.0,0.0,0.0,1995,10800000000
009900,명신산업,8.89,4.81,0.0,6.34,4.22,1025.92,84.78,207.66,207.66,54.12,2.88,-30.74,0.0,0.0,1619154581776.0,1.1397,4.7,0.0,0.2583,0.0,10.43,0.0,0.0,0.0,7970,418200000000
009970,영원무역홀딩스,11.47,8.67,0.0,15.02,12.39,7354.75,32.34,439.39,439.39,75.56,13.68,42.25,0.0,0.0,4895010142962.0,0.6997,5.25,0.0,0.4459,0.0,5.29,0.0,0.0,0.0,168500,2182700000000
0099W0,미래에셋비전스팩11호,-0.03,-0.03,0.0,0.0,0.0,-0.15,13.87,212107.89,212107.89,87.82,0.0,0.0,0.0,0.0,0.0,0.0,104.47,0.0,0.0,0.0,0.0,0.0,0.0,0.0,1985,13900000000
0099X0,IBKS제25호스팩,-0.22,-0.2,0.0,0.0,0.0,-0.26,12.04,930.73,930.73,89.26,0.0,0.0,0.0,0.0,0.0,0.0,0.0,0.0,0.0,0.0,0.0,0.0,0.0,0.0,2180,13000000000
010040,한국내화,-12.52,-7.92,0.0,0.68,-5.36,27.76,58.06,166.68,166.68,63.27,-2.32,-67.67,0.0,0.0,406341175254.0,1.4767,8.29,0.0,0.1592,0.0,59.72,0.0,0.0,0.0,1575,64700000000
010060,OCI홀딩스,-3.09,-1.86,0.0,-1.7,-4.33,-576.27,66.35,293.63,293.63,60.11,-5.52,-156.76,0.0,0.0,3380060390000.0,0.4294,139.03,0.0,1.5328,0.0,0.0,0.0,0.0,0.0,277500,5181000000000
010100,한국무브넥스,4.68,2.01,0.0,1.49,1.19,253.17,132.93,109.52,109.52,42.93,8.42,-42.03,0.0,0.0,1699315845004.0,1.6834,5.05,0.0,0.065,0.0,27.12,0.0,0.0,0.0,3630,110500000000
010120,엘에스일렉트릭,13.27,5.73,0.0,8.59,5.72,4264.07,131.48,180.02,180.02,43.2,9.09,9.41,0.0,0.0,4965798552980.0,1.0018,80.05,0.0,6.2679,0.0,79.6,0.0,0.0,0.0,207500,31125000000000
010130,고려아연,7.0,3.81,0.0,7.43,4.64,12319.27,83.75,196.97,196.97,54.42,37.63,70.28,0.0,0.0,16587850779912.0,0.8208,26.25,0.0,1.6069,0.0,29.11,0.0,0.0,0.0,1277000,26654800000000
010140,삼성중공업,13.08,3.58,0.0,8.1,5.03,8622.11,265.05,78.61,78.61,27.39,7.54,71.52,0.0,0.0,10650010702818.0,0.7124,32.55,0.0,1.7269,0.0,33.92,0.0,0.0,0.0,20900,18392000000000
010170,대한광통신,-41.97,-12.77,0.0,-15.35,-20.06,-214.11,228.6,76.52,76.52,30.43,-8.69,27.92,0.0,0.0,139446734970.0,0.6367,0.0,0.0,15.5658,0.0,0.0,0.0,0.0,0.0,13960,2170600000000
0101C0,하나36호스팩,-0.15,-0.13,0.0,0.0,0.0,-0.22,14.86,148245.37,148245.37,87.06,0.0,0.0,0.0,0.0,0.0,0.0,0.0,0.0,0.0,0.0,0.0,0.0,0.0,0.0,1978,15300000000
010240,흥국,10.32,9.0,0.0,10.87,8.9,148.98,14.68,568.13,568.13,87.2,6.46,69.53,0.0,0.0,137023822812.0,1.0103,4.04,0.0,0.4671,0.0,5.46,0.0,0.0,0.0,5470,64000000000
010280,아이티센엔텍,22.19,6.88,0.0,3.65,3.84,208.71,222.43,113.25,113.25,31.01,29.48,121.15,0.0,0.0,572026600945.0,1.7898,1.7,0.0,0.1262,0.0,14.02,0.0,0.0,0.0,5540,72200000000
010400,우진아이엔에스,9.4,7.15,0.0,3.03,4.62,49.78,31.59,266.0,266.0,75.99,19.53,127.87,0.0,0.0,164457886988.0,1.5476,7.55,0.0,0.194,0.0,11.53,0.0,0.0,0.0,4180,31900000000
010420,한솔피엔에스,-6.84,-2.42,0.0,0.4,-0.98,12.18,182.57,132.86,132.86,35.39,-2.36,-63.34,0.0,0.0,306236522591.0,2.4609,0.0,0.0,0.0,0.0,0.0,0.0,0.0,0.0,0,0
010470,오리콤,5.96,3.19,0.0,3.92,3.41,89.2,87.11,164.19,164.19,53.45,5.98,-25.67,0.0,0.0,227707531798.0,0.9348,7.21,0.0,0.2486,0.0,19.06,0.0,0.0,0.0,4725,56600000000
010580,에스엠벡셀,2.35,1.65,0.0,1.05,1.1,15.74,42.78,185.28,185.28,70.04,-12.91,-69.83,0.0,0.0,150271118361.0,1.5001,0.0,0.0,1.2191,0.0,135.46,0.0,0.0,0.0,1647,183200000000
0105P0,유진스팩12호,-0.16,-0.14,0.0,0.0,0.0,-0.26,11.33,0.0,0.0,89.82,0.0,0.0,0.0,0.0,0.0,0.0,0.0,0.0,0.0,0.0,0.0,0.0,0.0,0.0,1998,11300000000
010600,웰바이오텍,-60.92,-33.75,0.0,-3.2,-9.87,-25.0,80.53,179.9,179.9,55.39,-6.33,13.04,0.0,0.0,78030660472.0,3.4191,0.0,0.0,0.0,0.0,0.0,0.0,0.0,0.0,0,0
010640,진양폴리우레탄,5.12,2.14,0.0,3.92,3.48,18.26,139.29,74.65,74.65,41.79,-13.71,-54.01,0.0,0.0,46628342500.0,0.615,11.09,0.0,0.7871,0.0,44.27,0.0,0.0,0.0,2195,36700000000
010660,화천기계,1.95,1.58,0.0,0.11,1.29,2.28,23.38,194.12,194.12,81.05,-7.69,-88.8,0.0,0.0,214513614009.0,1.226,11.75,0.0,0.2988,0.0,427.11,0.0,0.0,0.0,2915,64100000000
010690,화신,11.67,4.28,0.0,5.22,3.4,1024.48,172.88,115.77,115.77,36.65,14.61,56.86,0.0,0.0,1962483716837.0,1.2587,3.85,0.0,0.1427,0.0,12.38,0.0,0.0,0.0,8020,280100000000
010770,평화홀딩스,27.77,8.09,0.0,3.95,5.11,348.82,243.35,79.43,79.43,29.12,5.81,21.07,0.0,0.0,883676528085.0,1.5821,1.16,0.0,0.0602,0.0,12.87,0.0,0.0,0.0,3635,53200000000
010780,아이에스동서,-5.05,-2.08,0.0,5.52,-5.82,681.23,143.29,120.38,120.38,41.1,-18.5,-59.85,0.0,0.0,1234356436787.0,0.357,5.92,0.0,0.393,0.0,37.02,0.0,0.0,0.0,16070,485100000000
010820,퍼스텍,17.86,3.65,0.0,3.62,4.99,106.63,388.77,84.37,84.37,20.46,42.25,145.22,0.0,0.0,294842426804.0,0.7315,19.43,0.0,0.9578,0.0,56.55,0.0,0.0,0.0,5790,282400000000
010950,S-Oil,1.99,0.67,0.0,0.69,0.52,2356.31,198.82,70.56,70.56,33.47,-6.52,-44.19,0.0,0.0,34246957000000.0,1.2896,11.49,0.0,0.4934,0.0,146.71,0.0,0.0,0.0,150100,16898700000000
010960,삼호개발,7.77,5.12,0.0,3.54,4.57,144.86,51.8,196.99,196.99,65.88,1.98,1135.62,0.0,0.0,409727353425.0,1.1192,5.46,0.0,0.1818,0.0,13.77,0.0,0.0,0.0,3090,74500000000
011000,진원생명과학,-126.78,-43.5,0.0,-191.09,-225.0,-440.36,191.47,36.12,36.12,34.31,-35.49,-2.32,0.0,0.0,23044791670.0,0.1933,0.0,0.0,2.1046,0.0,0.0,0.0,0.0,0.0,2670,48500000000
011040,경동제약,3.69,2.63,0.0,3.91,4.31,76.66,40.64,162.04,162.04,71.1,1.2,192.2,0.0,0.0,196273042787.0,0.6097,8.76,0.0,0.7963,0.0,32.52,0.0,0.0,0.0,5080,156300000000
011070,LG이노텍,5.92,2.86,0.0,3.04,1.56,6650.07,107.02,150.39,150.39,48.3,3.28,-5.81,0.0,0.0,21896603000000.0,1.8353,22.91,0.0,0.6939,0.0,32.12,0.0,0.0,0.0,642000,15194300000000
011080,형지I&C,-25.94,-14.38,0.0,-13.87,-17.53,-70.45,80.36,185.29,185.29,55.44,-10.47,-40.38,0.0,0.0,50808588981.0,0.8205,0.0,0.0,0.1201,0.0,0.0,0.0,0.0,0.0,863,6100000000
011090,에넥스,-3.4,-1.09,0.0,0.25,-0.65,5.45,211.28,67.49,67.49,32.13,-18.5,-89.3,0.0,0.0,215243280358.0,1.6829,0.0,0.0,0.0827,0.0,191.9,0.0,0.0,0.0,1500,17800000000
011150,CJ씨푸드,3.2,1.67,0.0,-0.47,1.47,-9.1,91.52,98.95,98.95,52.22,-0.83,-120.87,0.0,0.0,192117633850.0,1.1346,41.84,0.0,0.3836,0.0,0.0,0.0,0.0,0.0,2050,73700000000
011160,두산건설,3.62,0.68,0.0,5.86,0.74,1049.67,433.1,83.4,83.4,18.76,-17.71,-2.89,0.0,0.0,1790109712541.0,0.9196,0.0,0.0,0.0,0.0,0.0,0.0,0.0,0.0,0,0
011170,롯데케미칼,-14.05,-7.96,0.0,-5.1,-13.4,-9431.16,76.52,104.18,104.18,56.65,-7.1,-3.13,0.0,0.0,18483005314922.0,0.594,0.0,0.0,0.1368,0.0,0.0,0.0,0.0,0.0,59100,2528000000000
011200,HMM,7.07,5.6,0.0,13.42,17.25,14612.02,26.31,581.01,581.01,79.17,-6.91,-58.4,0.0,0.0,10891443000000.0,0.3245,14.42,0.0,1.8577,0.0,18.63,0.0,0.0,0.0,21450,20232500000000
011210,현대위아,2.88,1.66,0.0,2.41,1.38,2044.13,72.8,189.19,189.19,57.87,3.68,-6.58,0.0,0.0,8481561000000.0,1.2073,23.01,0.0,0.1924,0.0,22.46,0.0,0.0,0.0,60000,1631700000000
011230,삼화전자공업,-35.52,-11.57,0.0,-26.24,-29.46,-77.76,206.88,30.62,30.62,32.59,-11.27,-6.92,0.0,0.0,29632415122.0,0.3929,0.0,0.0,1.6873,0.0,0.0,0.0,0.0,0.0,2610,50000000000
011280,태림포장,-2.84,-1.34,0.0,-0.66,-1.22,-49.82,112.11,48.19,48.19,47.14,5.38,69.97,0.0,0.0,753896340000.0,1.099,0.0,0.0,0.1533,0.0,0.0,0.0,0.0,0.0,1632,115600000000
011300,우성머티리얼스,-24.55,-7.57,0.0,-9.45,-31.06,-23.35,224.37,20.67,20.67,30.83,-3.11,76.79,0.0,0.0,24693017011.0,0.2437,0.0,0.0,1.5348,0.0,0.0,0.0,0.0,0.0,2200,37900000000
011320,유니크,7.92,3.6,0.0,3.35,2.51,144.24,119.89,113.13,113.13,45.48,14.78,72.76,0.0,0.0,430183306362.0,1.4354,5.2,0.0,0.1709,0.0,16.42,0.0,0.0,0.0,3805,73500000000
011330,유니켐,-4.99,-2.89,0.0,-0.54,-6.17,-5.73,72.7,228.14,228.14,57.9,55.74,90.85,0.0,0.0,106243075628.0,0.4686,0.0,0.0,0.416,0.0,0.0,0.0,0.0,0.0,4410,44200000000
011370,서한,5.39,2.35,0.0,9.7,4.48,625.54,129.05,310.82,310.82,43.66,-13.91,136.4,0.0,0.0,645114465728.0,0.5246,4.14,0.0,0.1225,0.0,12.34,0.0,0.0,0.0,783,79000000000
011390,부산산업,-3.77,-1.93,0.0,-2.58,-5.86,-27.71,95.58,92.64,92.64,51.13,-13.36,-182.55,0.0,0.0,107530892128.0,0.3292,0.0,0.0,0.4724,0.0,0.0,0.0,0.0,0.0,48100,50800000000
011400,아진카인텍,3.6,0.49,0.0,2.58,0.56,19.38,632.05,34.03,34.03,13.66,-14.21,-10.86,0.0,0.0,75022294479.0,0.8738,0.0,0.0,0.0,0.0,0.0,0.0,0.0,0.0,0,0
011420,갤럭시아에스엠,5.15,4.49,0.0,9.88,9.22,39.88,14.61,527.56,527.56,87.25,24.19,23.64,0.0,0.0,40343683157.0,0.4869,11.02,0.0,1.0237,0.0,13.01,0.0,0.0,0.0,1499,41300000000
011500,한농화성,2.22,1.62,0.0,1.67,1.8,35.77,36.68,312.63,312.63,73.16,-13.33,-41.22,0.0,0.0,214492954042.0,0.8999,23.06,0.0,1.0322,0.0,79.77,0.0,0.0,0.0,14160,221400000000
011560,세보엠이씨,13.11,7.78,0.0,5.64,4.97,403.68,68.44,215.31,215.31,59.37,-9.25,41.08,0.0,0.0,715793070282.0,1.5667,5.99,0.0,0.367,0.0,11.11,0.0,0.0,0.0,26050,262700000000
0115H0,삼성스팩13호,-1.35,-0.68,0.0,0.0,0.0,-0.15,98.03,235601.54,235601.54,50.5,0.0,0.0,0.0,0.0,0.0,0.0,125.0,0.0,0.0,0.0,0.0,0.0,0.0,0.0,2000,14700000000
011690,와이투솔루션,-9.69,-6.46,0.0,-1.55,-5.81,-25.66,49.94,233.74,233.74,66.69,6.83,-188.92,0.0,0.0,165064566493.0,1.1124,0.0,0.0,0.767,0.0,0.0,0.0,0.0,0.0,3450,126600000000
011700,한신기계공업,-0.51,-0.37,0.0,-2.8,-0.85,-14.78,37.24,228.46,228.46,72.86,-16.43,-160.4,0.0,0.0,52718857507.0,0.4387,0.0,0.0,1.5023,0.0,0.0,0.0,0.0,0.0,2440,79200000000
011760,현대코퍼레이션,12.49,3.73,0.0,1.85,1.15,1401.31,234.59,122.59,122.59,29.89,7.99,4.94,0.0,0.0,7554286077242.0,3.2496,3.43,0.0,0.0449,0.0,14.05,0.0,0.0,0.0,25650,339300000000
011780,금호석유화학,4.66,3.43,0.0,3.93,4.21,2718.29,35.67,200.63,200.63,73.71,-3.35,-0.36,0.0,0.0,6915145099921.0,0.816,7.3,0.0,0.4639,0.0,20.0,0.0,0.0,0.0,127500,3207600000000
011790,SKC,-35.51,-10.67,0.0,-16.58,-39.09,-3050.25,232.74,72.99,72.99,30.05,7.11,-10.61,0.0,0.0,1840036441822.0,0.273,0.0,0.0,2.434,0.0,0.0,0.0,0.0,0.0,90300,4478700000000
0117P0,피스피스스튜디오,9.67,7.68,0.0,14.19,9.29,167.26,25.89,332.03,332.03,79.44,3.61,-40.6,0.0,0.0,117880193768.0,0.827,5.27,0.0,0.6006,0.0,5.99,0.0,0.0,0.0,5000,70800000000
011810,STX,336.58,-36.09,0.0,-9.66,-25.95,-619.45,-1032.6,45.91,45.91,-10.72,-22.53,-611.28,0.0,0.0,641312000000.0,1.3908,0.0,0.0,0.1707,0.0,0.0,0.0,0.0,0.0,3530,109500000000
011930,신성이엔지,-3.51,-1.36,0.0,0.23,-1.44,12.81,157.46,98.49,98.49,38.84,-2.55,-74.33,0.0,0.0,567454391304.0,0.9447,0.0,0.0,0.6108,0.0,557.22,0.0,0.0,0.0,17070,346600000000
012030,DB,10.98,5.0,0.0,6.46,7.68,415.99,119.77,67.95,67.95,45.5,9.54,40.41,0.0,0.0,643464276938.0,0.6503,4.73,0.0,0.5003,0.0,20.7,0.0,0.0,0.0,1600,321900000000
012160,영흥,-33.14,-13.62,0.0,-3.04,-12.56,-131.69,143.31,125.56,125.56,41.1,-9.76,-528.58,0.0,0.0,433484558559.0,1.0842,0.0,0.0,0.092,0.0,0.0,0.0,0.0,0.0,2555,39900000000
012170,아센디오,-190.54,-126.53,0.0,-73.03,-233.08,-43.25,50.58,111.73,111.73,66.41,-56.02,-4.93,0.0,0.0,5921928326.0,0.5429,0.0,0.0,2.1446,0.0,0.0,0.0,0.0,0.0,3125,12700000000
012200,계양전기,-177.21,-16.73,0.0,-6.95,-9.46,-271.0,959.49,84.61,84.61,9.44,5.6,-77.58,0.0,0.0,389798757593.0,1.7684,0.0,0.0,0.2648,0.0,0.0,0.0,0.0,0.0,3790,103200000000
012210,삼미금속,1.82,0.9,0.0,7.88,2.29,58.12,103.63,101.93,101.93,49.11,-3.46,30.49,0.0,0.0,73796930775.0,0.3909,84.62,0.0,2.7494,0.0,51.44,0.0,0.0,0.0,8800,202900000000
012280,영화금속,14.91,5.15,0.0,4.33,3.46,152.26,189.53,115.41,115.41,34.54,16.48,54.1,0.0,0.0,351423851427.0,1.4885,3.24,0.0,0.1172,0.0,12.86,0.0,0.0,0.0,4160,41200000000
012320,경동인베스트,3.76,3.05,0.0,6.82,6.78,188.21,23.09,389.17,389.17,81.24,-5.97,-22.85,0.0,0.0,276162998109.0,0.4503,6.31,0.0,0.4099,0.0,12.13,0.0,0.0,0.0,47850,113200000000
012330,현대모비스,7.45,5.21,0.0,5.49,6.0,33574.56,43.05,232.55,232.55,69.9,6.78,9.24,0.0,0.0,61118127000000.0,0.8681,11.37,0.0,0.6665,0.0,18.44,0.0,0.0,0.0,453500,40733600000000
012340,뉴인텍,-83.69,-17.32,0.0,-8.73,-15.29,-72.28,383.12,67.48,67.48,20.7,4.15,-23.36,0.0,0.0,82799344609.0,1.1329,0.0,0.0,0.1594,0.0,0.0,0.0,0.0,0.0,599,13200000000
012450,한화에어로스페이스,13.12,4.08,0.0,11.57,8.25,30893.2,221.38,102.43,102.43,31.12,137.57,78.38,0.0,0.0,26702901249000.0,0.4949,27.48,0.0,2.128,0.0,30.42,0.0,0.0,0.0,1102000,56822900000000
012510,더존비즈온,14.61,8.17,0.0,28.62,20.68,1277.27,78.85,54.92,54.92,55.91,10.93,45.04,0.0,0.0,446299245964.0,0.395,0.0,0.0,0.0,0.0,0.0,0.0,0.0,0.0,0,0
012600,청호ICT,1.02,0.74,0.0,-1.09,1.44,-3.86,37.63,231.93,231.93,72.66,16.03,-115.51,0.0,0.0,35463311618.0,0.5182,0.0,0.0,0.0,0.0,0.0,0.0,0.0,0.0,0,0
012610,경인양행,2.11,1.06,0.0,4.28,1.47,162.66,98.78,110.04,110.04,50.31,1.46,-32.86,0.0,0.0,379701831841.0,0.7208,6.64,0.0,0.3524,0.0,24.32,0.0,0.0,0.0,3215,133800000000
012620,원일특강,4.92,2.9,0.0,3.11,2.06,123.65,69.62,158.06,158.06,58.96,4.96,3.23,0.0,0.0,398115514874.0,1.4076,4.76,0.0,0.0774,0.0,11.88,0.0,0.0,0.0,7010,30800000000
012630,HDC,7.67,3.28,0.0,9.85,6.32,6488.68,133.68,150.62,150.62,42.79,6.2,88.24,0.0,0.0,6584797969627.0,0.5191,3.06,0.0,0.205,0.0,13.26,0.0,0.0,0.0,22600,1350200000000
012690,모나리자,1.71,1.49,0.0,0.26,1.21,3.17,15.02,355.07,355.07,86.94,-1.83,-67.74,0.0,0.0,124021215334.0,1.2333,26.12,0.0,0.4467,0.0,216.07,0.0,0.0,0.0,1515,55400000000
0126Z0,삼성에피스홀딩스,1.44,1.11,0.0,-25.29,33.9,-636.41,30.64,135.59,135.59,76.54,0.0,0.0,0.0,0.0,251689950548.0,0.0326,18.25,0.0,38.2602,0.0,0.0,0.0,0.0,0.0,387000,9629700000000
012700,리드코프,2.55,1.06,0.0,2.82,3.03,109.46,139.62,168.35,168.35,41.73,-7.79,-49.21,0.0,0.0,387709979454.0,0.3511,4.06,0.0,0.2038,0.0,66.0,0.0,0.0,0.0,3015,79000000000
012750,에스원,10.17,7.34,0.0,8.12,6.18,2345.66,38.47,258.91,258.91,72.22,3.02,12.1,0.0,0.0,2889412422255.0,1.1881,20.32,0.0,1.0744,0.0,16.12,0.0,0.0,0.0,81700,3104500000000
012790,신일제약,4.94,4.44,0.0,9.17,9.35,73.86,11.25,562.93,562.93,89.89,-9.92,-51.48,0.0,0.0,80563639511.0,0.4753,11.2,0.0,0.8912,0.0,12.04,0.0,0.0,0.0,5990,71800000000
012800,대창,1.09,0.36,0.0,3.5,0.22,515.28,206.19,111.56,111.56,32.66,9.98,64.37,0.0,0.0,1470237029200.0,1.5891,4.8,0.0,0.0738,0.0,14.2,0.0,0.0,0.0,1191,108500000000
012860,모베이스전자,8.28,2.68,0.0,3.52,1.99,367.89,208.58,100.48,100.48,32.41,7.47,6.98,0.0,0.0,1044088716546.0,1.3474,6.87,0.0,0.1585,0.0,18.74,0.0,0.0,0.0,2260,165500000000
013000,세우글로벌,6.8,6.28,0.0,7.45,11.4,24.33,8.42,1189.32,1189.32,92.24,-8.91,-0.81,0.0,0.0,32679926710.0,0.5505,6.58,0.0,1.0985,0.0,16.65,0.0,0.0,0.0,1250,35900000000
013030,하이록코리아,11.06,10.19,0.0,27.46,23.66,589.11,8.48,1389.99,1389.99,92.18,12.63,17.51,0.0,0.0,214565849545.0,0.4308,6.94,0.0,1.8428,0.0,7.37,0.0,0.0,0.0,33600,395400000000
013120,동원개발,2.47,1.76,0.0,4.41,6.75,170.96,40.2,357.55,357.55,71.33,-25.56,-18.63,0.0,0.0,387344571458.0,0.2607,7.74,0.0,0.5169,0.0,36.63,0.0,0.0,0.0,2205,200200000000
0132G0,교보20호스팩,-2.81,-0.8,0.0,0.0,0.0,-0.16,252.68,849452.73,849452.73,28.35,0.0,0.0,0.0,0.0,0.0,0.0,0.0,0.0,0.0,0.0,0.0,0.0,0.0,0.0,1991,11900000000
013310,아진산업,6.68,1.51,0.0,6.38,2.3,643.58,342.77,105.79,105.79,22.59,29.87,99.42,0.0,0.0,1008867839227.0,0.6559,7.44,0.0,0.0933,0.0,19.96,0.0,0.0,0.0,2425,94100000000
013360,일성건설,5.1,0.99,0.0,2.29,0.83,103.76,415.75,75.27,75.27,19.39,-9.53,123.8,0.0,0.0,452672899287.0,1.1942,22.39,0.0,0.1789,0.0,37.26,0.0,0.0,0.0,1500,81000000000
013520,화승코퍼레이션,24.63,8.37,0.0,5.07,6.29,830.64,194.36,92.28,92.28,33.97,4.82,-3.17,0.0,0.0,1639776710595.0,1.3303,1.82,0.0,0.0821,0.0,11.42,0.0,0.0,0.0,2690,134600000000
013570,디와이,5.0,2.85,0.0,3.86,2.41,480.56,75.63,178.99,178.99,56.94,6.55,34.91,0.0,0.0,1244837492114.0,1.1801,5.18,0.0,0.0937,0.0,11.88,0.0,0.0,0.0,4435,116700000000
013580,계룡건설산업,9.88,3.04,0.0,5.78,3.39,1668.7,225.45,135.55,135.55,30.73,-7.66,91.49,0.0,0.0,2887440609690.0,0.8954,1.54,0.0,0.0667,0.0,14.54,0.0,0.0,0.0,21550,192500000000
013700,까뮤이앤씨,17.82,6.71,0.0,8.02,6.73,238.47,165.46,118.97,118.97,37.67,14.24,231.77,0.0,0.0,297453436886.0,0.9972,3.21,0.0,0.3103,0.0,11.67,0.0,0.0,0.0,1544,92300000000
013720,청보,-20.87,0.0,0.0,3.06,-48.89,7.62,45.18,160.2,160.2,0.0,1.88,-45.88,0.0,0.0,24907855868.0,0.0,0.0,0.0,1.1121,0.0,70.94,0.0,0.0,0.0,2280,27700000000
013810,스페코,-0.68,-0.43,0.0,-1.21,-0.81,-4.61,58.38,315.42,315.42,63.14,39.62,91.91,0.0,0.0,37964956719.0,0.5252,36.82,0.0,0.6243,0.0,0.0,0.0,0.0,0.0,1620,23700000000
013870,지엠비코리아,4.51,1.99,0.0,3.08,1.72,242.2,126.8,108.26,108.26,44.09,8.33,6.77,0.0,0.0,787271627828.0,1.1545,3.49,0.0,0.0946,0.0,18.82,0.0,0.0,0.0,3905,74500000000
013890,지누스,-2.85,-1.72,0.0,2.79,-2.03,254.79,65.26,194.1,194.1,60.51,-0.78,567.86,0.0,0.0,913180017856.0,0.851,0.0,0.0,0.1741,0.0,22.87,0.0,0.0,0.0,7250,159000000000
013990,아가방컴퍼니,5.96,4.51,0.0,7.4,5.63,139.87,31.98,285.6,285.6,75.77,3.47,-8.02,0.0,0.0,189078048828.0,0.8023,6.96,0.0,0.7611,0.0,14.37,0.0,0.0,0.0,4375,143900000000
014100,메디앙스,-8.83,-5.5,0.0,-2.26,-12.34,-11.04,60.35,72.59,72.59,62.36,-0.44,87.48,0.0,0.0,48769436984.0,0.4461,0.0,0.0,0.4121,0.0,0.0,0.0,0.0,0.0,1700,20100000000
014130,한익스프레스,-17.02,-3.66,0.0,-0.57,-2.33,-36.2,365.35,68.18,68.18,21.49,-11.58,-207.4,0.0,0.0,629822023537.0,1.5697,0.0,0.0,0.0457,0.0,0.0,0.0,0.0,0.0,2440,28800000000
014160,대영포장,0.78,0.57,0.0,0.31,0.53,8.82,35.88,141.76,141.76,73.59,1.02,-4.51,0.0,0.0,283702207867.0,1.0857,0.0,0.0,0.2622,0.0,162.66,0.0,0.0,0.0,686,74400000000
014190,원익큐브,2.55,1.87,0.0,1.16,0.98,33.09,36.03,325.34,325.34,73.51,-0.71,-7.18,0.0,0.0,284760572162.0,1.9008,6.46,0.0,0.1485,0.0,24.78,0.0,0.0,0.0,1195,42300000000
014200,광림,3.39,2.99,0.0,1.61,6.82,12.47,13.37,484.66,484.66,88.2,-16.14,-79.37,0.0,0.0,77311049839.0,0.4383,0.0,0.0,0.0,0.0,0.0,0.0,0.0,0.0,0,0
014280,금강공업,-7.5,-3.14,0.0,1.31,-4.66,104.97,138.48,95.7,95.7,41.93,0.1,-68.24,0.0,0.0,802156014802.0,0.6752,0.0,0.0,0.1567,0.0,77.69,0.0,0.0,0.0,4285,125700000000
014440,영보화학,8.8,7.99,0.0,16.06,14.01,192.89,10.17,558.98,558.98,90.77,2.16,-0.59,0.0,0.0,120111147525.0,0.57,5.13,0.0,0.7818,0.0,5.88,0.0,0.0,0.0,4695,93900000000
014470,부방,1.35,0.93,0.0,0.55,0.73,17.53,45.12,137.29,137.29,68.91,-5.05,-64.04,0.0,0.0,319483898417.0,1.2792,0.0,0.0,0.1803,0.0,77.18,0.0,0.0,0.0,960,57600000000
014530,극동유화,0.56,0.26,0.0,1.51,0.13,154.47,116.19,91.34,91.34,46.26,-3.87,-32.48,0.0,0.0,1021727866612.0,2.0263,10.05,0.0,0.1101,0.0,24.83,0.0,0.0,0.0,3225,112500000000
014570,고려제약,7.84,6.9,0.0,11.06,10.42,69.13,13.54,832.97,832.97,88.08,-14.37,-24.35,0.0,0.0,62508834676.0,0.6627,25.74,0.0,0.6111,0.0,7.15,0.0,0.0,0.0,3475,38200000000
014580,태경비케이,7.82,5.24,0.0,10.57,8.5,407.83,49.09,302.74,302.74,67.07,25.06,-3.41,0.0,0.0,385942613685.0,0.6165,3.89,0.0,0.2791,0.0,7.7,0.0,0.0,0.0,3905,107700000000
014620,성광벤드,6.27,5.83,0.0,17.08,14.02,419.56,7.42,1114.75,1114.75,93.09,7.9,-0.08,0.0,0.0,245669879092.0,0.4162,23.16,0.0,3.4701,0.0,21.29,0.0,0.0,0.0,32100,852500000000
014680,한솔케미칼,12.58,9.26,0.0,17.67,16.76,1562.33,35.94,163.0,163.0,73.56,13.86,21.28,0.0,0.0,883968714104.0,0.5524,15.15,0.0,2.5277,0.0,17.01,0.0,0.0,0.0,207000,2234400000000
014710,사조씨푸드,-13.61,-7.21,0.0,5.12,-11.91,121.75,88.7,90.75,90.75,52.99,26.42,27.88,0.0,0.0,238019779764.0,0.6055,0.0,0.0,0.7596,0.0,30.03,0.0,0.0,0.0,10500,180800000000
014790,HL D&I,2.65,0.78,0.0,4.58,0.87,797.92,239.56,121.93,121.93,29.45,10.33,37.83,0.0,0.0,1741923655122.0,0.8964,6.03,0.0,0.0562,0.0,18.41,0.0,0.0,0.0,2585,97900000000
014820,동원시스템즈,6.23,3.51,0.0,4.82,3.91,661.56,77.45,115.31,115.31,56.36,2.89,-28.02,0.0,0.0,1372874325188.0,0.8969,10.73,0.0,0.4899,0.0,20.27,0.0,0.0,0.0,23200,672600000000
014830,유니드,6.03,4.28,0.0,6.57,4.87,879.09,40.85,217.69,217.69,71.0,20.43,-7.9,0.0,0.0,1338757918765.0,0.8786,5.15,0.0,0.3352,0.0,10.13,0.0,0.0,0.0,66300,448700000000
014910,성문전자,4.58,2.42,0.0,3.12,3.76,16.73,89.05,81.68,81.68,52.9,11.68,51.67,0.0,0.0,53675382629.0,0.6435,14.61,0.0,0.8384,0.0,50.37,0.0,0.0,0.0,2060,45000000000
014940,오리엔탈정공,15.27,8.05,0.0,11.71,9.24,242.78,89.79,102.62,102.62,52.69,-0.02,-2.37,0.0,0.0,207255774213.0,0.8712,10.3,0.0,1.0465,0.0,13.57,0.0,0.0,0.0,4760,216900000000
014950,삼익제약,-1.09,-0.89,0.0,5.45,-1.26,32.73,23.54,485.01,485.01,80.95,7.45,-11.01,0.0,0.0,60020414513.0,0.7043,0.0,0.0,0.9047,0.0,21.55,0.0,0.0,0.0,5390,54300000000
014970,삼륭물산,10.64,6.06,0.0,6.91,6.41,65.17,75.7,125.93,125.93,56.92,0.22,12.63,0.0,0.0,94256105408.0,0.9442,10.45,0.0,0.6981,0.0,16.7,0.0,0.0,0.0,4440,65800000000
014990,인디에프,-0.28,-0.09,0.0,1.14,-0.1,11.91,205.48,71.4,71.4,32.74,-8.84,244.04,0.0,0.0,104591440092.0,0.9027,29.95,0.0,0.4427,0.0,104.27,0.0,0.0,0.0,3085,46300000000
015020,이스타코,-3.67,-1.55,0.0,-2.48,-8.4,-4.07,136.8,47.97,47.97,42.23,42.96,87.6,0.0,0.0,16428295245.0,0.1848,0.0,0.0,1.2113,0.0,0.0,0.0,0.0,0.0,928,19900000000
015200,성원,5.28,4.13,0.0,7.03,5.39,78.87,27.87,452.48,452.48,78.2,-4.06,28.68,0.0,0.0,112187773208.0,0.7655,0.0,0.0,0.0,0.0,0.0,0.0,0.0,0.0,0,0
015230,대창단조,8.5,6.84,0.0,10.98,7.94,380.34,24.29,600.75,600.75,80.45,7.46,26.47,0.0,0.0,346267051157.0,0.8617,4.5,0.0,0.4907,0.0,6.53,0.0,0.0,0.0,6260,169900000000
015260,에이엔피,-69.29,-14.3,0.0,-6.21,-12.07,-72.91,384.42,84.1,84.1,20.64,3.52,-21.68,0.0,0.0,117490390365.0,1.1846,0.0,0.0,0.1277,0.0,0.0,0.0,0.0,0.0,319,15000000000
015360,INVENI,13.44,5.57,0.0,8.41,6.53,1117.15,141.35,96.87,96.87,41.43,14.41,360.3,0.0,0.0,1327599497000.0,0.8523,4.91,0.0,0.2894,0.0,11.61,0.0,0.0,0.0,14100,384200000000
015590,DKME,-2.3,-1.53,0.0,7.51,-2.16,100.26,49.88,288.79,288.79,66.72,-2.35,5.82,0.0,0.0,133411972702.0,0.711,0.0,0.0,0.5802,0.0,13.95,0.0,0.0,0.0,1449,77400000000
0155E0,해치텍,-100.76,-57.25,0.0,-17.01,-57.04,-23.95,76.0,178.79,178.79,56.82,-13.11,-769.56,0.0,0.0,14078560558.0,1.0038,0.0,0.0,5.8813,0.0,0.0,0.0,0.0,0.0,15090,82800000000
015710,코콤,4.36,3.79,0.0,3.13,5.97,29.99,15.25,487.09,487.09,86.77,-8.78,-19.54,0.0,0.0,95770916172.0,0.6348,15.0,0.0,0.5409,0.0,23.93,0.0,0.0,0.0,2955,51800000000
015750,성우하이텍,8.58,3.65,0.0,5.54,4.06,2426.83,134.77,103.89,103.89,42.59,3.24,17.87,0.0,0.0,4382670411366.0,0.9005,2.78,0.0,0.1106,0.0,13.51,0.0,0.0,0.0,6060,484800000000
015760,한국전력공사,17.57,3.4,0.0,13.85,8.9,134905.57,416.85,45.77,45.77,19.35,4.32,61.28,0.0,0.0,97429346000000.0,0.3822,2.61,0.0,0.2102,0.0,16.76,0.0,0.0,0.0,31900,20478700000000
015860,일진홀딩스,7.77,3.82,0.0,6.38,3.93,1455.91,103.39,161.3,161.3,49.17,26.82,100.76,0.0,0.0,2282724142096.0,0.9737,0.0,0.0,0.145,0.0,10.46,0.0,0.0,0.0,6710,331100000000
015890,태경산업,6.52,3.89,0.0,7.13,4.95,554.32,67.64,195.55,195.55,59.65,15.01,-0.45,0.0,0.0,777095583235.0,0.7853,5.16,0.0,0.1805,0.0,9.73,0.0,0.0,0.0,4800,140300000000
016090,대현,3.97,3.5,0.0,2.94,4.58,70.78,13.5,436.33,436.33,88.1,-7.23,-50.75,0.0,0.0,240544349714.0,0.7639,4.98,0.0,0.2715,0.0,14.52,0.0,0.0,0.0,1475,65300000000
016100,리더스코스메틱,-28.93,-11.91,0.0,-10.38,-12.14,-70.9,142.96,54.67,54.67,41.16,-7.05,-144.24,0.0,0.0,68313820168.0,0.9811,0.0,0.0,0.3279,0.0,0.0,0.0,0.0,0.0,1172,22400000000
016250,SGC E&C,-22.53,-5.49,0.0,3.93,-5.58,527.5,310.67,96.96,96.96,24.35,11.32,399.66,0.0,0.0,1342032374780.0,0.9839,0.0,0.0,0.0455,0.0,20.72,0.0,0.0,0.0,12130,61100000000
016360,삼성증권,12.48,1.26,0.0,0.0,0.0,13756.73,887.64,0.0,0.0,10.13,0.0,14.09,0.0,0.0,0.0,0.0,6.5,0.0,0.0,0.0,57.77,0.0,0.0,0.0,88000,7858400000000
016380,KG스틸,6.59,4.37,0.0,4.72,4.24,1507.47,50.85,121.11,121.11,66.29,-3.26,-26.83,0.0,0.0,3193444424500.0,1.0299,3.0,0.0,0.1741,0.0,10.62,0.0,0.0,0.0,5560,556000000000
016450,한세예스24홀딩스,-2.46,-0.76,0.0,1.92,-0.68,654.67,222.47,106.43,106.43,31.01,20.45,-57.0,0.0,0.0,3409830339365.0,1.1236,0.0,0.0,0.054,0.0,34.79,0.0,0.0,0.0,4605,184200000000
016580,환인제약,3.23,2.84,0.0,5.1,5.33,130.19,13.75,404.01,404.01,87.91,-1.69,-39.44,0.0,0.0,255214382356.0,0.5329,9.3,0.0,0.7456,0.0,19.06,0.0,0.0,0.0,10230,190300000000
016590,신대양제지,3.09,2.41,0.0,3.48,3.48,222.41,27.98,241.8,241.8,78.14,-2.88,-24.05,0.0,0.0,639529019559.0,0.693,12.77,0.0,0.6534,0.0,27.86,0.0,0.0,0.0,10370,417900000000
016600,큐캐피탈,1.73,1.32,0.0,0.0,0.0,37.87,31.17,0.0,0.0,76.24,0.0,34.13,0.0,0.0,0.0,0.0,16.78,0.0,0.0,0.0,21.34,0.0,0.0,0.0,2635,36800000000
016610,DB증권,7.55,0.67,0.0,6.07,4.97,1166.98,1028.92,0.0,0.0,8.86,45.77,88.65,0.0,0.0,1921987648624.0,0.1347,4.63,0.0,0.2169,0.0,114.98,0.0,0.0,0.0,9820,416800000000
016670,디모아,12.91,8.58,0.0,17.58,48.19,40.55,50.49,216.74,216.74,66.45,15.65,76.72,0.0,0.0,23062358194.0,0.178,1.61,0.0,1.045,0.0,16.66,0.0,0.0,0.0,2365,24100000000
016710,대성홀딩스,3.64,1.79,0.0,2.3,1.83,280.63,103.08,138.23,138.23,49.24,0.85,20.45,0.0,0.0,1222634175867.0,0.9815,4.57,0.0,0.0928,0.0,26.57,0.0,0.0,0.0,7050,113400000000
016740,두올,11.21,5.7,0.0,6.1,3.93,485.95,96.71,162.39,162.39,50.84,2.96,13.23,0.0,0.0,796139348935.0,1.4491,4.99,0.0,0.1299,0.0,7.69,0.0,0.0,0.0,3605,103400000000
016790,현대사료,5.73,4.58,0.0,4.42,3.88,49.91,25.09,597.69,597.69,79.94,-12.02,87.92,0.0,0.0,113027093258.0,1.1803,71.0,0.0,1.6571,0.0,41.37,0.0,0.0,0.0,994,187300000000
016800,퍼시스,5.95,5.31,0.0,1.6,9.93,57.37,12.13,370.21,370.21,89.18,-7.13,-73.29,0.0,0.0,358199545192.0,0.5345,5.34,0.0,0.8989,0.0,68.76,0.0,0.0,0.0,28000,322000000000
016830,한국씨티은행,5.52,0.66,0.0,0.0,0.0,10213.21,732.07,0.0,0.0,12.02,0.0,-2.08,0.0,0.0,0.0,0.0,0.0,0.0,0.0,0.0,0.0,0.0,0.0,0.0,0,0
016920,카스,-2.43,-1.0,0.0,1.25,-1.03,20.15,143.17,82.89,82.89,41.12,3.25,-44.18,0.0,0.0,161073686528.0,0.9723,0.0,0.0,0.1695,0.0,61.96,0.0,0.0,0.0,1061,27300000000
017040,광명전기,-1093.17,-50.83,0.0,-10.4,-71.09,-99.68,2050.67,47.19,47.19,4.65,-32.68,-13.65,0.0,0.0,95869088214.0,0.715,0.0,0.0,0.4214,0.0,0.0,0.0,0.0,0.0,932,40400000000
017180,명문제약,1.36,0.52,0.0,3.5,0.73,68.35,160.83,95.55,95.55,38.34,4.72,254.36,0.0,0.0,195247096550.0,0.7166,0.0,0.0,0.2079,0.0,30.52,0.0,0.0,0.0,1196,40600000000
017250,인터엠,4.85,2.3,0.0,6.64,3.41,39.88,111.32,123.72,123.72,47.32,-0.47,-9.45,0.0,0.0,60053752284.0,0.6732,6.19,0.0,0.3597,0.0,17.2,0.0,0.0,0.0,1028,21600000000
017370,우신시스템,9.01,3.8,0.0,5.37,3.86,208.58,137.05,96.92,96.92,42.18,-31.05,-42.17,0.0,0.0,388612954434.0,0.9842,4.97,0.0,0.1752,0.0,14.21,0.0,0.0,0.0,3720,68100000000
017390,서울도시가스,2.76,1.72,0.0,0.95,1.7,174.06,60.33,238.28,238.28,62.37,7.29,269.23,0.0,0.0,1827997485378.0,1.0169,12.49,0.0,0.1519,0.0,54.82,0.0,0.0,0.0,56100,277700000000
017480,삼현철강,3.22,2.92,0.0,2.34,2.91,50.99,10.36,916.99,916.99,90.61,-2.55,43.24,0.0,0.0,217962237638.0,1.0023,6.94,0.0,0.3331,0.0,18.24,0.0,0.0,0.0,4700,72600000000
017510,세명전기,14.16,11.95,0.0,45.82,39.48,148.16,18.48,258.62,258.62,84.4,124.05,389.02,0.0,0.0,32333208200.0,0.3028,9.01,0.0,3.4856,0.0,8.73,0.0,0.0,0.0,7390,112700000000
017550,수산세보틱스,7.93,5.91,0.0,8.27,6.91,189.64,34.29,229.13,229.13,74.47,15.92,57.15,0.0,0.0,229388263473.0,0.8557,6.38,0.0,0.5153,0.0,9.84,0.0,0.0,0.0,1894,118200000000
017650,대림제지,2.26,1.95,0.0,3.13,3.79,52.81,16.04,580.74,580.74,86.17,1.55,-46.31,0.0,0.0,168837382045.0,0.5143,15.86,0.0,0.5621,0.0,26.57,0.0,0.0,0.0,10800,94900000000
017670,SK텔레콤,2.9,1.25,0.0,6.28,2.19,10732.15,132.4,103.02,103.02,43.03,-4.69,-41.14,0.0,0.0,17099213000000.0,0.5679,27.07,0.0,1.1833,0.0,34.84,0.0,0.0,0.0,94200,20233200000000
017680,데코앤에프,-16.84,-15.18,0.0,8.3,-12.88,11.7,10.91,836.59,836.59,90.16,-46.41,115.71,0.0,0.0,14098385747.0,1.1787,0.0,0.0,0.0,0.0,0.0,0.0,0.0,0.0,0,0
017800,현대엘리베이터,18.64,7.23,0.0,8.48,10.91,2092.22,157.77,126.34,126.34,38.79,-14.48,-7.32,0.0,0.0,2467378018763.0,0.6627,7.9,0.0,1.1756,0.0,24.76,0.0,0.0,0.0,74200,2900700000000
017810,풀무원,2.45,0.65,0.0,2.76,0.45,931.73,280.13,72.09,72.09,26.31,5.18,1.46,0.0,0.0,3380189222782.0,1.4395,8.59,0.0,0.1112,0.0,22.61,0.0,0.0,0.0,9860,375900000000
017860,DS단석,-4.47,-1.59,0.0,0.84,-1.26,79.82,180.8,81.4,81.4,35.61,-0.71,-34.51,0.0,0.0,954873741956.0,1.2579,0.0,0.0,0.2236,0.0,87.98,0.0,0.0,0.0,12020,213500000000
017890,한국알콜,6.36,5.38,0.0,7.51,8.92,318.17,18.3,480.99,480.99,84.53,0.68,15.97,0.0,0.0,423883457380.0,0.6025,7.88,0.0,0.7129,0.0,12.92,0.0,0.0,0.0,14620,302200000000
017900,광전자,1.75,1.64,0.0,0.91,3.19,12.05,7.12,910.77,910.77,93.35,1.92,-18.22,0.0,0.0,132685277641.0,0.5137,39.06,0.0,3.2754,0.0,375.01,0.0,0.0,0.0,7500,434600000000
017940,E1,4.38,0.72,0.0,3.12,1.1,3240.63,509.97,99.41,99.41,16.39,-7.15,45.03,0.0,0.0,10392522604756.0,0.653,3.84,0.0,0.0641,0.0,43.12,0.0,0.0,0.0,97100,666100000000
017960,한국카본,17.54,9.75,0.0,14.41,11.2,1309.51,79.81,143.23,143.23,55.61,22.52,188.14,0.0,0.0,908810220281.0,0.8712,12.21,0.0,1.3732,0.0,13.07,0.0,0.0,0.0,24150,1248000000000
018000,유니슨,-19.74,-8.16,0.0,-23.67,-51.85,-95.33,141.94,45.57,45.57,41.33,56.48,23.81,0.0,0.0,40267921584.0,0.1574,0.0,0.0,7.8226,0.0,0.0,0.0,0.0,0.0,1214,315000000000
018120,진로발효,13.32,12.25,0.0,14.04,12.56,140.14,8.71,1078.53,1078.53,91.99,-1.65,21.47,0.0,0.0,99783679254.0,0.9751,11.04,0.0,1.0944,0.0,8.38,0.0,0.0,0.0,16490,109200000000
018250,애경산업,3.79,3.04,0.0,3.23,2.31,211.46,24.74,317.68,317.68,80.17,-3.62,-54.84,0.0,0.0,654527659913.0,1.3148,18.18,0.0,0.4805,0.0,19.54,0.0,0.0,0.0,11910,314500000000
018260,삼성에스디에스,7.63,5.82,0.0,6.87,5.62,9571.03,31.09,403.36,403.36,76.28,0.73,5.05,0.0,0.0,13929868497711.0,1.0354,28.62,0.0,1.3332,0.0,22.74,0.0,0.0,0.0,240000,18570700000000
018290,브이티,25.35,18.16,0.0,18.96,14.69,828.69,39.58,226.14,226.14,71.64,1.27,-25.27,0.0,0.0,437183656431.0,1.2367,11.63,0.0,1.0334,0.0,6.66,0.0,0.0,0.0,12930,451800000000
018310,삼목에스폼,1.57,1.33,0.0,2.03,3.23,64.45,17.31,442.38,442.38,85.24,-21.13,-91.44,0.0,0.0,316985747797.0,0.4135,39.38,0.0,0.6445,0.0,49.26,0.0,0.0,0.0,13900,204300000000
018470,조일알미늄,3.81,1.94,0.0,2.83,1.64,137.95,96.16,141.71,141.71,50.98,-2.35,-31.39,0.0,0.0,486678693232.0,1.1838,6.8,0.0,0.2531,0.0,23.54,0.0,0.0,0.0,973,123200000000
018500,동원모빌리티,15.92,4.1,0.0,6.7,3.38,419.86,287.95,78.29,78.29,25.78,10.21,17.69,0.0,0.0,626236089125.0,1.214,1.43,0.0,0.1086,0.0,10.74,0.0,0.0,0.0,1454,68000000000
018620,우진비앤지,-5.61,-3.29,0.0,0.58,-6.55,3.19,70.52,120.13,120.13,58.64,-1.65,8.12,0.0,0.0,54764190957.0,0.5023,0.0,0.0,0.3506,0.0,201.43,0.0,0.0,0.0,2775,19200000000
018670,SK가스,7.44,2.91,0.0,5.77,3.05,4428.31,155.42,132.61,132.61,39.15,8.18,54.2,0.0,0.0,7676318981997.0,0.9557,6.84,0.0,0.2753,0.0,15.81,0.0,0.0,0.0,228000,2113400000000
018680,서울제약,1.84,1.05,0.0,-2.45,1.45,-12.79,74.8,228.31,228.31,57.21,-2.67,-183.74,0.0,0.0,52149309124.0,0.7268,13.12,0.0,0.4372,0.0,0.0,0.0,0.0,0.0,1955,22800000000
018700,졸스,-11.88,-8.02,0.0,-4.67,-4.91,-29.97,48.12,181.42,181.42,67.51,-5.38,47.7,0.0,0.0,64222565683.0,1.6348,0.0,0.0,0.3659,0.0,0.0,0.0,0.0,0.0,1403,23500000000
018880,한온시스템,-5.04,-1.88,0.0,2.48,-1.81,2703.72,168.14,110.73,110.73,37.29,8.85,183.0,0.0,0.0,10883728406019.0,1.0373,0.0,0.0,0.331,0.0,37.66,0.0,0.0,0.0,3510,3602200000000
019010,베뉴지,22.71,13.92,0.0,31.19,209.61,150.45,63.07,201.17,201.17,61.32,0.75,-18.38,0.0,0.0,48243436044.0,0.0664,0.64,0.0,4.4752,0.0,33.02,0.0,0.0,0.0,4480,215900000000
019170,신풍제약,3.1,2.38,0.0,6.07,3.57,142.55,30.19,308.98,308.98,76.81,6.15,169.69,0.0,0.0,234680653227.0,0.6658,0.0,0.0,2.3253,0.0,44.01,0.0,0.0,0.0,10410,545700000000
019180,티에이치엔,30.35,11.2,0.0,7.08,6.94,700.6,171.05,115.26,115.26,36.89,51.92,126.26,0.0,0.0,989133894654.0,1.6134,1.29,0.0,0.0987,0.0,6.92,0.0,0.0,0.0,5420,97600000000
019210,와이지-원,5.83,2.15,0.0,10.41,3.96,665.28,170.78,110.41,110.41,36.93,11.2,19.19,0.0,0.0,639382631795.0,0.5435,7.1,0.0,0.8319,0.0,19.15,0.0,0.0,0.0,14300,531900000000
019490,엑시큐어하이트론,-225.79,-83.92,0.0,-112.66,-669.69,-59.71,169.06,136.58,136.58,37.17,-19.46,5.67,0.0,0.0,5299944408.0,0.1253,0.0,0.0,7.7925,0.0,0.0,0.0,0.0,0.0,541,41300000000
019540,일지테크,23.81,7.07,0.0,5.62,5.34,480.24,237.01,123.96,123.96,29.67,12.91,96.45,0.0,0.0,855062638987.0,1.3228,1.52,0.0,0.085,0.0,10.98,0.0,0.0,0.0,5380,72700000000
019550,SBI인베스트먼트,6.35,6.07,0.0,28.5,28.51,93.23,4.65,799.6,799.6,95.56,14.03,-20.6,0.0,0.0,32707572126.0,0.2128,6.35,0.0,2.5927,0.0,9.83,0.0,0.0,0.0,1047,84800000000
019570,GMI벤처,0.0,0.0,0.0,0.0,0.0,33.13,77.41,104.77,104.77,56.37,0.0,160.0,0.0,0.0,0.0,0.0,564.0,0.0,0.0,0.0,17.67,0.0,0.0,0.0,2820,26900000000
019660,글로본,-53.3,-25.06,0.0,-37.3,-44.48,-48.3,112.73,94.0,94.0,47.01,-25.28,-2076.14,0.0,0.0,12948120906.0,0.5633,0.0,0.0,1.6605,0.0,0.0,0.0,0.0,0.0,1539,21500000000
019680,대교,-13.19,-6.34,0.0,-0.52,-5.72,-34.0,108.21,55.53,55.53,48.03,-2.03,-117.54,0.0,0.0,650004579114.0,1.1072,0.0,0.0,0.1238,0.0,0.0,0.0,0.0,0.0,1000,80500000000
019770,서연탑메탈,9.23,5.09,0.0,5.75,4.49,119.12,81.39,163.18,163.18,55.13,13.54,28.67,0.0,0.0,207061838044.0,1.1331,3.58,0.0,0.185,0.0,10.1,0.0,0.0,0.0,3290,38300000000
019990,에너토크,-10.91,-9.03,0.0,-17.44,-17.56,-41.05,20.81,308.35,308.35,82.77,-6.47,-4987.27,0.0,0.0,23532183911.0,0.5143,0.0,0.0,2.1078,0.0,0.0,0.0,0.0,0.0,5080,49600000000
020000,한섬,3.22,2.67,0.0,3.5,3.1,521.79,20.72,327.18,327.18,82.84,0.44,-17.79,0.0,0.0,1491764026000.0,0.8599,6.28,0.0,0.2276,0.0,12.21,0.0,0.0,0.0,15810,339600000000
020120,키다리스튜디오,3.21,1.9,0.0,5.69,3.0,123.83,68.4,103.11,103.11,59.38,5.98,465.68,0.0,0.0,217475159813.0,0.6347,21.05,0.0,1.1914,0.0,32.16,0.0,0.0,0.0,6990,259100000000
020150,롯데에너지머티리얼즈,-9.32,-7.57,0.0,-21.43,-24.67,-1452.26,23.15,474.05,474.05,81.2,-24.91,-125.35,0.0,0.0,677530806593.0,0.3068,0.0,0.0,2.9215,0.0,0.0,0.0,0.0,0.0,37800,1979400000000
020180,대신정보통신,14.74,4.23,0.0,4.49,2.83,90.99,248.22,234.57,234.57,28.72,-20.48,-1.26,0.0,0.0,202861487817.0,1.496,2.48,0.0,0.1518,0.0,14.01,0.0,0.0,0.0,4010,30800000000
0203K0,송우인포텍,15.27,11.85,0.0,12.07,21.92,11.81,28.81,315.21,315.21,77.63,-2.74,10.62,0.0,0.0,9787366181.0,0.5408,0.0,0.0,0.0,0.0,0.0,0.0,0.0,0.0,0,0
020400,대동금속,-3.19,-1.41,0.0,0.1,-1.37,1.0,126.97,76.95,76.95,44.06,2.31,101.54,0.0,0.0,101817187819.0,1.0303,0.0,0.0,0.1719,0.0,724.81,0.0,0.0,0.0,2875,17500000000
020560,아시아나항공,-35.28,-2.4,0.0,-4.75,-4.03,-3451.9,1370.19,38.29,38.29,6.8,-12.64,-225.21,0.0,0.0,7266849939986.0,0.5962,0.0,0.0,0.2157,0.0,0.0,0.0,0.0,0.0,7610,1567600000000
020710,시공테크,16.43,12.73,0.0,8.96,18.11,150.8,29.02,194.63,194.63,77.51,14.44,134.5,0.0,0.0,168394146947.0,0.703,2.53,0.0,0.4305,0.0,8.38,0.0,0.0,0.0,3615,72500000000
020760,일진디스플,-21.97,-9.32,0.0,-8.44,-10.85,-48.8,135.71,81.03,81.03,42.42,-13.08,-246.48,0.0,0.0,57847116015.0,0.859,0.0,0.0,0.9594,0.0,0.0,0.0,0.0,0.0,902,55500000000
021040,대호특수강,-4.78,-1.05,0.0,0.85,-0.67,23.71,353.11,93.14,93.14,22.07,-6.4,-11.12,0.0,0.0,277424948980.0,1.585,0.0,0.0,0.0728,0.0,66.04,0.0,0.0,0.0,932,20200000000
021050,서원,-0.01,-0.0,0.0,3.11,-0.0,533.23,216.02,105.69,105.69,31.64,39.37,92.87,0.0,0.0,1713611354765.0,1.5879,5.91,0.0,0.0314,0.0,14.84,0.0,0.0,0.0,1134,53800000000
021080,에이티넘인베스트,12.27,11.15,0.0,45.32,35.56,319.78,10.1,398.91,398.91,90.83,36.42,136.81,0.0,0.0,70561999146.0,0.3134,4.06,0.0,1.5447,0.0,4.05,0.0,0.0,0.0,2270,109000000000
021240,코웨이,17.09,8.82,0.0,17.7,12.44,8786.52,93.71,95.74,95.74,51.62,15.16,10.47,0.0,0.0,4963566073111.0,0.7091,10.13,0.0,1.3815,0.0,11.66,0.0,0.0,0.0,96900,6857400000000
021320,KCC건설,8.22,2.87,0.0,4.82,2.48,883.37,186.49,115.5,115.5,34.9,0.35,36.75,0.0,0.0,1833403452922.0,1.158,2.52,0.0,0.0649,0.0,13.01,0.0,0.0,0.0,5560,119000000000
021650,한국큐빅,4.69,2.83,0.0,3.49,2.03,79.33,65.57,163.18,163.18,60.4,-9.88,-30.63,0.0,0.0,227225841275.0,1.3933,8.45,0.0,0.1452,0.0,12.3,0.0,0.0,0.0,2020,33000000000
021820,세원정공,6.85,6.25,0.0,9.49,27.18,170.28,9.49,918.2,918.2,91.33,10.35,-11.35,0.0,0.0,179353786749.0,0.23,2.42,0.0,0.557,0.0,9.84,0.0,0.0,0.0,9990,99900000000
021880,메이슨캐피탈,-19.18,-15.24,0.0,-40.25,-42.03,-100.98,25.8,0.0,0.0,79.49,23.69,-334.95,0.0,0.0,25090614032.0,0.3627,0.0,0.0,1.1439,0.0,0.0,0.0,0.0,0.0,1351,28700000000
021960,케이비캐피탈,8.79,1.3,0.0,0.0,0.0,3080.58,574.09,0.0,0.0,14.83,0.0,6.41,0.0,0.0,0.0,0.0,0.0,0.0,0.0,0.0,0.0,0.0,0.0,0.0,0,0
022100,포스코DX,9.19,6.31,0.0,5.62,4.89,603.89,45.73,243.19,243.19,68.62,-27.02,-44.59,0.0,0.0,1075175363044.0,1.2886,103.1,0.0,3.0615,0.0,58.84,0.0,0.0,0.0,21650,3291600000000
022220,티케이지애강,-13.3,-8.3,0.0,-16.74,-17.81,-108.35,60.3,167.55,167.55,62.38,10.83,-193.84,0.0,0.0,64731135694.0,0.4659,0.0,0.0,0.6241,0.0,0.0,0.0,0.0,0.0,780,40400000000
023000,삼원강재,4.14,3.48,0.0,2.75,2.98,98.79,18.9,419.65,419.65,84.1,4.58,-15.97,0.0,0.0,359287042852.0,1.1679,6.7,0.0,0.2444,0.0,13.84,0.0,0.0,0.0,2210,87800000000
023150,MH에탄올,-18.94,-4.54,0.0,10.02,-12.51,94.86,317.46,27.07,27.07,23.95,-5.68,-11.07,0.0,0.0,94719109542.0,0.3627,0.0,0.0,0.322,0.0,24.15,0.0,0.0,0.0,4135,30500000000
023160,태광,9.78,8.84,0.0,13.04,22.06,387.35,10.63,787.69,787.69,90.39,11.3,-2.85,0.0,0.0,296965688227.0,0.4009,5.52,0.0,2.2865,0.0,19.37,0.0,0.0,0.0,26250,679000000000
023350,한국종합기술,5.01,2.02,0.0,1.46,2.07,60.4,147.92,88.88,88.88,40.34,3.51,569.39,0.0,0.0,412908754076.0,0.9762,3.3,0.0,0.1068,0.0,49.09,0.0,0.0,0.0,4030,44100000000
023410,유진기업,-2.33,-1.03,0.0,2.43,-1.84,323.74,125.63,54.51,54.51,44.32,-4.35,-41.14,0.0,0.0,1332687769915.0,0.5624,0.0,0.0,0.1897,0.0,48.56,0.0,0.0,0.0,3270,252800000000
023450,동남합성,12.82,7.35,0.0,4.82,3.6,93.65,74.47,163.82,163.82,57.32,4.22,4.82,0.0,0.0,194264823958.0,2.0417,9.29,0.0,0.5673,0.0,16.1,0.0,0.0,0.0,31500,110200000000
023460,씨앤에이치,41.0,-6.23,0.0,-3.53,-8.67,-40.79,-758.21,0.0,0.0,-15.19,-45.82,95.53,0.0,0.0,115563520113.0,0.7185,0.0,0.0,0.0,0.0,0.0,0.0,0.0,0.0,0,0
023530,롯데쇼핑,0.44,0.19,0.0,3.98,0.54,5470.37,124.77,52.0,52.0,44.49,-1.77,15.62,0.0,0.0,13738354725833.0,0.3624,16.62,0.0,0.2191,0.0,43.97,0.0,0.0,0.0,106400,3009900000000
023590,다우기술,15.43,1.39,0.0,8.91,6.61,15592.84,1006.86,98.27,98.27,9.03,50.48,32.74,0.0,0.0,17495003836308.0,0.2109,2.32,0.0,0.0965,0.0,49.47,0.0,0.0,0.0,39000,1688200000000
023600,삼보판지,4.75,3.7,0.0,5.54,5.89,299.09,28.32,229.19,229.19,77.93,-3.3,-22.77,0.0,0.0,539865414411.0,0.6286,5.0,0.0,0.2838,0.0,11.46,0.0,0.0,0.0,9570,153200000000
023760,한국캐피탈,13.33,1.95,0.0,0.0,0.0,1279.22,583.67,0.0,0.0,14.63,0.0,32.06,0.0,0.0,0.0,0.0,2.2,0.0,0.0,0.0,36.16,0.0,0.0,0.0,1418,223800000000
023770,플레이위드,-11.19,-6.66,0.0,-13.51,-5.79,-46.82,68.12,173.56,173.56,59.48,7.28,45.12,0.0,0.0,34657760135.0,1.1504,0.0,0.0,0.6002,0.0,0.0,0.0,0.0,0.0,2320,20800000000
023790,동일스틸럭스,-30.87,-8.32,0.0,-10.85,-25.88,-26.08,271.04,32.2,32.2,26.95,44.56,-44.86,0.0,0.0,24045379541.0,0.3214,0.0,0.0,0.7195,0.0,0.0,0.0,0.0,0.0,1327,17300000000
023800,인지컨트롤스,7.35,2.73,0.0,5.52,2.47,396.36,169.3,79.16,79.16,37.13,10.57,50.15,0.0,0.0,717902449045.0,1.1041,3.6,0.0,0.1202,0.0,12.49,0.0,0.0,0.0,5460,86300000000
023810,인팩,10.3,2.7,0.0,3.37,3.08,197.84,281.27,76.53,76.53,26.23,4.0,-1.17,0.0,0.0,586443733483.0,0.8763,9.25,0.0,0.0883,0.0,27.57,0.0,0.0,0.0,5180,51800000000
023900,풍국주정,6.77,5.99,0.0,10.25,8.2,167.54,12.91,366.18,366.18,88.57,4.6,34.04,0.0,0.0,163520042927.0,0.7308,8.72,0.0,0.5608,0.0,7.0,0.0,0.0,0.0,7280,91700000000
023910,대한약품,9.21,7.95,0.0,14.95,13.25,311.86,15.81,364.29,364.29,86.35,2.16,-18.11,0.0,0.0,208614118262.0,0.6,5.93,0.0,0.7823,0.0,6.75,0.0,0.0,0.0,27200,163200000000
023960,에쓰씨엔지니어링,-10.06,-3.48,0.0,-2.88,-2.76,-49.59,188.75,90.46,90.46,34.63,-4.2,-175.56,0.0,0.0,172318415172.0,1.2637,0.0,0.0,0.2263,0.0,0.0,0.0,0.0,0.0,1025,39000000000
024060,흥구석유,0.2,0.17,0.0,-0.92,0.15,-9.95,17.3,53.89,53.89,85.25,-7.7,-251.82,0.0,0.0,107851699478.0,1.1722,359.29,0.0,1.3991,0.0,0.0,0.0,0.0,0.0,10060,150900000000
024070,WISCOM,1.52,1.32,0.0,-0.68,1.3,-6.98,15.14,480.14,480.14,86.85,4.81,92.13,0.0,0.0,103275899079.0,1.017,9.61,0.0,0.2953,0.0,0.0,0.0,0.0,0.0,1989,30500000000
024090,디씨엠,4.52,4.01,0.0,4.21,5.2,95.61,12.67,452.74,452.74,88.76,-5.75,-43.65,0.0,0.0,227052934104.0,0.7715,11.49,0.0,0.5646,0.0,16.87,0.0,0.0,0.0,11250,128200000000
024110,기업은행,7.38,0.54,0.0,0.0,0.0,36555.89,1258.51,0.0,0.0,7.36,0.0,1.71,0.0,0.0,0.0,0.0,6.23,0.0,0.0,0.0,131.4,0.0,0.0,0.0,20700,16506700000000
024120,KB오토시스,3.27,1.52,0.0,3.97,1.81,85.31,115.41,107.51,107.51,46.42,2.27,84.08,0.0,0.0,214995786079.0,0.8378,6.01,0.0,0.1684,0.0,20.36,0.0,0.0,0.0,3145,36200000000
024720,콜마홀딩스,1.38,0.86,0.0,7.58,1.77,477.43,60.42,84.61,84.61,62.34,-6.88,25.25,0.0,0.0,630111809477.0,0.4868,7.57,0.0,0.5623,0.0,17.63,0.0,0.0,0.0,10330,354300000000
024740,한일단조,1.3,0.73,0.0,2.78,1.47,35.2,77.24,137.36,137.36,56.42,-9.17,-57.54,0.0,0.0,126595207214.0,0.4979,10.97,0.0,0.5443,0.0,51.06,0.0,0.0,0.0,2095,68900000000
024800,유성티엔에스,10.41,8.86,0.0,1.83,85.9,12.25,17.38,21.59,21.59,85.19,-56.14,-75.12,0.0,0.0,67042880664.0,0.1032,3.24,0.0,2.3612,0.0,207.7,0.0,0.0,0.0,4495,158300000000
024810,이화전기공업,-0.69,-0.56,0.0,-3.54,-2.58,-21.58,23.96,127.18,127.18,80.67,-5.55,-228.32,0.0,0.0,60887261315.0,0.2148,0.0,0.0,0.0,0.0,0.0,0.0,0.0,0.0,0,0
024830,세원물산,4.7,3.84,0.0,1.44,8.8,30.57,22.39,543.16,543.16,81.71,-8.35,127.83,0.0,0.0,211615991165.0,0.4365,5.26,0.0,0.3383,0.0,52.43,0.0,0.0,0.0,8570,71600000000
024840,KBI메탈,0.97,0.35,0.0,3.21,0.18,243.45,175.63,118.28,118.28,36.28,7.95,39.15,0.0,0.0,758566539460.0,1.9486,12.67,0.0,0.3389,0.0,20.75,0.0,0.0,0.0,5940,257100000000
024850,HLB이노베이션,-15.21,-12.52,0.0,-116.39,-104.31,-375.51,21.43,102.52,102.52,82.35,27.24,-216.02,0.0,0.0,32263951723.0,0.1201,0.0,0.0,13.6902,0.0,0.0,0.0,0.0,0.0,13910,441700000000
024880,케이피에프,5.79,2.85,0.0,4.76,2.56,353.96,103.52,127.8,127.8,49.13,-3.24,-17.4,0.0,0.0,743913803698.0,1.1116,4.31,0.0,0.1035,0.0,11.79,0.0,0.0,0.0,3860,77000000000
024890,대원화성,7.89,2.37,0.0,0.69,2.78,8.71,232.88,80.15,80.15,30.04,0.38,114.24,0.0,0.0,126424447644.0,0.852,3.68,0.0,0.1131,0.0,135.64,0.0,0.0,0.0,1732,14300000000
024900,디와이덕양,1.07,0.21,0.0,0.18,0.07,32.04,414.38,84.31,84.31,19.44,-7.71,-61.07,0.0,0.0,1738072339439.0,2.9417,21.2,0.0,0.0318,0.0,165.79,0.0,0.0,0.0,1696,55200000000
024910,경창산업,-18.11,-4.38,0.0,1.04,-3.05,73.44,313.22,62.04,62.04,24.2,10.55,-23.83,0.0,0.0,705339667803.0,1.4353,0.0,0.0,0.0827,0.0,58.66,0.0,0.0,0.0,1628,58300000000
024940,PN풍년,5.54,4.71,0.0,2.8,5.13,15.67,17.63,549.77,549.77,85.01,1.99,70.22,0.0,0.0,56039514810.0,0.9184,9.43,0.0,0.3444,0.0,18.16,0.0,0.0,0.0,1934,19300000000
024950,삼천리자전거,6.7,3.87,0.0,7.08,6.6,124.25,72.9,160.17,160.17,57.84,8.93,312.3,0.0,0.0,175559935938.0,0.5872,10.74,0.0,0.3275,0.0,14.77,0.0,0.0,0.0,4640,57500000000
025000,KPX케미칼,7.76,5.9,0.0,3.39,6.39,273.96,31.57,210.9,210.9,76.0,-6.93,-29.64,0.0,0.0,808350805037.0,0.9234,2.46,0.0,0.3012,0.0,16.56,0.0,0.0,0.0,55600,243500000000
025320,시노펙스,4.17,2.76,0.0,2.58,2.74,67.59,51.12,158.07,158.07,66.17,9.73,-68.16,0.0,0.0,261537523873.0,1.0079,0.0,0.0,1.4082,0.0,67.48,0.0,0.0,0.0,3995,368300000000
025530,에스제이엠홀딩스,4.6,3.84,0.0,5.13,7.08,105.51,19.76,558.56,558.56,83.5,-0.19,-23.09,0.0,0.0,205798697216.0,0.5424,3.36,0.0,0.2629,0.0,11.06,0.0,0.0,0.0,3620,54100000000
025540,한국단자공업,9.14,6.81,0.0,9.65,7.36,1392.53,34.11,289.74,289.74,74.57,-4.43,-18.71,0.0,0.0,1442849979000.0,0.9261,4.55,0.0,0.3842,0.0,6.83,0.0,0.0,0.0,54800,554300000000
025550,한국선재,2.47,1.1,0.0,3.73,1.68,81.75,124.32,109.5,109.5,44.58,-1.81,35.56,0.0,0.0,219400375461.0,0.6543,0.0,0.0,0.2548,0.0,29.57,0.0,0.0,0.0,2190,55900000000
025560,미래산업,8.25,6.64,0.0,18.01,19.91,91.43,24.26,303.89,303.89,80.47,87.78,-24.57,0.0,0.0,50777866585.0,0.3333,6.0,0.0,3.6,0.0,23.25,0.0,0.0,0.0,6580,182800000000
025750,한솔홈데코,-22.44,-9.81,0.0,0.83,-7.99,23.33,128.79,127.0,127.0,43.71,-14.5,-79.57,0.0,0.0,279816559220.0,1.2277,0.0,0.0,0.1104,0.0,68.25,0.0,0.0,0.0,1916,30900000000
025770,한국정보통신,10.89,7.14,0.0,5.41,4.37,452.28,52.61,239.43,239.43,65.53,5.73,15.6,0.0,0.0,836329617000.0,1.6319,8.33,0.0,0.3582,0.0,10.53,0.0,0.0,0.0,8000,299600000000
025820,이구산업,7.5,2.9,0.0,4.81,2.15,244.07,158.83,125.23,125.23,38.64,7.51,-3.01,0.0,0.0,507783563654.0,1.347,6.14,0.0,0.295,0.0,15.62,0.0,0.0,0.0,4480,149800000000
025860,남해화학,4.87,3.27,0.0,2.69,1.68,431.29,49.21,208.31,208.31,67.02,5.62,18.93,0.0,0.0,1604420884203.0,1.9457,26.62,0.0,0.1954,0.0,13.57,0.0,0.0,0.0,6310,313500000000
025870,신라에스지,-23.64,-7.39,0.0,-2.22,-4.77,-15.55,219.79,86.99,86.99,31.27,-18.2,-235.45,0.0,0.0,70037103949.0,1.5513,0.0,0.0,0.1314,0.0,0.0,0.0,0.0,0.0,2295,9200000000
025880,케이씨피드,13.05,10.54,0.0,10.0,8.68,121.82,23.84,257.3,257.3,80.75,18.27,50.46,0.0,0.0,121771141803.0,1.2135,3.85,0.0,0.3277,0.0,4.86,0.0,0.0,0.0,2385,39900000000
025890,한국주강,-0.88,-0.76,0.0,-0.44,-0.73,-1.77,15.1,222.82,222.82,86.88,-15.67,-116.44,0.0,0.0,39872284084.0,1.0409,0.0,0.0,0.6997,0.0,0.0,0.0,0.0,0.0,2505,27900000000
025900,동화기업,-6.35,-2.46,0.0,-1.66,-6.74,-137.95,157.92,31.51,31.51,38.77,-1.57,-283.04,0.0,0.0,829562476098.0,0.3654,0.0,0.0,0.4741,0.0,0.0,0.0,0.0,0.0,7780,393300000000
025950,동신건설,0.15,0.13,0.0,-6.61,0.44,-22.06,12.93,748.91,748.91,88.55,-51.6,-476.54,0.0,0.0,33382076965.0,0.3037,359.66,0.0,2.6242,0.0,0.0,0.0,0.0,0.0,10430,87600000000
025980,아난티,-5.24,-2.36,0.0,3.22,-14.74,83.16,121.7,83.57,83.57,45.11,-9.5,939.19,0.0,0.0,258070776397.0,0.1603,0.0,0.0,1.9417,0.0,166.55,0.0,0.0,0.0,5150,501100000000
026040,제이에스티나,4.02,3.3,0.0,0.98,2.53,7.06,21.8,419.67,419.67,82.1,-2.94,127.14,0.0,0.0,72242575120.0,1.306,4.4,0.0,0.4637,0.0,61.43,0.0,0.0,0.0,2030,33500000000
026150,특수건설,-20.7,-9.33,0.0,-21.24,-12.22,-316.45,121.8,115.24,115.24,45.09,-29.88,-461.57,0.0,0.0,149021253222.0,0.7639,0.0,0.0,0.459,0.0,0.0,0.0,0.0,0.0,3900,68400000000
026890,스틱인베스트먼트,5.84,4.86,0.0,18.84,16.29,171.84,20.26,466.27,466.27,83.15,14.79,28.06,0.0,0.0,91217510708.0,0.2983,15.29,0.0,3.6133,0.0,22.18,0.0,0.0,0.0,8500,329600000000
026910,광진실업,-24.24,-5.23,0.0,-7.47,-8.55,-42.52,363.13,75.5,75.5,21.59,-2.8,41.94,0.0,0.0,56888193408.0,0.6124,0.0,0.0,0.501,0.0,0.0,0.0,0.0,0.0,3600,28500000000
026940,부국철강,1.64,1.41,0.0,0.15,1.2,2.62,15.72,513.74,513.74,86.42,-1.05,174.36,0.0,0.0,179910680270.0,1.1831,20.82,0.0,0.2407,0.0,243.82,0.0,0.0,0.0,2165,43300000000
026960,동서,8.43,8.14,0.0,8.51,27.49,453.37,3.52,1766.68,1766.68,96.6,9.0,1.93,0.0,0.0,532878500925.0,0.2963,17.84,0.0,4.8364,0.0,58.19,0.0,0.0,0.0,25850,2577200000000
027040,서울전자통신,-61.04,-13.53,0.0,-4.77,-15.84,-16.09,351.12,119.41,119.41,22.17,-5.84,27.85,0.0,0.0,33729253174.0,0.8545,19.04,0.0,0.8005,0.0,0.0,0.0,0.0,0.0,1942,27000000000
027050,코리아나,-9.25,-7.83,0.0,-5.96,-10.51,-43.94,18.2,321.02,321.02,84.6,-10.64,-1096.82,0.0,0.0,73677182497.0,0.7444,0.0,0.0,0.7723,0.0,0.0,0.0,0.0,0.0,1422,56900000000
027360,아주IB투자,3.12,2.46,0.0,0.0,0.0,118.86,26.77,0.0,0.0,78.88,0.0,41.75,0.0,0.0,0.0,0.0,29.47,0.0,0.0,0.0,40.25,0.0,0.0,0.0,3360,407000000000
027410,BGF,2.79,2.35,0.0,13.03,12.02,611.74,18.55,261.92,261.92,84.36,8.15,10.76,0.0,0.0,469468454559.0,0.1958,5.66,0.0,0.8003,0.0,12.27,0.0,0.0,0.0,3925,375700000000
027580,상보,-30.14,-13.85,0.0,-17.78,-26.06,-89.08,117.68,140.86,140.86,45.94,-6.91,-10.92,0.0,0.0,50105278206.0,0.5313,0.0,0.0,0.3832,0.0,0.0,0.0,0.0,0.0,1621,19200000000
027710,팜스토리,9.07,3.16,0.0,2.4,2.11,349.69,186.56,97.81,97.81,34.9,0.13,-14.25,0.0,0.0,1455851080750.0,1.5024,7.22,0.0,0.0834,0.0,21.51,0.0,0.0,0.0,1090,121400000000
027740,마니커,-0.76,-0.2,0.0,0.55,-0.09,20.11,274.08,61.36,61.36,26.73,10.85,122.21,0.0,0.0,368890857923.0,2.3724,0.0,0.0,0.1312,0.0,80.73,0.0,0.0,0.0,1524,48400000000
027830,대성창투,0.32,0.32,0.0,8.61,3.4,7.97,0.54,10375.35,10375.35,99.46,-53.95,-92.22,0.0,0.0,9251631072.0,0.0929,236.5,0.0,5.5234,0.0,64.82,0.0,0.0,0.0,946,51100000000
027970,한국제지,-8.23,-5.03,0.0,0.41,-4.44,31.23,63.7,144.53,144.53,61.09,-4.85,-83.84,0.0,0.0,753679418454.0,1.1333,0.0,0.0,0.1396,0.0,116.55,0.0,0.0,0.0,2765,105200000000
028050,삼성E&A,14.58,6.46,0.0,8.77,7.18,7920.79,125.8,145.65,145.65,44.29,-9.41,-18.48,0.0,0.0,9028769083650.0,0.8993,13.92,0.0,1.0225,0.0,18.72,0.0,0.0,0.0,47100,9231600000000
028080,휴맥스홀딩스,-90.35,-16.9,0.0,-7.15,-20.88,-286.59,434.55,52.36,52.36,18.71,-26.16,-578.81,0.0,0.0,400728418302.0,0.8094,2.11,0.0,0.0314,0.0,0.0,0.0,0.0,0.0,4990,12600000000
028100,동아지질,8.19,4.11,0.0,3.86,4.0,180.69,99.11,150.42,150.42,50.22,18.86,87.99,0.0,0.0,467725500443.0,1.0276,11.06,0.0,0.4227,0.0,23.48,0.0,0.0,0.0,17620,197700000000
028260,삼성물산,6.79,4.51,0.0,8.08,9.59,32927.47,50.5,153.95,153.95,66.45,-3.23,10.37,0.0,0.0,40742240967149.0,0.4708,22.79,0.0,1.4986,0.0,27.36,0.0,0.0,0.0,376500,61056100000000
028300,HLB,-47.62,-25.31,0.0,-123.81,-279.68,-1042.17,88.14,35.75,35.75,53.15,23.55,12.06,0.0,0.0,84172574224.0,0.0905,0.0,0.0,56.3355,0.0,0.0,0.0,0.0,0.0,35600,4741900000000
028670,팬오션,5.27,2.78,0.0,9.05,5.55,4919.48,89.63,135.71,135.71,52.73,5.26,4.41,0.0,0.0,5432888000000.0,0.5006,8.96,0.0,0.5579,0.0,16.59,0.0,0.0,0.0,5670,3031000000000
029460,케이씨,5.21,4.37,0.0,5.83,6.33,464.63,19.03,353.02,353.02,84.01,7.97,66.07,0.0,0.0,797344487484.0,0.6915,9.57,0.0,0.5666,0.0,13.69,0.0,0.0,0.0,41000,451800000000
029530,신도리코,1.88,1.75,0.0,1.97,6.32,62.48,7.6,837.81,837.81,92.94,-6.94,-69.0,0.0,0.0,317327883419.0,0.2762,10.42,0.0,1.2445,0.0,76.2,0.0,0.0,0.0,40650,394900000000
029780,삼성카드,7.29,2.01,0.0,0.0,0.0,8536.95,263.01,0.0,0.0,27.55,0.0,-3.58,0.0,0.0,0.0,0.0,8.81,0.0,0.0,0.0,33.68,0.0,0.0,0.0,46950,5439600000000
029960,코엔텍,15.22,11.51,0.0,39.4,31.51,295.87,32.19,364.66,364.66,75.65,-6.72,-2.99,0.0,0.0,75097694979.0,0.3654,0.0,0.0,0.0,0.0,0.0,0.0,0.0,0.0,0,0
030000,제일기획,13.14,5.81,0.0,7.41,4.59,3368.9,125.93,176.97,176.97,44.26,4.66,5.04,0.0,0.0,4546894943227.0,1.2673,10.03,0.0,0.4855,0.0,12.49,0.0,0.0,0.0,19190,2207600000000
030190,NICE평가정보,16.63,12.08,0.0,17.34,12.97,1043.89,37.69,203.44,203.44,72.63,12.54,20.28,0.0,0.0,602147035954.0,0.9314,10.96,0.0,1.5684,0.0,10.74,0.0,0.0,0.0,16030,944400000000
030200,케이티,9.44,4.28,0.0,8.74,6.5,24691.33,120.72,119.54,119.54,45.31,6.86,205.03,0.0,0.0,28244161000000.0,0.6576,10.39,0.0,0.4765,0.0,14.96,0.0,0.0,0.0,53400,13458000000000
030210,다올투자증권,5.43,0.42,0.0,1.97,2.56,337.23,1195.62,0.0,0.0,7.72,18.85,145.01,0.0,0.0,1714450686727.0,0.164,6.21,0.0,0.1357,0.0,293.04,0.0,0.0,0.0,3820,232700000000
030350,드래곤플라이,-159.72,-66.74,0.0,-12.25,-55.77,-19.45,139.32,79.76,79.76,41.78,-38.04,79.85,0.0,0.0,15879336176.0,1.1967,0.0,0.0,0.9572,0.0,0.0,0.0,0.0,0.0,973,15200000000
030520,한컴,4.95,3.37,0.0,11.14,7.52,363.97,46.74,208.57,208.57,68.15,7.21,-9.96,0.0,0.0,326744735334.0,0.4485,11.07,0.0,1.3319,0.0,18.33,0.0,0.0,0.0,18000,435200000000
030530,원익홀딩스,3.88,2.56,0.0,-0.07,8.09,-4.18,51.37,50.93,50.93,66.06,-3.48,-101.37,0.0,0.0,622991604240.0,0.3163,26.3,0.0,2.3283,0.0,0.0,0.0,0.0,0.0,18780,1450500000000
030610,교보증권,6.74,0.74,0.0,4.23,3.17,1904.43,809.49,0.0,0.0,11.0,42.34,67.16,0.0,0.0,4506795230000.0,0.2339,7.27,0.0,0.2577,0.0,96.16,0.0,0.0,0.0,10190,1161300000000
030720,동원수산,13.74,5.74,0.0,5.11,4.49,88.26,139.15,144.44,144.44,41.82,-6.02,65.78,0.0,0.0,172592224421.0,1.28,2.37,0.0,0.146,0.0,11.74,0.0,0.0,0.0,5420,25200000000
030960,양지사,-0.85,-0.77,0.0,-10.88,-2.86,-60.8,9.42,788.57,788.57,91.39,-3.93,-3997.28,0.0,0.0,55863645104.0,0.2713,94.17,0.0,1.2924,0.0,0.0,0.0,0.0,0.0,4520,72200000000
031210,서울보증보험,5.17,2.85,0.0,0.0,0.0,3757.02,81.11,0.0,0.0,55.22,0.0,34.34,0.0,0.0,0.0,0.0,9.91,0.0,0.0,0.0,19.3,0.0,0.0,0.0,43500,3037200000000
031310,아이즈비전,4.29,3.1,0.0,1.74,4.53,33.78,38.44,155.94,155.94,72.23,6.34,229.58,0.0,0.0,194376148403.0,0.6844,2.49,0.0,0.1456,0.0,31.72,0.0,0.0,0.0,950,28300000000
031330,에스에이엠티,15.6,5.51,0.0,3.03,2.02,1139.01,183.14,143.54,143.54,35.32,30.01,69.07,0.0,0.0,3756594166603.0,2.7296,2.04,0.0,0.2156,0.0,14.93,0.0,0.0,0.0,8100,810000000000
031430,신세계인터내셔날,0.49,0.29,0.0,-1.04,0.37,-114.97,70.52,170.42,170.42,58.65,3.39,-258.77,0.0,0.0,1109969262713.0,0.7745,18.45,0.0,0.3414,0.0,0.0,0.0,0.0,0.0,10830,378900000000
031440,신세계푸드,21.57,9.49,0.0,0.39,6.26,47.69,127.3,126.9,126.9,43.99,-2.07,4475.7,0.0,0.0,1233240124762.0,1.5159,0.0,0.0,0.0,0.0,0.0,0.0,0.0,0.0,0,0
031510,오스템,1.21,0.61,0.0,3.23,0.62,41.48,98.52,166.65,166.65,50.37,0.53,854.14,0.0,0.0,128548602017.0,0.9768,2.69,0.0,0.2404,0.0,23.19,0.0,0.0,0.0,1102,30900000000
031820,아이티센씨티에스,27.26,11.11,0.0,2.15,8.46,235.5,145.4,121.2,121.2,40.75,10.04,12.09,0.0,0.0,1095214299936.0,1.3139,0.93,0.0,0.0655,0.0,24.02,0.0,0.0,0.0,5920,71700000000
031860,디에이치엑스컴퍼니,-169.58,-84.35,0.0,-53.98,-236.72,-78.33,101.04,52.12,52.12,49.74,52.05,-27.99,0.0,0.0,14511575130.0,0.3563,0.0,0.0,1.2886,0.0,0.0,0.0,0.0,0.0,6930,18700000000
031980,피에스케이홀딩스,18.11,15.68,0.0,35.33,44.13,734.01,15.5,555.77,555.77,86.58,-3.59,-17.05,0.0,0.0,207764042799.0,0.3552,26.1,0.0,12.9522,0.0,37.73,0.0,0.0,0.0,124800,2691000000000
031990,대선조선,112.69,-3.13,0.0,-1.17,-6.68,-23.69,-3703.88,28.37,28.37,-2.77,-37.44,57.28,0.0,0.0,201749943134.0,0.4683,0.0,0.0,0.0,0.0,0.0,0.0,0.0,0.0,0,0
032040,씨앤에스자산관리,17.06,9.63,0.0,1.79,4.78,26.28,77.14,154.2,154.2,56.45,6.84,294.97,0.0,0.0,146470176909.0,2.0156,0.0,0.0,0.0,0.0,0.0,0.0,0.0,0.0,0,0
032080,아즈텍WB,0.87,0.78,0.0,1.52,3.07,4.59,10.39,1315.9,1315.9,90.58,-14.52,-15.77,0.0,0.0,30229023516.0,0.2553,0.0,0.0,0.7576,0.0,74.21,0.0,0.0,0.0,1064,22900000000
032190,다우데이타,15.56,1.43,0.0,8.86,6.65,15998.81,984.54,98.64,98.64,9.22,48.75,32.67,0.0,0.0,18051961355773.0,0.2158,3.05,0.0,0.0427,0.0,47.94,0.0,0.0,0.0,20150,771700000000
032280,삼일,1.49,0.93,0.0,2.13,0.96,21.29,60.65,37.64,37.64,62.25,-4.87,-13.94,0.0,0.0,99989845264.0,0.9685,15.28,0.0,0.215,0.0,28.4,0.0,0.0,0.0,1329,21500000000
032300,한국파마,-3.84,-2.08,0.0,-1.01,-3.01,-8.87,84.11,113.79,113.79,54.32,7.78,-114.58,0.0,0.0,87601377061.0,0.6917,0.0,0.0,0.9897,0.0,0.0,0.0,0.0,0.0,7950,86700000000
032350,롯데관광개발,7.49,1.27,0.0,21.93,4.22,1433.28,488.67,32.26,32.26,16.99,38.6,267.45,0.0,0.0,653447659142.0,0.3015,20.06,0.0,1.6203,0.0,19.94,0.0,0.0,0.0,13280,1058800000000
032500,케이엠더블유,-20.57,-10.94,0.0,-24.37,-27.72,-237.66,87.99,86.0,86.0,53.19,11.63,47.75,0.0,0.0,97518624961.0,0.3947,0.0,0.0,6.5803,0.0,0.0,0.0,0.0,0.0,15210,641700000000
032540,TJ미디어,4.76,3.13,0.0,3.48,4.22,32.88,51.98,158.97,158.97,65.8,2.79,-29.5,0.0,0.0,94434815353.0,0.7416,16.92,0.0,0.6925,0.0,33.14,0.0,0.0,0.0,3130,65400000000
032560,황금에스티,4.88,3.86,0.0,5.68,6.71,179.89,26.5,298.89,298.89,79.05,-1.42,-7.14,0.0,0.0,316529005034.0,0.575,3.65,0.0,0.3052,0.0,11.78,0.0,0.0,0.0,5680,96600000000
032580,피델릭스,-6.61,-5.16,0.0,-3.85,-5.53,-20.66,28.17,502.6,502.6,78.02,19.65,54.38,0.0,0.0,53615518212.0,0.9337,10.33,0.0,2.9823,0.0,0.0,0.0,0.0,0.0,4825,159900000000
032620,GC메디아이,23.8,16.61,0.0,3.8,19.13,75.22,43.31,183.35,183.35,69.78,3.72,45.71,0.0,0.0,197696072009.0,0.8682,0.0,0.0,0.8225,0.0,30.76,0.0,0.0,0.0,3115,162600000000
032640,LG유플러스,5.62,2.59,0.0,5.77,3.3,8921.31,117.06,115.78,115.78,46.07,5.65,3.36,0.0,0.0,15451745000000.0,0.7851,12.03,0.0,0.4117,0.0,19.03,0.0,0.0,0.0,14990,6362200000000
032710,신한카드,5.65,1.11,0.0,0.0,0.0,6100.2,408.09,0.0,0.0,19.68,0.0,-19.46,0.0,0.0,0.0,0.0,0.0,0.0,0.0,0.0,0.0,0.0,0.0,0.0,0,0
032750,삼진,3.52,3.03,0.0,3.93,2.62,58.23,16.12,494.69,494.69,86.12,-6.81,-19.66,0.0,0.0,148323178536.0,1.1565,6.49,0.0,0.1847,0.0,7.76,0.0,0.0,0.0,3035,27400000000
032790,엠젠솔루션,-48.48,-27.29,0.0,-35.93,-57.12,-102.74,77.66,126.85,126.85,56.29,-17.05,-95.65,0.0,0.0,28591100187.0,0.4777,0.0,0.0,1.0598,0.0,0.0,0.0,0.0,0.0,1180,30300000000
032800,판타지오,-18.79,-10.4,0.0,-21.03,-24.09,-80.32,80.76,144.79,144.79,55.32,-47.2,-421.56,0.0,0.0,38192077332.0,0.4316,0.0,0.0,0.6101,0.0,0.0,0.0,0.0,0.0,1540,23300000000
032820,우리기술,-3.3,-1.21,0.0,-6.3,-4.71,-54.87,172.08,103.43,103.43,36.75,22.29,-1090.52,0.0,0.0,87135395389.0,0.2575,0.0,0.0,23.0021,0.0,0.0,0.0,0.0,0.0,11600,2004300000000
032830,삼성생명,3.78,0.7,0.0,0.0,0.0,25804.69,440.89,0.0,0.0,18.49,0.0,3.23,0.0,0.0,0.0,0.0,21.32,0.0,0.0,0.0,134.49,0.0,0.0,0.0,306000,61200000000000
032850,비트컴퓨터,9.93,8.86,0.0,16.29,20.37,58.61,12.13,415.79,415.79,89.18,-2.95,-12.13,0.0,0.0,35982573670.0,0.4348,8.58,0.0,1.8481,0.0,12.87,0.0,0.0,0.0,4000,66500000000
032860,더라미,-8.86,-8.35,0.0,-3.38,-9.12,-17.2,6.15,1127.57,1127.57,94.2,-27.03,-206.33,0.0,0.0,50919669504.0,0.915,0.0,0.0,0.5302,0.0,0.0,0.0,0.0,0.0,3340,27000000000
032940,원익,4.07,3.05,0.0,5.92,7.73,89.23,33.35,93.05,93.05,74.99,8.65,-4.24,0.0,0.0,150734965462.0,0.3944,6.99,0.0,0.9653,0.0,27.02,0.0,0.0,0.0,8000,145500000000
032960,동일기연,10.16,9.53,0.0,-0.29,30.35,-0.62,6.63,1488.33,1488.33,93.78,-10.62,-132.3,0.0,0.0,21551039836.0,0.3141,3.72,0.0,1.6658,0.0,0.0,0.0,0.0,0.0,2040,35900000000
032980,바이온,-32.77,-10.39,0.0,-8.72,-26.91,-17.96,215.32,35.67,35.67,31.71,-23.59,44.76,0.0,0.0,20595859527.0,0.3862,0.0,0.0,0.0,0.0,0.0,0.0,0.0,0.0,0,0
033050,제이엠아이,5.85,3.27,0.0,4.53,3.82,40.69,78.99,136.74,136.74,55.87,11.64,0.58,0.0,0.0,89803265878.0,0.8558,4.11,0.0,0.2984,0.0,17.97,0.0,0.0,0.0,843,26800000000
033100,제룡전기,24.53,22.0,0.0,29.92,26.21,670.27,11.52,914.34,914.34,89.67,-14.74,-31.5,0.0,0.0,224017012923.0,0.8393,13.9,0.0,3.4096,0.0,11.81,0.0,0.0,0.0,47550,763800000000
033130,디지틀조선,5.87,5.04,0.0,13.81,13.57,55.09,16.58,631.78,631.78,85.78,7.97,132.94,0.0,0.0,39901898759.0,0.3713,7.42,0.0,1.7944,0.0,15.77,0.0,0.0,0.0,1929,71600000000
033160,엠케이전자,1.37,0.54,0.0,1.01,0.98,141.86,153.02,98.52,98.52,39.52,19.92,-74.7,0.0,0.0,1403822824376.0,0.554,15.08,0.0,0.2492,0.0,132.68,0.0,0.0,0.0,14240,349800000000
033170,시그네틱스,-35.07,-17.09,0.0,-23.13,-17.77,-238.32,105.19,74.63,74.63,48.74,-12.78,7.75,0.0,0.0,103046699790.0,0.9619,0.0,0.0,0.3426,0.0,0.0,0.0,0.0,0.0,2060,35300000000
033180,케이에이치필룩스,-10.08,-4.95,0.0,-0.83,-31.56,-14.42,103.67,41.28,41.28,49.1,4.43,83.06,0.0,0.0,173462512262.0,0.1569,0.0,0.0,0.0,0.0,0.0,0.0,0.0,0.0,0,0
033200,모아텍,-2.82,-2.59,0.0,-10.03,-6.26,-31.58,8.85,953.36,953.36,91.87,3.0,-45.52,0.0,0.0,31500704726.0,0.4135,0.0,0.0,0.7365,0.0,0.0,0.0,0.0,0.0,2525,23200000000
033230,인성정보,-5.79,-2.25,0.0,-1.25,-1.49,-42.77,157.83,149.22,149.22,38.78,-4.69,9.88,0.0,0.0,342737745051.0,1.5068,0.0,0.0,0.1686,0.0,0.0,0.0,0.0,0.0,1144,57800000000
033240,자화전자,10.6,6.06,0.0,4.95,5.55,419.97,74.93,103.84,103.84,57.17,24.63,-6.59,0.0,0.0,848919780257.0,1.0914,5.85,0.0,0.7699,0.0,23.5,0.0,0.0,0.0,30250,653600000000
033250,체시스,13.89,7.32,0.0,8.02,6.72,75.28,89.64,113.37,113.37,52.73,3.96,60.99,0.0,0.0,93839011849.0,1.0906,4.46,0.0,0.3176,0.0,9.36,0.0,0.0,0.0,4660,29800000000
033270,유나이티드,8.43,7.37,0.0,17.17,13.27,495.85,14.27,562.66,562.66,87.51,0.02,-11.9,0.0,0.0,288764867640.0,0.5559,3.78,0.0,0.9797,0.0,7.01,0.0,0.0,0.0,17780,282900000000
033290,로젠,5.08,2.1,0.0,2.86,2.61,226.68,141.36,62.72,62.72,41.43,-1.91,-31.48,0.0,0.0,793167527098.0,0.8069,4.78,0.0,0.108,0.0,29.18,0.0,0.0,0.0,1526,85700000000
033310,엠투엔,-0.41,-0.31,0.0,3.2,-0.69,27.68,33.13,142.06,142.06,75.11,-5.11,-26.05,0.0,0.0,86549524568.0,0.4513,20.08,0.0,0.6678,0.0,38.12,0.0,0.0,0.0,1446,57800000000
033320,제이씨현시스템,7.69,5.72,0.0,2.45,2.96,77.0,34.52,300.09,300.09,74.34,18.92,111.38,0.0,0.0,313838926730.0,1.9292,7.7,0.0,0.1918,0.0,13.24,0.0,0.0,0.0,3150,60200000000
033340,좋은사람들,-23.94,-16.17,0.0,-8.38,-18.91,-60.84,48.03,220.68,220.68,67.55,-19.5,-569.0,0.0,0.0,72599453889.0,0.8551,0.0,0.0,0.5248,0.0,0.0,0.0,0.0,0.0,393,38100000000
033500,동성화인텍,21.59,11.14,0.0,9.78,7.53,725.59,93.73,149.95,149.95,51.62,24.23,34.4,0.0,0.0,742186008411.0,1.4798,6.79,0.0,0.7281,0.0,10.79,0.0,0.0,0.0,18020,540400000000
033530,SJG세종,12.99,5.18,0.0,4.5,3.62,853.95,150.88,120.57,120.57,39.86,4.42,40.89,0.0,0.0,1896882583006.0,1.4302,2.03,0.0,0.1,0.0,11.56,0.0,0.0,0.0,7010,189600000000
033540,파라텍,-27.4,-12.24,0.0,-7.9,-12.63,-137.42,123.85,100.32,100.32,44.67,-37.44,-469.88,0.0,0.0,173929893426.0,0.9692,0.0,0.0,0.1978,0.0,0.0,0.0,0.0,0.0,3290,34400000000
033560,블루콤,9.62,8.15,0.0,11.16,281.86,6.48,18.06,99.11,99.11,84.7,14.09,-80.06,0.0,0.0,5807047814.0,0.0289,10.48,0.0,13.9141,0.0,172.08,0.0,0.0,0.0,4725,80800000000
033630,에스케이브로드밴드,5.78,2.37,0.0,6.37,3.59,2888.21,143.93,96.82,96.82,41.0,2.82,-18.04,0.0,0.0,4533171234703.0,0.6593,0.0,0.0,0.0,0.0,0.0,0.0,0.0,0.0,0,0
033640,네패스,8.21,2.9,0.0,4.56,3.87,237.61,183.67,86.24,86.24,35.25,12.3,598.49,0.0,0.0,521439287008.0,0.749,42.91,0.0,1.0038,0.0,41.0,0.0,0.0,0.0,22700,523400000000
033660,우리금융캐피탈,8.09,1.2,0.0,10.35,7.82,1970.14,572.66,0.0,0.0,14.87,8.17,5.61,0.0,0.0,1902695460718.0,0.1539,0.0,0.0,0.0,0.0,0.0,0.0,0.0,0.0,0,0
033780,케이티앤지,11.81,7.77,0.0,20.42,16.75,13436.66,51.98,217.07,217.07,65.8,11.35,13.03,0.0,0.0,6579707000000.0,0.4637,14.36,0.0,2.8099,0.0,17.37,0.0,0.0,0.0,178100,18488600000000
033790,피노,-5.95,-3.58,0.0,3.34,-2.21,88.47,66.55,215.41,215.41,60.04,763.08,116185.79,0.0,0.0,264760884474.0,1.6176,120.77,0.0,2.4705,0.0,81.33,0.0,0.0,0.0,7850,654100000000
033830,티비씨,2.89,2.77,0.0,3.48,8.9,14.85,4.54,1762.99,1762.99,95.66,5.98,1.94,0.0,0.0,42691388395.0,0.311,11.06,0.0,0.7402,0.0,25.3,0.0,0.0,0.0,1670,31600000000
033920,무학,8.2,6.99,0.0,7.12,34.99,102.35,17.36,425.31,425.31,85.2,-5.41,-39.35,0.0,0.0,143830395069.0,0.1998,6.75,0.0,1.5734,0.0,32.52,0.0,0.0,0.0,7940,226300000000
034020,두산에너빌리티,1.71,0.75,0.0,4.47,1.2,7627.12,129.1,106.58,106.58,43.65,5.08,-25.05,0.0,0.0,17057876000000.0,0.62,291.52,0.0,3.0981,0.0,89.61,0.0,0.0,0.0,82500,52846300000000
034120,SBS,0.61,0.39,0.0,1.8,0.79,181.51,57.45,210.69,210.69,63.51,-3.65,194.61,0.0,0.0,1008457955402.0,0.4934,119.8,0.0,0.2248,0.0,53.58,0.0,0.0,0.0,12220,226700000000
034220,LG디스플레이,3.88,1.13,0.0,2.0,1.18,5169.77,243.36,72.76,72.76,29.12,-3.03,192.22,0.0,0.0,25810082000000.0,0.9589,0.0,0.0,0.1829,0.0,46.03,0.0,0.0,0.0,9440,4720000000000
034230,파라다이스,6.54,3.55,0.0,13.55,12.59,1558.16,84.41,117.16,117.16,54.23,7.25,14.52,0.0,0.0,1149867026461.0,0.2818,12.62,0.0,0.8217,0.0,18.05,0.0,0.0,0.0,10200,944800000000
034300,신세계건설,-134.36,-22.62,0.0,-18.24,-27.27,-1983.52,493.92,230.52,230.52,16.84,13.89,-47.97,0.0,0.0,1087621328274.0,0.8296,0.0,0.0,0.0,0.0,0.0,0.0,0.0,0.0,0,0
034310,NICE,5.45,2.08,0.0,6.11,2.36,1980.97,162.04,105.35,105.35,38.16,6.72,13.68,0.0,0.0,3242560195759.0,0.881,23.66,0.0,0.1496,0.0,13.94,0.0,0.0,0.0,13200,485200000000
034590,인천도시가스,8.05,4.27,0.0,1.99,1.99,191.49,88.36,195.88,195.88,53.09,2.05,-1.41,0.0,0.0,962994363377.0,2.1472,5.93,0.0,0.1211,0.0,17.08,0.0,0.0,0.0,26650,116600000000
034730,SK,4.15,1.67,0.0,1.48,2.9,18184.76,149.17,106.78,106.78,40.13,-0.56,-24.1,0.0,0.0,122703338000000.0,0.5747,4.95,0.0,0.322,0.0,92.02,0.0,0.0,0.0,545000,39514000000000
034810,해성산업,-3.48,-1.73,0.0,1.85,-1.99,418.41,101.02,124.24,124.24,49.75,1.79,-41.41,0.0,0.0,2260078632205.0,0.8723,0.0,0.0,0.0864,0.0,35.78,0.0,0.0,0.0,6180,195200000000
034830,한국토지신탁,1.87,0.98,0.0,-11.33,10.54,-208.8,91.8,0.0,0.0,52.14,-21.99,-161.51,0.0,0.0,184359776341.0,0.0926,13.08,0.0,1.5942,0.0,0.0,0.0,0.0,0.0,1164,293900000000
034940,조아제약,-33.83,-11.38,0.0,-11.13,-12.41,-65.98,197.17,98.02,98.02,33.65,-5.4,31.62,0.0,0.0,59310981915.0,0.9169,0.0,0.0,0.3069,0.0,0.0,0.0,0.0,0.0,2940,18200000000
034950,한국기업평가,20.12,15.67,0.0,31.28,26.76,343.4,28.41,425.17,425.17,77.88,5.5,5.08,0.0,0.0,109781324514.0,0.5855,18.58,0.0,4.2931,0.0,14.93,0.0,0.0,0.0,103800,471300000000
035000,HS애드,8.2,3.42,0.0,5.68,3.59,274.95,139.56,157.51,157.51,41.74,-12.78,-7.03,0.0,0.0,483850786724.0,0.9526,5.68,0.0,0.2154,0.0,14.55,0.0,0.0,0.0,6430,104200000000
035080,그래디언트,-3.42,-1.41,0.0,-0.97,-0.81,-295.81,141.5,118.15,118.15,41.41,-7.73,-436.6,0.0,0.0,3061593068748.0,1.7528,0.0,0.0,0.0446,0.0,0.0,0.0,0.0,0.0,11960,136700000000
035150,백산,12.74,7.43,0.0,10.62,6.57,536.01,71.39,176.81,176.81,58.35,1.6,-29.96,0.0,0.0,504921990788.0,1.1304,6.29,0.0,0.4252,0.0,7.48,0.0,0.0,0.0,10860,214700000000
035200,프럼파스트,2.69,2.45,0.0,-1.76,4.05,-4.44,9.75,933.1,933.1,91.12,-14.93,-127.31,0.0,0.0,25230889434.0,0.6053,50.56,0.0,0.9988,0.0,0.0,0.0,0.0,0.0,2730,25200000000
035250,강원랜드,8.03,6.57,0.0,15.93,21.55,2353.11,22.21,403.43,403.43,81.82,3.49,-17.66,0.0,0.0,1476727048701.0,0.3048,9.49,0.0,2.1224,0.0,17.06,0.0,0.0,0.0,14650,3134200000000
035290,골드앤에스,-12.82,-8.91,0.0,-20.82,-16.35,-18.78,43.82,398.02,398.02,69.53,-5.99,-286.2,0.0,0.0,9019704769.0,0.5452,9.25,0.0,1.3304,0.0,0.0,0.0,0.0,0.0,2515,12000000000
035420,NAVER,6.28,4.43,0.0,18.35,15.11,22081.38,41.9,136.28,136.28,70.47,12.08,11.56,0.0,0.0,12035007218975.0,0.2929,16.84,0.0,2.7421,0.0,20.44,0.0,0.0,0.0,217000,33000600000000
035430,드림라인,-3.41,-1.05,0.0,1.46,-2.2,24.55,223.43,40.75,40.75,30.92,-0.09,1189.4,0.0,0.0,168181646931.0,0.4787,0.0,0.0,0.0,0.0,0.0,0.0,0.0,0.0,0,0
035460,기산텔레콤,8.72,4.45,0.0,8.12,5.83,80.78,95.91,193.18,193.18,51.04,6.87,63.29,0.0,0.0,99473228556.0,0.7638,3.09,0.0,0.3599,0.0,12.33,0.0,0.0,0.0,2400,35800000000
035510,신세계I&C,6.54,4.92,0.0,7.15,4.12,491.13,33.05,221.54,221.54,75.16,9.83,32.91,0.0,0.0,687200163879.0,1.1923,6.16,0.0,0.2718,0.0,6.72,0.0,0.0,0.0,13360,186800000000
035600,KG이니시스,7.62,2.91,0.0,7.25,4.25,985.58,161.81,95.08,95.08,38.2,0.34,61.59,0.0,0.0,1358884614233.0,0.6845,5.71,0.0,0.2131,0.0,15.39,0.0,0.0,0.0,10510,289600000000
035610,솔본,11.07,9.22,0.0,20.41,28.61,246.21,20.08,525.48,525.48,83.27,3.94,16.36,0.0,0.0,120651025450.0,0.3221,3.95,0.0,1.1421,0.0,8.14,0.0,0.0,0.0,5040,137800000000
035620,바른손이앤에이,-11.81,-6.7,0.0,-19.62,-59.41,-22.76,76.23,26.91,26.91,56.74,22.29,-755.48,0.0,0.0,11603958770.0,0.1128,0.0,0.0,1.1203,0.0,0.0,0.0,0.0,0.0,699,13000000000
035720,카카오,3.4,1.86,0.0,9.04,6.4,7320.37,82.49,140.94,140.94,54.8,2.99,47.8,0.0,0.0,8099147815086.0,0.2915,46.68,0.0,1.9991,0.0,39.27,0.0,0.0,0.0,36550,16191000000000
035760,CJ ENM,0.49,0.2,0.0,2.59,0.33,1328.88,151.51,79.72,79.72,39.76,-1.85,27.19,0.0,0.0,5134511101925.0,0.5924,0.0,0.0,0.1448,0.0,44.88,0.0,0.0,0.0,33900,743400000000
035810,이지홀딩스,5.61,2.39,0.0,4.47,2.04,1513.5,134.46,109.16,109.16,42.65,3.16,22.65,0.0,0.0,3388904350275.0,1.17,10.87,0.0,0.0883,0.0,12.95,0.0,0.0,0.0,4640,299400000000
035890,서희건설,11.11,7.43,0.0,13.12,10.96,1443.89,49.57,270.46,270.46,66.86,-25.34,-38.75,0.0,0.0,1100130344137.0,0.6774,2.16,0.0,0.4321,0.0,7.02,0.0,0.0,0.0,2290,475400000000
035900,JYP Ent.,25.69,18.87,0.0,18.89,19.54,1552.46,36.19,240.71,240.71,73.43,36.57,21.04,0.0,0.0,821854634614.0,0.9656,13.04,0.0,1.7229,0.0,10.58,0.0,0.0,0.0,39850,1416000000000
036000,예림당,49.32,41.97,0.0,-13.84,1230.17,-14.2,17.53,510.15,510.15,85.08,-13.11,-493.14,0.0,0.0,10258304518.0,0.0341,7.11,0.0,6.58,0.0,0.0,0.0,0.0,0.0,2930,67500000000
036010,아비코전자,8.16,6.22,0.0,6.21,7.11,83.14,31.06,338.0,338.0,76.3,10.69,270.47,0.0,0.0,133852502966.0,0.8749,7.63,0.0,0.7,0.0,15.63,0.0,0.0,0.0,7050,93700000000
036030,케이티알파,14.4,8.8,0.0,11.16,11.02,441.62,63.62,229.27,229.27,61.12,1.99,79.55,0.0,0.0,395886247409.0,0.7983,5.19,0.0,0.5812,0.0,9.58,0.0,0.0,0.0,4695,230100000000
036090,위지트,5.9,3.52,0.0,5.35,4.96,258.4,67.44,91.35,91.35,59.72,35.13,86.95,0.0,0.0,483026164741.0,0.7104,14.35,0.0,0.1176,0.0,12.8,0.0,0.0,0.0,1335,56800000000
036120,서울평가정보,19.19,16.27,0.0,16.38,16.47,67.58,17.9,458.63,458.63,84.81,8.34,30.96,0.0,0.0,41257827184.0,0.988,8.34,0.0,1.3573,0.0,9.23,0.0,0.0,0.0,1592,56000000000
036170,에이치엠넥스,8.09,6.7,0.0,7.47,34.41,23.67,20.69,1809.94,1809.94,82.86,109.11,644.14,0.0,0.0,31707375183.0,0.1947,12.38,0.0,4.4311,0.0,71.15,0.0,0.0,0.0,2290,140500000000
036190,금화피에스시,7.94,6.24,0.0,10.34,7.22,438.01,27.39,365.9,365.9,78.5,24.46,21.0,0.0,0.0,423433500797.0,0.863,6.94,0.0,0.491,0.0,7.15,0.0,0.0,0.0,34650,207900000000
036200,유니셈,3.68,3.17,0.0,3.99,3.28,109.02,16.09,458.93,458.93,86.14,25.29,9.3,0.0,0.0,273330435300.0,0.9665,16.93,0.0,1.0142,0.0,29.02,0.0,0.0,0.0,9040,277200000000
036220,오상헬스케어,1.1,0.92,0.0,1.89,2.42,24.26,19.51,422.02,422.02,83.67,59.81,109.79,0.0,0.0,128628728661.0,0.3826,0.0,0.0,0.7689,0.0,63.38,0.0,0.0,0.0,6910,98900000000
036420,콘텐트리중앙,-15.62,-3.74,0.0,0.82,-8.6,88.45,317.82,30.25,30.25,23.93,23.18,118.67,0.0,0.0,1083288419056.0,0.4349,0.0,0.0,0.0286,0.0,217.72,0.0,0.0,0.0,1608,31000000000
036460,한국가스공사,1.22,0.25,0.0,5.88,0.37,21011.51,396.6,79.1,79.1,20.14,-6.93,-30.04,0.0,0.0,35727336000000.0,0.6662,6.09,0.0,0.0968,0.0,22.03,0.0,0.0,0.0,37450,3457100000000
036480,대성미생물,1.69,1.03,0.0,2.75,2.3,7.14,63.68,295.77,295.77,61.09,9.18,146.03,0.0,0.0,25988810012.0,0.4482,68.04,0.0,0.9158,0.0,64.9,0.0,0.0,0.0,6260,23800000000
036530,SNT홀딩스,9.18,6.73,0.0,13.45,9.83,3006.56,36.31,358.38,358.38,73.36,22.81,30.06,0.0,0.0,2235693848887.0,0.6853,7.51,0.0,0.3343,0.0,5.38,0.0,0.0,0.0,45850,747500000000
036540,SFA반도체,-4.05,-3.48,0.0,-5.34,-5.21,-196.27,16.21,368.72,368.72,86.05,-8.26,-63203.21,0.0,0.0,367389147993.0,0.6686,0.0,0.0,2.5515,0.0,0.0,0.0,0.0,0.0,5700,937400000000
036560,KZ정밀,1.6,1.27,0.0,9.21,8.42,101.8,26.3,184.56,184.56,79.18,-1.95,-33.04,0.0,0.0,110512771845.0,0.1506,10.85,0.0,1.7627,0.0,34.15,0.0,0.0,0.0,12370,194800000000
036570,NC,10.31,8.02,0.0,1.07,23.05,160.78,28.56,353.5,353.5,77.78,-4.51,114.72,0.0,0.0,1506925065850.0,0.3478,7.83,0.0,3.2096,0.0,360.69,0.0,0.0,0.0,224500,4836600000000
036580,팜스코,18.71,3.89,0.0,5.16,2.69,802.07,380.59,87.08,87.08,20.81,-1.3,48.7,0.0,0.0,1554134933701.0,1.4478,0.0,0.0,0.0599,0.0,11.76,0.0,0.0,0.0,2535,93100000000
036620,감성코퍼레이션,26.44,19.16,0.0,17.84,14.16,446.31,37.97,345.92,345.92,72.48,13.52,23.79,0.0,0.0,250195090117.0,1.3537,8.86,0.0,1.3557,0.0,8.74,0.0,0.0,0.0,3775,339200000000
036630,세종텔레콤,4.63,2.25,0.0,-3.78,2.82,-107.53,105.77,94.87,94.87,48.6,-23.48,11.4,0.0,0.0,284195339074.0,0.7984,23.61,0.0,0.4187,0.0,0.0,0.0,0.0,0.0,8500,119000000000
036640,HRS,10.43,9.49,0.0,17.0,17.14,134.18,9.94,928.68,928.68,90.96,-1.65,-10.19,0.0,0.0,78910003465.0,0.5536,4.96,0.0,1.0303,0.0,7.02,0.0,0.0,0.0,4970,81300000000
036670,삼양케이씨아이,7.76,6.76,0.0,9.32,8.34,108.94,14.9,557.8,557.8,87.04,6.04,-27.48,0.0,0.0,116839597551.0,0.8101,6.65,0.0,0.4759,0.0,6.82,0.0,0.0,0.0,5170,55600000000
036690,코맥스,-138.09,-16.19,0.0,-16.65,-17.76,-141.75,753.18,43.8,43.8,11.72,-27.34,-14.91,0.0,0.0,85126354242.0,0.9114,0.0,0.0,1.4766,0.0,0.0,0.0,0.0,0.0,2885,125700000000
036710,심텍홀딩스,-40.41,-9.46,0.0,-2.24,-9.89,-342.64,326.96,60.56,60.56,23.42,17.35,73.95,0.0,0.0,1528084012715.0,0.9572,0.0,0.0,0.1436,0.0,0.0,0.0,0.0,0.0,4155,219500000000
036800,나이스정보통신,10.33,3.78,0.0,5.05,4.13,552.93,173.28,131.13,131.13,36.59,12.26,38.67,0.0,0.0,1094683988076.0,0.9153,6.49,0.0,0.3117,0.0,19.89,0.0,0.0,0.0,7500,341200000000
036810,에프에스티,-5.91,-2.65,0.0,-0.2,-5.11,-5.47,122.88,88.79,88.79,44.87,18.05,-123.89,0.0,0.0,280262733555.0,0.5189,0.0,0.0,2.0781,0.0,0.0,0.0,0.0,0.0,26900,582400000000
036830,솔브레인홀딩스,25.44,18.64,0.0,1.59,89.03,88.6,36.52,124.4,124.4,73.25,28.33,-72.15,0.0,0.0,556646781397.0,0.2094,1.84,0.0,1.6096,0.0,181.4,0.0,0.0,0.0,43700,896000000000
036890,진성티이씨,10.97,6.35,0.0,10.34,7.04,479.43,72.81,171.95,171.95,57.87,18.77,96.15,0.0,0.0,463820413148.0,0.9021,4.24,0.0,0.6151,0.0,10.47,0.0,0.0,0.0,12950,285300000000
036930,주성엔지니어링,6.05,4.02,0.0,10.06,11.49,312.58,50.37,361.52,361.52,66.5,-24.11,-67.84,0.0,0.0,310692584812.0,0.3499,1149.35,0.0,26.4802,0.0,272.72,0.0,0.0,0.0,177000,8227200000000
037030,파워넷,6.38,3.65,0.0,5.5,4.77,246.08,74.53,91.68,91.68,57.3,38.54,84.95,0.0,0.0,447036915403.0,0.7657,6.76,0.0,0.1877,0.0,13.54,0.0,0.0,0.0,3290,83900000000
037070,파세코,4.32,3.34,0.0,1.97,2.2,33.01,29.42,277.46,277.46,77.27,6.44,119.64,0.0,0.0,167909772380.0,1.5159,39.29,0.0,0.7206,0.0,44.28,0.0,0.0,0.0,6050,121000000000
037230,한국팩키지,5.09,2.59,0.0,4.44,2.54,99.45,96.12,69.93,69.93,50.99,-0.67,46.37,0.0,0.0,224078895876.0,1.0212,12.85,0.0,0.1879,0.0,15.05,0.0,0.0,0.0,1414,42100000000
037270,YG PLUS,12.19,8.66,0.0,13.7,10.0,323.35,40.71,254.06,254.06,71.07,27.66,4514.99,0.0,0.0,236047405109.0,0.8661,10.13,0.0,0.8685,0.0,8.78,0.0,0.0,0.0,3220,205000000000
037330,인지디스플레,4.57,2.02,0.0,2.37,1.35,171.03,125.93,60.23,60.23,44.26,-1.48,56.49,0.0,0.0,721813553316.0,1.497,5.7,0.0,0.0436,0.0,17.56,0.0,0.0,0.0,718,31500000000
037340,에이치씨코퍼레이션,14.12,11.36,0.0,4.92,11.72,13.36,24.32,493.88,493.88,80.44,-3.69,-54.8,0.0,0.0,27174729804.0,0.969,0.0,0.0,0.0,0.0,0.0,0.0,0.0,0.0,0,0
037350,성도이엔지,10.27,4.68,0.0,7.76,3.79,576.98,119.63,103.06,103.06,45.53,-25.63,111.38,0.0,0.0,743406393090.0,1.2351,5.25,0.0,0.1528,0.0,7.65,0.0,0.0,0.0,7470,113600000000
037370,EG,-33.14,-5.06,0.0,-3.45,-12.23,-21.66,554.39,11.88,11.88,15.28,-3.78,60.38,0.0,0.0,62750627943.0,0.4139,0.0,0.0,0.4956,0.0,0.0,0.0,0.0,0.0,3610,31100000000
037400,우리엔터프라이즈,-3.09,-1.19,0.0,0.11,-0.96,11.41,159.25,126.4,126.4,38.57,-15.4,-92.98,0.0,0.0,1065217107540.0,1.2409,126.4,0.0,0.0156,0.0,476.88,0.0,0.0,0.0,632,16600000000
037440,희림,8.93,3.69,0.0,3.94,3.37,91.41,142.07,123.96,123.96,41.31,-3.77,-40.17,0.0,0.0,231872921949.0,1.0948,7.82,0.0,0.2557,0.0,20.09,0.0,0.0,0.0,4260,59300000000
037460,삼지전자,15.89,6.48,0.0,3.79,2.76,1624.48,145.15,145.5,145.5,40.79,27.72,40.51,0.0,0.0,4291096557599.0,2.3505,2.07,0.0,0.1171,0.0,9.75,0.0,0.0,0.0,30800,502600000000
037560,LG헬로비전,0.39,0.14,0.0,1.48,0.14,187.3,179.64,110.53,110.53,35.76,5.79,39.02,0.0,0.0,1265651619684.0,0.9999,0.0,0.0,0.1004,0.0,50.2,0.0,0.0,0.0,1641,127100000000
037640,지에스엔텍,-14.9,-4.12,0.0,0.0,0.0,34.77,261.23,94.69,94.69,27.68,0.0,-87.03,0.0,0.0,0.0,0.0,0.0,0.0,0.0,0.0,0.0,0.0,0.0,0.0,0,0
037710,광주신세계,5.14,3.52,0.0,28.48,24.14,524.72,45.95,40.18,40.18,68.52,0.35,0.28,0.0,0.0,184210548361.0,0.1459,5.95,0.0,1.5363,0.0,12.97,0.0,0.0,0.0,37100,283000000000
037760,쎄니트,-6.04,-2.66,0.0,-0.85,-4.66,-10.83,127.48,113.97,113.97,43.96,-4.12,-133.23,0.0,0.0,126987862521.0,0.5705,0.0,0.0,0.6379,0.0,0.0,0.0,0.0,0.0,2395,81000000000
038010,제일테크노스,7.17,5.69,0.0,5.35,7.65,71.42,25.94,346.03,346.03,79.4,-27.37,-65.48,0.0,0.0,133579370211.0,0.7441,3.77,0.0,0.3698,0.0,12.09,0.0,0.0,0.0,5490,49400000000
038060,루멘스,-6.28,-4.26,0.0,-2.86,-3.79,-50.26,47.36,306.82,306.82,67.86,0.75,-210.19,0.0,0.0,175538081725.0,1.1244,0.0,0.0,0.2364,0.0,0.0,0.0,0.0,0.0,862,41500000000
038070,서린바이오,0.67,0.48,0.0,0.9,0.74,6.92,38.05,227.46,227.46,72.44,2.23,-27.4,0.0,0.0,77091299573.0,0.6489,44.24,0.0,0.5279,0.0,106.19,0.0,0.0,0.0,4380,40700000000
038110,에코플라스틱,0.55,0.12,0.0,1.4,0.08,357.45,371.73,65.81,65.81,21.2,13.61,8.68,0.0,0.0,2562025593000.0,1.5098,4.76,0.0,0.032,0.0,39.71,0.0,0.0,0.0,1994,82100000000
038290,마크로젠,-0.12,-0.06,0.0,0.09,-0.1,1.81,104.07,82.27,82.27,49.0,43.82,102.8,0.0,0.0,195267890603.0,0.5553,13.52,0.0,0.7129,0.0,1758.99,0.0,0.0,0.0,12840,139200000000
038390,레드캡투어,11.77,3.33,0.0,12.8,6.48,467.75,252.91,40.58,40.58,28.34,1.86,7.37,0.0,0.0,365552937696.0,0.5147,6.54,0.0,0.4588,0.0,14.47,0.0,0.0,0.0,10030,167700000000
038460,바이오스마트,4.79,2.9,0.0,4.67,1.86,225.69,65.13,170.92,170.92,60.56,-0.32,11.54,0.0,0.0,482775592982.0,1.5579,5.21,0.0,0.1419,0.0,8.45,0.0,0.0,0.0,2710,68500000000
038500,삼표시멘트,5.19,2.82,0.0,11.31,6.03,765.83,84.0,91.08,91.08,54.35,-14.4,-26.31,0.0,0.0,676926715424.0,0.4679,17.08,0.0,1.2419,0.0,19.6,0.0,0.0,0.0,7790,840700000000
038530,케이바이오랩스,-4.93,-4.24,0.0,1.74,-5.78,15.22,16.19,520.05,520.05,86.06,14.11,91.95,0.0,0.0,87311777137.0,0.7347,0.0,0.0,0.2966,0.0,27.89,0.0,0.0,0.0,999,25900000000
038540,상상인,-26.35,-2.72,0.0,-11.52,-29.41,-482.13,867.22,98.95,98.95,10.34,-28.85,36.91,0.0,0.0,418561194722.0,0.0926,0.0,0.0,0.2743,0.0,0.0,0.0,0.0,0.0,2075,114800000000
038620,위즈코프,4.78,4.03,0.0,2.21,4.15,24.9,18.8,487.84,487.84,84.18,7.63,-10.77,0.0,0.0,112636294223.0,0.9713,2.04,0.0,0.2584,0.0,19.06,0.0,0.0,0.0,1920,29100000000
038680,에스넷,4.32,2.0,0.0,2.33,1.1,106.6,116.24,154.87,154.87,46.24,1.66,0.04,0.0,0.0,457407231243.0,1.8196,9.22,0.0,0.1758,0.0,20.22,0.0,0.0,0.0,4040,80400000000
038870,에코심플렉스,-9.9,-6.79,0.0,-15.44,-42.37,-26.61,45.93,72.46,72.46,68.53,-4.33,-12.7,0.0,0.0,17239542508.0,0.1602,0.0,0.0,1.4908,0.0,0.0,0.0,0.0,0.0,1831,25700000000
038880,아이에이,-75.62,-42.09,0.0,-17.77,-108.15,-73.19,79.65,44.15,44.15,55.66,-18.81,-13.62,0.0,0.0,41182705121.0,0.3892,0.0,0.0,0.5633,0.0,0.0,0.0,0.0,0.0,3085,23200000000
038950,파인디지털,-1.28,-1.18,0.0,-7.29,-1.93,-45.83,8.77,1617.38,1617.38,91.93,-11.23,-0.11,0.0,0.0,62850108669.0,0.6079,0.0,0.0,0.5044,0.0,0.0,0.0,0.0,0.0,3105,31700000000
039010,현대에이치티,9.94,7.48,0.0,4.57,6.93,70.15,32.88,270.62,270.62,75.26,-9.22,-36.55,0.0,0.0,153333115485.0,1.0802,90.71,0.0,0.4285,0.0,14.37,0.0,0.0,0.0,7620,65700000000
039020,이건홀딩스,-3.16,-1.54,0.0,-0.28,-2.53,-12.43,104.7,69.38,69.38,48.85,-10.1,-118.94,0.0,0.0,447114517033.0,0.6088,50.93,0.0,0.1389,0.0,0.0,0.0,0.0,0.0,2750,62100000000
039030,이오테크닉스,8.37,7.4,0.0,21.2,15.11,807.53,13.06,622.03,622.03,88.45,18.68,158.82,0.0,0.0,380890608578.0,0.4897,45.87,0.0,13.067,0.0,62.75,0.0,0.0,0.0,404000,4977100000000
039130,하나투어,28.78,7.31,0.0,9.82,8.19,576.27,293.44,124.04,124.04,25.42,-4.82,13.17,0.0,0.0,586902971424.0,0.8926,12.86,0.0,0.8616,0.0,17.29,0.0,0.0,0.0,32650,505700000000
039200,오스코텍,29.11,23.67,0.0,52.17,54.48,520.81,23.02,510.46,510.46,81.29,193.58,2005.05,0.0,0.0,99838669222.0,0.4344,14.25,0.0,13.4307,0.0,26.57,0.0,0.0,0.0,35050,1340900000000
039240,경남스틸,4.07,2.91,0.0,1.67,1.3,59.58,39.66,252.19,252.19,71.6,-9.7,-36.94,0.0,0.0,357139177502.0,2.244,9.57,0.0,0.1462,0.0,16.35,0.0,0.0,0.0,1933,52200000000
039290,인포뱅크,-6.95,-4.85,0.0,-3.11,-3.47,-42.05,43.43,124.41,124.41,69.72,-1.29,18.08,0.0,0.0,135095512373.0,1.3957,0.0,0.0,0.2517,0.0,0.0,0.0,0.0,0.0,3910,34000000000
039310,세중,-2.77,-2.39,0.0,-2.9,-7.72,-10.32,15.96,729.28,729.28,86.24,-4.5,-346.8,0.0,0.0,35627831088.0,0.3095,0.0,0.0,0.7073,0.0,0.0,0.0,0.0,0.0,1388,25200000000
039340,한국경제TV,1.89,1.67,0.0,0.0,0.0,-23.75,13.15,293.01,293.01,88.38,0.0,-310.14,0.0,0.0,0.0,0.0,19.76,0.0,0.0,0.0,0.0,0.0,0.0,0.0,4920,108200000000
039420,케이엘넷,14.96,13.17,0.0,22.03,21.14,104.83,13.58,670.98,670.98,88.05,-5.17,5.14,0.0,0.0,47574645489.0,0.623,7.77,0.0,1.3389,0.0,6.95,0.0,0.0,0.0,2775,63700000000
039440,에스티아이,5.37,4.21,0.0,6.01,4.7,197.19,27.63,325.81,325.81,78.35,-1.79,-27.74,0.0,0.0,328058707879.0,0.8957,16.4,0.0,0.9571,0.0,19.95,0.0,0.0,0.0,20250,314000000000
039490,키움증권,16.59,1.37,0.0,8.69,6.51,14882.4,1107.51,0.0,0.0,8.28,51.78,35.51,0.0,0.0,17121703940748.0,0.2109,5.58,0.0,0.4251,0.0,54.92,0.0,0.0,0.0,277500,7278400000000
039560,다산네트웍스,1.22,0.68,0.0,7.1,0.77,384.79,79.14,146.81,146.81,55.82,60.48,573.86,0.0,0.0,541777680410.0,0.88,0.0,0.0,0.1931,0.0,9.79,0.0,0.0,0.0,2440,104600000000
039570,HDC랩스,4.6,2.78,0.0,1.65,1.9,106.37,65.41,165.67,165.67,60.46,2.69,66.16,0.0,0.0,645728085876.0,1.4629,10.42,0.0,0.3088,0.0,35.15,0.0,0.0,0.0,7680,199400000000
039610,화성밸브,-2.08,-1.53,0.0,-2.02,-2.41,-16.48,36.46,306.38,306.38,73.28,-10.75,-120.7,0.0,0.0,81448684458.0,0.6324,2805.0,0.0,0.717,0.0,0.0,0.0,0.0,0.0,5610,58400000000
039740,한국정보공학,3.32,1.57,0.0,0.29,1.2,4.2,110.74,131.02,131.02,47.45,-24.63,-32.05,0.0,0.0,146286069658.0,1.3133,5.81,0.0,0.1736,0.0,200.04,0.0,0.0,0.0,3165,25400000000
039790,위노바,111.36,-22.07,0.0,-20.66,-24.82,-15.9,-604.54,15.59,15.59,-19.82,11.62,7.39,0.0,0.0,7698587953.0,0.8892,0.0,0.0,0.0,0.0,0.0,0.0,0.0,0.0,0,0
039830,오로라,11.82,3.61,0.0,13.56,6.41,444.8,227.55,62.64,62.64,30.53,19.0,43.62,0.0,0.0,328079971298.0,0.5632,6.54,0.0,0.581,0.0,13.38,0.0,0.0,0.0,17710,190600000000
039840,디오,-0.71,-0.42,0.0,6.16,-0.83,101.05,71.36,143.37,143.37,58.36,37.13,124.81,0.0,0.0,164077830292.0,0.4995,7.11,0.0,0.9124,0.0,28.35,0.0,0.0,0.0,11160,149700000000
039860,나노엔텍,1.74,1.61,0.0,2.89,4.14,11.02,7.72,1316.0,1316.0,92.83,25.16,77.42,0.0,0.0,38130262567.0,0.3891,24.53,0.0,3.9208,0.0,142.1,0.0,0.0,0.0,3925,149500000000
039980,폴라리스AI,-0.82,-0.73,0.0,-10.75,-1.79,-46.9,12.61,357.83,357.83,88.8,-17.77,-257.68,0.0,0.0,43636226860.0,0.408,0.0,0.0,1.7669,0.0,0.0,0.0,0.0,0.0,5360,77100000000
040160,누리플렉스,-9.43,-4.34,0.0,-5.99,-6.56,-60.87,117.34,84.92,84.92,46.01,-21.45,25.35,0.0,0.0,101571127227.0,0.6614,20.68,0.0,0.7955,0.0,0.0,0.0,0.0,0.0,6700,80800000000
040300,YTN,-6.16,-4.05,0.0,-10.14,-10.57,-136.02,51.88,569.41,569.41,65.84,2.3,49.01,0.0,0.0,134193072979.0,0.3834,0.0,0.0,0.7072,0.0,0.0,0.0,0.0,0.0,1991,94900000000
040350,크레오에스지,-18.11,-9.62,0.0,-59.01,-78.72,-64.09,88.33,89.51,89.51,53.1,33.15,-13.37,0.0,0.0,10861107272.0,0.1221,0.0,0.0,11.8128,0.0,0.0,0.0,0.0,0.0,6460,128300000000
040420,정상제이엘에스,7.96,6.43,0.0,9.48,6.44,97.66,23.71,58.34,58.34,80.84,-2.64,-3.5,0.0,0.0,103051215889.0,0.9985,12.28,0.0,0.884,0.0,11.35,0.0,0.0,0.0,5810,91100000000
040610,SG&G,6.53,5.56,0.0,7.7,57.02,36.73,17.31,31.26,31.26,85.25,-6.04,-42.71,0.0,0.0,47697024082.0,0.0976,0.58,0.0,1.1531,0.0,34.6,0.0,0.0,0.0,3230,55000000000
040910,아이씨디,-2.01,-1.37,0.0,2.26,-1.01,44.52,46.63,184.65,184.65,68.2,33.48,116.69,0.0,0.0,197041477697.0,1.3646,14.09,0.0,0.4197,0.0,28.89,0.0,0.0,0.0,4550,82700000000
041020,폴라리스오피스,2.68,2.09,0.0,0.0,0.0,91.19,28.19,366.52,366.52,78.01,0.0,89.89,0.0,0.0,0.0,0.0,19.97,0.0,0.0,0.0,31.86,0.0,0.0,0.0,2995,148800000000
041190,우리기술투자,14.24,11.75,0.0,84.78,67.87,1380.76,21.19,3676.13,3676.13,82.52,-15.28,-21.41,0.0,0.0,162866987251.0,0.1731,4.63,0.0,3.1252,0.0,4.88,0.0,0.0,0.0,6060,509000000000
041440,현대에버다임,2.42,1.57,0.0,1.87,1.6,54.07,53.94,211.07,211.07,64.96,-18.45,-45.65,0.0,0.0,289586707208.0,0.9812,12.16,0.0,0.4054,0.0,40.84,0.0,0.0,0.0,6580,117400000000
041460,한국전자인증,7.21,5.4,0.0,18.31,12.69,67.27,33.61,139.29,139.29,74.85,-0.92,42.37,0.0,0.0,36746209552.0,0.4252,11.97,0.0,1.856,0.0,13.37,0.0,0.0,0.0,3590,68200000000
041510,에스엠,26.45,17.9,0.0,15.58,30.59,1830.34,47.76,197.19,197.19,67.68,18.71,109.67,0.0,0.0,1174934814159.0,0.5852,13.01,0.0,1.4575,0.0,12.9,0.0,0.0,0.0,74800,1712500000000
041520,이엘씨,4.77,4.53,0.0,-2.38,21.8,-9.01,5.45,1440.48,1440.48,94.83,29.6,80.76,0.0,0.0,37888100006.0,0.2077,8.28,0.0,3.6159,0.0,0.0,0.0,0.0,0.0,11240,137000000000
041590,플래스크,0.73,0.64,0.0,-10.9,1.67,-19.62,13.79,362.31,362.31,87.88,28.27,75.36,0.0,0.0,18005218335.0,0.3824,35.91,0.0,6.4481,0.0,0.0,0.0,0.0,0.0,2370,116100000000
041650,상신브레이크,-5.49,-2.16,0.0,-0.25,-2.22,-13.58,154.53,115.73,115.73,39.29,-6.27,-106.58,0.0,0.0,542260553063.0,0.9721,10.41,0.0,0.0898,0.0,0.0,0.0,0.0,0.0,2270,48700000000
041830,인바디,9.38,8.31,0.0,15.71,12.82,367.53,12.91,648.27,648.27,88.57,14.42,0.04,0.0,0.0,233948308378.0,0.6479,17.43,0.0,3.4687,0.0,23.2,0.0,0.0,0.0,60200,811500000000
041910,폴라리스AI파마,4.53,3.14,0.0,5.74,11.09,31.89,44.14,261.48,261.48,69.38,-6.81,1712.17,0.0,0.0,55543076772.0,0.2835,5.08,0.0,1.2909,0.0,41.3,0.0,0.0,0.0,5400,71700000000
041920,메디아나,3.89,3.59,0.0,9.16,8.12,59.5,8.42,1068.64,1068.64,92.23,13.86,354.5,0.0,0.0,64944817855.0,0.4423,16.96,0.0,2.5114,0.0,29.33,0.0,0.0,0.0,8770,163100000000
041930,SY동아,14.54,8.88,0.0,4.26,6.78,171.85,63.68,179.34,179.34,61.09,5.27,-6.57,0.0,0.0,403410122226.0,1.311,4.45,0.0,0.1829,0.0,11.26,0.0,0.0,0.0,4855,73800000000
041960,코미팜,-11.14,-5.99,0.0,3.74,-15.3,19.6,85.85,129.83,129.83,53.81,-10.74,-68.34,0.0,0.0,52465294279.0,0.3918,0.0,0.0,13.1115,0.0,382.44,0.0,0.0,0.0,9310,687900000000
042000,카페24,14.69,9.4,0.0,12.78,12.41,402.27,56.29,194.35,194.35,63.98,4.06,25.93,0.0,0.0,314764225560.0,0.7574,11.48,0.0,1.3051,0.0,13.93,0.0,0.0,0.0,16990,410800000000
042040,케이피엠테크,-49.46,-21.59,0.0,-22.3,-40.18,-171.54,129.09,76.97,76.97,43.65,168.55,-276.02,0.0,0.0,76924052907.0,0.5373,0.0,0.0,0.4914,0.0,0.0,0.0,0.0,0.0,4355,37800000000
042110,에스씨디,4.69,3.66,0.0,2.92,2.96,63.06,27.98,376.91,376.91,78.14,1.01,-32.51,0.0,0.0,216137192300.0,1.2375,24.62,0.0,0.2475,0.0,14.54,0.0,0.0,0.0,1108,53500000000
042370,비츠로테크,8.76,6.59,0.0,12.89,9.87,557.21,32.78,374.56,374.56,75.31,0.93,8.95,0.0,0.0,432287382146.0,0.6677,24.36,0.0,0.5152,0.0,6.87,0.0,0.0,0.0,8500,222700000000
042420,네오위즈홀딩스,8.52,6.89,0.0,12.65,14.14,552.44,23.57,324.11,324.11,80.92,18.68,170.64,0.0,0.0,436800978752.0,0.4876,9.31,0.0,0.451,0.0,6.66,0.0,0.0,0.0,24200,197000000000
042500,링네트,9.16,6.48,0.0,7.82,5.96,143.13,41.29,255.38,255.38,70.77,11.7,4.54,0.0,0.0,183074373611.0,1.0886,10.18,0.0,0.5429,0.0,10.38,0.0,0.0,0.0,4460,99400000000
042510,라온시큐어,6.57,4.77,0.0,4.36,5.57,27.82,37.69,225.78,225.78,72.62,2.01,41.42,0.0,0.0,63751052492.0,0.8558,22.44,0.0,1.5561,0.0,42.98,0.0,0.0,0.0,8930,99200000000
042520,한스바이오메드,-94.65,-25.37,0.0,-28.84,-35.73,-258.91,273.03,69.2,69.2,26.81,10.65,-4238.51,0.0,0.0,89779853611.0,0.7102,0.0,0.0,3.2401,0.0,0.0,0.0,0.0,0.0,20400,290900000000
042600,새로닉스,-34.04,-14.78,0.0,-1.6,-19.44,-26.33,130.28,64.47,64.47,43.42,-18.54,-136.15,0.0,0.0,164947822818.0,0.7605,9.32,0.0,1.0452,0.0,0.0,0.0,0.0,0.0,13880,172400000000
042660,한화오션,20.18,6.19,0.0,9.13,9.75,11675.9,226.17,107.87,107.87,30.66,18.63,390.84,0.0,0.0,12783512278323.0,0.6347,13.0,0.0,2.1093,0.0,35.06,0.0,0.0,0.0,88000,26964400000000
042700,한미반도체,31.0,26.31,0.0,43.59,37.11,2513.9,17.82,410.65,410.65,84.88,3.18,-1.57,0.0,0.0,576684619527.0,0.709,94.64,0.0,36.4433,0.0,84.09,0.0,0.0,0.0,220500,21016300000000
042940,상지건설,-13.57,-6.27,0.0,-36.78,-72.51,-68.46,116.4,273.01,273.01,46.21,-8.89,68.55,0.0,0.0,18611908600.0,0.0865,0.0,0.0,2.2029,0.0,0.0,0.0,0.0,0.0,6010,41000000000
043090,더테크놀로지,-89.28,-71.64,0.0,-25.39,-113.78,-31.94,24.61,285.17,285.17,80.25,21.82,54.44,0.0,0.0,12576496826.0,0.6297,0.0,0.0,0.0,0.0,0.0,0.0,0.0,0.0,0,0
043100,알파AI,-20.59,-8.76,0.0,-34.01,-37.86,-57.25,134.97,123.17,123.17,42.56,-18.6,22.17,0.0,0.0,16834272765.0,0.2315,0.0,0.0,0.6237,0.0,0.0,0.0,0.0,0.0,520,10500000000
043150,바텍,7.86,5.67,0.0,12.85,9.17,547.79,38.54,309.52,309.52,72.18,10.7,1.51,0.0,0.0,426416122877.0,0.6186,4.87,0.0,0.655,0.0,8.6,0.0,0.0,0.0,18800,279300000000
043200,파루,-17.29,-7.37,0.0,-9.5,-14.36,-27.34,134.55,76.83,76.83,42.63,-28.2,-1389.64,0.0,0.0,28785165562.0,0.5133,0.0,0.0,0.938,0.0,0.0,0.0,0.0,0.0,1293,27000000000
043220,티에스넥스젠,-201.5,-101.2,0.0,-40.39,-259.58,-58.72,99.1,121.24,121.24,50.23,-32.36,-2.53,0.0,0.0,14537599112.0,0.3899,0.0,0.0,1.9398,0.0,0.0,0.0,0.0,0.0,1710,28200000000
043260,성호전자,35.84,15.67,0.0,3.26,39.31,75.51,128.77,87.23,87.23,43.71,11.7,19.64,0.0,0.0,231577035770.0,0.3985,3.34,0.0,5.3844,0.0,208.43,0.0,0.0,0.0,16980,1246900000000
043340,에쎈테크,1.46,0.56,0.0,3.4,0.65,19.7,159.35,91.7,91.7,38.56,6.5,614.11,0.0,0.0,57909045929.0,0.862,21.03,0.0,0.6735,0.0,40.75,0.0,0.0,0.0,820,39000000000
043360,디지아이,-1.56,-1.44,0.0,-3.6,-2.96,-7.67,8.59,749.06,749.06,92.09,4.42,71.98,0.0,0.0,21306123270.0,0.4868,0.0,0.0,0.9105,0.0,0.0,0.0,0.0,0.0,2160,19400000000
043370,피에이치에이,5.48,4.07,0.0,4.03,3.85,484.39,34.72,239.76,239.76,74.23,4.15,-5.9,0.0,0.0,1200673221564.0,1.0548,4.14,0.0,0.1981,0.0,10.97,0.0,0.0,0.0,11330,237900000000
043590,웰킵스하이텍,-9.29,-5.74,0.0,-9.84,-15.16,-21.01,61.86,171.3,171.3,61.78,-28.44,78.89,0.0,0.0,21353066604.0,0.3785,0.0,0.0,0.9273,0.0,0.0,0.0,0.0,0.0,1460,19800000000
043610,KT지니뮤직,-8.94,-5.74,0.0,5.34,-6.11,161.69,55.72,202.78,202.78,64.22,0.41,32.6,0.0,0.0,302854406475.0,0.9393,0.0,0.0,0.2249,0.0,11.35,0.0,0.0,0.0,1172,68100000000
043650,국순당,2.61,2.42,0.0,-1.23,9.26,-8.32,8.04,1153.98,1153.98,92.56,-1.92,63.49,0.0,0.0,67498883797.0,0.2613,15.02,0.0,0.9422,0.0,0.0,0.0,0.0,0.0,3560,63600000000
043710,코스리거글로벌,-22.26,-3.86,0.0,-23.36,-24.51,-83.32,476.58,39.45,39.45,17.34,103.77,-173.15,0.0,0.0,35668112160.0,0.1575,0.0,0.0,1.4467,0.0,0.0,0.0,0.0,0.0,2980,51600000000
043910,자연과환경,-7.94,-5.27,0.0,-10.66,-18.66,-39.76,50.74,151.18,151.18,66.34,-8.41,-87.68,0.0,0.0,37308755838.0,0.2822,0.0,0.0,1.1311,0.0,0.0,0.0,0.0,0.0,3720,42200000000
044060,조광아이엘아이,-13.59,-8.41,0.0,-13.57,-20.18,-37.65,61.7,94.06,94.06,61.84,-15.83,-395.66,0.0,0.0,27747985614.0,0.4165,0.0,0.0,0.0,0.0,0.0,0.0,0.0,0.0,0,0
044180,KD,-181.35,-8.47,0.0,-15.36,-92.08,-42.67,2041.06,103.67,103.67,4.67,-82.37,-246.07,0.0,0.0,27787097614.0,0.092,0.0,0.0,0.1979,0.0,0.0,0.0,0.0,0.0,205,5500000000
044340,위닉스,-12.55,-3.76,0.0,-16.42,-4.96,-606.72,233.89,83.06,83.06,29.95,5.22,-932.51,0.0,0.0,369536034092.0,0.7577,0.0,0.0,0.1664,0.0,0.0,0.0,0.0,0.0,3440,61500000000
044380,주연테크,-4.67,-3.84,0.0,-2.68,-2.8,-16.77,21.66,442.84,442.84,82.2,18.02,42.23,0.0,0.0,62628503833.0,1.3735,85.77,0.0,0.2475,0.0,0.0,0.0,0.0,0.0,1115,15500000000
044450,KSS해운,6.72,1.89,0.0,19.65,6.51,1103.33,255.33,21.82,21.82,28.14,8.39,6.0,0.0,0.0,561395196426.0,0.2903,2.06,0.0,0.3997,0.0,14.63,0.0,0.0,0.0,9940,224400000000
044480,빌리언스,-29.95,-15.08,0.0,-3.3,-29.02,-8.34,98.64,90.16,90.16,50.34,-39.34,25.97,0.0,0.0,25309657425.0,0.5197,0.0,0.0,1.0786,0.0,0.0,0.0,0.0,0.0,820,27300000000
044490,태웅,0.89,0.67,0.0,1.44,1.55,50.22,32.9,195.72,195.72,75.24,-9.49,-77.99,0.0,0.0,349653597289.0,0.4317,61.64,0.0,1.7881,0.0,164.41,0.0,0.0,0.0,31250,625200000000
044780,에이치케이,7.24,5.53,0.0,-0.71,8.44,-3.87,30.96,556.85,556.85,76.36,0.32,85.31,0.0,0.0,54189734390.0,0.6555,1.85,0.0,0.465,0.0,0.0,0.0,0.0,0.0,1360,25200000000
044820,코스맥스비티아이,6.31,1.86,0.0,4.18,2.89,269.84,240.34,50.62,50.62,29.38,7.96,60.67,0.0,0.0,645205591735.0,0.6411,4.04,0.0,0.3989,0.0,35.87,0.0,0.0,0.0,26800,257400000000
044960,이글벳,7.6,6.17,0.0,9.83,9.11,42.6,23.25,358.38,358.38,81.14,3.85,22.87,0.0,0.0,43323059369.0,0.6771,7.24,0.0,0.9094,0.0,12.08,0.0,0.0,0.0,3120,39400000000
045060,오공,4.57,3.8,0.0,3.51,3.51,56.22,20.31,392.55,392.55,83.12,-1.8,-34.95,0.0,0.0,160071597465.0,1.0821,4.13,0.0,0.2274,0.0,10.92,0.0,0.0,0.0,2150,36400000000
045100,한양이엔지,6.68,4.51,0.0,4.8,3.73,537.11,47.97,201.12,201.12,67.58,-5.74,-37.69,0.0,0.0,1118180793899.0,1.2106,8.39,0.0,0.4703,0.0,15.37,0.0,0.0,0.0,30050,525900000000
045300,성우테크론,6.3,4.73,0.0,4.77,11.61,19.52,33.23,137.62,137.62,75.06,-1.85,64.89,0.0,0.0,40916515347.0,0.4074,3.97,0.0,0.6941,0.0,27.38,0.0,0.0,0.0,2690,28400000000
045340,토탈소프트,23.33,15.51,0.0,34.04,31.02,93.58,50.4,383.57,383.57,66.49,32.76,81.04,0.0,0.0,27495025159.0,0.5,5.86,0.0,2.1531,0.0,8.3,0.0,0.0,0.0,6920,59200000000
045390,대아티아이,13.24,6.06,0.0,4.93,13.32,75.59,118.38,106.7,106.7,45.79,2.71,-3.08,0.0,0.0,153189348670.0,0.4554,15.15,0.0,1.4146,0.0,52.79,0.0,0.0,0.0,3075,216700000000
045510,정원엔시스,2.49,1.24,0.0,0.97,0.56,19.41,101.79,164.42,164.42,49.56,3.32,24.26,0.0,0.0,200903241754.0,2.2076,15.78,0.0,0.1782,0.0,42.1,0.0,0.0,0.0,1136,35800000000
045520,크린앤사이언스,-19.98,-4.5,0.0,-1.12,-3.91,-9.65,343.79,94.73,94.73,22.53,1.74,-13.71,0.0,0.0,86098327172.0,1.1502,0.0,0.0,0.1812,0.0,0.0,0.0,0.0,0.0,2395,15600000000
045660,에이텍,0.4,0.23,0.0,5.43,0.25,86.99,74.06,96.52,96.52,57.45,251.91,319.2,0.0,0.0,160212667134.0,0.9298,0.0,0.0,0.5012,0.0,17.66,0.0,0.0,0.0,9720,80300000000
045970,코아시아,-15.77,-5.33,0.0,-0.6,-5.12,-22.38,195.95,118.29,118.29,33.79,4.84,94.35,0.0,0.0,375129006470.0,1.0411,0.0,0.0,0.2303,0.0,0.0,0.0,0.0,0.0,3285,86400000000
046120,오르비텍,0.71,0.34,0.0,-24.2,1.37,-140.12,109.24,72.22,72.22,47.79,-12.95,-2133.75,0.0,0.0,57908501388.0,0.2492,14.94,0.0,2.7077,0.0,0.0,0.0,0.0,0.0,4630,156800000000
046210,HLB파나진,-4.32,-3.36,0.0,-22.86,-20.77,-34.4,28.3,225.97,225.97,77.94,14.04,-152.58,0.0,0.0,15049529734.0,0.1619,0.0,0.0,3.3689,0.0,0.0,0.0,0.0,0.0,1113,50700000000
046310,백금T&A,6.92,5.6,0.0,4.56,4.75,67.9,23.59,505.15,505.15,80.91,-2.34,-46.67,0.0,0.0,148922256530.0,1.1792,13.61,0.0,0.2599,0.0,9.25,0.0,0.0,0.0,2355,38700000000
046390,삼화네트웍스,-1.48,-1.28,0.0,-4.15,-2.34,-15.48,15.59,839.74,839.74,86.51,-20.23,-330.69,0.0,0.0,37266321862.0,0.5469,0.0,0.0,0.9848,0.0,0.0,0.0,0.0,0.0,2125,36700000000
046400,휴스토리,49.55,16.83,0.0,-37.63,95.84,-5.87,194.53,139.08,139.08,33.95,69.26,41.31,0.0,0.0,1559208657.0,0.1756,0.0,0.0,0.0,0.0,0.0,0.0,0.0,0.0,0,0
046440,KG파이낸셜,6.29,4.07,0.0,14.17,9.68,331.25,54.68,214.87,214.87,64.65,-12.15,345.91,0.0,0.0,233770778965.0,0.4203,6.92,0.0,0.6536,0.0,10.55,0.0,0.0,0.0,4215,152800000000
046890,서울반도체,-9.58,-5.44,0.0,-3.11,-5.92,-315.16,76.14,122.16,122.16,56.77,-7.06,-191.14,0.0,0.0,1013523607401.0,0.9187,0.0,0.0,0.566,0.0,0.0,0.0,0.0,0.0,9840,573700000000
046940,우원개발,30.6,18.16,0.0,17.85,12.75,671.89,68.52,173.71,173.71,59.34,24.27,2277.31,0.0,0.0,376349352125.0,1.4248,1.28,0.0,0.1461,0.0,2.42,0.0,0.0,0.0,3045,55000000000
046970,우리로,-2.01,-1.4,0.0,-1.59,-1.86,-6.77,44.13,276.91,276.91,69.38,-10.34,77.46,0.0,0.0,42474837788.0,0.7522,59.7,0.0,5.1136,0.0,0.0,0.0,0.0,0.0,4955,217200000000
047040,대우건설,-26.36,-6.86,0.0,-10.12,-11.37,-8154.31,284.46,194.14,194.14,26.01,-23.32,-302.28,0.0,0.0,8054627137857.0,0.603,0.0,0.0,0.928,0.0,0.0,0.0,0.0,0.0,18190,7474400000000
047050,포스코인터내셔널,8.15,3.4,0.0,3.6,1.97,11653.16,140.03,114.27,114.27,41.66,0.35,0.65,0.0,0.0,32373603908000.0,1.7263,11.4,0.0,0.2918,0.0,17.5,0.0,0.0,0.0,53700,9447100000000
047080,한빛소프트,27.19,21.64,0.0,0.75,14.37,2.84,25.68,353.64,353.64,79.57,13.78,120.2,0.0,0.0,37885851163.0,1.5061,3.17,0.0,0.652,0.0,104.96,0.0,0.0,0.0,996,24700000000
047310,파워로직스,-6.23,-3.37,0.0,-0.93,-1.79,-63.67,84.58,145.6,145.6,54.18,-6.4,-362.93,0.0,0.0,686534652866.0,1.8805,13.21,0.0,0.1634,0.0,0.0,0.0,0.0,0.0,3065,112200000000
047400,유니온머티리얼,12.53,1.8,0.0,5.33,2.41,54.3,594.95,76.05,76.05,14.39,-5.93,132.91,0.0,0.0,101937090012.0,0.7474,7.93,0.0,0.3924,0.0,28.87,0.0,0.0,0.0,952,40000000000
047730,텔라움,24.98,-31.75,0.0,-28.09,-34.8,-8.12,-178.66,35.86,35.86,-127.13,-43.03,-1247.64,0.0,0.0,2890624464.0,0.9124,0.0,0.0,0.0,0.0,0.0,0.0,0.0,0.0,0,0
047770,코데즈컴바인,6.17,4.8,0.0,6.08,11.23,24.17,28.46,336.24,336.24,77.85,0.31,128.15,0.0,0.0,39722870931.0,0.4277,14.15,0.0,3.3432,0.0,63.47,0.0,0.0,0.0,3510,132800000000
047810,한국항공우주,9.87,1.81,0.0,7.28,5.07,2691.9,446.57,119.59,119.59,18.3,1.72,11.83,0.0,0.0,3696379351601.0,0.3564,72.02,0.0,3.4545,0.0,78.91,0.0,0.0,0.0,131000,12769200000000
047820,초록뱀미디어,1.07,0.82,0.0,1.64,1.79,28.33,29.78,244.74,244.74,77.05,-18.11,118.41,0.0,0.0,172196784377.0,0.4593,285.0,0.0,0.4454,0.0,57.45,0.0,0.0,0.0,3135,76700000000
047920,HLB제약,3.65,2.68,0.0,0.52,2.22,10.64,36.38,193.55,193.55,73.32,49.97,-27.83,0.0,0.0,205581738650.0,1.2045,84.64,0.0,1.1343,0.0,262.01,0.0,0.0,0.0,7110,233200000000
048260,오스템임플란트,-2.75,-0.75,0.0,6.01,-1.06,800.58,267.91,68.52,68.52,27.18,1.3,-49.91,0.0,0.0,1332709719385.0,0.7079,0.0,0.0,0.0,0.0,0.0,0.0,0.0,0.0,0,0
048410,현대바이오,-19.98,-16.93,0.0,-516.32,-629.12,-181.61,18.07,225.35,225.35,84.69,-76.63,-2278.11,0.0,0.0,3517369223.0,0.0269,0.0,0.0,180.5327,0.0,0.0,0.0,0.0,0.0,6580,635000000000
048430,유라테크,7.18,5.97,0.0,0.92,5.59,18.14,20.29,496.19,496.19,83.13,-2.03,-82.73,0.0,0.0,197253919651.0,1.0671,8.98,0.0,0.3442,0.0,54.62,0.0,0.0,0.0,5890,67900000000
048470,대동스틸,0.39,0.3,0.0,-0.98,0.23,-11.66,30.94,449.1,449.1,76.37,-14.7,40.22,0.0,0.0,119163920715.0,1.2838,8.8,0.0,0.2232,0.0,0.0,0.0,0.0,0.0,2755,26600000000
048550,SM C&C,-2.36,-0.93,0.0,-1.29,-1.92,-12.93,152.82,147.4,147.4,39.55,-8.61,-181.53,0.0,0.0,100478287608.0,0.4861,0.0,0.0,1.2928,0.0,0.0,0.0,0.0,0.0,1343,129900000000
048770,TPC로보틱스,-6.73,-2.36,0.0,-2.66,-2.92,-23.0,185.36,97.38,97.38,35.04,-0.13,7.22,0.0,0.0,86327967145.0,0.8089,0.0,0.0,0.5132,0.0,0.0,0.0,0.0,0.0,2825,44300000000
048830,엔피케이,2.45,1.63,0.0,1.21,1.35,10.13,50.46,216.96,216.96,66.46,29.82,260.76,0.0,0.0,83822010472.0,1.2051,18.98,0.0,0.2326,0.0,42.27,0.0,0.0,0.0,1044,19500000000
048870,시너지이노베이션,4.11,3.32,0.0,16.95,9.89,191.64,23.68,356.18,356.18,80.86,24.77,18.96,0.0,0.0,113050025181.0,0.3356,14.44,0.0,1.2826,0.0,10.93,0.0,0.0,0.0,1646,145000000000
048910,대원미디어,4.03,2.34,0.0,2.9,1.58,99.5,72.2,234.34,234.34,58.07,33.74,515.68,0.0,0.0,342849675064.0,1.4778,8.24,0.0,0.2228,0.0,17.45,0.0,0.0,0.0,6070,76400000000
049080,기가레인,-26.48,-12.07,0.0,-30.93,-28.7,-124.76,119.51,143.68,143.68,45.56,-3.26,-69.71,0.0,0.0,40331425989.0,0.4203,0.0,0.0,1.7059,0.0,0.0,0.0,0.0,0.0,8100,68800000000
049120,파인디앤씨,-42.61,-20.44,0.0,-6.2,-33.69,-40.82,108.45,40.38,40.38,47.97,1.21,-448.23,0.0,0.0,65794225834.0,0.6067,0.0,0.0,0.532,0.0,0.0,0.0,0.0,0.0,3300,35000000000
049130,하우리,20.85,19.73,0.0,6.79,141.87,5.6,5.67,1524.56,1524.56,94.63,1.06,-52.15,0.0,0.0,8251778462.0,0.1391,0.0,0.0,0.0,0.0,0.0,0.0,0.0,0.0,0,0
049180,셀루메드,-26.02,-3.58,0.0,-3.66,-1.56,-51.29,625.94,89.73,89.73,13.78,8.56,24.93,0.0,0.0,140194245644.0,2.3009,25.23,0.0,0.5992,0.0,0.0,0.0,0.0,0.0,1009,84000000000
049430,코메론,8.95,8.6,0.0,24.89,31.22,179.87,4.08,2681.09,2681.09,96.08,-2.26,-9.76,0.0,0.0,72274341672.0,0.2754,6.15,0.0,2.6233,0.0,11.11,0.0,0.0,0.0,20950,189600000000
049470,비트플래닛,-15.12,-13.02,0.0,-18.2,-37.51,-45.2,16.07,232.67,232.67,86.16,-31.27,-1907.06,0.0,0.0,24840691127.0,0.3472,0.0,0.0,2.504,0.0,0.0,0.0,0.0,0.0,2640,62200000000
049480,오픈베이스,7.71,4.24,0.0,3.4,3.27,79.21,81.92,155.65,155.65,54.97,3.02,18.9,0.0,0.0,233127039094.0,1.2964,5.18,0.0,0.2544,0.0,17.71,0.0,0.0,0.0,1886,59300000000
049520,유아이엘,11.08,7.77,0.0,6.39,5.46,263.54,42.68,266.68,266.68,70.09,-2.92,25.11,0.0,0.0,412263992426.0,1.4236,5.18,0.0,0.292,0.0,7.86,0.0,0.0,0.0,3905,120400000000
049550,잉크테크,3.2,1.59,0.0,1.03,3.23,8.02,102.01,162.66,162.66,49.5,4.86,-70.41,0.0,0.0,77533529802.0,0.4905,9.21,0.0,0.8822,0.0,184.76,0.0,0.0,0.0,3490,68400000000
049630,재영솔루텍,8.27,3.91,0.0,6.53,5.14,107.43,111.48,74.56,74.56,47.29,47.69,7.09,0.0,0.0,164545576680.0,0.7612,5.8,0.0,1.0155,0.0,26.16,0.0,0.0,0.0,7150,167100000000
049720,고려신용정보,21.06,11.61,0.0,9.4,7.45,167.41,81.46,189.77,189.77,55.11,3.92,9.34,0.0,0.0,178029909590.0,1.5583,10.01,0.0,0.7381,0.0,10.91,0.0,0.0,0.0,9190,131400000000
049770,동원F&B,11.62,5.88,0.0,3.97,2.9,1938.23,97.79,124.8,124.8,50.56,8.79,5.65,0.0,0.0,4877729905705.0,2.0231,0.0,0.0,0.0,0.0,0.0,0.0,0.0,0.0,0,0
049800,우진플라임,2.08,0.73,0.0,1.38,1.08,29.3,186.23,88.33,88.33,34.94,0.97,110.77,0.0,0.0,211623242809.0,0.6731,14.79,0.0,0.1748,0.0,82.45,0.0,0.0,0.0,1849,37000000000
049830,승일,1.67,1.35,0.0,1.61,1.78,22.76,23.66,388.8,388.8,80.86,-2.0,-0.4,0.0,0.0,141548185822.0,0.7611,12.24,0.0,0.2748,0.0,32.72,0.0,0.0,0.0,6350,38900000000
049950,미래컴퍼니,-24.66,-20.52,0.0,-60.38,-61.14,-246.96,20.18,379.45,379.45,83.21,-39.21,-46.87,0.0,0.0,40897794013.0,0.3356,0.0,0.0,2.3351,0.0,0.0,0.0,0.0,0.0,10830,95500000000
049960,쎌바이오텍,7.69,7.41,0.0,14.9,19.06,79.14,3.75,2133.73,2133.73,96.39,6.44,16.45,0.0,0.0,53125673480.0,0.389,8.87,0.0,2.8047,0.0,19.45,0.0,0.0,0.0,15850,149000000000
050090,비케이홀딩스,-34.51,-26.57,0.0,-47.99,-51.62,-35.74,29.9,396.36,396.36,76.98,-41.4,-75.7,0.0,0.0,7446966424.0,0.5147,0.0,0.0,2.6051,0.0,0.0,0.0,0.0,0.0,826,19400000000
050110,캠시스,-33.91,-7.44,0.0,-2.3,-3.8,-112.69,356.03,84.05,84.05,21.93,29.55,3.91,0.0,0.0,489937482073.0,1.9564,0.0,0.0,0.0645,0.0,0.0,0.0,0.0,0.0,1081,31600000000
050120,ES큐브,-2.25,-2.08,0.0,-92.12,-14.73,-128.34,7.8,337.63,337.63,92.77,-13.85,-242.88,0.0,0.0,13932072968.0,0.1415,9.44,0.0,3.23,0.0,0.0,0.0,0.0,0.0,3315,45000000000
050540,엠피씨플러스,-20.75,-6.2,0.0,-2.34,-3.62,-10.13,234.81,86.86,86.86,29.87,-4.87,-2565.31,0.0,0.0,43383141984.0,1.7104,0.0,0.0,0.0,0.0,0.0,0.0,0.0,0.0,0,0
050760,에스폴리텍,-15.59,-7.99,0.0,-7.21,-13.17,-48.13,95.19,108.62,108.62,51.23,-16.73,-848.44,0.0,0.0,66755291807.0,0.6063,0.0,0.0,0.2861,0.0,0.0,0.0,0.0,0.0,1171,19100000000
050860,아세아텍,2.14,1.41,0.0,3.52,2.44,39.88,51.52,220.63,220.63,66.0,-8.5,-37.55,0.0,0.0,113296319206.0,0.5767,43.28,0.0,0.3354,0.0,26.28,0.0,0.0,0.0,1688,38000000000
050890,쏠리드,10.31,6.79,0.0,11.29,12.36,332.83,51.89,167.32,167.32,65.84,-10.95,-5.28,0.0,0.0,294830329228.0,0.5494,9.91,0.0,1.8299,0.0,21.72,0.0,0.0,0.0,8880,539500000000
050960,수산아이앤티,5.72,5.29,0.0,16.6,17.01,50.97,8.14,612.51,612.51,92.47,15.15,-10.1,0.0,0.0,30711816841.0,0.3113,8.28,0.0,1.9732,0.0,13.35,0.0,0.0,0.0,8980,60600000000
051160,지어소프트,8.52,6.07,0.0,4.28,3.27,251.29,40.25,312.06,312.06,71.3,7.3,-13.62,0.0,0.0,587129986929.0,1.8562,9.12,0.0,0.2459,0.0,9.36,0.0,0.0,0.0,9330,144400000000
051310,플랜텍,-4.44,-3.49,0.0,-4.98,-3.32,-170.55,27.34,380.84,380.84,78.53,-33.99,-158.26,0.0,0.0,342729033520.0,1.0518,0.0,0.0,0.0,0.0,0.0,0.0,0.0,0.0,0,0
051360,토비스,14.65,8.02,0.0,8.93,6.99,571.91,82.82,141.3,141.3,54.7,2.65,-2.02,0.0,0.0,640328783001.0,1.1474,3.27,0.0,0.169,0.0,6.31,0.0,0.0,0.0,11220,108200000000
051370,인터플렉스,10.33,8.17,0.0,6.12,7.02,286.46,26.38,257.25,257.25,79.13,-5.93,-16.66,0.0,0.0,467963733214.0,1.1648,4.65,0.0,0.3071,0.0,7.94,0.0,0.0,0.0,6160,143700000000
051380,피씨디렉트,6.39,2.64,0.0,1.14,0.68,42.51,141.96,169.28,169.28,41.33,11.76,129.7,0.0,0.0,373008261916.0,3.9072,5.91,0.0,0.0643,0.0,18.82,0.0,0.0,0.0,1565,24000000000
051390,YW,6.02,5.2,0.0,34.93,30.71,57.77,15.83,1183.03,1183.03,86.33,0.01,6.28,0.0,0.0,16537865424.0,0.1692,9.37,0.0,2.7513,0.0,10.19,0.0,0.0,0.0,4010,45500000000
051490,나라엠앤디,4.34,1.74,0.0,-0.04,2.54,-0.8,148.84,112.64,112.64,40.19,-9.41,-101.6,0.0,0.0,184633171553.0,0.6873,149.72,0.0,0.2074,0.0,0.0,0.0,0.0,0.0,2695,38300000000
051500,CJ프레시웨이,11.01,3.15,0.0,2.92,1.44,1016.53,249.12,75.59,75.59,28.64,7.95,8.11,0.0,0.0,3481081567935.0,2.1906,5.94,0.0,0.0825,0.0,13.98,0.0,0.0,0.0,24200,287300000000
051780,큐로홀딩스,-44.17,-10.02,0.0,-0.02,-16.2,-0.09,340.64,86.92,86.92,22.69,-7.28,99.65,0.0,0.0,56651278638.0,0.6189,0.0,0.0,0.3071,0.0,0.0,0.0,0.0,0.0,2750,17400000000
051900,LG생활건강,-1.54,-1.25,0.0,2.69,-1.35,1706.89,23.32,278.87,278.87,81.09,-6.7,-62.82,0.0,0.0,6355489977342.0,0.9252,0.0,0.0,0.7375,0.0,35.07,0.0,0.0,0.0,313000,4687300000000
051910,LG화학,-2.07,-0.97,0.0,2.57,-2.13,11809.0,114.54,124.45,124.45,46.61,-5.68,34.97,0.0,0.0,45932167000000.0,0.4545,0.0,0.0,0.4303,0.0,62.43,0.0,0.0,0.0,280000,19765900000000
051980,중앙첨단소재,-5.3,-4.32,0.0,-23.03,-27.79,-45.63,22.65,256.63,256.63,81.53,5.98,41.49,0.0,0.0,19809151653.0,0.1556,0.0,0.0,5.6035,0.0,0.0,0.0,0.0,0.0,999,111000000000
052020,에스티큐브,-30.23,-24.16,0.0,-336.09,-312.14,-234.73,25.11,1893.33,1893.33,79.93,-38.18,-3.79,0.0,0.0,6984004773.0,0.0774,0.0,0.0,80.398,0.0,0.0,0.0,0.0,0.0,8260,561500000000
052190,세영디앤씨,-44.63,-13.16,0.0,0.0,0.0,-2.17,239.23,148.44,148.44,29.48,0.0,4.08,0.0,0.0,0.0,0.0,0.0,0.0,0.0,0.0,0.0,0.0,0.0,0.0,0,0
052220,iMBC,-9.47,-8.1,0.0,-19.06,-13.57,-76.32,16.85,176.42,176.42,85.58,-11.88,-1302.8,0.0,0.0,40045648499.0,0.5973,27.69,0.0,1.0338,0.0,0.0,0.0,0.0,0.0,1800,41400000000
052260,현대바이오랜드,0.19,0.15,0.0,9.74,0.19,127.17,22.57,326.41,326.41,81.59,9.19,-22.29,0.0,0.0,130505120709.0,0.7821,9.08,0.0,0.9287,0.0,11.95,0.0,0.0,0.0,4040,121200000000
052270,우전,3.66,1.73,0.0,5.36,1.73,49.92,111.21,82.34,82.34,47.35,29.22,85.85,0.0,0.0,93058731770.0,1.0017,0.0,0.0,0.0,0.0,0.0,0.0,0.0,0.0,0,0
052300,오션인더블유,-6.61,-5.09,0.0,-32.39,-252.2,-24.52,29.85,345.27,345.27,77.01,11.3,24.96,0.0,0.0,7570133241.0,0.0202,0.0,0.0,3.2496,0.0,0.0,0.0,0.0,0.0,1516,24600000000
052330,코텍,7.3,6.16,0.0,9.52,7.14,377.86,18.45,483.45,483.45,84.43,28.85,60.46,0.0,0.0,396839741875.0,0.8628,4.26,0.0,0.5282,0.0,7.44,0.0,0.0,0.0,11800,209600000000
052420,오성첨단소재,11.48,9.46,0.0,18.18,19.54,301.23,21.41,543.08,543.08,82.36,13.18,35.54,0.0,0.0,165707403024.0,0.484,0.57,0.0,0.6312,0.0,5.48,0.0,0.0,0.0,10740,104600000000
052460,아이크래프트,21.69,10.59,0.0,3.88,4.91,80.15,104.81,172.4,172.4,48.83,105.5,401.43,0.0,0.0,206499542172.0,2.1554,18.95,0.0,0.4973,0.0,18.93,0.0,0.0,0.0,7030,102700000000
052600,한네트,9.19,7.08,0.0,16.3,13.6,43.73,29.78,365.02,365.02,77.05,3.58,4.01,0.0,0.0,26825732603.0,0.5205,8.17,0.0,1.3271,0.0,10.85,0.0,0.0,0.0,3080,35600000000
052670,제일바이오,-0.83,-0.69,0.0,-4.61,-1.6,-6.65,19.36,498.69,498.69,83.78,3.88,37.34,0.0,0.0,14447417009.0,0.4341,0.0,0.0,0.0,0.0,0.0,0.0,0.0,0.0,0,0
052690,한전기술,13.66,9.64,0.0,6.83,16.46,354.53,41.69,214.76,214.76,70.57,-8.91,-50.02,0.0,0.0,518767621092.0,0.5858,123.7,0.0,8.5757,0.0,132.84,0.0,0.0,0.0,116400,4448800000000
052710,아모텍,5.07,2.24,0.0,2.17,3.12,55.05,126.18,96.94,96.94,44.21,10.6,123.03,0.0,0.0,253765089587.0,0.7183,0.0,0.0,0.7286,0.0,69.38,0.0,0.0,0.0,10890,184900000000
052770,아이톡시,-163.7,-89.83,0.0,-86.37,-127.69,-49.26,82.24,130.91,130.91,54.87,-64.66,48.57,0.0,0.0,5704071824.0,0.7035,0.0,0.0,0.7889,0.0,0.0,0.0,0.0,0.0,312,4500000000
052790,액토즈소프트,12.32,8.35,0.0,40.88,45.28,285.87,47.63,309.25,309.25,67.74,-12.2,-2.99,0.0,0.0,69927864483.0,0.1844,0.87,0.0,0.6421,0.0,5.85,0.0,0.0,0.0,4110,44900000000
052860,아이앤씨,12.01,8.1,0.0,10.98,11.62,40.5,48.32,158.95,158.95,67.42,57.77,137.94,0.0,0.0,36878556322.0,0.6968,52.4,0.0,3.1726,0.0,33.14,0.0,0.0,0.0,6550,117000000000
052900,KX하이텍,3.08,2.08,0.0,4.24,3.4,53.57,48.36,167.17,167.17,67.4,-4.53,-41.81,0.0,0.0,126276082558.0,0.611,4.74,0.0,0.5931,0.0,26.56,0.0,0.0,0.0,977,74900000000
053030,바이넥스,-1.75,-1.06,0.0,-2.69,-1.95,-45.35,66.13,180.14,180.14,60.19,29.55,85.26,0.0,0.0,168474906148.0,0.541,0.0,0.0,1.3539,0.0,0.0,0.0,0.0,0.0,6980,228100000000
053050,지에스이,3.99,1.65,0.0,4.32,2.28,73.43,141.42,68.3,68.3,41.42,9.29,49.63,0.0,0.0,170081007923.0,0.7259,14.01,0.0,0.3257,0.0,26.23,0.0,0.0,0.0,1849,55400000000
053060,세동,14.6,4.38,0.0,4.81,3.1,91.03,233.48,131.65,131.65,29.99,10.73,-15.02,0.0,0.0,189439770060.0,1.4096,4.2,0.0,0.1172,0.0,12.78,0.0,0.0,0.0,1257,22200000000
053080,케이엔솔,-43.92,-14.04,0.0,-13.38,-11.74,-620.12,212.91,102.1,102.1,31.96,-19.97,-334.65,0.0,0.0,463537032859.0,1.1957,0.0,0.0,0.2541,0.0,0.0,0.0,0.0,0.0,9060,117800000000
053160,프리엠스,1.26,1.12,0.0,1.68,3.88,3.88,12.62,1037.09,1037.09,88.79,30.75,116.55,0.0,0.0,23135895576.0,0.2884,0.0,0.0,2.5026,0.0,172.32,0.0,0.0,0.0,9650,57900000000
053210,케이티스카이라이프,0.26,0.15,0.0,2.33,0.15,229.8,73.34,169.01,169.01,57.69,-3.78,2236.13,0.0,0.0,984216356687.0,1.0081,82.2,0.0,0.1984,0.0,26.47,0.0,0.0,0.0,4110,195300000000
053260,금강철강,-0.14,-0.12,0.0,0.85,-0.1,15.03,19.33,491.84,491.84,83.8,-11.87,-60.54,0.0,0.0,177224131863.0,1.1707,15.68,0.0,0.5631,0.0,82.72,0.0,0.0,0.0,5330,99800000000
053270,구영테크,14.66,3.18,0.0,5.7,5.29,243.11,361.46,58.25,58.25,21.67,12.94,-15.74,0.0,0.0,426181253496.0,0.5998,1.96,0.0,0.1321,0.0,25.21,0.0,0.0,0.0,2055,56300000000
053280,예스24,-6.23,-2.15,0.0,0.47,-1.71,29.36,189.48,62.83,62.83,34.54,-6.66,-81.97,0.0,0.0,626469569759.0,1.2605,0.0,0.0,0.1263,0.0,137.77,0.0,0.0,0.0,3165,79100000000
053290,NE능률,-0.48,-0.39,0.0,1.71,-0.62,10.69,24.39,373.92,373.92,80.39,-12.59,202.04,0.0,0.0,62702088959.0,0.6294,0.0,0.0,0.4513,0.0,44.74,0.0,0.0,0.0,1715,28300000000
053300,한국정보인증,11.24,6.65,0.0,19.54,20.29,270.61,69.01,153.76,153.76,59.17,13.6,43.49,0.0,0.0,138465829337.0,0.3278,10.78,0.0,1.4625,0.0,13.86,0.0,0.0,0.0,4990,202500000000
053350,이니텍,2.05,1.92,0.0,-7.3,8.63,-23.93,6.67,2033.93,2033.93,93.75,-15.63,-1136.89,0.0,0.0,32805743548.0,0.2228,0.0,0.0,2.7526,0.0,0.0,0.0,0.0,0.0,4100,90300000000
053450,세코닉스,3.51,1.63,0.0,0.69,1.15,30.06,115.09,169.93,169.93,46.49,-6.02,-79.16,0.0,0.0,434869078123.0,1.4263,0.0,0.0,0.1083,0.0,69.93,0.0,0.0,0.0,3185,47100000000
053580,웹케시,11.2,9.48,0.0,18.12,16.76,134.74,18.19,275.42,275.42,84.61,1.02,-2.08,0.0,0.0,74362089745.0,0.5657,7.39,0.0,1.2197,0.0,8.23,0.0,0.0,0.0,7000,90700000000
053610,프로텍,9.99,7.99,0.0,20.09,15.34,463.07,25.06,461.14,461.14,79.96,35.38,244.46,0.0,0.0,230542705719.0,0.5206,7.42,0.0,2.3696,0.0,13.71,0.0,0.0,0.0,60700,546300000000
053620,태양,6.1,5.33,0.0,1.71,8.44,23.93,14.41,570.7,570.7,87.41,-7.81,10.44,0.0,0.0,140352455497.0,0.6316,3.58,0.0,0.4239,0.0,36.56,0.0,0.0,0.0,6920,59500000000
053690,한미글로벌,7.97,4.39,0.0,6.82,4.37,306.14,81.68,234.33,234.33,55.04,5.66,-9.74,0.0,0.0,448833661148.0,1.0049,17.37,0.0,0.5554,0.0,14.7,0.0,0.0,0.0,22750,249300000000
053700,삼보모터스,4.83,1.51,0.0,3.66,1.2,617.3,219.03,89.72,89.72,31.35,7.26,13.74,0.0,0.0,1684582152379.0,1.2592,10.64,0.0,0.0642,0.0,16.63,0.0,0.0,0.0,4045,108100000000
053800,안랩,13.69,10.56,0.0,12.43,19.24,332.77,29.58,353.92,353.92,77.17,2.72,20.21,0.0,0.0,267656916942.0,0.549,13.22,0.0,2.4569,0.0,23.11,0.0,0.0,0.0,59100,657600000000
053950,경남제약,-8.32,-5.79,0.0,-3.1,-16.1,-17.32,43.7,171.85,171.85,69.59,-7.97,-83.7,0.0,0.0,55944199110.0,0.3595,0.0,0.0,0.5863,0.0,0.0,0.0,0.0,0.0,1670,32800000000
053980,오상자이엘,9.51,7.05,0.0,8.07,7.6,110.01,34.76,190.11,190.11,74.21,16.62,38.03,0.0,0.0,136351809586.0,0.9275,4.21,0.0,0.355,0.0,7.85,0.0,0.0,0.0,2550,48400000000
054040,한국컴퓨터,12.49,6.92,0.0,5.47,4.92,228.61,80.6,132.03,132.03,55.37,-0.77,88.03,0.0,0.0,417773004030.0,1.4063,2.83,0.0,0.1755,0.0,9.01,0.0,0.0,0.0,4560,73300000000
054050,NH농우바이오,4.41,3.48,0.0,8.59,7.74,136.41,26.76,334.36,334.36,78.89,9.75,22.86,0.0,0.0,158789058609.0,0.4499,8.58,0.0,0.7009,0.0,13.62,0.0,0.0,0.0,6940,111300000000
054090,삼진엘앤디,-27.88,-8.79,0.0,-1.45,-7.74,-19.74,217.31,85.38,85.38,31.52,-7.88,47.26,0.0,0.0,136342510480.0,1.1351,6.6,0.0,0.1812,0.0,0.0,0.0,0.0,0.0,990,24700000000
054180,메디콕스,-25.25,-17.43,0.0,-20.41,-42.24,-57.47,44.89,46.9,46.9,69.02,-8.0,42.79,0.0,0.0,28160961888.0,0.4126,0.0,0.0,0.451,0.0,0.0,0.0,0.0,0.0,2295,12700000000
054210,이랜텍,8.62,3.94,0.0,5.73,3.54,431.66,118.6,86.83,86.83,45.75,35.46,168.1,0.0,0.0,753160333079.0,1.1139,3.9,0.0,0.2361,0.0,12.62,0.0,0.0,0.0,7030,177800000000
054220,비츠로시스,7.95,2.83,0.0,0.13,3.39,0.58,180.68,96.14,96.14,35.63,74.68,100.94,0.0,0.0,44811475268.0,0.834,0.0,0.0,0.4441,0.0,943.8,0.0,0.0,0.0,1577,19900000000
054340,피앤텔,45.88,-7.97,0.0,1.07,-5.66,3.28,-675.34,34.86,34.86,-17.38,11.4,-84.4,0.0,0.0,30530571642.0,1.4099,0.0,0.0,0.0,0.0,0.0,0.0,0.0,0.0,0,0
054410,케이피티유,4.03,2.31,0.0,3.48,5.53,13.88,74.77,46.34,46.34,57.22,19.9,83.32,0.0,0.0,39929099198.0,0.4169,4.54,0.0,0.4909,0.0,43.63,0.0,0.0,0.0,3425,19600000000
054450,텔레칩스,-43.11,-16.77,0.0,-3.21,-31.97,-61.89,157.06,97.46,97.46,38.9,3.32,-226.98,0.0,0.0,192802105423.0,0.5246,0.0,0.0,0.7635,0.0,0.0,0.0,0.0,0.0,9720,147200000000
054540,삼영엠텍,5.4,2.41,0.0,8.63,11.08,102.19,124.07,115.38,115.38,44.63,0.37,-0.76,0.0,0.0,118462119821.0,0.2177,5.74,0.0,0.7217,0.0,37.85,0.0,0.0,0.0,6580,85500000000
054620,APS,-3.97,-2.3,0.0,-8.07,-10.23,-68.49,72.61,91.37,91.37,57.93,-9.68,69.74,0.0,0.0,84866669022.0,0.225,7.06,0.0,0.839,0.0,0.0,0.0,0.0,0.0,3870,71200000000
054630,에이디칩스,-337.04,-10.18,0.0,-51.08,-319.85,-12.04,3209.76,103.3,103.3,3.02,-63.29,86.64,0.0,0.0,2357740127.0,0.0318,0.0,0.0,0.0,0.0,0.0,0.0,0.0,0.0,0,0
054670,대한뉴팜,10.9,5.63,0.0,5.79,7.54,117.25,93.77,155.23,155.23,51.61,0.11,-37.18,0.0,0.0,202401496497.0,0.7464,3.5,0.0,0.414,0.0,18.34,0.0,0.0,0.0,5840,83800000000
054780,키이스트,-6.73,-4.52,0.0,-25.1,-16.79,-39.4,48.9,163.19,163.19,67.16,-79.3,-702.17,0.0,0.0,15701782037.0,0.2691,0.0,0.0,1.7769,0.0,0.0,0.0,0.0,0.0,1420,27900000000
054800,아이디스홀딩스,8.76,6.4,0.0,9.88,8.59,897.37,36.89,369.61,369.61,73.05,16.22,42.13,0.0,0.0,908094139658.0,0.745,3.04,0.0,0.1743,0.0,5.42,0.0,0.0,0.0,15300,158300000000
054920,한컴위드,6.28,3.76,0.0,0.79,1.22,60.87,67.27,34.24,34.24,59.78,72.08,376.07,0.0,0.0,771217330234.0,3.0911,12.36,0.0,0.1407,0.0,34.31,0.0,0.0,0.0,3845,108500000000
054930,유신,6.78,3.1,0.0,2.4,2.73,92.44,118.65,111.11,111.11,45.73,13.52,59.02,0.0,0.0,385502385861.0,1.1365,4.76,0.0,0.1463,0.0,26.01,0.0,0.0,0.0,18790,56400000000
054940,엑사이엔씨,1.38,0.73,0.0,1.42,0.65,25.05,88.76,164.8,164.8,52.98,-12.84,-70.57,0.0,0.0,177002828337.0,1.1182,6.66,0.0,0.161,0.0,41.09,0.0,0.0,0.0,4290,28500000000
054950,제이브이엠,12.12,8.88,0.0,19.22,16.38,332.76,36.41,265.2,265.2,73.31,8.59,8.48,0.0,0.0,173129219712.0,0.5425,9.41,0.0,1.6762,0.0,11.28,0.0,0.0,0.0,24000,290200000000
055490,테이팩스,1.3,1.0,0.0,1.78,1.43,25.08,29.11,138.5,138.5,77.46,3.81,75.61,0.0,0.0,141138746609.0,0.7021,8.8,0.0,0.5682,0.0,50.04,0.0,0.0,0.0,16750,80200000000
055550,신한지주,8.42,0.65,0.0,0.0,0.0,70233.57,1201.94,0.0,0.0,7.68,0.0,8.74,0.0,0.0,0.0,0.0,10.39,0.0,0.0,0.0,110.6,0.0,0.0,0.0,108900,51123100000000
056080,유진로봇,-24.32,-12.98,0.0,-17.86,-24.77,-50.33,87.3,168.5,168.5,53.39,16.45,-88.76,0.0,0.0,28189374133.0,0.5241,0.0,0.0,16.4246,0.0,0.0,0.0,0.0,0.0,12110,463000000000
056090,시지메드텍,6.91,5.66,0.0,8.08,13.78,38.14,22.07,212.27,212.27,81.92,36.43,441.69,0.0,0.0,47234945024.0,0.411,19.03,0.0,2.6209,0.0,37.9,0.0,0.0,0.0,1199,123800000000
056360,코위버,2.19,1.89,0.0,0.49,5.54,3.06,16.1,470.42,470.42,86.13,33.66,104.01,0.0,0.0,62599540297.0,0.3402,18.75,0.0,0.8419,0.0,255.41,0.0,0.0,0.0,5380,52700000000
056700,신화인터텍,3.44,1.99,0.0,3.97,1.47,90.96,72.81,101.76,101.76,57.87,-7.4,56.6,0.0,0.0,229135522771.0,1.3579,0.0,0.0,0.1824,0.0,12.41,0.0,0.0,0.0,1433,41800000000
056730,CNT85,-21.66,-14.88,0.0,-23.72,-26.66,-112.69,45.55,243.61,243.61,68.7,-29.14,-701.01,0.0,0.0,47500876149.0,0.5582,0.0,0.0,0.3979,0.0,0.0,0.0,0.0,0.0,1275,18900000000
057030,YBM넷,3.06,2.0,0.0,1.83,3.09,9.5,52.84,203.0,203.0,65.43,-11.14,-66.0,0.0,0.0,51834368698.0,0.6469,18.94,0.0,0.6733,0.0,65.89,0.0,0.0,0.0,2140,34900000000
057050,현대홈쇼핑,3.06,2.31,0.0,3.45,3.03,1307.71,32.47,259.83,259.83,75.49,-1.65,0.49,0.0,0.0,3789834264000.0,0.7621,0.0,0.0,0.0,0.0,0.0,0.0,0.0,0.0,0,0
057540,옴니시스템,-0.14,-0.12,0.0,1.03,-0.16,10.17,18.29,304.42,304.42,84.54,-9.19,-82.91,0.0,0.0,99068053730.0,0.7604,19.94,0.0,0.3705,0.0,55.87,0.0,0.0,0.0,618,36700000000
057680,티사이언티픽,-0.95,-0.79,0.0,0.73,-4.4,2.64,19.17,179.39,179.39,83.91,-15.46,102.68,0.0,0.0,36366454993.0,0.1807,0.0,0.0,0.7507,0.0,225.79,0.0,0.0,0.0,1730,27300000000
058110,멕아이씨에스,-7.38,-4.81,0.0,-24.69,-23.96,-27.87,53.46,123.15,123.15,65.16,-0.71,70.64,0.0,0.0,11287751059.0,0.2008,25.88,0.0,2.4274,0.0,0.0,0.0,0.0,0.0,1708,27400000000
058400,KNN,4.95,4.59,0.0,4.66,16.5,31.94,7.8,566.24,566.24,92.77,-0.5,-29.22,0.0,0.0,68506931399.0,0.2781,2.31,0.0,1.1517,0.0,30.28,0.0,0.0,0.0,5960,78900000000
058430,포스코스틸리온,4.69,3.58,0.0,2.17,1.61,244.59,30.99,294.43,294.43,76.34,-6.98,-52.89,0.0,0.0,1125440499863.0,2.2184,16.11,0.0,0.2524,0.0,16.52,0.0,0.0,0.0,4735,284100000000
058450,한주에이알티,-104.57,-41.29,0.0,-95.32,-166.32,-59.92,153.22,94.93,94.93,39.49,-55.93,7.92,0.0,0.0,6286258658.0,0.2483,0.0,0.0,1.5908,0.0,0.0,0.0,0.0,0.0,1856,10000000000
058470,리노공업,20.78,19.19,0.0,47.51,40.79,1769.97,8.3,972.07,972.07,92.33,33.92,42.51,0.0,0.0,372534084608.0,0.4704,27.02,0.0,13.6248,0.0,29.02,0.0,0.0,0.0,66600,5075700000000
058530,헬스커넥트,-48.88,-28.58,0.0,-45.39,-68.34,-91.68,71.05,111.24,111.24,58.46,12.49,-67.96,0.0,0.0,20195736637.0,0.4182,0.0,0.0,0.0,0.0,0.0,0.0,0.0,0.0,0,0
058610,에스피지,3.54,2.13,0.0,5.25,2.67,179.39,66.08,195.01,195.01,60.21,-12.05,45.43,0.0,0.0,341670161923.0,0.7974,217.48,0.0,6.0558,0.0,124.84,0.0,0.0,0.0,93300,2069100000000
058650,세아홀딩스,2.78,1.39,0.0,2.65,1.3,1754.67,100.43,156.43,156.43,49.89,9.88,76.91,0.0,0.0,6611085565727.0,1.0679,5.42,0.0,0.0875,0.0,20.98,0.0,0.0,0.0,136400,578600000000
058730,다스코,-5.02,-2.13,0.0,0.76,-2.55,20.7,136.13,109.73,109.73,42.35,-12.44,217.97,0.0,0.0,273192825187.0,0.8342,0.0,0.0,0.2595,0.0,125.45,0.0,0.0,0.0,3500,70900000000
058820,CMG제약,-5.0,-3.29,0.0,-3.51,-9.58,-36.92,51.8,91.82,91.82,65.88,6.19,-461.89,0.0,0.0,105229184685.0,0.3439,18.39,0.0,0.8021,0.0,0.0,0.0,0.0,0.0,570,84400000000
058850,KTcs,11.2,5.36,0.0,2.86,2.42,298.06,109.12,157.18,157.18,47.82,-7.01,327.56,0.0,0.0,1042716672450.0,2.2132,3.92,0.0,0.0881,0.0,11.33,0.0,0.0,0.0,2220,91900000000
058860,KTis,15.25,8.08,0.0,4.2,6.18,247.4,88.62,168.83,168.83,53.02,8.15,4.66,0.0,0.0,588759964114.0,1.3089,2.44,0.0,0.153,0.0,12.18,0.0,0.0,0.0,2590,90100000000
058970,엠로,2.65,2.23,0.0,1.08,3.02,9.1,18.66,339.33,339.33,84.27,5.69,-89.43,0.0,0.0,83980244007.0,0.7398,0.0,0.0,2.447,0.0,245.56,0.0,0.0,0.0,16620,205500000000
059090,미코,10.88,3.31,0.0,10.34,7.67,1010.04,228.63,107.06,107.06,30.43,80.76,6.73,0.0,0.0,977036793661.0,0.4314,40.06,0.0,0.6618,0.0,22.0,0.0,0.0,0.0,19350,646600000000
059100,아이컴포넌트,13.55,10.09,0.0,17.43,17.34,60.4,34.23,322.14,322.14,74.5,-6.6,132.59,0.0,0.0,34649217419.0,0.5822,4.39,0.0,1.3247,0.0,10.11,0.0,0.0,0.0,6490,45900000000
059120,아진엑스텍,2.03,1.85,0.0,3.91,3.4,9.63,9.65,941.61,941.61,91.2,-2.19,122.98,0.0,0.0,24617900877.0,0.5443,24.11,0.0,4.842,0.0,127.95,0.0,0.0,0.0,6510,119200000000
059210,메타바이오메드,8.63,5.77,0.0,20.81,10.46,214.28,49.43,138.88,138.88,66.92,9.48,24.42,0.0,0.0,102951318559.0,0.5517,6.42,0.0,1.0403,0.0,7.88,0.0,0.0,0.0,3940,107100000000
059270,해성에어로보틱스,0.37,0.34,0.0,-4.12,0.98,-6.21,8.62,843.38,843.38,92.06,0.94,13.21,0.0,0.0,15077935821.0,0.3501,88.89,0.0,4.1451,0.0,0.0,0.0,0.0,0.0,5600,62500000000
060000,국민은행,9.82,0.65,0.0,0.0,0.0,57207.76,1401.54,0.0,0.0,6.66,0.0,5.96,0.0,0.0,0.0,0.0,0.0,0.0,0.0,0.0,0.0,0.0,0.0,0.0,0,0
060150,인선이엔티,-3.54,-2.35,0.0,9.74,-5.84,182.29,50.34,156.96,156.96,66.52,-10.39,-21.36,0.0,0.0,187154811840.0,0.4029,0.0,0.0,0.7571,0.0,16.3,0.0,0.0,0.0,3110,141700000000
060230,제이케이시냅스,-29.02,-12.29,0.0,-13.32,-30.03,-82.5,136.21,25.13,25.13,42.34,26.76,22.02,0.0,0.0,61925399597.0,0.4091,0.0,0.0,0.373,0.0,0.0,0.0,0.0,0.0,1183,23100000000
060240,스타코링크,-130670.23,-64.64,0.0,-21.97,-52.89,-54.44,202037.49,49.86,49.86,0.05,81.01,1.01,0.0,0.0,24780379700.0,1.2222,0.0,0.0,0.0,0.0,0.0,0.0,0.0,0.0,0,0
060250,NHN KCP,15.23,6.94,0.0,4.43,3.71,546.88,119.43,163.48,163.48,45.57,11.72,24.91,0.0,0.0,1234882750705.0,1.8718,11.12,0.0,0.4953,0.0,17.75,0.0,0.0,0.0,15230,611600000000
060260,뉴보텍,8.24,3.38,0.0,2.99,4.32,12.99,143.83,113.92,113.92,41.01,0.4,-50.56,0.0,0.0,43479893003.0,0.7815,6.15,0.0,0.3289,0.0,36.27,0.0,0.0,0.0,1070,14300000000
060280,큐렉소,2.88,2.74,0.0,3.17,3.72,23.62,5.08,2068.85,2068.85,95.17,34.22,140.57,0.0,0.0,74531816400.0,0.7369,65.6,0.0,4.8664,0.0,155.64,0.0,0.0,0.0,8790,362700000000
060310,3S,-20.21,-13.38,0.0,-20.09,-34.48,-58.31,51.01,134.54,134.54,66.22,-33.43,-600.96,0.0,0.0,29022184967.0,0.3881,0.0,0.0,2.157,0.0,0.0,0.0,0.0,0.0,1180,62600000000
060370,LS마린솔루션,1.33,1.13,0.0,2.87,3.42,70.09,17.67,718.45,718.45,84.99,87.45,-43.44,0.0,0.0,244205074557.0,0.3304,93.22,0.0,7.0592,0.0,261.78,0.0,0.0,0.0,33000,1723900000000
060380,동양에스텍,1.63,0.99,0.0,0.92,0.99,18.13,65.01,144.14,144.14,60.6,3.55,-42.51,0.0,0.0,197820474985.0,0.9946,9.67,0.0,0.1309,0.0,57.51,0.0,0.0,0.0,1315,25900000000
060480,국일신동,0.23,0.21,0.0,-0.58,0.27,-2.1,10.21,850.8,850.8,90.74,15.57,87.62,0.0,0.0,36286194700.0,0.7781,15.85,0.0,0.4272,0.0,0.0,0.0,0.0,0.0,1395,15500000000
060540,에스에이티,0.46,0.29,0.0,2.45,0.3,39.11,57.05,136.94,136.94,63.67,3.0,16.68,0.0,0.0,159732944193.0,0.9872,3.97,0.0,0.2135,0.0,23.75,0.0,0.0,0.0,1305,34100000000
060560,HC홈센타,-11.51,-4.8,0.0,-6.2,-7.98,-185.14,139.56,70.69,70.69,41.74,-19.03,-250.37,0.0,0.0,298824352914.0,0.602,0.0,0.0,0.1693,0.0,0.0,0.0,0.0,0.0,1993,50600000000
060570,드림어스컴퍼니,1.81,1.17,0.0,0.26,1.16,5.93,54.77,210.63,210.63,64.61,-0.03,118.8,0.0,0.0,224997032269.0,1.0103,67.5,0.0,0.2311,0.0,220.57,0.0,0.0,0.0,3510,52000000000
060590,씨티씨바이오,4.46,2.26,0.0,5.05,2.62,62.5,96.96,137.78,137.78,50.77,3.25,224.65,0.0,0.0,123769377291.0,0.8641,9.95,0.0,0.6043,0.0,23.25,0.0,0.0,0.0,3095,74800000000
060720,KH바텍,7.4,5.05,0.0,7.47,4.8,317.52,46.61,184.95,184.95,68.21,36.62,45.27,0.0,0.0,424904200489.0,1.0514,15.25,0.0,0.5924,0.0,11.97,0.0,0.0,0.0,10630,251700000000
060850,영림원소프트랩,11.83,7.1,0.0,5.28,7.98,42.19,66.77,258.93,258.93,59.96,27.7,89.93,0.0,0.0,79883113261.0,0.8889,15.1,0.0,0.4732,0.0,17.49,0.0,0.0,0.0,4650,37800000000
060900,에이전트AI,-49.78,-32.53,0.0,-71.03,-142.2,-93.2,53.05,153.66,153.66,65.34,11.23,-91.2,0.0,0.0,13120220021.0,0.2288,0.0,0.0,1.3491,0.0,0.0,0.0,0.0,0.0,3625,17700000000
060910,프리젠,3.21,0.52,0.0,2.1,0.62,0.26,516.8,172.47,172.47,16.21,-0.44,117.43,0.0,0.0,1248000000.0,0.8441,0.0,0.0,0.0,0.0,0.0,0.0,0.0,0.0,0,0
060980,HL홀딩스,2.0,0.92,0.0,6.64,1.61,886.9,116.74,62.87,62.87,46.14,-2.63,-1.94,0.0,0.0,1335036122998.0,0.5725,6.84,0.0,0.2778,0.0,18.34,0.0,0.0,0.0,40850,370900000000
061040,알에프텍,-16.38,-7.48,0.0,-9.47,-11.45,-251.88,119.01,76.47,76.47,45.66,-25.76,-1490.3,0.0,0.0,266007649510.0,0.6529,0.0,0.0,0.247,0.0,0.0,0.0,0.0,0.0,7260,65700000000
061090,세나테크놀로지,9.48,8.13,0.0,9.09,9.32,162.9,16.73,619.06,619.06,85.67,7.04,-24.43,0.0,0.0,179288201881.0,0.8716,9.55,0.0,1.2611,0.0,15.69,0.0,0.0,0.0,41350,226100000000
061250,화일약품,-0.11,-0.11,0.0,-2.26,-0.23,-22.8,3.04,2173.59,2173.59,97.05,-15.82,-401.89,0.0,0.0,100817433496.0,0.473,15.1,0.0,0.7092,0.0,0.0,0.0,0.0,0.0,8500,71500000000
061970,LB세미콘,-55.87,-22.05,0.0,-8.3,-31.45,-398.0,153.34,66.96,66.96,39.47,6.41,-111.44,0.0,0.0,479781936611.0,0.7013,0.0,0.0,0.6215,0.0,0.0,0.0,0.0,0.0,4255,298200000000
062040,산일전기,25.44,21.84,0.0,35.59,29.67,1786.34,16.48,483.92,483.92,85.85,50.28,63.54,0.0,0.0,501946220880.0,0.736,33.19,0.0,11.9716,0.0,34.18,0.0,0.0,0.0,196100,6009100000000
062860,티엘아이,-82.32,-34.09,0.0,-312.05,-320.08,-199.13,141.45,82.34,82.34,41.42,-19.5,-61.42,0.0,0.0,6381354078.0,0.1065,0.0,0.0,0.0,0.0,0.0,0.0,0.0,0.0,0,0
063080,컴투스홀딩스,14.75,7.18,0.0,-6.88,37.55,-68.24,105.51,19.9,19.9,48.66,-33.55,86.5,0.0,0.0,99211679155.0,0.1912,4.61,0.0,0.8789,0.0,0.0,0.0,0.0,0.0,13220,87200000000
063160,종근당바이오,-2.27,-0.96,0.0,2.25,-1.8,36.05,136.05,89.61,89.61,42.36,-6.8,-67.09,0.0,0.0,160070986863.0,0.5338,0.0,0.0,0.4767,0.0,69.1,0.0,0.0,0.0,13900,76300000000
063170,서울옥션,-8.93,-3.96,0.0,-18.53,-41.12,-39.53,125.41,115.59,115.59,44.36,3.57,-16.61,0.0,0.0,21334383653.0,0.0963,0.0,0.0,5.1091,0.0,0.0,0.0,0.0,0.0,6130,109000000000
063440,SM Life Design,8.17,7.48,0.0,8.58,10.31,45.76,9.24,483.42,483.42,91.55,19.08,29.76,0.0,0.0,53324973138.0,0.7258,9.32,0.0,0.902,0.0,11.87,0.0,0.0,0.0,1062,48100000000
063570,NICE인프라,3.92,1.14,0.0,8.0,1.87,307.14,244.77,71.86,71.86,29.01,13.36,64.21,0.0,0.0,383954233593.0,0.6067,11.04,0.0,0.3081,0.0,18.48,0.0,0.0,0.0,3465,118300000000
063760,이엘피,4.03,3.24,0.0,8.43,9.52,23.03,24.54,227.24,227.24,80.3,-2.49,154.84,0.0,0.0,27313414664.0,0.3401,3.19,0.0,0.8714,0.0,17.2,0.0,0.0,0.0,2550,23800000000
064090,인크레더블버즈,-45.22,-42.57,0.0,-84.29,-418.81,-60.79,6.23,1251.67,1251.67,94.13,58.13,-71.95,0.0,0.0,7211902064.0,0.1016,0.0,0.0,5.5048,0.0,0.0,0.0,0.0,0.0,798,39700000000
064240,홈캐스트,-2.57,-2.43,0.0,-2.93,-2.21,-28.76,5.77,1150.97,1150.97,94.54,59.37,-308.32,0.0,0.0,97996130553.0,1.097,52.39,0.0,0.6674,0.0,0.0,0.0,0.0,0.0,1886,65400000000
064260,다날,-22.23,-9.21,0.0,1.03,-30.33,23.12,141.22,246.92,246.92,41.46,-13.63,65.94,0.0,0.0,225377154221.0,0.3038,0.0,0.0,1.7788,0.0,361.25,0.0,0.0,0.0,5300,400900000000
064290,인텍플러스,-7.22,-2.79,0.0,-4.16,-3.7,-37.35,158.56,124.28,124.28,38.68,7.02,76.04,0.0,0.0,89765092570.0,0.7555,0.0,0.0,4.8137,0.0,0.0,0.0,0.0,0.0,33350,432100000000
064350,현대로템,25.33,8.27,0.0,17.22,13.2,10056.41,206.39,124.01,124.01,32.64,33.41,120.26,0.0,0.0,5839031553000.0,0.6266,18.41,0.0,2.5458,0.0,21.02,0.0,0.0,0.0,136200,14865200000000
064400,LG씨엔에스,14.93,8.31,0.0,9.0,7.16,5518.28,79.68,213.08,213.08,55.65,2.46,7.6,0.0,0.0,6129542718000.0,1.1597,15.54,0.0,1.2203,0.0,17.8,0.0,0.0,0.0,77200,7479600000000
064480,브리지텍,1.1,0.83,0.0,0.62,1.03,3.1,33.16,235.35,235.35,75.1,14.04,109.54,0.0,0.0,49677044033.0,0.7992,8.43,0.0,0.6744,0.0,157.78,0.0,0.0,0.0,2800,33500000000
064510,유네코,-7.11,-4.83,0.0,-5.52,-10.53,-7.08,47.32,174.73,174.73,67.88,-7.38,-128.58,0.0,0.0,12829234159.0,0.4582,0.0,0.0,0.0,0.0,0.0,0.0,0.0,0.0,0,0
064520,테크엘,-4.93,-4.65,0.0,-30.88,-25.7,-56.04,6.07,1496.78,1496.78,94.27,-28.27,-1392.53,0.0,0.0,18149684065.0,0.1809,0.0,0.0,1.8953,0.0,0.0,0.0,0.0,0.0,1540,34400000000
064550,바이오니아,0.75,0.46,0.0,4.61,0.52,152.25,62.95,225.27,225.27,61.37,12.29,213.48,0.0,0.0,330110657768.0,0.8925,0.0,0.0,0.6873,0.0,24.29,0.0,0.0,0.0,8790,226900000000
064760,티씨케이,13.46,12.32,0.0,27.84,23.2,838.87,9.3,926.48,926.48,91.49,9.29,3.89,0.0,0.0,301334302844.0,0.5309,34.03,0.0,9.2007,0.0,33.63,0.0,0.0,0.0,248000,2772500000000
064800,포니링크,7.33,5.51,0.0,-47.05,35.3,-211.21,33.14,342.58,342.58,75.11,-26.77,19.26,0.0,0.0,44890555536.0,0.156,0.0,0.0,1.7843,0.0,0.0,0.0,0.0,0.0,3135,80100000000
064820,케이프,20.76,2.39,0.0,8.62,11.08,499.64,770.15,112.09,112.09,11.49,12.25,28.14,0.0,0.0,579773872948.0,0.2153,3.81,0.0,0.4146,0.0,52.52,0.0,0.0,0.0,7790,240400000000
064850,에프앤가이드,14.57,11.35,0.0,30.12,28.38,106.63,28.34,262.96,262.96,77.92,12.0,39.42,0.0,0.0,35401545538.0,0.4001,11.61,0.0,5.2851,0.0,19.38,0.0,0.0,0.0,16400,187100000000
064960,SNT모티브,6.82,5.43,0.0,10.19,6.91,1025.53,25.5,379.41,379.41,79.68,3.87,4.51,0.0,0.0,1006373968570.0,0.7866,8.34,0.0,0.687,0.0,9.28,0.0,0.0,0.0,26050,691400000000
065060,지엔코,-6.67,-3.66,0.0,-0.37,-7.71,-4.09,82.28,59.51,59.51,54.86,-8.51,89.59,0.0,0.0,110866718148.0,0.4742,0.0,0.0,0.1813,0.0,0.0,0.0,0.0,0.0,3355,20100000000
065130,탑엔지니어링,-15.84,-9.28,0.0,-4.41,-5.72,-352.19,70.73,155.87,155.87,58.57,-2.08,-371.55,0.0,0.0,798498300100.0,1.6226,0.0,0.0,0.0601,0.0,0.0,0.0,0.0,0.0,3000,48000000000
065150,대산F&B,34.16,22.19,0.0,4.11,7.5,45.54,53.9,207.17,207.17,64.98,11.54,700.35,0.0,0.0,110864610083.0,2.959,2.4,0.0,0.2138,0.0,8.08,0.0,0.0,0.0,1484,23700000000
065170,비엘팜텍,-211.76,-92.26,0.0,-43.42,-258.04,-28.25,129.52,95.44,95.44,43.57,-26.12,12.17,0.0,0.0,6505728145.0,0.3576,0.0,0.0,9.4225,0.0,0.0,0.0,0.0,0.0,2195,61300000000
065350,신성델타테크,6.78,2.6,0.0,2.93,2.56,276.9,161.32,105.89,105.89,38.27,7.19,4.62,0.0,0.0,945363793218.0,1.0137,29.33,0.0,0.9114,0.0,51.91,0.0,0.0,0.0,31350,861600000000
065370,위세아이텍,4.71,2.19,0.0,2.05,3.8,7.86,115.24,135.11,135.11,46.46,9.22,-15.28,0.0,0.0,38258327979.0,0.5759,10.7,0.0,0.5489,0.0,71.97,0.0,0.0,0.0,2845,21000000000
065420,에스아이리소스,-18.71,-11.39,0.0,-13.89,-9.39,-28.95,64.21,142.59,142.59,60.9,97.87,21.58,0.0,0.0,20851578595.0,1.213,0.0,0.0,0.3501,0.0,0.0,0.0,0.0,0.0,94,7300000000
065440,이루온,3.15,2.06,0.0,2.49,2.6,15.35,52.73,208.69,208.69,65.48,-10.15,-50.44,0.0,0.0,61561302031.0,0.7931,0.0,0.0,0.6108,0.0,41.96,0.0,0.0,0.0,1379,37600000000
065450,빅텍,7.26,3.49,0.0,5.27,5.31,43.74,108.24,132.42,132.42,48.02,16.04,140.5,0.0,0.0,82956728421.0,0.6572,30.22,0.0,0.9885,0.0,33.75,0.0,0.0,0.0,2780,82000000000
065500,오리엔트정공,4.54,1.83,0.0,0.58,1.14,9.12,148.05,89.56,89.56,40.31,-9.38,-25.3,0.0,0.0,157135799037.0,1.5987,0.0,0.0,0.2705,0.0,110.88,0.0,0.0,0.0,1188,42500000000
065510,휴비츠,-4.42,-2.2,0.0,4.7,-4.19,55.53,100.91,107.19,107.19,49.77,0.14,-58.35,0.0,0.0,118043310694.0,0.5252,0.0,0.0,0.6608,0.0,34.37,0.0,0.0,0.0,7170,78000000000
065530,와이어블,5.83,3.26,0.0,7.25,6.02,54.76,78.87,92.52,92.52,55.91,-4.91,43.14,0.0,0.0,75539040453.0,0.5411,9.44,0.0,0.7599,0.0,21.72,0.0,0.0,0.0,1199,57400000000
065560,메티스,7.98,6.66,0.0,-33.12,28.01,-36.81,19.72,278.72,278.72,83.53,-22.87,-93.86,0.0,0.0,11113963679.0,0.2378,0.0,0.0,0.0,0.0,0.0,0.0,0.0,0.0,0,0
065570,삼영이엔씨,4.64,2.09,0.0,-0.59,2.53,-1.95,122.32,167.49,167.49,44.98,-7.87,96.72,0.0,0.0,33261463483.0,0.8262,0.0,0.0,0.3698,0.0,0.0,0.0,0.0,0.0,764,12300000000
065660,안트로젠,-1.57,-1.56,0.0,-32.28,-18.23,-24.33,0.93,7812.05,7812.05,99.08,8.71,35.12,0.0,0.0,7536467883.0,0.0854,0.0,0.0,20.089,0.0,0.0,0.0,0.0,0.0,15130,151400000000
065690,파커스,9.69,6.03,0.0,-23.8,9.16,-127.35,60.71,271.36,271.36,62.22,-16.0,-791.79,0.0,0.0,53499990345.0,0.6581,23.09,0.0,0.4206,0.0,0.0,0.0,0.0,0.0,1870,22500000000
065710,서호전기,24.95,20.02,0.0,21.72,17.75,253.26,24.6,321.04,321.04,80.26,150.98,1439.0,0.0,0.0,116625518085.0,1.1278,10.53,0.0,2.0227,0.0,10.12,0.0,0.0,0.0,45800,235900000000
065770,CS,-5.72,-5.24,0.0,-5.0,-4.22,-11.83,9.23,1008.83,1008.83,91.55,-36.4,-491.54,0.0,0.0,23640234124.0,1.2406,0.0,0.0,0.533,0.0,0.0,0.0,0.0,0.0,1200,12600000000
065950,웰크론,-81.39,-14.94,0.0,-4.13,-18.28,-111.18,444.94,62.04,62.04,18.35,-18.28,-611.95,0.0,0.0,268959790113.0,0.8172,0.0,0.0,0.1257,0.0,0.0,0.0,0.0,0.0,1199,33800000000
066130,하츠,7.77,5.69,0.0,5.85,5.12,103.54,36.37,200.57,200.57,73.33,-5.15,-3.35,0.0,0.0,176939282893.0,1.1116,5.86,0.0,0.2509,0.0,8.39,0.0,0.0,0.0,3465,44400000000
066310,큐에스아이,2.88,2.7,0.0,1.26,10.81,2.94,6.42,969.94,969.94,93.97,8.98,-75.19,0.0,0.0,23282562121.0,0.2503,10.74,0.0,2.9636,0.0,253.9,0.0,0.0,0.0,7440,69000000000
066360,체리부로,20.6,8.74,0.0,7.03,7.05,284.82,135.66,70.21,70.21,42.43,5.89,893.99,0.0,0.0,405435680279.0,1.2395,1.35,0.0,0.0809,0.0,7.76,0.0,0.0,0.0,1368,32800000000
066410,버킷스튜디오,-23.33,-22.09,0.0,-35.79,-221.52,-61.83,5.6,98.01,98.01,94.7,-1.08,25.17,0.0,0.0,17273408347.0,0.0997,0.0,0.0,9.2396,0.0,0.0,0.0,0.0,0.0,1153,159600000000
066430,아이로보틱스,3.86,3.33,0.0,0.47,4.67,1.7,15.88,161.94,161.94,86.29,0.78,-81.82,0.0,0.0,36426291956.0,0.7132,75.18,0.0,2.2621,0.0,526.26,0.0,0.0,0.0,2105,82400000000
066570,LG전자,4.27,1.78,0.0,2.78,1.37,24783.92,140.33,128.28,128.28,41.61,1.68,-27.53,0.0,0.0,89200882000000.0,1.2999,37.48,0.0,0.3953,0.0,30.4,0.0,0.0,0.0,216500,35264500000000
066590,스모트로닉,-14.42,-4.23,0.0,0.12,-3.08,4.51,240.77,78.17,78.17,29.35,4.06,-95.01,0.0,0.0,368608811121.0,1.3747,0.0,0.0,0.2735,0.0,643.29,0.0,0.0,0.0,2605,100800000000
066620,국보디자인,12.25,8.39,0.0,10.43,9.04,457.62,46.07,219.47,219.47,68.46,4.09,9.74,0.0,0.0,438886977675.0,0.9275,1.75,0.0,0.4409,0.0,7.49,0.0,0.0,0.0,25800,193500000000
066670,디티씨,-0.57,-0.46,0.0,-0.94,-0.75,-17.65,22.61,463.09,463.09,81.56,1487.14,-172.38,0.0,0.0,188618668917.0,0.6184,10.82,0.0,0.3123,0.0,0.0,0.0,0.0,0.0,3150,58900000000
066700,테라젠이텍스,7.38,4.56,0.0,3.76,4.32,102.13,61.86,194.72,194.72,61.78,8.8,-18.29,0.0,0.0,271589661726.0,1.0542,62.06,0.0,0.2887,0.0,17.32,0.0,0.0,0.0,2110,78400000000
066790,씨씨에스,-35.71,-31.34,0.0,-27.48,-49.67,-50.2,13.94,687.37,687.37,87.77,-0.36,-490.61,0.0,0.0,18271161053.0,0.6311,0.0,0.0,5.3308,0.0,0.0,0.0,0.0,0.0,2205,97400000000
066900,디에이피,311.85,-11.66,0.0,-10.64,-11.93,-578.19,-2773.99,57.47,57.47,-3.74,11.12,-90.21,0.0,0.0,543196073695.0,0.978,0.85,0.0,0.0738,0.0,0.0,0.0,0.0,0.0,1765,40100000000
066910,손오공,1.64,0.67,0.0,-6.89,0.83,-66.83,143.04,105.7,105.7,41.15,217.68,26.45,0.0,0.0,96999899742.0,0.8085,4.83,0.0,0.3041,0.0,0.0,0.0,0.0,0.0,1918,29500000000
066970,엘앤에프,-79.0,-17.06,0.0,-7.28,-24.81,-1568.5,363.06,65.35,65.35,21.6,12.97,71.93,0.0,0.0,2154938965103.0,0.6876,0.0,0.0,2.7696,0.0,0.0,0.0,0.0,0.0,146700,5968400000000
066980,한성크린텍,0.85,0.34,0.0,1.42,0.27,28.4,148.02,94.46,94.46,40.32,28.76,105.6,0.0,0.0,199851392139.0,1.2747,0.0,0.0,0.4343,0.0,63.52,0.0,0.0,0.0,1615,86800000000
067000,조이시티,-12.03,-4.92,0.0,4.04,-7.4,56.65,144.79,72.82,72.82,40.85,-1.74,-51.23,0.0,0.0,140359841215.0,0.6645,0.0,0.0,0.5792,0.0,36.41,0.0,0.0,0.0,1163,81300000000
067010,이씨에스,1.22,0.85,0.0,-3.67,0.85,-26.92,44.25,294.53,294.53,69.32,-20.11,-282.52,0.0,0.0,73347135869.0,0.9908,9.71,0.0,0.3708,0.0,0.0,0.0,0.0,0.0,2495,27200000000
067080,대화제약,2.94,1.1,0.0,2.21,1.63,31.62,166.44,51.33,51.33,37.53,-4.25,-52.89,0.0,0.0,143060002187.0,0.6784,45.13,0.0,1.3973,0.0,104.87,0.0,0.0,0.0,10740,199900000000
067160,SOOP,20.62,11.73,0.0,26.76,22.24,1248.4,75.84,200.7,200.7,56.87,12.92,9.99,0.0,0.0,466570266082.0,0.5273,5.02,0.0,0.9448,0.0,6.59,0.0,0.0,0.0,38350,440800000000
067170,오텍,-5.86,-1.56,0.0,-0.27,-0.93,-22.63,275.17,89.42,89.42,26.65,-6.28,84.79,0.0,0.0,852138652064.0,1.6742,0.0,0.0,0.0902,0.0,0.0,0.0,0.0,0.0,2800,76900000000
067250,케이조선,28.3,9.8,0.0,11.58,11.25,1454.27,188.59,128.0,128.0,34.65,34.4,1199.27,0.0,0.0,1256302000000.0,0.8712,0.0,0.0,0.0,0.0,0.0,0.0,0.0,0.0,0,0
067280,멀티캠퍼스,11.21,8.19,0.0,9.64,7.98,318.92,36.84,382.39,382.39,73.08,-6.21,-18.08,0.0,0.0,330827395521.0,1.0273,6.15,0.0,0.4265,0.0,7.14,0.0,0.0,0.0,23800,141100000000
067290,JW신약,38.44,26.88,0.0,9.2,19.32,74.55,43.0,169.3,169.3,69.93,-12.87,-25.09,0.0,0.0,81043717132.0,1.3915,12.57,0.0,1.5905,0.0,19.64,0.0,0.0,0.0,2300,128900000000
067310,하나마이크론,10.05,3.25,0.0,8.32,4.27,1276.89,209.16,84.69,84.69,32.35,22.69,19.57,0.0,0.0,1534418874072.0,0.7604,13.79,0.0,1.5405,0.0,29.2,0.0,0.0,0.0,35550,2363800000000
067370,선바이오,9.68,4.6,0.0,36.83,20.43,50.36,110.17,53.05,53.05,47.58,57.47,1044.43,0.0,0.0,13672512814.0,0.2253,17.7,0.0,5.5659,0.0,21.43,0.0,0.0,0.0,6230,76100000000
067390,아스트,-2.88,-1.58,0.0,2.89,-3.47,73.59,82.69,173.32,173.32,54.74,48.43,215.04,0.0,0.0,254386380552.0,0.4538,41.85,0.0,0.8039,0.0,62.27,0.0,0.0,0.0,4855,204500000000
067570,엔브이에이치코리아,-13.41,-2.85,0.0,-1.35,-2.77,-218.7,371.09,75.59,75.59,21.23,2.3,-132.36,0.0,0.0,1623889869779.0,1.0283,0.0,0.0,0.0444,0.0,0.0,0.0,0.0,0.0,1710,72100000000
067630,HLB생명과학,-33.57,-20.9,0.0,-48.14,-218.45,-220.27,60.57,58.02,58.02,62.28,39.61,7.31,0.0,0.0,45752222713.0,0.0957,0.0,0.0,7.1953,0.0,0.0,0.0,0.0,0.0,2700,329200000000
067730,로지시스,15.72,11.07,0.0,5.94,6.81,28.84,42.09,258.67,258.67,70.38,13.26,20.63,0.0,0.0,48541050274.0,1.6252,5.84,0.0,0.445,0.0,10.56,0.0,0.0,0.0,2230,21600000000
067770,세진티에스,1.5,1.46,0.0,-1.74,6.0,-2.07,3.06,2578.33,2578.33,97.03,-9.71,-128.16,0.0,0.0,11896547885.0,0.2428,7.82,0.0,1.9165,0.0,0.0,0.0,0.0,0.0,2720,22800000000
067830,세이브존I&C,1.58,1.32,0.0,3.88,6.57,45.86,19.54,235.24,235.24,83.65,0.73,-41.03,0.0,0.0,118101449478.0,0.2008,2.83,0.0,0.8603,0.0,43.13,0.0,0.0,0.0,2475,101600000000
067900,와이엔텍,8.78,6.08,0.0,22.29,26.01,260.73,44.29,121.47,121.47,69.3,2.84,-13.89,0.0,0.0,116995951433.0,0.2339,3.69,0.0,0.9445,0.0,10.13,0.0,0.0,0.0,6070,110500000000
067920,이글루,2.56,1.99,0.0,0.0,0.0,160.09,28.76,290.17,290.17,77.67,0.0,163.82,0.0,0.0,0.0,0.0,0.0,0.0,0.0,0.0,6.3,0.0,0.0,0.0,5470,60100000000
067990,도이치모터스,0.45,0.1,0.0,1.6,0.07,407.86,336.28,40.32,40.32,22.92,17.55,62.88,0.0,0.0,2549096896332.0,1.5526,48.51,0.0,0.0428,0.0,33.7,0.0,0.0,0.0,3735,109000000000
068050,팬엔터테인먼트,-13.07,-6.88,0.0,-9.87,-23.1,-34.72,89.99,35.03,35.03,52.64,1.41,-2794.25,0.0,0.0,35178107167.0,0.2977,0.0,0.0,0.9182,0.0,0.0,0.0,0.0,0.0,1165,32300000000
068060,케이씨더블류,-0.14,-0.08,0.0,-33.17,-0.18,-16.18,61.66,433.78,433.78,61.86,-6.73,-175.35,0.0,0.0,4876442110.0,0.4777,0.0,0.0,0.0,0.0,0.0,0.0,0.0,0.0,0,0
068100,케이웨더,-15.09,-10.62,0.0,-9.79,-9.82,-17.32,42.03,273.91,273.91,70.41,13.5,16.02,0.0,0.0,17691551363.0,1.0814,0.0,0.0,1.5601,0.0,0.0,0.0,0.0,0.0,2315,27600000000
068240,다원시스,38.18,-31.96,0.0,-107.66,-175.63,-1206.78,-219.45,29.63,29.63,-83.72,-62.83,-1678.04,0.0,0.0,112089010367.0,0.182,0.0,0.0,0.8618,0.0,0.0,0.0,0.0,0.0,2530,96600000000
068270,셀트리온,5.94,4.62,0.0,28.07,24.78,11684.71,28.71,139.32,139.32,77.69,17.01,137.49,0.0,0.0,4162495108881.0,0.1864,28.76,0.0,10.5565,0.0,41.87,0.0,0.0,0.0,188900,43941400000000
068290,삼성출판사,2.47,2.08,0.0,-1.97,10.05,-7.95,18.74,463.15,463.15,84.22,-0.68,-338.54,0.0,0.0,40291331074.0,0.2069,8.41,0.0,1.5735,0.0,0.0,0.0,0.0,0.0,6340,63400000000
068330,일신바이오,7.4,6.99,0.0,31.29,32.99,45.46,5.85,1481.97,1481.97,94.48,34.32,100.96,0.0,0.0,14530428309.0,0.2119,8.15,0.0,3.3722,0.0,11.61,0.0,0.0,0.0,1108,49000000000
068400,에스케이렌터카,8.62,1.28,0.0,10.83,3.3,1687.39,574.67,25.15,25.15,14.82,0.12,-2.2,0.0,0.0,1558366386407.0,0.3869,0.0,0.0,0.0,0.0,0.0,0.0,0.0,0.0,0,0
068420,엔터미디어,-1472.72,-18.97,0.0,-112.98,-445.91,-22.17,7664.04,10.98,10.98,1.29,-47.7,-97.42,0.0,0.0,1961973795.0,0.0425,0.0,0.0,0.0,0.0,0.0,0.0,0.0,0.0,0,0
068760,셀트리온제약,8.89,5.1,0.0,10.46,7.22,560.92,74.2,165.92,165.92,57.41,12.26,50.69,0.0,0.0,536400308882.0,0.7063,43.3,0.0,3.4519,0.0,38.78,0.0,0.0,0.0,41700,1851600000000
068790,DMS,32.84,24.78,0.0,2.72,91.46,42.36,32.51,115.15,115.15,75.47,41.86,207.93,0.0,0.0,155471297435.0,0.271,1.2,0.0,1.0497,0.0,71.76,0.0,0.0,0.0,7230,163200000000
068930,디지털대성,15.03,7.41,0.0,12.43,10.1,315.59,102.9,45.91,45.91,49.29,16.58,33.14,0.0,0.0,253821898980.0,0.7336,6.56,0.0,0.9444,0.0,13.16,0.0,0.0,0.0,8660,239700000000
068940,셀피글로벌,-103.13,-40.99,0.0,-9.66,-29.76,-34.28,151.58,100.01,100.01,39.75,5.32,-100.82,0.0,0.0,35505883136.0,1.3774,0.0,0.0,1.0055,0.0,0.0,0.0,0.0,0.0,778,35700000000
069080,웹젠,3.44,3.06,0.0,17.04,13.49,297.28,12.31,463.34,463.34,89.04,-18.77,-45.51,0.0,0.0,174436688525.0,0.2271,12.25,0.0,1.9881,0.0,14.5,0.0,0.0,0.0,11200,346800000000
069140,누리플랜,2.96,0.97,0.0,4.1,1.16,48.21,203.28,60.06,60.06,32.97,1.36,16.73,0.0,0.0,117635132082.0,0.8385,49.87,0.0,0.2431,0.0,25.44,0.0,0.0,0.0,1895,28600000000
069260,티케이지휴켐스,6.52,5.07,0.0,5.82,5.25,656.15,28.61,213.86,213.86,77.75,-5.1,-18.8,0.0,0.0,1127691137096.0,0.9653,10.42,0.0,0.5956,0.0,14.2,0.0,0.0,0.0,16430,671600000000
069330,유아이디,6.19,2.81,0.0,2.62,2.59,13.02,120.5,74.09,74.09,45.35,-7.22,433.45,0.0,0.0,49690517314.0,1.0848,5.83,0.0,0.4005,0.0,34.52,0.0,0.0,0.0,1172,19900000000
069410,엔텔스,5.65,4.53,0.0,3.24,4.74,21.62,24.82,331.59,331.59,80.11,39.44,990.1,0.0,0.0,66760703264.0,0.9563,10.02,0.0,0.4239,0.0,19.51,0.0,0.0,0.0,2765,28300000000
069460,대호에이엘,-38.5,-19.16,0.0,1.61,-15.07,34.72,100.9,114.3,114.3,49.77,27.95,-40.42,0.0,0.0,215642472961.0,1.2717,0.0,0.0,0.2147,0.0,37.87,0.0,0.0,0.0,2660,46300000000
069540,빛과전자,-33.38,-21.22,0.0,-52.03,-61.85,-165.31,57.3,124.5,124.5,63.57,75.2,-60.95,0.0,0.0,31770167371.0,0.343,0.0,0.0,10.0566,0.0,0.0,0.0,0.0,0.0,2835,319500000000
069620,대웅제약,17.0,8.16,0.0,12.53,12.28,1967.82,108.24,124.38,124.38,48.02,10.42,33.01,0.0,0.0,1570891005329.0,0.6648,7.53,0.0,0.9367,0.0,13.72,0.0,0.0,0.0,127000,1471500000000
069640,한세엠케이,-201.99,-13.43,0.0,-4.88,-15.23,-121.39,1403.71,66.21,66.21,6.65,1.56,31.14,0.0,0.0,248888878166.0,0.8818,0.0,0.0,0.1262,0.0,0.0,0.0,0.0,0.0,1446,31400000000
069730,DSR제강,13.13,9.55,0.0,12.37,10.89,280.35,37.51,208.45,208.45,72.72,5.09,43.69,0.0,0.0,226550389881.0,0.8766,2.39,0.0,0.354,0.0,5.38,0.0,0.0,0.0,5570,80200000000
069920,엑시온그룹,-58.89,-28.9,0.0,-24.61,-93.34,-59.09,103.79,53.74,53.74,49.07,405.99,41.38,0.0,0.0,24004458754.0,0.3096,0.0,0.0,0.7415,0.0,0.0,0.0,0.0,0.0,1234,17800000000
069960,현대백화점,2.24,1.26,0.0,8.93,3.35,3779.48,78.26,82.55,82.55,56.1,1.02,33.06,0.0,0.0,4230320613000.0,0.376,9.24,0.0,0.4863,0.0,18.51,0.0,0.0,0.0,95400,2057300000000
070080,삼보오토,3.04,0.81,0.0,4.2,1.06,60.41,275.46,97.23,97.23,26.63,6.52,18.63,0.0,0.0,143856880615.0,0.7603,0.0,0.0,0.0,0.0,0.0,0.0,0.0,0.0,0,0
070300,퀀텀레일,-1.55,-0.97,0.0,10.26,-2.69,19.02,59.85,185.41,185.41,62.56,72.49,187.38,0.0,0.0,18537408816.0,0.3614,0.0,0.0,3.3823,0.0,43.06,0.0,0.0,0.0,1766,62700000000
070590,인티큐브,6.63,2.72,0.0,1.62,1.38,10.47,143.94,132.53,132.53,40.99,32.86,135.08,0.0,0.0,64818242303.0,1.9672,0.0,0.0,0.415,0.0,44.26,0.0,0.0,0.0,1936,26900000000
070960,모나용평,-8.45,-2.98,0.0,9.31,-12.25,232.8,183.41,85.68,85.68,35.29,-6.58,-13.7,0.0,0.0,250149769820.0,0.2434,0.0,0.0,0.4002,0.0,32.87,0.0,0.0,0.0,2080,100100000000
071050,한국금융지주,16.73,1.49,0.0,0.0,0.0,23453.29,1025.35,0.0,0.0,8.89,0.0,95.49,0.0,0.0,0.0,0.0,4.78,0.0,0.0,0.0,57.46,0.0,0.0,0.0,192200,10710500000000
071090,하이스틸,-3.18,-1.75,0.0,-1.3,-1.78,-33.25,81.79,100.79,100.79,55.01,4.21,-464.63,0.0,0.0,256623288696.0,0.9822,68.22,0.0,0.2416,0.0,0.0,0.0,0.0,0.0,3070,62000000000
071200,인피니트헬스케어,13.74,10.75,0.0,13.88,26.13,142.17,27.79,555.0,555.0,78.25,6.94,84.05,0.0,0.0,102391971526.0,0.4116,3.77,0.0,2.3635,0.0,20.83,0.0,0.0,0.0,9920,242000000000
071280,로체시스템즈,8.9,7.55,0.0,11.55,9.82,144.23,17.86,384.32,384.32,84.85,-21.99,-27.07,0.0,0.0,124870173744.0,0.769,7.38,0.0,0.8136,0.0,8.75,0.0,0.0,0.0,6640,101600000000
071320,지역난방공사,14.73,4.12,0.0,13.25,8.48,5296.24,257.56,51.11,51.11,27.97,11.98,61.5,0.0,0.0,3998187000000.0,0.4859,2.5,0.0,0.2213,0.0,12.86,0.0,0.0,0.0,76400,884600000000
071460,위니아,10.47,-83.58,0.0,-181.32,-200.15,-484.18,-112.53,3.82,3.82,-798.16,-74.21,46.99,0.0,0.0,26703874532.0,0.4176,0.0,0.0,0.0,0.0,0.0,0.0,0.0,0.0,0,0
071670,에이테크솔루션,0.37,0.1,0.0,0.2,0.11,6.11,263.66,97.37,97.37,27.5,5.51,24.16,0.0,0.0,305490060000.0,0.9451,0.0,0.0,0.1643,0.0,465.52,0.0,0.0,0.0,5020,50200000000
071840,롯데하이마트,-0.26,-0.14,0.0,0.42,-0.11,96.39,89.92,96.31,96.31,52.65,-2.4,460.15,0.0,0.0,2300095883091.0,1.2843,0.0,0.0,0.0658,0.0,103.66,0.0,0.0,0.0,6410,151300000000
071850,캐스텍코리아,-38.5,-11.61,0.0,-4.04,-13.73,-62.74,231.72,83.3,83.3,30.15,-2.01,37.38,0.0,0.0,155324721018.0,0.8455,0.0,0.0,0.2067,0.0,0.0,0.0,0.0,0.0,1324,32100000000
071950,코아스,-90.57,-38.62,0.0,-9.13,-50.53,-56.8,134.5,49.16,49.16,42.64,-20.17,21.59,0.0,0.0,62229199785.0,0.7644,0.0,0.0,0.3985,0.0,0.0,0.0,0.0,0.0,1718,24800000000
071970,HD현대마린엔진,33.77,20.27,0.0,18.86,41.03,759.12,66.63,161.23,161.23,60.01,27.42,128.69,0.0,0.0,402396221904.0,0.4939,9.08,0.0,4.3919,0.0,27.57,0.0,0.0,0.0,52100,1767300000000
072020,중앙백신,5.84,5.01,0.0,13.2,12.55,64.79,16.56,426.75,426.75,85.79,7.62,12.52,0.0,0.0,49068711762.0,0.3995,11.18,0.0,1.7649,0.0,16.06,0.0,0.0,0.0,9350,86600000000
072130,유엔젤,6.9,5.62,0.0,5.55,7.09,34.2,22.68,255.75,255.75,81.51,16.06,333.63,0.0,0.0,61566608489.0,0.7929,9.64,0.0,1.0022,0.0,22.24,0.0,0.0,0.0,4860,61700000000
072470,우리산업홀딩스,8.97,3.72,0.0,4.86,2.69,342.4,141.0,119.55,119.55,41.49,9.26,127.88,0.0,0.0,705003098505.0,1.3827,3.91,0.0,0.0664,0.0,10.08,0.0,0.0,0.0,2480,46800000000
072710,농심홀딩스,8.67,6.24,0.0,9.45,13.34,811.17,39.04,115.21,115.21,71.92,7.58,-6.37,0.0,0.0,858816121290.0,0.4676,3.35,0.0,0.5151,0.0,11.81,0.0,0.0,0.0,95400,442400000000
072770,멤레이비티,-43.15,-14.42,0.0,-3.13,-23.02,-28.07,199.25,92.26,92.26,33.42,-31.13,0.47,0.0,0.0,89629369374.0,0.6264,0.0,0.0,0.463,0.0,0.0,0.0,0.0,0.0,1000,41500000000
072870,메가스터디,7.9,5.39,0.0,16.14,23.16,205.43,46.63,97.73,97.73,68.2,-5.2,-13.61,0.0,0.0,127284905272.0,0.2326,5.5,0.0,1.268,0.0,16.33,0.0,0.0,0.0,13540,161400000000
072950,빛샘전자,9.17,6.6,0.0,7.44,6.39,89.9,39.07,247.29,247.29,71.91,41.98,77.19,0.0,0.0,120858537424.0,1.0317,6.23,0.0,0.58,0.0,11.46,0.0,0.0,0.0,8700,70100000000
072990,에이치시티,5.39,2.88,0.0,7.69,4.86,82.73,87.56,72.17,72.17,53.32,13.9,-26.17,0.0,0.0,107526581029.0,0.5923,50.33,0.0,0.4073,0.0,15.54,0.0,0.0,0.0,3020,43800000000
073010,케이에스피,7.89,4.55,0.0,12.08,6.87,115.4,73.3,143.26,143.26,57.7,12.04,-16.44,0.0,0.0,95532762605.0,0.6634,14.8,0.0,1.2268,0.0,15.43,0.0,0.0,0.0,2915,117200000000
073110,엘엠에스,-16.65,-8.07,0.0,-13.83,-17.43,-96.21,106.34,131.35,131.35,48.46,2.75,-162.15,0.0,0.0,69574137851.0,0.4629,14.31,0.0,0.6382,0.0,0.0,0.0,0.0,0.0,4995,44400000000
073190,듀오백,-13.36,-8.78,0.0,-15.03,-22.8,-30.2,52.13,66.57,66.57,65.73,-13.02,10.48,0.0,0.0,20094729114.0,0.3853,0.0,0.0,0.9654,0.0,0.0,0.0,0.0,0.0,1622,19400000000
073240,금호타이어,16.83,6.8,0.0,12.25,8.01,5758.59,147.44,114.2,114.2,40.41,3.73,-2.16,0.0,0.0,4701282075494.0,0.8487,4.44,0.0,0.4497,0.0,9.4,0.0,0.0,0.0,7360,2114200000000
073490,LIG아큐버,-0.72,-0.53,0.0,-0.6,-0.64,-11.2,36.42,262.44,262.44,73.3,-1.91,-145.95,0.0,0.0,186100825069.0,0.8158,22.7,0.0,1.238,0.0,0.0,0.0,0.0,0.0,30300,230400000000
073540,에프알텍,3.61,2.98,0.0,3.64,8.72,9.2,21.4,338.03,338.03,82.37,-15.11,12.9,0.0,0.0,25263688167.0,0.3411,0.0,0.0,1.0054,0.0,41.82,0.0,0.0,0.0,2225,25400000000
073560,우리손에프앤지,6.81,4.17,0.0,11.39,8.22,326.91,63.36,123.61,123.61,61.21,-1.92,18.76,0.0,0.0,287050419297.0,0.507,3.86,0.0,0.3665,0.0,9.94,0.0,0.0,0.0,1520,105200000000
073570,리튬포어스,-23.99,-22.67,0.0,-42.07,-125.82,-44.82,5.82,1322.75,1322.75,94.5,-29.74,14.16,0.0,0.0,10653571827.0,0.1802,0.0,0.0,1.9149,0.0,0.0,0.0,0.0,0.0,1694,20400000000
073640,테라사이언스,-60.25,-30.62,0.0,-71.74,-122.0,-101.4,96.75,75.58,75.58,50.83,-18.17,-8.32,0.0,0.0,14134317596.0,0.251,0.0,0.0,5.3841,0.0,0.0,0.0,0.0,0.0,654,76100000000
074430,아미노로직스,6.29,4.18,0.0,16.32,15.99,35.94,50.34,285.07,285.07,66.52,31.15,266.92,0.0,0.0,22020233503.0,0.2616,31.69,0.0,4.5685,0.0,35.83,0.0,0.0,0.0,1141,100600000000
074600,원익QnC,0.17,0.06,0.0,6.32,0.1,596.1,170.93,117.98,117.98,36.91,5.84,-34.21,0.0,0.0,943641492868.0,0.6104,14.27,0.0,0.7313,0.0,27.94,0.0,0.0,0.0,26250,690100000000
074610,이엔플러스,2.76,0.92,0.0,-9.58,1.33,-28.26,200.5,31.83,31.83,33.28,46.06,83.65,0.0,0.0,29504334488.0,0.6923,0.0,0.0,1.5184,0.0,0.0,0.0,0.0,0.0,5110,44800000000
075130,플랜티넷,2.35,2.01,0.0,7.15,4.2,32.61,16.87,360.74,360.74,85.57,24.37,52.38,0.0,0.0,45612921206.0,0.4793,212.0,0.0,0.7498,0.0,14.7,0.0,0.0,0.0,2120,34200000000
075180,새론오토모티브,-0.21,-0.19,0.0,-0.53,-0.37,-7.39,12.31,669.31,669.31,89.04,-2.33,87.22,0.0,0.0,138694899840.0,0.5042,5.51,0.0,0.4074,0.0,0.0,0.0,0.0,0.0,2945,56500000000
075580,세진중공업,19.98,9.38,0.0,18.22,14.86,733.89,112.95,81.93,81.93,46.96,14.28,103.97,0.0,0.0,402686260726.0,0.6314,9.21,0.0,1.4654,0.0,12.65,0.0,0.0,0.0,10380,590100000000
075970,동국알앤에스,0.71,0.46,0.0,3.05,0.52,33.78,53.27,162.64,162.64,65.24,0.34,196.91,0.0,0.0,110734618130.0,0.8805,40.67,0.0,0.2637,0.0,21.58,0.0,0.0,0.0,1586,29200000000
076080,웰크론한텍,-317.75,-37.78,0.0,-10.88,-26.06,-181.3,741.04,61.43,61.43,11.89,-36.35,-1031.17,0.0,0.0,166692738852.0,1.4498,0.0,0.0,0.1494,0.0,0.0,0.0,0.0,0.0,1101,24900000000
076610,해성옵틱스,0.0,0.0,0.0,-4.2,0.0,-67.37,416.01,63.85,63.85,19.38,47.73,49.7,0.0,0.0,160334996562.0,1.0999,0.0,0.0,0.4827,0.0,0.0,0.0,0.0,0.0,1307,77400000000
077360,덕산하이메탈,-34.15,-17.56,0.0,1.19,-48.94,28.13,94.52,92.14,92.14,51.41,0.22,-84.91,0.0,0.0,236404536110.0,0.3588,0.0,0.0,1.9987,0.0,281.8,0.0,0.0,0.0,10400,472500000000
077500,유니퀘스트,7.88,3.75,0.0,5.03,2.64,366.87,110.34,173.88,173.88,47.54,2.75,7.47,0.0,0.0,730042828552.0,1.4174,5.67,0.0,0.2352,0.0,12.04,0.0,0.0,0.0,7950,171700000000
077970,STX엔진,20.1,5.96,0.0,8.82,8.73,695.93,237.5,97.6,97.6,29.63,8.93,64.77,0.0,0.0,789341914687.0,0.6819,14.86,0.0,1.2716,0.0,26.13,0.0,0.0,0.0,25000,1003700000000
078000,텔코웨어,5.49,4.34,0.0,8.57,16.09,32.86,26.54,201.59,201.59,79.03,-14.5,-2.64,0.0,0.0,38351279931.0,0.2698,7.81,0.0,3.2489,0.0,46.99,0.0,0.0,0.0,13480,124600000000
078020,LS증권,2.61,0.22,0.0,0.97,1.0,222.21,1082.25,0.0,0.0,8.46,38.8,1.89,0.0,0.0,2295339555776.0,0.2209,11.15,0.0,0.1639,0.0,444.92,0.0,0.0,0.0,6780,376200000000
078070,유비쿼스홀딩스,8.76,8.06,0.0,19.66,21.61,306.05,8.67,1268.2,1268.2,92.02,23.89,113.31,0.0,0.0,155662304600.0,0.3731,4.6,0.0,0.9546,0.0,5.94,0.0,0.0,0.0,8710,148600000000
078130,국일제지,-1.55,-1.39,0.0,-0.73,-2.74,-4.95,11.66,668.39,668.39,89.56,20.26,61.59,0.0,0.0,67784821286.0,0.5064,0.0,0.0,5.9541,0.0,0.0,0.0,0.0,0.0,3580,403600000000
078140,대봉엘에스,6.83,4.51,0.0,7.18,11.7,73.32,51.48,544.28,544.28,66.02,8.63,-19.02,0.0,0.0,102063530166.0,0.3852,67.07,0.0,0.8965,0.0,24.76,0.0,0.0,0.0,8250,91500000000
078150,HB테크놀러지,9.96,7.43,0.0,3.89,17.72,62.41,34.08,131.1,131.1,74.58,-1.27,137.8,0.0,0.0,160310839339.0,0.4194,3.6,0.0,1.1316,0.0,44.64,0.0,0.0,0.0,1911,181400000000
078160,메디포스트,-34.41,-19.93,0.0,-92.3,-116.75,-679.84,72.68,132.52,132.52,57.91,4.25,-40.04,0.0,0.0,73656891468.0,0.1707,0.0,0.0,4.764,0.0,0.0,0.0,0.0,0.0,8950,350900000000
078350,한양디지텍,8.81,5.03,0.0,3.67,2.3,238.71,75.0,139.13,139.13,57.14,9.39,-31.88,0.0,0.0,651051158827.0,2.1883,10.13,0.0,0.4823,0.0,18.5,0.0,0.0,0.0,20600,314000000000
078520,에이블씨엔씨,16.31,8.63,0.0,7.42,5.84,179.53,89.12,226.58,226.58,52.88,1.15,-1.33,0.0,0.0,242001742092.0,1.4778,14.11,0.0,1.3876,0.0,23.0,0.0,0.0,0.0,12910,335800000000
078590,휴림에이텍,-22.72,-13.63,0.0,0.38,-17.28,2.48,66.74,57.58,57.58,59.97,-8.45,-93.78,0.0,0.0,64375014019.0,0.7888,0.0,0.0,0.4769,0.0,255.72,0.0,0.0,0.0,3075,30700000000
078600,대주전자재료,8.1,3.16,0.0,8.12,8.21,206.86,155.9,63.9,63.9,39.08,16.09,-29.53,0.0,0.0,254613180231.0,0.3855,141.85,0.0,5.6867,0.0,89.44,0.0,0.0,0.0,92200,1447900000000
078860,아이오케이이엔엠,-25.37,-20.52,0.0,-65.61,-142.38,-80.23,23.6,204.61,204.61,80.91,-49.27,-24.05,0.0,0.0,12227719936.0,0.1442,0.0,0.0,1.3003,0.0,0.0,0.0,0.0,0.0,2580,15900000000
078890,가온그룹,4.74,1.45,0.0,2.42,1.12,125.26,226.69,125.43,125.43,30.61,5.76,129.9,0.0,0.0,517549509670.0,1.2927,12.73,0.0,0.1546,0.0,28.57,0.0,0.0,0.0,4340,80000000000
078930,GS,5.41,2.91,0.0,11.66,4.12,29360.61,86.04,93.66,93.66,53.75,-0.26,-4.59,0.0,0.0,25184127000000.0,0.7053,5.15,0.0,0.4688,0.0,9.65,0.0,0.0,0.0,127100,11807000000000
079000,와토스코리아,-3.86,-3.61,0.0,-30.55,-19.41,-43.16,6.89,2110.08,2110.08,93.55,-19.27,-1645.72,0.0,0.0,14125847378.0,0.1858,0.0,0.0,2.0813,0.0,0.0,0.0,0.0,0.0,4090,29400000000
079160,CJ CGV,-22.05,-3.48,0.0,4.23,-6.3,962.17,533.92,66.13,66.13,15.77,16.22,26.71,0.0,0.0,2275369359771.0,0.5519,0.0,0.0,0.3959,0.0,45.45,0.0,0.0,0.0,5440,900800000000
079170,한창산업,9.08,7.62,0.0,8.0,6.68,78.85,19.15,494.83,494.83,83.93,4.14,-10.08,0.0,0.0,98562693505.0,1.1409,7.19,0.0,0.3054,0.0,5.58,0.0,0.0,0.0,5790,30100000000
079190,케스피온,-34.15,-18.82,0.0,-6.2,-10.37,-27.38,81.44,178.19,178.19,55.12,35.43,49.04,0.0,0.0,44149955336.0,1.8152,0.0,0.0,0.2424,0.0,0.0,0.0,0.0,0.0,1120,10700000000
079370,제우스,-3.9,-2.56,0.0,-1.16,-3.69,-44.65,52.24,276.12,276.12,65.69,-21.9,-109.08,0.0,0.0,383307591232.0,0.695,0.0,0.0,0.8351,0.0,0.0,0.0,0.0,0.0,10320,320100000000
079430,현대리바트,1.77,0.96,0.0,1.02,0.48,157.17,84.96,123.02,123.02,54.07,-17.34,-34.61,0.0,0.0,1546206037790.0,1.9996,22.04,0.0,0.0786,0.0,30.33,0.0,0.0,0.0,6040,121500000000
079550,LIG디펜스앤에어로스페이스,16.09,2.94,0.0,7.42,5.51,3194.42,446.35,90.45,90.45,18.3,31.46,43.0,0.0,0.0,4306936127418.0,0.534,53.29,0.0,3.545,0.0,68.42,0.0,0.0,0.0,694000,15268000000000
079650,서산,-2.79,-2.65,0.0,-7.38,-6.31,-33.31,5.39,1565.89,1565.89,94.88,26.4,-33.51,0.0,0.0,45103016559.0,0.42,0.0,0.0,2.3103,0.0,0.0,0.0,0.0,0.0,5210,104200000000
079810,APS이노베이션,0.05,0.04,0.0,3.45,0.12,25.5,32.61,355.85,355.85,75.41,-49.45,-52.4,0.0,0.0,73985134062.0,0.3355,6.86,0.0,1.1083,0.0,53.43,0.0,0.0,0.0,3810,82000000000
079900,전진건설로봇,18.68,12.71,0.0,15.06,15.34,287.19,47.0,219.26,219.26,68.03,12.29,-8.38,0.0,0.0,190660739993.0,0.8283,16.49,0.0,3.031,0.0,22.69,0.0,0.0,0.0,39600,577900000000
079940,가비아,8.33,4.96,0.0,12.06,9.27,404.86,68.0,131.85,131.85,59.52,18.86,15.31,0.0,0.0,335681176239.0,0.5348,33.73,0.0,1.819,0.0,21.36,0.0,0.0,0.0,45500,610600000000
079950,인베니아,-81.2,-19.17,0.0,-46.74,-69.11,-86.07,323.52,75.61,75.61,23.61,-15.7,20.73,0.0,0.0,18412572577.0,0.2774,0.0,0.0,0.7278,0.0,0.0,0.0,0.0,0.0,974,13400000000
079960,동양이엔피,11.11,9.22,0.0,8.99,8.29,536.18,20.49,421.64,421.64,82.99,8.77,3.87,0.0,0.0,596475211237.0,1.1122,2.53,0.0,0.2304,0.0,4.26,0.0,0.0,0.0,18200,137400000000
079970,투비소프트,4.35,2.88,0.0,2.78,3.62,7.43,51.18,132.99,132.99,66.15,-4.85,137.56,0.0,0.0,26761382722.0,0.7946,3.33,0.0,0.284,0.0,25.57,0.0,0.0,0.0,596,7600000000
079980,휴비스,0.94,0.31,0.0,2.22,0.26,197.62,203.0,67.63,67.63,33.0,-5.31,151.66,0.0,0.0,889528441553.0,1.1841,0.0,0.0,0.0787,0.0,29.01,0.0,0.0,0.0,2030,70000000000
080010,이상네트웍스,12.0,10.22,0.0,22.08,19.88,229.17,17.49,516.74,516.74,85.12,6.12,10.51,0.0,0.0,103782678478.0,0.514,5.02,0.0,0.7217,0.0,4.58,0.0,0.0,0.0,7620,74900000000
080160,모두투어,15.65,6.25,0.0,3.54,6.88,74.38,150.28,149.56,149.56,39.96,-15.99,52.13,0.0,0.0,210407391445.0,0.9089,31.41,0.0,0.8013,0.0,41.35,0.0,0.0,0.0,8920,168600000000
080220,제주반도체,17.39,11.76,0.0,11.87,13.07,358.74,47.94,283.28,283.28,67.59,86.16,274.41,0.0,0.0,302230571186.0,0.8995,11.68,0.0,8.9117,0.0,78.11,0.0,0.0,0.0,78200,2693400000000
080420,모다이노칩,-1.67,-0.66,0.0,7.78,-1.74,278.68,154.69,38.85,38.85,39.26,-7.93,-27.83,0.0,0.0,358077406550.0,0.3764,0.0,0.0,0.3698,0.0,25.49,0.0,0.0,0.0,1661,132400000000
080470,성창오토텍,15.4,5.37,0.0,4.77,4.51,116.08,186.77,100.83,100.83,34.87,25.29,84.04,0.0,0.0,243521604086.0,1.1897,4.11,0.0,0.0838,0.0,13.24,0.0,0.0,0.0,2800,20400000000
080520,오디텍,0.69,0.66,0.0,-6.0,2.35,-22.77,4.03,1638.0,1638.0,96.13,2.59,64.21,0.0,0.0,37959545863.0,0.283,16.31,0.0,0.8167,0.0,0.0,0.0,0.0,0.0,2740,31000000000
080530,코디,8.95,6.33,0.0,4.91,6.86,37.54,41.42,242.73,242.73,70.71,-2.4,143.22,0.0,0.0,76531199312.0,0.9225,5.23,0.0,0.3502,0.0,13.61,0.0,0.0,0.0,2425,26800000000
080580,오킨스전자,15.36,8.14,0.0,11.75,8.25,110.86,88.77,120.49,120.49,52.97,41.53,482.12,0.0,0.0,94373992165.0,0.9856,25.61,0.0,4.693,0.0,44.01,0.0,0.0,0.0,21000,442900000000
080720,한국유니온제약,134.58,-67.24,0.0,-47.37,-84.72,-172.32,-300.14,33.71,33.71,-49.96,-29.06,-27.7,0.0,0.0,36378273562.0,0.7937,0.0,0.0,1.314,0.0,0.0,0.0,0.0,0.0,2410,47800000000
081000,일진다이아,1.07,0.95,0.0,-4.18,3.57,-67.85,13.46,892.76,892.76,88.14,3.41,-46.1,0.0,0.0,162400019578.0,0.2654,9.65,0.0,0.8676,0.0,0.0,0.0,0.0,0.0,9920,140900000000
081150,티플랙스,2.03,1.36,0.0,2.5,1.53,52.37,49.36,180.55,180.55,66.95,0.84,9.24,0.0,0.0,209235195605.0,0.8899,19.93,0.0,0.3169,0.0,27.5,0.0,0.0,0.0,2730,66300000000
081180,쎄크,-10.7,-4.51,0.0,-5.18,-6.39,-30.64,137.48,155.17,155.17,42.11,9.78,-329.37,0.0,0.0,59205964528.0,0.7049,0.0,0.0,0.755,0.0,0.0,0.0,0.0,0.0,5060,44700000000
081580,성우전자,10.57,7.58,0.0,2.18,6.61,39.83,39.42,215.16,215.16,71.73,24.4,178.17,0.0,0.0,182738934318.0,1.1466,3.72,0.0,0.1943,0.0,20.23,0.0,0.0,0.0,2290,35500000000
081660,미스토홀딩스,13.44,6.32,0.0,10.62,7.8,4747.81,112.73,212.56,212.56,47.01,4.68,31.59,0.0,0.0,4468646269416.0,0.8097,8.6,0.0,0.4972,0.0,10.84,0.0,0.0,0.0,41850,2221900000000
081970,케이엑스넥스지,11.89,8.79,0.0,10.82,12.72,25.98,35.22,327.06,327.06,73.96,8.21,23.34,0.0,0.0,24005508291.0,0.6914,0.0,0.0,0.0,0.0,0.0,0.0,0.0,0.0,0,0
082210,옵트론텍,-37.57,-9.6,0.0,-1.59,-11.22,-31.1,291.27,43.13,43.13,25.56,-10.2,30.06,0.0,0.0,195737407796.0,0.8558,0.0,0.0,0.3035,0.0,0.0,0.0,0.0,0.0,1698,59400000000
082270,젬백스,0.0,-7.14,0.0,4.65,-13.9,37.93,0.0,65.58,65.58,0.0,30.05,109.89,0.0,0.0,81530820294.0,0.5132,0.0,0.0,6.1572,0.0,159.17,0.0,0.0,0.0,11340,502000000000
082640,동양생명,8.04,0.35,0.0,0.0,0.0,1988.12,2182.12,0.0,0.0,4.38,0.0,-45.98,0.0,0.0,0.0,0.0,0.0,0.0,0.0,0.0,0.0,0.0,0.0,0.0,0,0
082660,코스나인,0.0,0.0,0.0,0.0,0.0,0.0,0.0,0.0,0.0,0.0,-100.0,100.0,0.0,0.0,0.0,0.0,0.0,0.0,0.0,0.0,0.0,0.0,0.0,0.0,480,47800000000
082740,한화엔진,31.24,10.25,0.0,9.49,12.67,1300.66,204.92,168.82,168.82,32.8,14.05,81.83,0.0,0.0,1371057336146.0,0.8086,18.09,0.0,2.888,0.0,39.2,0.0,0.0,0.0,47450,3959600000000
082800,비보존 제약,-44.62,-19.59,0.0,-32.3,-54.64,-191.66,127.73,43.16,43.16,43.91,-32.26,-771.68,0.0,0.0,59343216714.0,0.3586,0.0,0.0,3.4326,0.0,0.0,0.0,0.0,0.0,3355,203700000000
082850,우리바이오,-3.89,-1.34,0.0,0.09,-0.97,9.52,191.54,126.05,126.05,34.3,-15.62,-93.74,0.0,0.0,1043962208896.0,1.3702,12.46,0.0,0.0417,0.0,571.21,0.0,0.0,0.0,897,43500000000
082920,비츠로셀,17.22,15.35,0.0,28.5,23.42,692.68,12.21,730.43,730.43,89.12,15.33,33.44,0.0,0.0,243082541135.0,0.6555,16.4,0.0,4.791,0.0,17.4,0.0,0.0,0.0,25800,1164600000000
083310,엘오티베큠,-3.19,-2.41,0.0,-3.29,-3.18,-80.54,32.27,252.4,252.4,75.6,-7.92,-93.07,0.0,0.0,244892905459.0,0.7595,137.26,0.0,0.7289,0.0,0.0,0.0,0.0,0.0,10020,178500000000
083420,그린케미칼,7.53,4.7,0.0,3.34,3.17,101.49,60.1,129.91,129.91,62.46,-7.96,-5.03,0.0,0.0,304057102221.0,1.4806,5.85,0.0,0.3874,0.0,19.2,0.0,0.0,0.0,4910,117800000000
083450,GST,14.96,11.8,0.0,17.04,13.13,591.72,26.8,331.66,331.66,78.86,4.11,1.02,0.0,0.0,347158632861.0,0.8987,14.64,0.0,2.3465,0.0,15.15,0.0,0.0,0.0,44200,814600000000
083470,이엠앤아이,-47.56,-36.11,0.0,-10.48,-26.32,-19.27,31.7,298.32,298.32,75.93,-38.11,-667.41,0.0,0.0,18380261067.0,1.3718,0.0,0.0,1.1643,0.0,0.0,0.0,0.0,0.0,1001,21400000000
083500,에프엔에스테크,10.47,7.52,0.0,14.05,12.43,103.5,39.28,198.85,198.85,71.8,-16.75,17.54,0.0,0.0,73657803682.0,0.6044,10.72,0.0,1.3155,0.0,12.68,0.0,0.0,0.0,11660,96900000000
083550,케이엠,3.21,2.33,0.0,-0.29,3.1,-3.93,37.48,172.73,172.73,72.74,3.26,88.56,0.0,0.0,135414355363.0,0.7528,9.42,0.0,0.322,0.0,0.0,0.0,0.0,0.0,3220,43600000000
083640,인콘,-1.69,-1.54,0.0,3.34,-2.48,16.95,9.66,783.17,783.17,91.19,3.47,5.33,0.0,0.0,50820522158.0,0.6216,17.25,0.0,0.4919,0.0,18.99,0.0,0.0,0.0,1087,25000000000
083650,비에이치아이,36.7,7.85,0.0,9.75,8.42,754.97,367.65,86.73,86.73,21.38,91.26,244.3,0.0,0.0,774116878915.0,0.9318,37.34,0.0,2.5103,0.0,34.39,0.0,0.0,0.0,62800,1943300000000
083660,CSA 코스믹,-40.27,-22.1,0.0,-20.17,-23.9,-56.34,82.25,141.34,141.34,54.87,-23.23,-49.29,0.0,0.0,27930330148.0,0.9247,0.0,0.0,0.8772,0.0,0.0,0.0,0.0,0.0,1722,24500000000
083790,CG인바이츠,-10.54,-5.58,0.0,-86.73,-45.68,-237.57,88.84,51.26,51.26,52.95,277.64,38.79,0.0,0.0,27391445369.0,0.1222,173.2,0.0,2.4314,0.0,0.0,0.0,0.0,0.0,866,66600000000
083930,아바코,12.91,8.86,0.0,8.81,7.29,346.18,45.83,164.5,164.5,68.57,28.6,69.71,0.0,0.0,392896306694.0,1.2144,10.34,0.0,0.439,0.0,7.92,0.0,0.0,0.0,11750,172500000000
084010,대한제강,1.49,1.11,0.0,-0.23,1.11,-28.73,34.36,262.37,262.37,74.43,1.84,-127.84,0.0,0.0,1247058624052.0,0.9977,65.69,0.0,0.2354,0.0,0.0,0.0,0.0,0.0,8540,293500000000
084110,휴온스글로벌,7.5,5.24,0.0,10.69,9.65,905.52,42.95,191.67,191.67,69.95,4.18,-6.64,0.0,0.0,847453173652.0,0.5433,14.6,0.0,0.3892,0.0,8.82,0.0,0.0,0.0,26050,329800000000
084180,수성웹툰,0.0,0.0,0.0,5.62,0.0,52.13,119.38,29.94,29.94,45.58,69.5,519.21,0.0,0.0,92774434022.0,0.5331,0.0,0.0,0.1164,0.0,20.24,0.0,0.0,0.0,600,10800000000
084370,유진테크,9.05,7.66,0.0,14.75,12.7,516.72,18.16,639.04,639.04,84.63,3.63,-15.54,0.0,0.0,350324287104.0,0.6034,27.46,0.0,8.7196,0.0,60.84,0.0,0.0,0.0,133300,3054700000000
084670,동양고속,5.38,1.88,0.0,4.07,2.36,50.98,186.43,18.75,18.75,34.91,2.84,433.04,0.0,0.0,125183458405.0,0.7964,0.0,0.0,0.5831,0.0,34.39,0.0,0.0,0.0,25200,73000000000
084680,이월드,-8.67,-4.6,0.0,-3.58,-21.0,-31.77,88.64,21.72,21.72,53.01,-18.19,-656.74,0.0,0.0,88727496688.0,0.2189,0.0,0.0,0.8723,0.0,0.0,0.0,0.0,0.0,546,77400000000
084690,대상홀딩스,-22.45,-6.68,0.0,3.55,-5.21,1998.28,236.26,114.08,114.08,29.74,5.06,8.58,0.0,0.0,5628798766399.0,1.2817,0.0,0.0,0.0517,0.0,16.9,0.0,0.0,0.0,8030,290800000000
084730,팅크웨어,-9.78,-5.74,0.0,2.96,-3.96,158.92,70.24,177.36,177.36,58.74,9.55,-40.33,0.0,0.0,536585727369.0,1.4507,0.0,0.0,0.137,0.0,14.23,0.0,0.0,0.0,6620,73500000000
084850,아이티엠반도체,-98.92,-19.1,0.0,-1.16,-15.51,-69.97,417.93,54.76,54.76,19.31,-6.91,-391.1,0.0,0.0,603110608556.0,1.2312,0.0,0.0,0.3366,0.0,0.0,0.0,0.0,0.0,8950,203000000000
084870,티비에이치글로벌,2.5,1.49,0.0,1.73,0.85,31.5,68.02,209.48,209.48,59.52,2.22,-6.26,0.0,0.0,182419159355.0,1.749,0.0,0.0,0.2582,0.0,28.36,0.0,0.0,0.0,2300,47100000000
084990,헬릭스미스,-0.33,-0.32,0.0,-380.97,-17.71,-98.98,1.18,10471.86,10471.86,98.83,-47.77,44.87,0.0,0.0,2598149668.0,0.0181,0.0,0.0,55.0007,0.0,0.0,0.0,0.0,0.0,3100,142900000000
085310,엔케이,-2.22,-1.6,0.0,-0.5,-2.84,-6.48,38.68,227.49,227.49,72.11,17.28,86.57,0.0,0.0,130102265815.0,0.5643,15.29,0.0,0.5334,0.0,0.0,0.0,0.0,0.0,9360,69400000000
085620,미래에셋생명,5.34,0.4,0.0,0.0,0.0,1945.12,1244.75,0.0,0.0,7.44,0.0,59.27,0.0,0.0,0.0,0.0,26.57,0.0,0.0,0.0,171.64,0.0,0.0,0.0,21550,2913100000000
085660,차바이오텍,-18.13,-5.76,0.0,-3.85,-11.57,-487.75,214.81,67.12,67.12,31.77,21.36,18.28,0.0,0.0,1268253668584.0,0.4978,48.04,0.0,0.5916,0.0,0.0,0.0,0.0,0.0,8070,750300000000
085670,뉴프렉스,8.12,5.35,0.0,5.99,5.71,92.33,51.71,133.01,133.01,65.92,-12.39,-36.94,0.0,0.0,154135605019.0,0.9372,8.4,0.0,0.4807,0.0,14.1,0.0,0.0,0.0,3025,74100000000
085810,알티캐스트,0.02,0.02,0.0,5.98,0.02,31.81,38.59,212.76,212.76,72.15,835.91,179.08,0.0,0.0,53166158309.0,0.7102,0.0,0.0,0.4514,0.0,14.1,0.0,0.0,0.0,1699,24000000000
085910,네오티스,8.9,4.88,0.0,11.33,9.13,77.8,82.52,200.17,200.17,54.79,26.51,144.76,0.0,0.0,68676858572.0,0.5344,25.58,0.0,3.3345,0.0,36.9,0.0,0.0,0.0,16600,229000000000
086040,바이오톡스텍,-4.93,-1.2,0.0,-10.23,-3.35,-48.1,312.16,56.86,56.86,24.26,13.73,45.83,0.0,0.0,47016636307.0,0.3573,0.0,0.0,0.8486,0.0,0.0,0.0,0.0,0.0,2500,39900000000
086060,진바이오텍,6.89,5.01,0.0,4.32,4.17,39.22,37.53,348.15,348.15,72.71,9.44,2.04,0.0,0.0,90788971774.0,1.2004,10.99,0.0,0.4439,0.0,15.54,0.0,0.0,0.0,4680,40300000000
086220,광동헬스바이오,-3.5,-1.03,0.0,1.34,-0.96,9.0,240.13,82.25,82.25,29.4,2.26,190.34,0.0,0.0,66979543438.0,1.0767,0.0,0.0,0.0,0.0,0.0,0.0,0.0,0.0,0,0
086280,현대글로비스,16.7,9.33,0.0,7.01,5.87,20730.08,78.92,200.43,200.43,55.89,4.08,18.26,0.0,0.0,29566409336616.0,1.5907,10.1,0.0,0.5264,0.0,11.46,0.0,0.0,0.0,207500,15562500000000
086390,유니테스트,-23.88,-13.1,0.0,-19.14,-20.37,-210.89,82.27,155.22,155.22,54.87,19.21,10.03,0.0,0.0,110195025305.0,0.6433,0.0,0.0,2.0945,0.0,0.0,0.0,0.0,0.0,10920,230800000000
086450,동국제약,9.68,6.96,0.0,10.42,7.98,965.54,39.17,211.43,211.43,71.85,14.12,20.06,0.0,0.0,926883701823.0,0.872,13.19,0.0,1.0858,0.0,13.52,0.0,0.0,0.0,22250,1006400000000
086520,에코프로,-2.35,-1.08,0.0,6.26,-3.09,2137.64,117.92,100.1,100.1,45.89,9.12,172.95,0.0,0.0,3413021590101.0,0.349,201.99,0.0,3.6321,0.0,82.74,0.0,0.0,0.0,91300,12396400000000
086670,비엠티,12.67,7.21,0.0,10.42,12.88,153.14,75.75,135.69,135.69,56.9,10.68,136.84,0.0,0.0,146991337484.0,0.5597,7.25,0.0,1.145,0.0,18.38,0.0,0.0,0.0,16960,168300000000
086710,선진뷰티사이언스,8.22,4.21,0.0,7.5,9.06,60.6,95.28,133.76,133.76,51.21,1.76,-43.05,0.0,0.0,80766128193.0,0.4646,19.58,0.0,1.2097,0.0,30.12,0.0,0.0,0.0,8010,97700000000
086790,하나금융지주,8.84,0.6,0.0,0.0,0.0,53508.98,1377.89,0.0,0.0,6.77,0.0,10.21,0.0,0.0,0.0,0.0,9.39,0.0,0.0,0.0,124.53,0.0,0.0,0.0,136300,37396300000000
086820,바이오솔루션,0.85,0.4,0.0,-28.56,1.8,-43.41,113.98,56.73,56.73,46.73,17.93,14.37,0.0,0.0,15199886701.0,0.222,190.57,0.0,11.3751,0.0,0.0,0.0,0.0,0.0,6670,172900000000
086900,메디톡스,3.45,2.69,0.0,6.88,6.33,170.04,28.06,148.2,148.2,78.09,8.17,-16.44,0.0,0.0,247290289368.0,0.4251,34.82,0.0,2.0336,0.0,37.07,0.0,0.0,0.0,68900,502900000000
086960,MDS테크,4.32,2.92,0.0,3.1,3.3,58.13,48.0,214.33,214.33,67.57,13.36,-2.2,0.0,0.0,187705770904.0,0.885,3.98,0.0,0.4534,0.0,26.47,0.0,0.0,0.0,2000,85100000000
086980,쇼박스,-14.0,-11.32,0.0,-18.57,-23.98,-116.51,23.68,334.41,334.41,80.85,-32.61,-147.51,0.0,0.0,62748042504.0,0.4722,0.0,0.0,2.0048,0.0,0.0,0.0,0.0,0.0,2015,125800000000
087010,펩트론,-9.73,-7.72,0.0,-377.25,-245.33,-212.57,26.03,1644.78,1644.78,79.34,78.76,-28.62,0.0,0.0,5634817675.0,0.0315,0.0,0.0,758.0902,0.0,0.0,0.0,0.0,0.0,183200,4271700000000
087260,모바일어플라이언스,-1.15,-0.93,0.0,-2.56,-1.62,-8.96,24.31,363.58,363.58,80.44,-13.68,-192.12,0.0,0.0,34943028825.0,0.5723,0.0,0.0,0.2289,0.0,0.0,0.0,0.0,0.0,247,8000000000
087600,픽셀플러스,-3.89,-3.08,0.0,-13.18,-7.72,-56.3,26.31,301.22,301.22,79.17,-20.15,-765.21,0.0,0.0,42707711339.0,0.3992,0.0,0.0,0.7399,0.0,0.0,0.0,0.0,0.0,3865,31600000000
088130,동아엘텍,39.81,19.16,0.0,19.44,16.53,1132.31,107.76,150.45,150.45,48.13,226.41,668.69,0.0,0.0,582437006389.0,1.1589,4.35,0.0,0.1652,0.0,3.15,0.0,0.0,0.0,5500,96200000000
088260,이리츠코크렙,3.23,1.04,0.0,78.3,29.94,181.81,211.52,335.57,335.57,32.1,1.48,1.96,0.0,0.0,23218505054.0,0.0347,14.59,0.0,8.7559,0.0,36.19,0.0,0.0,0.0,3210,203300000000
088280,쏘닉스,-19.75,-13.12,0.0,-36.59,-37.89,-66.61,50.48,199.97,199.97,66.45,7.23,-46.73,0.0,0.0,18205980616.0,0.3464,0.0,0.0,2.241,0.0,0.0,0.0,0.0,0.0,2360,40800000000
088290,이원컴포텍,-43.01,-17.29,0.0,2.78,-7.24,15.75,148.71,60.5,60.5,40.21,7.78,-36.28,0.0,0.0,56577030456.0,2.388,0.0,0.0,0.3447,0.0,21.38,0.0,0.0,0.0,2440,19500000000
088340,유라클,-35.32,-18.61,0.0,-15.48,-15.62,-67.75,89.75,284.62,284.62,52.7,-8.04,-444.54,0.0,0.0,43754173452.0,1.1919,0.0,0.0,0.6856,0.0,0.0,0.0,0.0,0.0,6880,30000000000
088350,한화생명,5.03,0.47,0.0,0.0,0.0,11472.5,974.0,0.0,0.0,9.31,0.0,4.58,0.0,0.0,0.0,0.0,6.77,0.0,0.0,0.0,145.5,0.0,0.0,0.0,5770,5011400000000
088390,이녹스,9.94,6.38,0.0,11.04,34.98,65.28,55.84,116.02,116.02,64.17,5.25,0.72,0.0,0.0,59112838075.0,0.1824,2.59,0.0,1.2349,0.0,28.97,0.0,0.0,0.0,7780,73000000000
088790,진도,3.68,2.93,0.0,8.37,8.63,39.83,25.6,281.94,281.94,79.62,7.83,248.25,0.0,0.0,47608077683.0,0.3398,3.61,0.0,0.5482,0.0,13.72,0.0,0.0,0.0,2095,26100000000
088800,에이스테크,-41.25,-11.45,0.0,-12.42,-16.32,-221.53,260.26,74.51,74.51,27.76,22.99,28.88,0.0,0.0,178426016983.0,0.7017,0.0,0.0,0.7818,0.0,0.0,0.0,0.0,0.0,1848,139500000000
088910,동우팜투테이블,11.78,10.0,0.0,4.04,8.67,131.51,17.79,355.35,355.35,84.9,7.37,405.15,0.0,0.0,325457698211.0,1.1533,1.9,0.0,0.1644,0.0,7.31,0.0,0.0,0.0,2080,53500000000
089010,켐트로닉스,5.12,1.72,0.0,3.64,2.11,232.01,197.67,79.96,79.96,33.59,10.82,-37.83,0.0,0.0,637485933185.0,0.8148,40.12,0.0,0.5984,0.0,38.84,0.0,0.0,0.0,22750,381500000000
089030,테크윙,4.24,1.42,0.0,9.95,5.65,158.38,198.75,171.76,171.76,33.47,-14.22,-32.35,0.0,0.0,159128398402.0,0.2511,196.83,0.0,11.5498,0.0,142.67,0.0,0.0,0.0,49600,1837900000000
089140,넥스턴앤롤코리아,-1.06,-0.69,0.0,3.24,-3.33,22.82,53.21,86.41,86.41,65.27,122.63,283.13,0.0,0.0,70440930511.0,0.2066,0.0,0.0,0.4529,0.0,65.87,0.0,0.0,0.0,2085,31900000000
089150,케이씨티,7.71,4.97,0.0,17.47,12.0,40.35,55.17,31.44,31.44,64.45,97.88,150.99,0.0,0.0,23089563975.0,0.4141,15.03,0.0,1.4076,0.0,12.97,0.0,0.0,0.0,1894,32500000000
089230,THE E&M,-35.98,-16.86,0.0,-69.49,-161.29,-85.76,113.43,48.63,48.63,46.85,-44.4,-14.77,0.0,0.0,12340921889.0,0.1045,0.0,0.0,6.9039,0.0,0.0,0.0,0.0,0.0,2160,85200000000
089470,HDC현대EP,8.56,4.57,0.0,5.01,3.05,496.89,87.1,163.6,163.6,53.45,0.21,52.07,0.0,0.0,992661845300.0,1.5012,3.91,0.0,0.1271,0.0,8.73,0.0,0.0,0.0,3955,126200000000
089590,제주항공,-42.3,-4.95,0.0,-7.07,-7.37,-1116.6,754.43,33.37,33.37,11.7,-18.38,-239.73,0.0,0.0,1579940872409.0,0.672,0.0,0.0,0.2287,0.0,0.0,0.0,0.0,0.0,4480,361300000000
089600,KT나스미디어,3.37,1.54,0.0,10.45,5.77,123.18,118.29,165.8,165.8,45.81,13.55,-29.48,0.0,0.0,117892709347.0,0.2678,20.54,0.0,1.3063,0.0,31.87,0.0,0.0,0.0,13310,154000000000
089790,제이티,-0.61,-0.39,0.0,-5.72,-1.02,-21.97,55.54,206.21,206.21,64.29,-21.59,-603.48,0.0,0.0,38378522208.0,0.384,3.6,0.0,1.0892,0.0,0.0,0.0,0.0,0.0,4050,41800000000
089850,유비벨록스,-7.4,-3.52,0.0,3.21,-2.91,214.57,110.44,128.26,128.26,47.52,10.01,-37.07,0.0,0.0,667887213186.0,1.2099,0.0,0.0,0.0895,0.0,16.29,0.0,0.0,0.0,4060,59800000000
089860,롯데렌탈,8.14,1.72,0.0,10.71,4.34,3125.03,372.31,22.92,22.92,21.17,4.53,9.72,0.0,0.0,2918751542343.0,0.3972,14.52,0.0,0.589,0.0,24.04,0.0,0.0,0.0,47350,1719200000000
089890,코세스,17.84,14.31,0.0,21.11,16.03,173.92,24.65,376.08,376.08,80.22,19.07,410.08,0.0,0.0,82379163292.0,0.8929,24.92,0.0,4.7209,0.0,23.41,0.0,0.0,0.0,23450,388900000000
089970,브이엠,14.75,10.51,0.0,17.09,18.1,246.73,40.37,328.17,328.17,71.24,105.49,386.91,0.0,0.0,144411787537.0,0.5806,22.21,0.0,10.3004,0.0,63.19,0.0,0.0,0.0,56500,1487500000000
089980,상아프론테크,3.32,1.78,0.0,3.42,3.45,67.12,86.93,97.18,97.18,53.5,14.11,14.75,0.0,0.0,195987991877.0,0.5157,24.61,0.0,1.2368,0.0,62.44,0.0,0.0,0.0,15160,242400000000
090080,평화산업,25.28,6.14,0.0,2.13,2.51,133.43,312.06,94.34,94.34,24.27,6.4,-5.11,0.0,0.0,626062341683.0,2.4455,1.92,0.0,0.0847,0.0,18.5,0.0,0.0,0.0,965,53000000000
090120,잘만테크,1.29,0.74,0.0,0.71,0.47,3.43,74.73,464.03,464.03,57.23,0.42,-57.17,0.0,0.0,47947292328.0,1.5718,0.0,0.0,0.0,0.0,0.0,0.0,0.0,0.0,0,0
090150,아이윈,17.8,6.78,0.0,5.93,7.73,68.75,162.56,114.27,114.27,38.09,-2.86,-12.99,0.0,0.0,115909884130.0,0.8773,1.04,0.0,0.2183,0.0,15.58,0.0,0.0,0.0,6050,25300000000
090350,노루페인트,3.96,2.38,0.0,3.91,2.13,301.81,66.34,163.08,163.08,60.12,-2.87,-30.88,0.0,0.0,771052153523.0,1.1143,5.09,0.0,0.2117,0.0,14.55,0.0,0.0,0.0,8160,163200000000
090360,로보스타,-5.99,-4.76,0.0,-7.47,-6.87,-56.61,25.73,346.3,346.3,79.54,-15.04,-3910.79,0.0,0.0,75735139041.0,0.6939,1955.0,0.0,10.0667,0.0,0.0,0.0,0.0,0.0,78200,762400000000
090370,메타랩스,-8.72,-4.95,0.0,-8.91,-15.21,-72.43,76.25,50.7,50.7,56.74,112.0,-126.16,0.0,0.0,81322984405.0,0.3254,0.0,0.0,0.3701,0.0,0.0,0.0,0.0,0.0,1104,30100000000
090410,덕신이피씨,1.12,0.68,0.0,-0.1,1.32,-1.04,64.58,141.39,141.39,60.76,-27.36,-100.97,0.0,0.0,106458504421.0,0.5167,0.0,0.0,0.3635,0.0,0.0,0.0,0.0,0.0,4195,38700000000
090430,아모레퍼시픽,4.49,3.55,0.0,7.9,5.82,3358.27,26.49,178.77,178.77,79.06,9.46,52.32,0.0,0.0,4252820221496.0,0.6109,35.54,0.0,2.0246,0.0,29.98,0.0,0.0,0.0,147200,8610100000000
090460,비에이치,5.14,2.97,0.0,3.01,2.27,539.78,73.3,164.5,164.5,57.7,2.18,-37.99,0.0,0.0,1792660286542.0,1.308,7.52,0.0,0.3428,0.0,22.13,0.0,0.0,0.0,18230,614600000000
090470,제이스로보틱스,-18.78,-14.33,0.0,-77.19,-82.8,-236.66,31.09,139.39,139.39,76.28,-51.82,-309.22,0.0,0.0,30661005588.0,0.1731,0.0,0.0,2.5635,0.0,0.0,0.0,0.0,0.0,4500,78600000000
090710,휴림로봇,-14.8,-10.87,0.0,-10.29,-17.87,-173.22,36.13,159.26,159.26,73.46,26.45,-250.76,0.0,0.0,168304789069.0,0.6082,0.0,0.0,4.6529,0.0,0.0,0.0,0.0,0.0,6550,783100000000
090740,와이앤넥스트,-4.92,-3.46,0.0,0.0,0.0,-10.95,42.34,74.67,74.67,70.25,0.0,36.99,0.0,0.0,0.0,0.0,0.0,0.0,0.0,0.0,0.0,0.0,0.0,0.0,0,0
090850,현대이지웰,21.96,9.93,0.0,16.96,16.82,241.97,121.17,136.79,136.79,45.21,8.85,19.53,0.0,0.0,142648866656.0,0.5902,7.14,0.0,0.7957,0.0,10.16,0.0,0.0,0.0,5050,113500000000
091120,이엠텍,-6.06,-3.5,0.0,-9.71,-5.82,-199.06,73.12,96.09,96.09,57.77,22.38,34.76,0.0,0.0,205089718714.0,0.6023,0.0,0.0,0.4159,0.0,0.0,0.0,0.0,0.0,4980,85300000000
091340,S&K폴리텍,8.13,4.5,0.0,5.07,3.7,157.17,80.67,175.04,175.04,55.35,-6.01,3.24,0.0,0.0,310237496597.0,1.2177,2.89,0.0,0.0841,0.0,8.9,0.0,0.0,0.0,2230,26100000000
091440,한울소재과학,-99.87,-30.34,0.0,-183.09,-271.92,-245.99,229.17,54.08,54.08,30.38,-22.51,-90.0,0.0,0.0,13435067440.0,0.1116,0.0,0.0,6.9594,0.0,0.0,0.0,0.0,0.0,2700,93500000000
091580,상신이디피,1.26,0.6,0.0,3.46,0.8,86.55,109.73,81.47,81.47,47.68,2.02,232.88,0.0,0.0,250083513076.0,0.7448,17.73,0.0,1.2256,0.0,55.71,0.0,0.0,0.0,23000,306500000000
091700,파트론,5.91,4.27,0.0,3.32,2.45,447.48,38.35,204.1,204.1,72.28,-9.21,-27.48,0.0,0.0,1349528006319.0,1.7411,7.18,0.0,0.2034,0.0,10.94,0.0,0.0,0.0,5490,274500000000
091810,트리니티항공,-650.14,-18.07,0.0,-14.76,-18.81,-2654.68,3498.63,74.64,74.64,2.78,17.01,-2063.35,0.0,0.0,1798180813715.0,0.9604,0.0,0.0,0.1701,0.0,0.0,0.0,0.0,0.0,2995,305800000000
091970,LSK아이로봇,-47.02,-13.76,0.0,-0.52,-20.37,-2.62,241.62,101.49,101.49,29.27,-9.73,-247.58,0.0,0.0,50111277900.0,0.6757,0.0,0.0,0.6226,0.0,0.0,0.0,0.0,0.0,4135,31200000000
092040,아미코젠,-31.68,-13.1,0.0,-40.82,-72.33,-171.39,141.88,46.91,46.91,41.34,-75.82,-143.06,0.0,0.0,41981406105.0,0.1811,0.0,0.0,1.6126,0.0,0.0,0.0,0.0,0.0,958,67700000000
092070,디엔에프,0.83,0.77,0.0,-0.85,1.57,-6.74,7.22,565.54,565.54,93.26,7.01,33.88,0.0,0.0,79133452883.0,0.494,119.16,0.0,1.8639,0.0,0.0,0.0,0.0,0.0,12750,147500000000
092130,이크레더블,30.15,24.43,0.0,31.15,25.75,155.81,23.38,434.7,434.7,81.05,10.94,4.14,0.0,0.0,50019110190.0,0.949,13.29,0.0,3.4847,0.0,11.83,0.0,0.0,0.0,14470,174300000000
092190,서울바이오시스,-8.02,-1.9,0.0,0.03,-1.78,2.26,322.51,53.88,53.88,23.67,9.24,-93.52,0.0,0.0,763809147116.0,1.0641,23.98,0.0,0.5284,0.0,4213.27,0.0,0.0,0.0,8800,403600000000
092200,디아이씨,-2.66,-0.66,0.0,2.45,-0.63,185.5,300.44,73.91,73.91,24.97,5.31,-15.03,0.0,0.0,757310499806.0,1.0542,0.0,0.0,0.3164,0.0,41.97,0.0,0.0,0.0,6160,239600000000
092220,KEC,-8.15,-5.92,0.0,-9.48,-11.57,-217.62,37.77,202.78,202.78,72.59,-5.57,-63.98,0.0,0.0,229616634285.0,0.5115,0.0,0.0,0.4913,0.0,0.0,0.0,0.0,0.0,2810,112800000000
092230,KPX홀딩스,7.11,5.36,0.0,3.69,10.03,429.64,32.58,247.56,247.56,75.43,-4.92,-15.98,0.0,0.0,1163725582000.0,0.5346,1.45,0.0,0.3757,0.0,22.63,0.0,0.0,0.0,103500,437200000000
092300,현우산업,6.63,3.77,0.0,4.65,3.19,110.39,75.81,126.86,126.86,56.88,15.11,42.48,0.0,0.0,237355479103.0,1.1836,3.24,0.0,0.2229,0.0,12.63,0.0,0.0,0.0,2625,52900000000
092440,기신정기,1.25,1.18,0.0,0.78,2.37,10.18,5.77,910.26,910.26,94.55,-4.75,-59.24,0.0,0.0,131315525932.0,0.4967,0.0,0.0,0.4493,0.0,72.1,0.0,0.0,0.0,2020,59000000000
092460,한라IMS,12.83,10.54,0.0,16.69,19.1,222.72,21.66,310.9,310.9,82.19,28.05,39.52,0.0,0.0,133476935159.0,0.5522,10.52,0.0,2.2326,0.0,15.31,0.0,0.0,0.0,17420,298000000000
092600,앤씨앤,7.27,4.69,0.0,-17.05,2.77,-174.87,55.1,113.13,113.13,64.48,14.33,34.48,0.0,0.0,102558831015.0,1.6927,0.46,0.0,0.0917,0.0,0.0,0.0,0.0,0.0,1865,9400000000
092730,네오팜,14.24,12.77,0.0,21.77,21.05,287.75,11.49,839.51,839.51,89.69,11.07,16.72,0.0,0.0,132184096288.0,0.6069,13.1,0.0,3.0374,0.0,14.73,0.0,0.0,0.0,25050,401500000000
092780,DYP,5.48,1.74,0.0,3.63,1.76,166.59,214.78,117.24,117.24,31.77,6.57,71.79,0.0,0.0,459333394568.0,0.9912,3.49,0.0,0.0947,0.0,21.59,0.0,0.0,0.0,3305,43500000000
092790,넥스틸,7.77,5.15,0.0,7.25,6.54,399.42,50.71,191.57,191.57,66.35,-0.25,-36.81,0.0,0.0,550992457557.0,0.7879,34.55,0.0,0.5951,0.0,14.1,0.0,0.0,0.0,12610,327900000000
092870,엑시콘,4.58,3.99,0.0,0.12,13.58,0.8,14.72,320.35,320.35,87.17,108.87,100.5,0.0,0.0,66026746277.0,0.2941,15.08,0.0,4.7435,0.0,4268.49,0.0,0.0,0.0,24000,313200000000
093050,LF,6.36,3.88,0.0,8.93,6.24,1681.11,63.89,160.98,160.98,61.02,-3.77,33.27,0.0,0.0,1882430252411.0,0.6219,5.99,0.0,0.3611,0.0,11.06,0.0,0.0,0.0,23250,679800000000
093190,빅솔론,8.13,6.76,0.0,11.92,13.73,159.13,20.39,491.99,491.99,83.06,17.6,68.84,0.0,0.0,133467748246.0,0.4923,5.8,0.0,1.2325,0.0,13.22,0.0,0.0,0.0,8550,164500000000
093240,형지엘리트,-1.45,-0.7,0.0,3.99,-0.78,66.41,107.45,169.16,169.16,48.2,25.54,-5.24,0.0,0.0,166650465839.0,0.8994,2.1,0.0,0.1446,0.0,18.08,0.0,0.0,0.0,392,24100000000
093320,케이아이엔엑스,7.89,5.79,0.0,15.0,12.29,238.83,36.25,298.53,298.53,73.4,14.64,0.64,0.0,0.0,159244052752.0,0.4713,29.35,0.0,4.4498,0.0,33.43,0.0,0.0,0.0,145200,708600000000
093370,후성,1.81,0.85,0.0,5.38,1.49,253.5,112.53,90.57,90.57,47.05,7.71,364.73,0.0,0.0,471564293544.0,0.5699,38.62,0.0,2.9864,0.0,72.84,0.0,0.0,0.0,13130,1408300000000
093380,풍강,1.1,0.84,0.0,0.81,0.86,7.28,30.38,233.05,233.05,76.7,-2.96,-36.61,0.0,0.0,90273114653.0,0.9825,5.65,0.0,0.3368,0.0,71.13,0.0,0.0,0.0,3080,30400000000
093520,매커스,18.33,9.83,0.0,12.8,10.17,290.95,86.37,205.32,205.32,53.66,13.86,8.21,0.0,0.0,227242162080.0,0.9668,12.86,0.0,1.4091,0.0,14.75,0.0,0.0,0.0,26900,320200000000
093640,케이알엠,-19.96,-13.33,0.0,-113.04,-155.63,-102.13,49.75,127.35,127.35,66.78,-19.32,-3.4,0.0,0.0,9034332926.0,0.0857,0.0,0.0,16.6144,0.0,0.0,0.0,0.0,0.0,4570,150100000000
093920,서원인텍,2.55,2.21,0.0,1.76,2.84,34.33,15.03,585.62,585.62,86.93,-12.99,-64.31,0.0,0.0,194904120443.0,0.78,9.38,0.0,0.4689,0.0,36.13,0.0,0.0,0.0,4915,91400000000
094170,동운아나텍,1.48,0.93,0.0,1.89,0.8,24.19,58.81,560.33,560.33,62.97,-7.69,-86.15,0.0,0.0,127630547202.0,1.161,29.9,0.0,5.8489,0.0,325.49,0.0,0.0,0.0,35700,746500000000
094280,효성 ITX,20.57,7.91,0.0,3.65,2.98,189.59,160.04,104.58,104.58,38.46,2.5,1.12,0.0,0.0,519013909878.0,2.6573,10.51,0.0,0.2686,0.0,13.69,0.0,0.0,0.0,12060,139400000000
094360,칩스앤미디어,7.01,5.57,0.0,0.0,0.0,69.64,25.79,1023.04,1023.04,79.5,0.0,31.87,0.0,0.0,0.0,0.0,24.54,0.0,0.0,0.0,35.94,0.0,0.0,0.0,10700,228500000000
094480,갤럭시아머니트리,6.92,2.05,0.0,14.18,6.32,183.94,236.9,127.02,127.02,29.68,0.72,39.13,0.0,0.0,129700193187.0,0.3251,28.22,0.0,1.8265,0.0,28.13,0.0,0.0,0.0,6040,236900000000
094820,일진파워,12.93,5.94,0.0,9.57,7.76,241.21,117.63,188.12,188.12,45.95,30.5,134.81,0.0,0.0,251984799104.0,0.7657,7.88,0.0,0.7008,0.0,14.7,0.0,0.0,0.0,11710,176600000000
094840,슈프리마에이치큐,5.54,5.35,0.0,18.18,63.08,38.59,3.5,1818.97,1818.97,96.62,5.58,56.64,0.0,0.0,21223018606.0,0.0848,8.8,0.0,6.149,0.0,36.01,0.0,0.0,0.0,13310,130500000000
094850,참좋은여행,10.94,6.34,0.0,0.0,0.0,97.82,72.45,177.96,177.96,57.99,0.0,390.09,0.0,0.0,0.0,0.0,5.18,0.0,0.0,0.0,13.58,0.0,0.0,0.0,4360,61000000000
094860,네오리진,-46.78,-27.79,0.0,-14.86,-35.7,-46.15,68.34,139.76,139.76,59.4,-11.21,22.85,0.0,0.0,31047398409.0,0.7784,0.0,0.0,2.4157,0.0,0.0,0.0,0.0,0.0,1413,75000000000
094940,푸른로보틱스,-1.77,-1.45,0.0,-4.32,-2.79,-10.13,22.27,306.73,306.73,81.79,-32.48,-144.37,0.0,0.0,23475613984.0,0.5193,0.0,0.0,2.2534,0.0,0.0,0.0,0.0,0.0,6330,52900000000
094970,제이엠티,8.65,5.89,0.0,6.56,7.94,131.41,46.84,241.71,241.71,68.1,22.07,148.72,0.0,0.0,200224698801.0,0.7416,2.31,0.0,0.2347,0.0,10.13,0.0,0.0,0.0,2805,47000000000
095190,신화프리텍,-6.4,-2.97,0.0,-5.16,-7.5,-47.77,115.64,119.77,119.77,46.37,8.28,-222.33,0.0,0.0,92505989386.0,0.3957,0.0,0.0,1.3275,0.0,0.0,0.0,0.0,0.0,1881,122800000000
095270,웨이브일렉트로,2.1,1.08,0.0,-2.04,1.39,-16.42,93.92,205.71,205.71,51.57,3.19,-188.61,0.0,0.0,80532556275.0,0.7823,23.06,0.0,0.7202,0.0,0.0,0.0,0.0,0.0,4035,58000000000
095340,ISC,10.49,9.05,0.0,27.27,25.59,600.54,15.85,538.97,538.97,86.32,26.2,34.1,0.0,0.0,220194751972.0,0.3538,64.01,0.0,16.3169,0.0,61.25,0.0,0.0,0.0,169500,3592900000000
095500,미래나노텍,4.04,2.06,0.0,3.89,2.53,209.29,95.51,92.61,92.61,51.15,-13.46,-15.81,0.0,0.0,538532646902.0,0.8176,22.18,0.0,0.4152,0.0,26.06,0.0,0.0,0.0,7210,223600000000
095570,AJ네트웍스,6.2,1.59,0.0,6.69,2.65,715.48,289.13,49.37,49.37,25.7,10.93,-6.17,0.0,0.0,1070114469000.0,0.6016,3.64,0.0,0.1869,0.0,21.27,0.0,0.0,0.0,4420,200000000000
095610,테스,14.53,11.68,0.0,16.47,16.21,578.38,24.43,451.36,451.36,80.36,46.25,50.33,0.0,0.0,351115732341.0,0.7203,34.45,0.0,7.8572,0.0,49.35,0.0,0.0,0.0,142500,2758800000000
095660,네오위즈,8.11,6.63,0.0,13.86,10.42,599.8,22.23,353.43,353.43,81.82,17.97,82.2,0.0,0.0,432726157539.0,0.637,6.22,0.0,0.9061,0.0,8.6,0.0,0.0,0.0,18120,392100000000
095700,제넥신,-11.03,-7.33,0.0,-790.84,-595.01,-361.72,50.46,39.24,39.24,66.46,55.96,2.88,0.0,0.0,4573913204.0,0.0123,0.0,0.0,26.3451,0.0,0.0,0.0,0.0,0.0,2645,120500000000
095720,웅진씽크빅,-8.73,-3.09,0.0,-1.31,-2.84,-104.56,182.64,78.47,78.47,35.38,-8.05,-213.08,0.0,0.0,797357375468.0,1.086,0.0,0.0,0.0909,0.0,0.0,0.0,0.0,0.0,1275,72500000000
095910,에스에너지,-43.27,-12.59,0.0,-18.22,-28.01,-186.68,243.61,96.23,96.23,29.1,-30.71,-28.55,0.0,0.0,102439706002.0,0.4496,0.0,0.0,0.2255,0.0,0.0,0.0,0.0,0.0,635,23100000000
096040,이트론,18.19,14.31,0.0,-82.86,628.6,-65.19,27.08,156.04,156.04,78.69,-51.63,-17.29,0.0,0.0,7868175980.0,0.0228,0.0,0.0,0.0,0.0,0.0,0.0,0.0,0.0,0,0
096240,크레버스,9.6,2.42,0.0,1.02,1.96,22.44,296.94,50.82,50.82,25.19,-3.18,-78.25,0.0,0.0,220916898961.0,1.2318,9.55,0.0,0.3952,0.0,98.67,0.0,0.0,0.0,8530,87300000000
096250,와이즈넛,2.59,2.37,0.0,0.33,5.05,1.14,9.33,1112.72,1112.72,91.46,-0.55,-93.33,0.0,0.0,34730241834.0,0.4691,44.4,0.0,2.0242,0.0,674.52,0.0,0.0,0.0,5950,70300000000
096350,대창솔루션,-21.6,-5.48,0.0,-0.24,-12.99,-1.44,293.95,76.01,76.01,25.38,-2.48,-132.91,0.0,0.0,59877251686.0,0.4222,0.0,0.0,1.159,0.0,0.0,0.0,0.0,0.0,1884,69400000000
096530,씨젠,4.77,3.92,0.0,7.29,10.22,345.5,21.66,467.81,467.81,82.2,14.48,309.66,0.0,0.0,474231586051.0,0.3837,19.12,0.0,3.7003,0.0,57.16,0.0,0.0,0.0,33600,1754800000000
096610,알에프세미,11.85,7.7,0.0,7.23,6.97,17.7,53.9,285.47,285.47,64.98,0.29,168.08,0.0,0.0,24468236893.0,1.1037,1.44,0.0,0.0695,0.0,5.35,0.0,0.0,0.0,98,1700000000
096630,에스코넥,40.27,20.92,0.0,4.76,12.81,132.74,92.44,117.4,117.4,51.97,-3.66,26.98,0.0,0.0,278688408641.0,1.6334,1.47,0.0,0.103,0.0,8.34,0.0,0.0,0.0,1805,28700000000
096640,멜파스,57.35,54.15,0.0,-285.29,1430.57,-54.59,5.92,1159.91,1159.91,94.41,-6.71,-27.94,0.0,0.0,1913409082.0,0.0379,0.0,0.0,0.0,0.0,0.0,0.0,0.0,0.0,0,0
096690,에이루트,-17.64,-9.68,0.0,-21.6,-36.65,-109.3,82.24,133.06,133.06,54.87,-26.22,47.48,0.0,0.0,50603806692.0,0.2641,0.0,0.0,0.5118,0.0,0.0,0.0,0.0,0.0,6440,25900000000
096760,JW홀딩스,19.42,9.38,0.0,17.32,11.91,1678.99,107.05,87.78,87.78,48.3,9.22,14.59,0.0,0.0,969565285593.0,0.7875,3.61,0.0,0.3149,0.0,5.61,0.0,0.0,0.0,4130,305300000000
096770,SK이노베이션,-14.94,-5.15,0.0,0.56,-6.77,4486.84,190.2,104.23,104.23,34.46,8.11,26.14,0.0,0.0,80296054243000.0,0.7603,0.0,0.0,0.2642,0.0,201.55,0.0,0.0,0.0,125500,21216100000000
096870,엘디티,6.13,5.51,0.0,2.77,11.24,3.06,11.18,940.5,940.5,89.94,10.14,136.61,0.0,0.0,11045810425.0,0.4905,11.13,0.0,1.7473,0.0,70.49,0.0,0.0,0.0,2315,19300000000
097230,HJ중공업,7.68,2.1,0.0,3.35,2.57,670.74,266.36,84.39,84.39,27.3,6.03,824.9,0.0,0.0,1999705000000.0,0.8152,10.59,0.0,0.7595,0.0,49.23,0.0,0.0,0.0,16820,1518800000000
097520,엠씨넥스,13.37,9.27,0.0,4.07,4.03,520.15,44.32,181.53,181.53,69.29,21.02,17.19,0.0,0.0,1279236953303.0,2.2992,10.9,0.0,0.2843,0.0,10.28,0.0,0.0,0.0,20900,363700000000
097780,에코볼트,-11.5,-9.81,0.0,0.5,-11.46,10.8,17.18,472.19,472.19,85.34,7.15,105.22,0.0,0.0,217426570735.0,0.8565,0.0,0.0,0.1472,0.0,64.1,0.0,0.0,0.0,1575,32000000000
097800,윈팩,-21.77,-10.48,0.0,-18.91,-18.12,-142.89,107.8,43.54,43.54,48.12,1.9,38.6,0.0,0.0,75547662067.0,0.5782,0.0,0.0,0.728,0.0,0.0,0.0,0.0,0.0,2015,55000000000
097870,효성오앤비,3.65,3.19,0.0,14.22,11.87,34.69,14.51,446.3,446.3,87.32,-13.08,-18.53,0.0,0.0,24387108990.0,0.2685,60.46,0.0,1.5992,0.0,14.56,0.0,0.0,0.0,4595,39000000000
097950,CJ제일제당,-3.61,-1.4,0.0,4.51,-1.52,12336.05,157.5,80.96,80.96,38.83,0.38,-15.04,0.0,0.0,27342589100000.0,0.9192,0.0,0.0,0.1027,0.0,17.02,0.0,0.0,0.0,186500,2807600000000
098070,한텍,18.94,13.4,0.0,22.21,17.9,381.82,41.36,198.72,198.72,70.74,10.28,127.72,0.0,0.0,171902906776.0,0.7487,8.5,0.0,1.5881,0.0,8.91,0.0,0.0,0.0,24550,273000000000
098120,마이크로컨텍솔,20.84,17.51,0.0,17.69,16.92,177.45,19.0,534.18,534.18,84.03,44.0,73.9,0.0,0.0,100314289873.0,1.0354,12.78,0.0,3.4551,0.0,20.4,0.0,0.0,0.0,41700,346600000000
098460,고영,4.4,3.6,0.0,7.45,6.34,173.42,22.43,501.25,501.25,81.68,14.87,421.99,0.0,0.0,232647218656.0,0.567,71.66,0.0,8.3405,0.0,116.22,0.0,0.0,0.0,28450,1940400000000
098660,에스티오,-21.41,-6.66,0.0,-1.97,-6.71,-14.06,221.4,98.55,98.55,31.11,1.81,-374.48,0.0,0.0,71491064624.0,0.993,0.0,0.0,0.2993,0.0,0.0,0.0,0.0,0.0,1713,21400000000
099190,아이센스,-1.98,-1.16,0.0,2.5,-2.12,78.87,70.74,152.0,152.0,58.57,8.35,196.75,0.0,0.0,315444741611.0,0.5461,0.0,0.0,1.6437,0.0,96.09,0.0,0.0,0.0,18030,518500000000
099220,SDN,-2.66,-1.31,0.0,0.53,-2.29,4.64,103.6,117.65,117.65,49.12,3.67,107.14,0.0,0.0,87454044091.0,0.57,0.0,0.0,0.3682,0.0,237.48,0.0,0.0,0.0,511,32200000000
099320,쎄트렉아이,5.94,3.43,0.0,4.92,6.81,101.8,73.42,131.98,131.98,57.66,20.81,431.35,0.0,0.0,206916796302.0,0.5034,85.8,0.0,3.8687,0.0,95.73,0.0,0.0,0.0,73100,800500000000
099390,브레인즈컴퍼니,8.42,7.58,0.0,8.41,18.17,21.1,11.09,1016.43,1016.43,90.02,-5.64,-41.38,0.0,0.0,25086446300.0,0.4171,4.69,0.0,1.2796,0.0,18.06,0.0,0.0,0.0,3910,32100000000
099430,바이오플러스,10.26,7.02,0.0,16.51,22.0,150.05,46.19,83.8,83.8,68.4,36.87,-36.6,0.0,0.0,90896012971.0,0.3189,14.08,0.0,2.34,0.0,20.18,0.0,0.0,0.0,3450,212700000000
099440,스맥,-22.03,-7.13,0.0,-10.94,-13.99,-168.1,209.06,142.63,142.63,32.36,-23.7,-170.17,0.0,0.0,153589636057.0,0.5094,0.0,0.0,1.7104,0.0,0.0,0.0,0.0,0.0,3850,262700000000
099520,DGI,-14.42,-11.24,0.0,-13.11,-13.11,-33.0,28.29,326.41,326.41,77.95,17.84,-755.89,0.0,0.0,25172528475.0,0.857,75.53,0.0,2.3081,0.0,0.0,0.0,0.0,0.0,1284,58100000000
099750,이지케어텍,6.26,4.71,0.0,3.04,3.16,22.11,33.01,223.27,223.27,75.18,6.92,836.51,0.0,0.0,72641489962.0,1.4909,13.15,0.0,1.2486,0.0,46.49,0.0,0.0,0.0,6640,90700000000
100030,인지소프트,30.76,25.77,0.0,12.37,113.03,23.4,19.36,556.91,556.91,83.78,0.17,120.4,0.0,0.0,18922277464.0,0.228,0.96,0.0,3.6095,0.0,34.94,0.0,0.0,0.0,20800,68300000000
100090,SK오션플랜트,4.61,3.27,0.0,6.16,3.89,595.09,40.97,103.69,103.69,70.94,45.69,42.38,0.0,0.0,965388430763.0,0.8408,17.65,0.0,0.8931,0.0,20.1,0.0,0.0,0.0,13800,862200000000
100120,뷰웍스,8.41,5.94,0.0,8.95,8.74,214.2,41.51,198.24,198.24,70.67,7.37,-4.08,0.0,0.0,239334580000.0,0.6801,5.87,0.0,1.0178,0.0,16.19,0.0,0.0,0.0,27150,243600000000
100130,동국S&C,-0.9,-0.65,0.0,5.8,-1.4,69.44,38.08,115.18,115.18,72.42,-27.8,225.48,0.0,0.0,119684884783.0,0.4669,0.0,0.0,0.6893,0.0,22.06,0.0,0.0,0.0,1443,82500000000
100220,비상교육,10.66,5.33,0.0,8.04,7.92,216.18,99.96,80.43,80.43,50.01,9.05,111.48,0.0,0.0,268775672567.0,0.6729,1.86,0.0,0.2381,0.0,12.2,0.0,0.0,0.0,4925,64000000000
100250,진양홀딩스,4.91,3.15,0.0,2.07,7.88,57.84,55.72,165.71,165.71,64.22,-2.45,17.7,0.0,0.0,279815907810.0,0.4001,1.61,0.0,0.7226,0.0,78.22,0.0,0.0,0.0,3165,202200000000
100590,머큐리,-1.65,-1.33,0.0,-0.59,-1.9,-7.34,24.08,341.73,341.73,80.6,-7.77,17.16,0.0,0.0,123866036266.0,0.7024,47.87,0.0,0.4965,0.0,0.0,0.0,0.0,0.0,3590,61500000000
100660,서암기계공업,1.77,1.46,0.0,0.1,2.59,0.44,21.76,437.11,437.11,82.13,9.75,103.42,0.0,0.0,46501236360.0,0.5617,23.62,0.0,0.8322,0.0,1208.41,0.0,0.0,0.0,3070,38700000000
100700,세운메디칼,7.9,7.44,0.0,19.95,19.15,127.01,6.13,1457.98,1457.98,94.22,5.83,11.64,0.0,0.0,63656938818.0,0.3885,7.63,0.0,1.6652,0.0,9.09,0.0,0.0,0.0,2420,106000000000
100790,미래에셋벤처투자,8.18,2.81,0.0,14.64,12.9,351.16,190.79,0.0,0.0,34.39,2.56,123.61,0.0,0.0,239848243971.0,0.218,15.34,0.0,3.4551,0.0,44.15,0.0,0.0,0.0,15600,828700000000
100840,SNT에너지,23.13,14.3,0.0,18.36,13.92,1113.14,61.71,209.66,209.66,61.84,105.98,400.52,0.0,0.0,606119987434.0,1.0276,5.76,0.0,1.0424,0.0,7.7,0.0,0.0,0.0,30550,631800000000
101000,KS인더스트리,-20.73,-11.86,0.0,-11.71,-18.39,-46.21,74.82,139.58,139.58,57.2,59.79,-516.5,0.0,0.0,39447384534.0,0.6446,0.0,0.0,0.1952,0.0,0.0,0.0,0.0,0.0,775,7700000000
101140,인바이오젠,-0.9,-0.89,0.0,-68.81,-22.53,-43.33,1.49,285.85,285.85,98.53,-10.57,28.89,0.0,0.0,6296747709.0,0.0394,0.0,0.0,8.7823,0.0,0.0,0.0,0.0,0.0,5510,55300000000
101160,월덱스,11.82,9.54,0.0,20.07,14.04,585.44,23.97,553.09,553.09,80.67,-4.9,-16.73,0.0,0.0,291764969976.0,0.679,6.43,0.0,1.6722,0.0,9.75,0.0,0.0,0.0,29550,487900000000
101170,우림피티에스,2.89,2.57,0.0,2.08,4.19,11.89,12.32,364.1,364.1,89.03,-20.42,174.32,0.0,0.0,57112791211.0,0.6133,19.74,0.0,1.9453,0.0,102.02,0.0,0.0,0.0,8230,111100000000
101240,씨큐브,8.18,6.68,0.0,18.0,16.72,101.72,22.56,227.66,227.66,81.59,-6.03,-0.42,0.0,0.0,56519406165.0,0.3993,3.69,0.0,0.7449,0.0,6.7,0.0,0.0,0.0,3705,42100000000
101330,모베이스,4.57,1.96,0.0,3.05,1.55,417.98,133.06,116.19,116.19,42.91,5.35,-21.62,0.0,0.0,1371327433599.0,1.2661,2.69,0.0,0.0597,0.0,16.75,0.0,0.0,0.0,3540,81900000000
101360,에코앤드림,-4.02,-1.85,0.0,-0.43,-6.06,-6.1,117.49,80.17,80.17,45.98,35.33,-225.27,0.0,0.0,141958412396.0,0.3055,0.0,0.0,1.1687,0.0,0.0,0.0,0.0,0.0,9330,165900000000
101390,아이엠,-199.86,-15.82,0.0,-9.33,-10.66,-85.59,1163.12,40.87,40.87,7.92,-27.21,-195.87,0.0,0.0,91765421849.0,1.485,0.0,0.0,0.0,0.0,0.0,0.0,0.0,0.0,0,0
101400,엔시트론,-5.26,-4.2,0.0,-14.71,-5.81,-50.55,25.15,445.15,445.15,79.9,-5.35,-105.53,0.0,0.0,34368016671.0,0.7226,0.0,0.0,0.6314,0.0,0.0,0.0,0.0,0.0,1846,21700000000
101490,에스앤에스텍,19.09,14.78,0.0,20.67,23.83,503.9,29.18,354.73,354.73,77.41,38.47,70.94,0.0,0.0,243733252593.0,0.6201,14.11,0.0,3.6327,0.0,19.33,0.0,0.0,0.0,41500,885400000000
101530,해태제과식품,7.56,3.29,0.0,6.6,3.65,423.28,129.5,56.1,56.1,43.57,1.94,-13.74,0.0,0.0,641386567732.0,0.9027,7.62,0.0,0.2588,0.0,13.39,0.0,0.0,0.0,5700,166000000000
101670,하이드로리튬,-55.59,-42.32,0.0,-447.08,-1029.18,-150.62,31.34,42.77,42.77,76.14,56.68,-121.97,0.0,0.0,3368949713.0,0.0411,0.0,0.0,8.8158,0.0,0.0,0.0,0.0,0.0,523,29700000000
101680,한국정밀기계,-23.8,-11.38,0.0,-24.62,-26.45,-75.27,109.07,180.91,180.91,47.83,-52.01,-463.14,0.0,0.0,30571562943.0,0.4304,0.0,0.0,0.7949,0.0,0.0,0.0,0.0,0.0,2895,24300000000
101730,위메이드맥스,-7.74,-6.33,0.0,-32.75,-24.04,-487.45,22.28,298.48,298.48,81.78,98.48,-502.22,0.0,0.0,148839768687.0,0.2632,0.0,0.0,2.418,0.0,0.0,0.0,0.0,0.0,4295,359900000000
101930,인화정공,7.49,5.53,0.0,14.39,23.68,155.34,35.36,209.89,209.89,73.87,16.35,51.39,0.0,0.0,107958290033.0,0.2336,12.51,0.0,2.8659,0.0,27.69,0.0,0.0,0.0,6770,309400000000
101970,우양에이치씨,-2.34,-1.72,0.0,0.7,-4.28,7.06,36.0,246.55,246.55,73.53,-44.96,-97.73,0.0,0.0,100854566106.0,0.4024,33.48,0.0,1.6499,0.0,329.46,0.0,0.0,0.0,11250,166400000000
102120,어보브반도체,1.27,0.68,0.0,4.16,0.8,101.48,85.22,107.86,107.86,53.99,5.17,298.97,0.0,0.0,244123643799.0,0.8534,13.34,0.0,0.5235,0.0,25.56,0.0,0.0,0.0,7190,127800000000
102210,트레스,10.75,10.22,0.0,17.61,30.16,81.37,5.25,1693.1,1693.1,95.02,9.89,106.93,0.0,0.0,46196148875.0,0.3389,0.0,0.0,0.0,0.0,0.0,0.0,0.0,0.0,0,0
102260,동성케미컬,11.78,6.63,0.0,9.25,6.24,1120.43,77.6,148.62,148.62,56.31,13.62,23.08,0.0,0.0,1211599795389.0,1.0637,4.53,0.0,0.1576,0.0,6.15,0.0,0.0,0.0,3770,191000000000
102280,쌍방울,-5.97,-4.8,0.0,-2.68,-6.14,-24.55,24.44,455.06,455.06,80.36,-0.41,-7.21,0.0,0.0,91612281777.0,0.7819,0.0,0.0,0.0,0.0,0.0,0.0,0.0,0.0,0,0
102370,케이옥션,-6.05,-3.27,0.0,-33.09,-51.88,-40.65,85.19,144.43,144.43,54.0,-36.85,14.52,0.0,0.0,12286945631.0,0.063,0.0,0.0,6.9179,0.0,0.0,0.0,0.0,0.0,3285,85000000000
102460,이연제약,-13.45,-6.37,0.0,-20.74,-20.31,-302.69,111.15,55.58,55.58,47.36,-1.6,-38289.35,0.0,0.0,145928626140.0,0.3138,0.0,0.0,1.2684,0.0,0.0,0.0,0.0,0.0,9960,185100000000
102710,이엔에프테크놀로지,11.18,6.71,0.0,11.64,7.5,780.77,66.48,117.81,117.81,60.07,15.19,31.59,0.0,0.0,670896289801.0,0.8954,11.11,0.0,0.9477,0.0,11.98,0.0,0.0,0.0,44500,635800000000
102940,코오롱생명과학,4.27,2.73,0.0,8.41,11.94,175.72,56.57,63.63,63.63,63.87,29.49,179.57,0.0,0.0,208981597803.0,0.2285,5.61,0.0,0.9522,0.0,30.13,0.0,0.0,0.0,15200,199000000000
102950,아하,-3.4,-1.53,0.0,-0.42,-2.84,-3.36,122.73,88.13,88.13,44.9,40.54,-113.84,0.0,0.0,79000542929.0,0.5372,0.0,0.0,0.0,0.0,0.0,0.0,0.0,0.0,0,0
103140,풍산,6.4,3.4,0.0,5.89,2.91,2974.27,88.38,190.52,190.52,53.08,10.85,-8.14,0.0,0.0,5048580386639.0,1.1662,11.37,0.0,0.4546,0.0,14.55,0.0,0.0,0.0,81900,2295200000000
103160,풀무원식품,5.85,2.1,0.0,2.56,1.24,646.16,179.16,91.43,91.43,35.82,3.78,24.98,0.0,0.0,2525662378456.0,1.6867,0.0,0.0,0.0,0.0,0.0,0.0,0.0,0.0,0,0
103230,에스앤더블류,6.79,4.26,0.0,1.85,7.44,9.01,59.46,244.4,244.4,62.71,3.55,-73.93,0.0,0.0,48804282274.0,0.5723,10.94,0.0,0.3606,0.0,54.83,0.0,0.0,0.0,2440,17600000000
103590,일진전기,17.65,6.81,0.0,7.4,5.08,1512.27,159.23,115.93,115.93,38.58,29.63,89.64,0.0,0.0,2044552052000.0,1.3398,24.14,0.0,1.6606,0.0,28.65,0.0,0.0,0.0,71200,3395200000000
103840,우양,4.84,1.46,0.0,2.54,1.22,46.66,230.44,76.82,76.82,30.26,4.26,928.05,0.0,0.0,183775849010.0,1.1982,30.34,0.0,0.1513,0.0,28.88,0.0,0.0,0.0,1699,27800000000
104040,디에스엠,1.76,0.87,0.0,-27.83,7.08,-79.25,101.99,45.44,45.44,49.51,75.79,-25.52,0.0,0.0,28477611667.0,0.1232,20.23,0.0,2.4967,0.0,0.0,0.0,0.0,0.0,2650,71100000000
104200,NHN벅스,-12.27,-9.31,0.0,-1.64,-13.85,-7.35,31.8,199.48,199.48,75.87,-13.77,-305.63,0.0,0.0,44899287200.0,0.6721,0.0,0.0,0.8775,0.0,0.0,0.0,0.0,0.0,2655,39400000000
104460,디와이피엔에프,16.94,10.28,0.0,7.21,6.41,285.69,64.78,112.01,112.01,60.69,41.01,16.16,0.0,0.0,396256361230.0,1.6051,9.61,0.0,0.2102,0.0,6.31,0.0,0.0,0.0,7920,83300000000
104480,티케이케미칼,9.49,7.9,0.0,0.7,33.7,24.03,20.2,109.54,109.54,83.19,1.82,251.62,0.0,0.0,345756223802.0,0.2343,2.6,0.0,0.4619,0.0,169.66,0.0,0.0,0.0,1757,159700000000
104540,코렌텍,7.82,4.05,0.0,9.08,6.94,91.16,92.82,160.74,160.74,51.86,17.33,170.14,0.0,0.0,100428537181.0,0.5841,8.11,0.0,0.5437,0.0,15.07,0.0,0.0,0.0,4070,54600000000
104620,노랑풍선,0.0,0.0,0.0,1.87,0.0,22.39,210.64,90.83,90.83,32.19,-9.26,134.2,0.0,0.0,119704117734.0,0.9574,43.38,0.0,0.4511,0.0,61.99,0.0,0.0,0.0,3210,54000000000
104700,한국철강,-1.16,-1.03,0.0,-7.95,-1.83,-386.99,12.45,927.33,927.33,88.93,-18.9,-2233.89,0.0,0.0,486605490510.0,0.5614,0.0,0.0,0.7521,0.0,0.0,0.0,0.0,0.0,10040,366000000000
104830,원익머트리얼즈,9.27,7.64,0.0,17.52,15.1,564.98,21.37,215.96,215.96,82.39,3.78,8.82,0.0,0.0,322467412745.0,0.5056,7.66,0.0,1.2882,0.0,9.34,0.0,0.0,0.0,32950,415400000000
105330,케이엔더블유,-4.72,-2.16,0.0,-3.65,-7.12,-29.56,118.83,79.89,79.89,45.7,3.31,-29.37,0.0,0.0,81058653134.0,0.3035,0.0,0.0,1.3422,0.0,0.0,0.0,0.0,0.0,6790,108800000000
105550,엣지파운드리,12.22,8.86,0.0,-42.7,43.14,-155.4,37.88,130.84,130.84,72.52,-2.43,-206.42,0.0,0.0,36390814582.0,0.2055,0.0,0.0,0.8876,0.0,0.0,0.0,0.0,0.0,2060,32300000000
105560,KB금융,9.6,0.73,0.0,0.0,0.0,85177.11,1211.73,0.0,0.0,7.62,0.0,5.87,0.0,0.0,0.0,0.0,10.96,0.0,0.0,0.0,93.75,0.0,0.0,0.0,173300,61467400000000
105630,한세실업,7.79,3.73,0.0,4.3,2.95,834.16,109.01,145.23,145.23,47.84,8.01,-41.34,0.0,0.0,1941776924955.0,1.2645,10.12,0.0,0.184,0.0,13.88,0.0,0.0,0.0,8930,357200000000
105740,디케이락,4.94,2.98,0.0,8.6,5.23,110.7,65.78,162.14,162.14,60.32,30.82,5975.12,0.0,0.0,128751186498.0,0.5692,5.31,0.0,0.6229,0.0,15.35,0.0,0.0,0.0,7890,80200000000
105760,포스뱅크,4.82,3.87,0.0,3.7,4.13,33.84,24.63,372.6,372.6,80.23,18.61,13.43,0.0,0.0,91426124049.0,0.9356,4.68,0.0,0.5972,0.0,21.85,0.0,0.0,0.0,5360,54600000000
105840,우진,4.57,3.71,0.0,9.43,7.35,141.78,23.23,441.19,441.19,81.15,6.86,-11.97,0.0,0.0,150379282702.0,0.5047,23.33,0.0,1.7795,0.0,22.84,0.0,0.0,0.0,13250,267600000000
106080,케이이엠텍,-41.87,-24.03,0.0,-121.81,-165.85,-92.25,74.21,32.49,32.49,57.4,-57.01,-112.18,0.0,0.0,7573737130.0,0.1449,0.0,0.0,1.2543,0.0,0.0,0.0,0.0,0.0,1650,9500000000
106190,하이텍팜,8.78,7.99,0.0,18.32,16.35,128.56,9.97,567.05,567.05,90.94,-9.46,-17.37,0.0,0.0,70183145366.0,0.4884,9.78,0.0,1.6614,0.0,10.08,0.0,0.0,0.0,10970,116600000000
106240,파인테크닉스,-28.86,-17.09,0.0,-14.96,-51.83,-64.13,68.9,80.37,80.37,59.21,-25.78,-269.46,0.0,0.0,42876376647.0,0.3297,0.0,0.0,0.7113,0.0,0.0,0.0,0.0,0.0,1149,30500000000
106520,노블엠앤비,-59.07,-7.17,0.0,-70.04,-36.2,-26.74,723.75,11.17,11.17,12.14,-2.84,60.87,0.0,0.0,3817338332.0,0.1981,0.0,0.0,0.0,0.0,0.0,0.0,0.0,0.0,0,0
107590,미원홀딩스,0.0,0.0,0.0,4.13,0.0,203.46,61.58,129.77,129.77,61.89,3.39,-11.67,0.0,0.0,492717916275.0,0.9334,2.77,0.0,0.2943,0.0,17.01,0.0,0.0,0.0,62500,145000000000
107600,새빗켐,-39.79,-21.81,0.0,-24.54,-47.01,-94.19,82.4,372.91,372.91,54.82,26.55,-52.98,0.0,0.0,38390648152.0,0.4641,0.0,0.0,2.4641,0.0,0.0,0.0,0.0,0.0,16750,94600000000
107640,한중엔시에스,4.88,1.93,0.0,2.3,2.79,40.26,152.89,90.91,90.91,39.54,-1.12,-57.95,0.0,0.0,175264976657.0,0.6919,116.11,0.0,2.1619,0.0,132.15,0.0,0.0,0.0,41800,378900000000
108230,톱텍,-5.31,-3.71,0.0,-1.84,-12.05,-31.45,43.25,238.18,238.18,69.81,-63.9,-125.18,0.0,0.0,171001529881.0,0.3078,0.0,0.0,0.738,0.0,0.0,0.0,0.0,0.0,3320,126200000000
108320,LX세미콘,7.34,5.9,0.0,6.64,5.04,1088.56,24.36,441.92,441.92,80.41,-12.14,-34.85,0.0,0.0,1639070665791.0,1.1709,10.25,0.0,0.3632,0.0,7.99,0.0,0.0,0.0,36600,595300000000
108380,대양전기공업,9.21,7.7,0.0,11.76,10.77,270.6,19.61,407.88,407.88,83.61,17.23,72.51,0.0,0.0,230094825180.0,0.7146,6.73,0.0,0.7697,0.0,8.5,0.0,0.0,0.0,18510,177100000000
108490,로보티즈,1.69,1.66,0.0,8.59,13.62,33.46,1.79,4578.99,4578.99,98.24,29.64,212.53,0.0,0.0,38942547006.0,0.1218,0.0,0.0,96.9839,0.0,1130.42,0.0,0.0,0.0,257500,3776800000000
108670,LX하우시스,-5.26,-2.02,0.0,0.41,-1.38,130.6,160.12,110.63,110.63,38.44,-11.01,-86.6,0.0,0.0,3178689000000.0,1.4648,0.0,0.0,0.0979,0.0,126.11,0.0,0.0,0.0,34700,311200000000
108860,셀바스AI,-1.67,-1.41,0.0,1.29,-3.78,14.82,18.16,465.05,465.05,84.63,2.07,85.27,0.0,0.0,114780821863.0,0.3738,0.0,0.0,2.1711,0.0,199.98,0.0,0.0,0.0,9260,249200000000
109070,주성코퍼레이션,7.05,4.86,0.0,3.71,2.39,31.66,45.08,341.04,341.04,68.93,24.05,-15.88,0.0,0.0,85403171510.0,2.0341,33.7,0.0,0.959,0.0,29.99,0.0,0.0,0.0,1550,81900000000
109080,옵티시스,7.47,6.78,0.0,17.55,17.19,45.14,10.23,667.42,667.42,90.72,8.29,66.86,0.0,0.0,25727162593.0,0.3944,9.49,0.0,1.8891,0.0,12.11,0.0,0.0,0.0,8620,48600000000
109610,에스와이,-6.42,-3.33,0.0,-1.32,-3.16,-66.27,93.15,130.85,130.85,51.77,-10.6,-130.21,0.0,0.0,501552720795.0,1.0513,0.0,0.0,0.1834,0.0,0.0,0.0,0.0,0.0,1882,92000000000
109670,씨싸이트,-2.44,-1.37,0.0,0.09,-0.77,1.51,78.16,218.2,218.2,56.13,-2.38,-87.98,0.0,0.0,169721832580.0,1.7677,26.74,0.0,0.1326,0.0,428.68,0.0,0.0,0.0,3850,22500000000
109740,디에스케이,-17.1,-13.32,0.0,-52.62,-45.86,-227.22,28.41,179.3,179.3,77.87,90.72,-15.34,0.0,0.0,43179030300.0,0.2904,0.0,0.0,2.5012,0.0,0.0,0.0,0.0,0.0,4200,108000000000
109820,진매트릭스,-10.5,-6.73,0.0,-6.38,-17.24,-6.79,56.09,431.94,431.94,64.06,6.23,58.63,0.0,0.0,10643335004.0,0.3903,0.0,0.0,3.2133,0.0,0.0,0.0,0.0,0.0,1675,34200000000
109860,동일금속,3.23,2.79,0.0,1.56,5.5,14.32,15.85,369.98,369.98,86.32,6.65,131.81,0.0,0.0,91706521874.0,0.507,15.56,0.0,0.7328,0.0,64.19,0.0,0.0,0.0,7390,67200000000
109960,앱토크롬,-1.84,-1.76,0.0,-23.31,-57.45,-22.86,4.53,296.86,296.86,95.67,-40.2,-336.54,0.0,0.0,9807257584.0,0.0306,0.56,0.0,2.8652,0.0,0.0,0.0,0.0,0.0,1860,28100000000
110020,전진바이오팜,-1.12,-1.06,0.0,-2.5,-1.43,-3.43,6.32,1083.09,1083.09,94.05,-28.94,-129.6,0.0,0.0,13694344910.0,0.7399,0.0,0.0,1.3217,0.0,0.0,0.0,0.0,0.0,2000,18100000000
110790,크리스에프앤씨,-1.09,-0.55,0.0,-1.52,-1.48,-47.27,99.87,113.34,113.34,50.03,-5.84,-138.94,0.0,0.0,311944979108.0,0.3688,0.0,0.0,0.2202,0.0,0.0,0.0,0.0,0.0,2930,68700000000
110990,디아이티,12.81,11.4,0.0,21.37,28.15,230.62,12.39,748.9,748.9,88.98,-7.5,-4.27,0.0,0.0,107910277371.0,0.4049,6.91,0.0,2.8283,0.0,14.51,0.0,0.0,0.0,16150,305200000000
111110,호전실업,6.12,2.71,0.0,4.8,2.17,250.22,125.51,135.68,135.68,44.34,12.26,-15.24,0.0,0.0,520877825230.0,1.2506,3.05,0.0,0.1125,0.0,11.61,0.0,0.0,0.0,6460,58600000000
111380,동인기연,7.22,3.65,0.0,9.25,4.51,225.91,97.7,162.14,162.14,50.58,7.7,6.97,0.0,0.0,244145426389.0,0.8099,3.25,0.0,0.3387,0.0,10.25,0.0,0.0,0.0,13500,82700000000
111710,남화산업,3.53,3.3,0.0,24.41,39.78,40.94,7.11,3428.45,3428.45,93.36,-18.99,-48.9,0.0,0.0,16771010459.0,0.0829,9.84,0.0,3.8936,0.0,19.23,0.0,0.0,0.0,3170,65300000000
111770,영원무역,10.38,7.46,0.0,12.66,10.49,5144.39,39.25,387.72,387.72,71.81,15.51,63.01,0.0,0.0,4063584122639.0,0.7108,5.42,0.0,0.7884,0.0,9.36,0.0,0.0,0.0,72300,3203700000000
111820,지유온,-29.26,-21.82,0.0,-68.12,-82.64,-11.92,34.14,379.26,379.26,74.55,102.93,-14.94,0.0,0.0,1749963897.0,0.264,0.0,0.0,0.0,0.0,0.0,0.0,0.0,0.0,0,0
111870,케이에이치미래물산,-15.8,-15.22,0.0,-51.6,-369.64,-25.96,3.78,154.66,154.66,96.36,-50.65,37.85,0.0,0.0,5031431779.0,0.0412,0.0,0.0,0.0,0.0,0.0,0.0,0.0,0.0,0,0
112040,위메이드,-3.33,-1.55,0.0,1.74,-4.4,106.78,114.81,68.74,68.74,46.55,-13.74,51.2,0.0,0.0,614039504365.0,0.3518,7.96,0.0,0.8348,0.0,135.38,0.0,0.0,0.0,15100,512600000000
112240,에스에프씨,-10.15,-9.59,0.0,-104.08,-103.45,-30.43,5.91,1566.14,1566.14,94.42,-53.98,-8.77,0.0,0.0,2923214261.0,0.0927,0.0,0.0,0.0,0.0,0.0,0.0,0.0,0.0,0,0
112290,와이씨켐,9.42,2.67,0.0,-2.12,5.57,-17.66,252.43,80.13,80.13,28.37,18.19,78.37,0.0,0.0,83088557517.0,0.4796,63.4,0.0,2.4528,0.0,0.0,0.0,0.0,0.0,10080,203800000000
112610,씨에스윈드,3.34,1.25,0.0,10.93,1.37,3203.23,167.68,145.54,145.54,37.36,-4.59,25.38,0.0,0.0,2931648581449.0,0.9114,474.76,0.0,0.7034,0.0,12.73,0.0,0.0,0.0,48900,2062200000000
113810,디젠스,3.12,1.29,0.0,1.2,0.93,9.63,141.99,256.67,256.67,41.32,-10.26,-82.56,0.0,0.0,80356641062.0,1.3884,8.82,0.0,0.2464,0.0,55.83,0.0,0.0,0.0,3035,19800000000
114090,GKL,10.66,7.23,0.0,12.45,11.13,526.44,47.53,241.8,241.8,67.78,6.7,37.36,0.0,0.0,422947217924.0,0.6494,12.69,0.0,1.4141,0.0,15.35,0.0,0.0,0.0,9670,598100000000
114190,강원에너지,-13.22,-5.77,0.0,-2.87,-3.99,-60.96,128.99,129.39,129.39,43.67,-5.42,-190.01,0.0,0.0,212251840367.0,1.4475,0.0,0.0,1.1274,0.0,0.0,0.0,0.0,0.0,9160,239300000000
114450,그린생명과학,0.29,0.2,0.0,0.51,0.27,2.04,43.29,204.1,204.1,69.79,62.26,-45.8,0.0,0.0,40339622036.0,0.7353,6.05,0.0,1.1031,0.0,298.96,0.0,0.0,0.0,2225,44500000000
114630,폴라리스우노,1.87,1.54,0.0,7.65,2.36,77.91,21.65,646.5,646.5,82.21,27.07,235.81,0.0,0.0,101825593820.0,0.6519,4.78,0.0,0.2524,0.0,6.87,0.0,0.0,0.0,1490,25700000000
114810,한솔아이원스,13.52,11.18,0.0,16.76,14.3,333.17,20.97,286.75,286.75,82.67,26.53,44.44,0.0,0.0,198830230410.0,0.7817,18.14,0.0,1.8825,0.0,12.56,0.0,0.0,0.0,13300,374300000000
114840,아이패밀리에스씨,20.91,15.34,0.0,12.11,9.74,271.28,36.32,296.52,296.52,73.36,9.38,-19.34,0.0,0.0,224096054183.0,1.5738,9.13,0.0,0.7497,0.0,7.59,0.0,0.0,0.0,10070,168000000000
115160,휴맥스,-84.69,-16.58,0.0,-7.41,-20.65,-292.17,410.84,53.02,53.02,19.58,-26.4,-571.21,0.0,0.0,394166017109.0,0.8027,1.79,0.0,0.0584,0.0,0.0,0.0,0.0,0.0,5340,23000000000
115180,큐리언트,-79.77,-50.43,0.0,-426.26,-447.71,-297.64,58.18,1323.17,1323.17,63.22,-23.94,-8.32,0.0,0.0,6982624830.0,0.1126,0.0,0.0,110.4599,0.0,0.0,0.0,0.0,0.0,20550,771300000000
115310,인포바인,7.42,6.75,0.0,22.49,24.51,64.57,9.81,891.75,891.75,91.07,14.04,-17.95,0.0,0.0,28717399585.0,0.2755,17.04,0.0,4.7254,0.0,22.46,0.0,0.0,0.0,9150,135700000000
115440,우리넷,3.67,2.72,0.0,2.58,4.86,19.49,34.99,283.43,283.43,74.08,-42.62,-90.29,0.0,0.0,75505437184.0,0.5597,0.0,0.0,1.0661,0.0,59.25,0.0,0.0,0.0,7460,80500000000
115450,HLB테라퓨틱스,-5.56,-4.23,0.0,-5.08,-13.9,-35.34,31.51,284.2,284.2,76.04,26.63,53.64,0.0,0.0,69561353835.0,0.3042,0.0,0.0,2.6998,0.0,0.0,0.0,0.0,0.0,2120,187800000000
115480,씨유메디칼,1.37,0.82,0.0,22.42,1.7,108.13,67.01,483.93,483.93,59.88,18.69,38.61,0.0,0.0,48222586383.0,0.4839,3.01,0.0,0.6055,0.0,6.4,0.0,0.0,0.0,2410,29200000000
115500,케이씨에스,12.84,9.12,0.0,8.3,10.17,20.63,40.81,197.47,197.47,71.02,-15.83,4.04,0.0,0.0,24863482484.0,0.8972,48.87,0.0,4.388,0.0,56.77,0.0,0.0,0.0,9090,109100000000
115530,씨엔플러스,-36.07,-5.07,0.0,0.69,-4.59,3.68,612.09,96.48,96.48,14.04,12.9,1097.31,0.0,0.0,53617316563.0,1.1048,18.72,0.0,0.4905,0.0,185.05,0.0,0.0,0.0,3070,26300000000
115570,스타플렉스,4.87,3.5,0.0,6.66,3.52,65.67,39.0,199.02,199.02,71.94,23.09,4262.38,0.0,0.0,98655425592.0,0.9963,1.33,0.0,0.2108,0.0,7.4,0.0,0.0,0.0,2600,20800000000
115610,이미지스,-17.27,-13.55,0.0,-15.03,-13.89,-19.87,27.46,384.02,384.02,78.46,1.83,61.89,0.0,0.0,13222397763.0,0.9755,0.0,0.0,1.3311,0.0,0.0,0.0,0.0,0.0,1493,17600000000
117580,대성에너지,7.12,3.11,0.0,2.98,2.42,303.49,128.87,100.32,100.32,43.69,2.29,48.21,0.0,0.0,1017938768125.0,1.2865,6.5,0.0,0.1865,0.0,20.93,0.0,0.0,0.0,6900,189800000000
117670,알파칩스,-3.49,-2.47,0.0,-2.48,-1.79,-20.44,41.39,257.07,257.07,70.72,-3.51,-44.48,0.0,0.0,82279635343.0,1.3751,115.43,0.0,0.6539,0.0,0.0,0.0,0.0,0.0,8080,53800000000
117730,티로보틱스,-88.25,-48.21,0.0,-27.18,-98.34,-119.08,83.03,147.38,147.38,54.64,-27.83,-70.07,0.0,0.0,43812661900.0,0.4903,0.0,0.0,6.756,0.0,0.0,0.0,0.0,0.0,13120,296000000000
118000,메타케어,-0.18,-0.11,0.0,4.04,-0.65,13.25,63.63,56.14,56.14,61.11,62.42,-11.97,0.0,0.0,32822071206.0,0.1658,0.0,0.0,0.8561,0.0,79.32,0.0,0.0,0.0,1275,28100000000
118990,모트렉스,4.32,1.36,0.0,5.95,1.79,417.89,218.61,117.54,117.54,31.39,19.66,-4.18,0.0,0.0,702273819074.0,0.7594,9.55,0.0,0.2365,0.0,19.16,0.0,0.0,0.0,6770,166100000000
119500,포메탈,4.2,3.47,0.0,3.8,4.22,19.4,21.01,262.05,262.05,82.64,-21.54,29.76,0.0,0.0,51114697557.0,0.8223,16.21,0.0,0.5752,0.0,20.72,0.0,0.0,0.0,2480,29400000000
119610,인터로조,8.24,5.28,0.0,16.45,10.92,194.83,55.95,260.47,260.47,64.12,2.24,234.97,0.0,0.0,118440022952.0,0.4836,10.06,0.0,1.3441,0.0,12.68,0.0,0.0,0.0,13950,159200000000
119650,KC코트렐,-19.97,-5.13,0.0,-4.6,-5.39,-88.65,289.64,162.66,162.66,25.66,-43.43,86.93,0.0,0.0,192872605567.0,0.9514,9.37,0.0,0.5226,0.0,0.0,0.0,0.0,0.0,918,100800000000
119830,아이텍,-4.07,-3.33,0.0,-0.53,-14.43,-2.57,22.37,452.51,452.51,81.72,-0.23,88.25,0.0,0.0,48517802480.0,0.2307,0.0,0.0,3.5121,0.0,0.0,0.0,0.0,0.0,6420,170400000000
119850,지엔씨에너지,18.07,10.79,0.0,18.8,15.24,493.72,67.41,198.61,198.61,59.73,16.05,55.73,0.0,0.0,262633597538.0,0.7083,17.36,0.0,2.8873,0.0,18.38,0.0,0.0,0.0,46100,758300000000
120030,조선선재,5.72,5.4,0.0,15.04,18.11,77.86,5.96,1813.18,1813.18,94.37,1.68,-10.33,0.0,0.0,51761856558.0,0.2981,7.75,0.0,2.0285,0.0,14.74,0.0,0.0,0.0,83500,105000000000
120110,코오롱인더,1.27,0.67,0.0,2.23,1.06,1088.96,88.99,105.82,105.82,52.91,0.63,-31.39,0.0,0.0,4873399491952.0,0.6343,13.53,0.0,0.3656,0.0,49.58,0.0,0.0,0.0,59500,1781800000000
120240,대정화금,7.38,6.43,0.0,10.35,12.54,111.82,14.74,526.5,526.5,87.15,17.09,31.87,0.0,0.0,108081231529.0,0.5129,6.35,0.0,1.002,0.0,12.11,0.0,0.0,0.0,15060,108300000000
121440,골프존홀딩스,3.21,2.27,0.0,7.91,6.79,280.26,41.27,123.62,123.62,70.79,-8.25,-28.95,0.0,0.0,354319476689.0,0.3344,22.0,0.0,0.9709,0.0,23.32,0.0,0.0,0.0,8030,344000000000
121600,나노신소재,0.66,0.36,0.0,4.19,1.46,46.81,84.11,150.05,150.05,54.32,27.32,56.68,0.0,0.0,111745369751.0,0.2454,40.54,0.0,5.5967,0.0,178.04,0.0,0.0,0.0,51000,625400000000
121800,비덴트,1.34,1.23,0.0,-71.1,85.22,-72.17,9.07,669.91,669.91,91.68,5.34,34.69,0.0,0.0,10149724188.0,0.0144,0.0,0.0,25.2519,0.0,0.0,0.0,0.0,0.0,3320,256300000000
121850,코이즈,-921.8,-50.53,0.0,-63.82,-87.3,-80.74,1724.11,64.29,64.29,5.48,-38.99,-154.36,0.0,0.0,12650752843.0,0.5788,0.0,0.0,0.2371,0.0,0.0,0.0,0.0,0.0,598,3000000000
121890,에스디시스템,10.64,6.32,0.0,3.82,4.43,11.01,68.26,190.73,190.73,59.43,59.4,150.87,0.0,0.0,28793598189.0,1.4289,0.0,0.0,1.2885,0.0,41.12,0.0,0.0,0.0,2790,37100000000
122310,제노레이,0.75,0.48,0.0,-0.23,0.58,-2.43,56.69,194.37,194.37,63.82,0.99,-103.74,0.0,0.0,108042067262.0,0.8233,18.46,0.0,0.4452,0.0,0.0,0.0,0.0,0.0,3305,48100000000
122350,삼기,-6.36,-1.56,0.0,1.45,-1.81,82.77,308.2,58.61,58.61,24.5,5.24,60.93,0.0,0.0,570538736376.0,0.8602,0.0,0.0,0.1115,0.0,68.19,0.0,0.0,0.0,1659,63600000000
122450,KX,5.26,2.73,0.0,11.09,7.38,383.92,92.64,91.83,91.83,51.91,-14.28,-35.7,0.0,0.0,346121725953.0,0.3698,6.0,0.0,0.351,0.0,14.89,0.0,0.0,0.0,2710,121500000000
122640,예스티,0.49,0.29,0.0,4.36,0.76,37.93,66.45,142.01,142.01,60.08,-13.03,-66.32,0.0,0.0,87055847267.0,0.3845,101.37,0.0,7.3619,0.0,192.8,0.0,0.0,0.0,29600,640900000000
122690,서진오토모티브,-5.55,-1.13,0.0,0.91,-0.78,268.09,390.5,67.83,67.83,20.39,13.62,-26.59,0.0,0.0,2941851720462.0,1.4436,0.0,0.0,0.0134,0.0,61.99,0.0,0.0,0.0,1707,39400000000
122870,와이지엔터테인먼트,8.26,6.41,0.0,13.08,9.85,713.42,28.88,261.09,261.09,77.59,49.45,447.02,0.0,0.0,545404261988.0,0.6502,22.71,0.0,1.4101,0.0,13.41,0.0,0.0,0.0,41150,769100000000
122900,아이마켓코리아,7.02,2.17,0.0,0.67,0.97,203.2,223.2,109.43,109.43,30.94,-7.95,-54.63,0.0,0.0,3054422899510.0,2.2392,8.97,0.0,0.0905,0.0,59.97,0.0,0.0,0.0,8270,276500000000
122990,와이솔,-14.3,-12.17,0.0,-11.29,-13.12,-362.79,17.49,433.37,433.37,85.12,-14.33,-7966.68,0.0,0.0,321239179749.0,0.9278,0.0,0.0,0.5108,0.0,0.0,0.0,0.0,0.0,6160,164100000000
123010,MSDI,-12.45,-7.1,0.0,0.54,-8.57,2.08,75.2,145.78,145.78,57.08,-2.48,103.02,0.0,0.0,38376486409.0,0.8291,0.0,0.0,1.1465,0.0,307.1,0.0,0.0,0.0,2175,44000000000
123040,엠에스오토텍,-11.76,-4.42,0.0,1.8,-4.31,312.83,166.22,147.11,147.11,37.56,-2.08,-67.52,0.0,0.0,1740551641926.0,1.0257,0.0,0.0,0.0622,0.0,37.33,0.0,0.0,0.0,1728,108200000000
123330,제닉,46.01,33.41,0.0,19.15,24.15,149.74,37.73,237.28,237.28,72.61,56.68,148.58,0.0,0.0,78198461125.0,1.3832,11.28,0.0,3.7597,0.0,20.67,0.0,0.0,0.0,36900,294000000000
123410,코리아에프티,16.6,8.47,0.0,5.78,5.64,454.14,95.92,165.06,165.06,51.04,6.79,20.99,0.0,0.0,785869151550.0,1.5021,4.01,0.0,0.2133,0.0,9.33,0.0,0.0,0.0,6020,167600000000
123690,한국화장품,3.41,2.03,0.0,0.62,1.35,5.28,67.56,183.68,183.68,59.68,-8.36,-85.79,0.0,0.0,85031829899.0,1.5087,121.82,0.0,1.2666,0.0,247.24,0.0,0.0,0.0,6700,107700000000
123700,에스제이엠,4.46,3.75,0.0,5.62,5.32,113.15,19.01,622.33,622.33,84.02,-0.25,-20.53,0.0,0.0,201415058405.0,0.7046,2.97,0.0,0.2651,0.0,8.76,0.0,0.0,0.0,3420,53400000000
123750,알톤,1.04,0.72,0.0,0.71,0.66,2.27,44.8,265.07,265.07,69.06,14.1,104.14,0.0,0.0,32159264764.0,1.0948,283.17,0.0,0.7307,0.0,143.38,0.0,0.0,0.0,1699,23500000000
123840,뉴온,-41.25,-32.68,0.0,-27.78,-80.57,-133.78,26.2,182.51,182.51,79.24,359.84,-36.24,0.0,0.0,48163918636.0,0.4056,0.0,0.0,0.5232,0.0,0.0,0.0,0.0,0.0,1621,25200000000
123860,아나패스,3.6,2.2,0.0,18.63,2.51,201.52,63.68,237.39,237.39,61.09,-40.64,0.54,0.0,0.0,108165267297.0,0.8762,289.13,0.0,1.4903,0.0,10.38,0.0,0.0,0.0,13300,161200000000
123890,한국자산신탁,4.56,2.84,0.0,16.75,24.17,342.27,60.45,0.0,0.0,62.32,-9.79,-33.88,0.0,0.0,204288412188.0,0.1175,6.82,0.0,1.5816,0.0,28.57,0.0,0.0,0.0,2640,323100000000
124500,아이티센글로벌,38.74,12.4,0.0,3.16,2.24,2799.26,212.5,122.06,122.06,32.0,78.78,377.98,0.0,0.0,8870844790093.0,5.5464,11.77,0.0,0.0939,0.0,6.86,0.0,0.0,0.0,35900,833000000000
124560,태웅로직스,-1.97,-0.9,0.0,0.2,-0.45,22.5,120.29,120.25,120.25,45.39,7.04,-94.49,0.0,0.0,1117280899434.0,1.9874,0.0,0.0,0.0702,0.0,171.28,0.0,0.0,0.0,2025,78400000000
125020,티씨머티리얼즈,2.15,1.38,0.0,2.27,0.56,67.99,55.47,245.93,245.93,64.32,-1.57,-37.78,0.0,0.0,299118621385.0,2.4716,18.62,0.0,0.6629,0.0,35.52,0.0,0.0,0.0,5660,198300000000
125210,아모그린텍,7.27,3.11,0.0,7.18,4.51,93.83,133.87,104.99,104.99,42.76,1.58,109.87,0.0,0.0,130600692643.0,0.6884,17.93,0.0,0.7312,0.0,21.75,0.0,0.0,0.0,5790,95500000000
125490,한라캐스트,3.47,1.89,0.0,6.6,2.35,102.93,82.89,150.98,150.98,54.68,7.92,-16.15,0.0,0.0,155882334021.0,0.8075,91.28,0.0,2.5006,0.0,46.37,0.0,0.0,0.0,10680,389800000000
126340,비나텍,-8.94,-3.46,0.0,2.16,-8.51,17.74,158.54,85.68,85.68,38.68,37.99,121.98,0.0,0.0,82228905359.0,0.4066,0.0,0.0,5.4227,0.0,321.32,0.0,0.0,0.0,62100,445900000000
126560,현대퓨처넷,0.87,0.81,0.0,2.39,2.71,63.09,7.1,715.15,715.15,93.37,22.57,-9.15,0.0,0.0,264515033000.0,0.2996,40.06,0.0,1.3727,0.0,66.82,0.0,0.0,0.0,3325,363100000000
126600,BGF에코머티리얼즈,2.01,1.28,0.0,4.36,2.52,173.46,56.45,144.74,144.74,63.92,9.21,23.81,0.0,0.0,397885888276.0,0.509,11.72,0.0,0.4677,0.0,26.99,0.0,0.0,0.0,2965,186100000000
126640,화신정공,8.7,5.21,0.0,3.11,2.72,117.82,67.0,132.75,132.75,59.88,17.7,778.69,0.0,0.0,378937475942.0,1.9147,7.32,0.0,0.4222,0.0,20.32,0.0,0.0,0.0,4565,160000000000
126700,하이비젼시스템,-8.6,-7.45,0.0,-19.03,-13.85,-325.54,15.4,478.7,478.7,86.65,-45.16,-205.06,0.0,0.0,171096948608.0,0.5383,0.0,0.0,1.076,0.0,0.0,0.0,0.0,0.0,12320,184100000000
126720,수산인더스트리,8.83,7.27,0.0,12.76,14.46,430.79,21.53,484.54,484.54,82.29,6.59,-0.97,0.0,0.0,337655195254.0,0.5026,4.05,0.0,0.9054,0.0,9.86,0.0,0.0,0.0,21400,305700000000
126730,코칩,5.11,4.24,0.0,2.98,7.44,11.39,20.43,682.89,682.89,83.03,14.72,-60.7,0.0,0.0,38284849477.0,0.5697,24.88,0.0,4.6285,0.0,165.54,0.0,0.0,0.0,20200,177200000000
126870,앤에스,0.86,0.61,0.0,1.69,1.26,6.72,42.55,278.82,278.82,70.15,-2.09,54.91,0.0,0.0,39858628741.0,0.4807,0.0,0.0,0.0,0.0,0.0,0.0,0.0,0.0,0,0
126880,제이엔케이글로벌,1.84,1.16,0.0,2.14,1.98,31.54,58.23,143.92,143.92,63.2,6.24,-13.4,0.0,0.0,147293291891.0,0.5871,13.44,0.0,0.3992,0.0,47.91,0.0,0.0,0.0,2540,58800000000
127120,제이에스링크,-23.97,-13.37,0.0,-64.64,-85.14,-124.87,79.37,114.39,114.39,55.75,21.43,-37.04,0.0,0.0,19316467820.0,0.157,0.0,0.0,62.5891,0.0,0.0,0.0,0.0,0.0,33000,1209000000000
127710,아시아경제,3.36,0.93,0.0,7.49,4.25,54.79,259.16,96.73,96.73,27.84,-6.19,115.58,0.0,0.0,73144595774.0,0.2199,0.0,0.0,0.6193,0.0,52.07,0.0,0.0,0.0,1029,45300000000
127980,화인써키트,-8.67,-4.59,0.0,-1.82,-4.61,-14.85,88.92,92.44,92.44,52.93,-4.81,-132.89,0.0,0.0,81789735978.0,0.9946,707.5,0.0,0.4096,0.0,0.0,0.0,0.0,0.0,2830,33500000000
128540,에코캡,-2.28,-1.48,0.0,-2.08,-1.62,-31.58,53.95,221.94,221.94,64.96,9.61,-116.12,0.0,0.0,151845506167.0,0.9117,0.0,0.0,0.218,0.0,0.0,0.0,0.0,0.0,1240,33100000000
128660,피제이메탈,10.97,5.14,0.0,3.5,2.42,122.27,113.35,137.95,137.95,46.87,37.12,33.32,0.0,0.0,348957303218.0,2.1224,5.2,0.0,0.2146,0.0,13.27,0.0,0.0,0.0,3020,74900000000
128820,대성산업,-9.55,-3.55,0.0,0.69,-3.94,108.33,169.05,107.79,107.79,37.17,6.04,-50.27,0.0,0.0,1565923441453.0,0.9004,0.0,0.0,0.1197,0.0,118.19,0.0,0.0,0.0,4145,187500000000
128940,한미약품,13.15,8.75,0.0,16.66,12.09,2577.99,50.23,147.71,147.71,66.56,3.48,19.25,0.0,0.0,1547531098763.0,0.724,29.07,0.0,4.0771,0.0,27.25,0.0,0.0,0.0,492500,6309400000000
129260,인터지스,3.54,2.1,0.0,2.79,1.48,197.61,68.47,130.78,130.78,59.36,1.11,-17.19,0.0,0.0,708978717129.0,1.419,8.05,0.0,0.0807,0.0,13.17,0.0,0.0,0.0,1923,57200000000
129890,앱코,10.32,6.18,0.0,3.81,7.68,31.77,67.05,410.45,410.45,59.86,-10.65,-34.08,0.0,0.0,83427579554.0,0.804,8.87,0.0,0.5574,0.0,27.75,0.0,0.0,0.0,1020,46500000000
129920,대성하이텍,-9.87,-3.32,0.0,-2.41,-6.48,-22.95,197.26,96.7,96.7,33.64,2.57,82.53,0.0,0.0,95216185446.0,0.5118,0.0,0.0,0.9862,0.0,0.0,0.0,0.0,0.0,5780,93900000000
130500,GH신소재,-4.23,-2.05,0.0,7.81,-4.54,68.44,105.92,76.69,76.69,48.56,4.66,-10.74,0.0,0.0,87624459425.0,0.4524,0.0,0.0,0.3116,0.0,18.55,0.0,0.0,0.0,1877,27300000000
130580,나이스디앤비,11.18,9.34,0.0,16.89,14.14,154.32,19.72,510.92,510.92,83.53,1.9,-2.22,0.0,0.0,91363378272.0,0.6602,6.67,0.0,0.9435,0.0,7.06,0.0,0.0,0.0,5600,86200000000
130660,한전산업,3.94,1.99,0.0,1.67,1.03,65.75,98.45,173.95,173.95,50.39,7.35,-59.27,0.0,0.0,394548141840.0,1.9291,81.95,0.0,1.0087,0.0,75.96,0.0,0.0,0.0,12210,398000000000
130740,티피씨글로벌,-0.4,-0.3,0.0,-4.11,-0.47,-32.61,32.81,225.07,225.07,75.3,-1.27,-261.69,0.0,0.0,79404293659.0,0.6426,1.42,0.0,0.2934,0.0,0.0,0.0,0.0,0.0,2070,23300000000
131030,옵투스제약,6.88,5.94,0.0,10.18,13.03,88.75,15.79,262.29,262.29,86.36,6.42,3.35,0.0,0.0,87161378628.0,0.4562,7.14,0.0,1.1599,0.0,14.33,0.0,0.0,0.0,5730,101100000000
131090,시큐브,9.47,8.87,0.0,32.1,34.97,43.14,6.7,1617.06,1617.06,93.72,11.28,26.11,0.0,0.0,13438054169.0,0.2538,7.03,0.0,2.4036,0.0,8.26,0.0,0.0,0.0,4215,32300000000
131100,티엔엔터테인먼트,0.47,0.36,0.0,2.83,0.27,33.51,33.08,97.36,97.36,75.14,-17.23,-65.45,0.0,0.0,118299495759.0,1.3274,0.0,0.0,0.126,0.0,11.06,0.0,0.0,0.0,2315,14900000000
131180,딜리,2.9,2.71,0.0,2.49,5.72,8.03,6.98,1028.18,1028.18,93.48,-15.46,-65.18,0.0,0.0,32306126087.0,0.4732,8.91,0.0,0.7398,0.0,35.29,0.0,0.0,0.0,4080,23900000000
131220,대한과학,8.42,6.62,0.0,6.82,5.89,55.31,27.19,368.18,368.18,78.62,13.14,30.89,0.0,0.0,81117767870.0,1.1231,7.77,0.0,0.3415,0.0,7.8,0.0,0.0,0.0,3720,27700000000
131290,티에스이,8.62,6.59,0.0,11.46,9.34,491.72,30.88,276.7,276.7,76.41,23.23,23.24,0.0,0.0,428900789083.0,0.7054,25.05,0.0,6.1124,0.0,56.23,0.0,0.0,0.0,237000,2621600000000
131370,알서포트,1.86,1.64,0.0,4.9,3.69,23.93,13.7,200.56,200.56,87.95,2.77,-34.93,0.0,0.0,48845260894.0,0.4448,0.0,0.0,1.6419,0.0,39.04,0.0,0.0,0.0,1506,80200000000
131400,이브이첨단소재,-21.02,-15.82,0.0,-5.39,-36.59,-31.76,32.86,203.61,203.61,75.27,-28.03,-223.76,0.0,0.0,58957039857.0,0.4323,0.0,0.0,0.7514,0.0,0.0,0.0,0.0,0.0,744,44300000000
131760,파인텍,-29.31,-9.92,0.0,-6.32,-17.25,-29.31,195.42,91.79,91.79,33.85,-34.74,-256.78,0.0,0.0,46345235298.0,0.5753,0.0,0.0,0.3517,0.0,0.0,0.0,0.0,0.0,1873,16300000000
131970,두산테스나,0.35,0.21,0.0,-0.31,0.5,-9.41,61.02,136.99,136.99,62.1,-18.56,-102.48,0.0,0.0,303874072000.0,0.4318,45.29,0.0,5.1008,0.0,0.0,0.0,0.0,0.0,80200,1550000000000
133750,메가엠디,4.2,3.35,0.0,5.24,8.07,18.14,25.4,277.18,277.18,79.74,-5.21,-18.89,0.0,0.0,34591356901.0,0.4155,6.94,0.0,1.0147,0.0,28.65,0.0,0.0,0.0,1498,35100000000
133820,화인베스틸,-11.8,-3.56,0.0,-0.9,-3.28,-16.71,231.53,58.14,58.14,30.16,56.22,91.27,0.0,0.0,186171163411.0,1.0848,0.0,0.0,0.1923,0.0,0.0,0.0,0.0,0.0,964,35800000000
134060,이퓨쳐,5.27,4.4,0.0,7.92,11.05,8.83,19.83,1499.83,1499.83,83.45,1.03,19.86,0.0,0.0,11142499752.0,0.3982,14.42,0.0,2.3334,0.0,34.69,0.0,0.0,0.0,5450,26000000000
134380,미원화학,14.25,12.63,0.0,10.25,8.69,291.54,12.78,1252.81,1252.81,88.67,11.09,1.81,0.0,0.0,284512419024.0,1.4536,5.54,0.0,0.8,0.0,8.57,0.0,0.0,0.0,10350,227600000000
134580,탑코미디어,-7.16,-3.85,0.0,7.55,-4.78,36.7,86.08,104.45,104.45,53.74,108.24,198.49,0.0,0.0,48604543452.0,0.8051,190.5,0.0,3.8638,0.0,58.78,0.0,0.0,0.0,3810,187800000000
134780,에스엠화진,12.84,9.97,0.0,-7.87,16.37,-14.56,28.74,392.1,392.1,77.68,-10.44,-228.38,0.0,0.0,18503599960.0,0.6093,0.0,0.0,0.0,0.0,0.0,0.0,0.0,0.0,0,0
134790,시디즈,-3.61,-2.31,0.0,-3.41,-1.16,-66.83,56.08,181.9,181.9,64.07,-6.09,-98.68,0.0,0.0,195719724417.0,1.9997,10.09,0.0,0.2018,0.0,0.0,0.0,0.0,0.0,19730,39500000000
136150,원일티엔아이,-4.28,-3.18,0.0,-5.91,-6.96,-17.5,34.35,223.06,223.06,74.43,-29.8,-127.43,0.0,0.0,29616648801.0,0.457,91.69,0.0,2.1542,0.0,0.0,0.0,0.0,0.0,7610,63800000000
136410,아셈스,12.15,7.82,0.0,19.91,14.9,120.01,55.43,186.05,186.05,64.34,5.42,30.11,0.0,0.0,60272993631.0,0.5245,7.05,0.0,0.7599,0.0,7.23,0.0,0.0,0.0,4160,45800000000
136480,하림,11.9,4.53,0.0,3.31,2.69,476.81,162.84,72.24,72.24,38.05,12.03,67.23,0.0,0.0,1439995096000.0,1.6834,15.52,0.0,0.1981,0.0,17.1,0.0,0.0,0.0,2685,285200000000
136490,선진,21.65,9.26,0.0,9.45,6.65,1791.91,133.95,100.51,100.51,42.75,12.75,44.41,0.0,0.0,1895741974966.0,1.3922,2.83,0.0,0.1274,0.0,5.7,0.0,0.0,0.0,10160,241600000000
136510,스마트솔루션즈,-69.32,-10.07,0.0,-103.43,-79.97,-28.79,588.24,99.55,99.55,14.53,-32.73,48.56,0.0,0.0,2783742036.0,0.1259,0.0,0.0,0.0,0.0,0.0,0.0,0.0,0.0,0,0
136540,윈스테크넷,9.94,8.77,0.0,21.46,18.67,211.59,13.38,621.15,621.15,88.2,2.2,4.0,0.0,0.0,98597670521.0,0.4696,7.09,0.0,1.3205,0.0,7.32,0.0,0.0,0.0,10600,130200000000
137080,나래나노텍,34.35,20.11,0.0,-16.22,73.33,-88.38,70.82,164.6,164.6,58.54,34.81,60.02,0.0,0.0,54497281414.0,0.2742,1.12,0.0,1.2826,0.0,0.0,0.0,0.0,0.0,6530,69900000000
137310,에스디바이오센서,-21.97,-15.83,0.0,-11.39,-72.25,-809.45,38.76,264.41,264.41,72.07,2.3,-49.74,0.0,0.0,710580825154.0,0.2191,0.0,0.0,1.04,0.0,0.0,0.0,0.0,0.0,6120,739000000000
137400,피엔티,9.96,4.05,0.0,12.84,9.33,956.48,146.08,136.73,136.73,40.64,-28.03,-41.66,0.0,0.0,744889433349.0,0.4335,9.36,0.0,0.9652,0.0,18.18,0.0,0.0,0.0,30350,719000000000
137940,넥스트아이,-103.62,-43.33,0.0,-29.63,-34.42,-355.81,139.13,104.44,104.44,41.82,130.74,-549.5,0.0,0.0,120063298601.0,1.259,0.0,0.0,0.1616,0.0,0.0,0.0,0.0,0.0,1981,19400000000
137950,제이씨케미칼,-3.57,-1.35,0.0,2.1,-1.4,77.18,164.75,88.63,88.63,37.77,0.06,-27.8,0.0,0.0,367542495747.0,0.9613,0.0,0.0,0.2272,0.0,41.64,0.0,0.0,0.0,3750,83500000000
138040,메리츠금융지주,20.87,1.73,0.0,0.0,0.0,28727.34,1102.87,0.0,0.0,8.31,0.0,-9.91,0.0,0.0,0.0,0.0,9.16,0.0,0.0,0.0,50.35,0.0,0.0,0.0,122200,20449800000000
138070,신진에스엠,-0.53,-0.4,0.0,-0.7,-0.76,-3.83,32.66,259.89,259.89,75.38,-0.35,-129.34,0.0,0.0,54436124843.0,0.5285,21.79,0.0,0.4905,0.0,0.0,0.0,0.0,0.0,1525,26700000000
138080,오이솔루션,-42.07,-22.61,0.0,-27.88,-47.13,-159.99,86.09,152.8,152.8,53.74,79.16,47.3,0.0,0.0,57377286181.0,0.4797,0.0,0.0,5.0264,0.0,0.0,0.0,0.0,0.0,23300,288400000000
138360,앤로보틱스,8.03,6.3,0.0,2.49,29.36,5.81,27.43,202.16,202.16,78.47,8.69,149.63,0.0,0.0,23371415577.0,0.2147,14.61,0.0,6.5978,0.0,305.53,0.0,0.0,0.0,1753,154200000000
138490,코오롱이앤피,11.61,9.47,0.0,9.4,8.87,440.75,22.56,337.5,337.5,81.6,-3.6,10.83,0.0,0.0,468687996616.0,1.0676,0.0,0.0,0.0,0.0,0.0,0.0,0.0,0.0,0,0
138610,나이벡,10.13,7.37,0.0,15.36,14.19,50.26,37.49,316.24,316.24,72.73,33.27,202.02,0.0,0.0,32718793376.0,0.5193,0.0,0.0,5.4525,0.0,38.91,0.0,0.0,0.0,15690,178400000000
138930,BNK금융지주,7.44,0.52,0.0,0.0,0.0,9026.81,1333.0,0.0,0.0,6.98,0.0,3.06,0.0,0.0,0.0,0.0,5.57,0.0,0.0,0.0,171.18,0.0,0.0,0.0,15200,4664000000000
139050,비에프랩스,-14.34,-5.44,0.0,-15.17,-17.11,-22.53,163.71,23.04,23.04,37.92,-13.62,76.95,0.0,0.0,14856214250.0,0.3177,0.0,0.0,0.0,0.0,0.0,0.0,0.0,0.0,0,0
139130,iM금융지주,7.11,0.46,0.0,0.0,0.0,5832.41,1435.88,0.0,0.0,6.51,0.0,121.4,0.0,0.0,0.0,0.0,6.78,0.0,0.0,0.0,163.49,0.0,0.0,0.0,18490,2928100000000
139480,이마트,1.8,0.74,0.0,1.11,0.85,3225.41,144.61,61.85,61.85,40.88,-0.17,584.83,0.0,0.0,28970388263858.0,0.8647,96.62,0.0,0.0708,0.0,67.77,0.0,0.0,0.0,74300,2050400000000
139670,키네마스터,13.46,12.38,0.0,7.55,27.85,9.25,8.74,2115.27,2115.27,91.96,-8.06,56.28,0.0,0.0,12259444646.0,0.4443,4.04,0.0,2.3574,0.0,33.62,0.0,0.0,0.0,2050,28900000000
139990,아주스틸,-28.49,-4.09,0.0,-2.35,-3.79,-255.66,596.53,60.27,60.27,14.36,8.6,39.7,0.0,0.0,1085603129063.0,1.0792,0.0,0.0,0.0803,0.0,0.0,0.0,0.0,0.0,2250,87200000000
140070,서플러스글로벌,-8.11,-3.43,0.0,-5.61,-7.01,-116.96,136.64,139.16,139.16,42.26,-17.17,-182.62,0.0,0.0,208410779850.0,0.4893,0.0,0.0,0.3613,0.0,0.0,0.0,0.0,0.0,2035,75300000000
140410,메지온,-203.14,-35.63,0.0,0.0,0.0,-167.69,470.09,57.29,57.29,17.54,0.0,-17.27,0.0,0.0,0.0,0.0,0.0,0.0,0.0,0.0,0.0,0.0,0.0,0.0,71200,2180300000000
140430,카티스,-0.9,-0.55,0.0,-1.92,-1.26,-5.37,62.66,118.2,118.2,61.48,-11.91,-133.67,0.0,0.0,27901348150.0,0.4394,24.56,0.0,0.6595,0.0,0.0,0.0,0.0,0.0,1719,18400000000
140520,대창스틸,1.91,1.13,0.0,0.84,0.72,33.55,70.06,172.25,172.25,58.8,-0.96,13.13,0.0,0.0,398574191699.0,1.5699,6.49,0.0,0.1061,0.0,43.78,0.0,0.0,0.0,2005,42300000000
140670,알에스오토메이션,-6.83,-4.35,0.0,-5.31,-5.94,-35.61,57.16,240.79,240.79,63.63,-12.67,4.1,0.0,0.0,67038479474.0,0.7314,0.0,0.0,1.9631,0.0,0.0,0.0,0.0,0.0,10250,131600000000
140860,파크시스템스,15.31,9.85,0.0,20.52,16.77,421.91,55.44,268.09,268.09,64.33,17.45,9.5,0.0,0.0,205613479882.0,0.5876,79.19,0.0,8.9396,0.0,46.52,0.0,0.0,0.0,262500,1838100000000
140910,에이자기관리부동산투자회사,-11.27,-3.92,0.0,-15.59,-116.76,-4.12,187.35,157.3,157.3,34.8,-41.56,65.7,0.0,0.0,2644512847.0,0.0336,0.0,0.0,0.0,0.0,0.0,0.0,0.0,0.0,0,0
141000,비아트론,5.78,5.11,0.0,14.1,16.01,91.8,13.09,529.66,529.66,88.43,12.21,35.83,0.0,0.0,65118567077.0,0.3193,10.44,0.0,1.6769,0.0,14.47,0.0,0.0,0.0,9010,109200000000
141080,리가켐바이오,-16.92,-13.05,0.0,-75.23,-64.68,-1064.86,29.7,853.53,853.53,77.1,12.43,-409.17,0.0,0.0,141553069341.0,0.2017,0.0,0.0,25.2372,0.0,0.0,0.0,0.0,0.0,96500,3572400000000
142210,유니트론텍,8.16,3.48,0.0,4.2,1.54,322.69,134.25,158.64,158.64,42.69,7.96,-10.68,0.0,0.0,768974453691.0,2.2629,9.5,0.0,0.1629,0.0,9.92,0.0,0.0,0.0,6040,125300000000
142280,녹십자엠에스,7.46,3.82,0.0,2.66,3.19,28.87,95.21,115.14,115.14,51.23,4.39,23.66,0.0,0.0,108413453299.0,1.1978,18.08,0.0,0.6752,0.0,40.64,0.0,0.0,0.0,3055,73200000000
142760,모아라이프플러스,-42.7,-30.63,0.0,-58.23,-116.36,-65.31,39.4,231.44,231.44,71.74,-28.24,-17.9,0.0,0.0,11216210534.0,0.2632,0.0,0.0,1.7029,0.0,0.0,0.0,0.0,0.0,907,19100000000
143160,아이디스,6.66,5.01,0.0,6.48,7.11,212.42,32.87,308.32,308.32,75.26,4.45,32.05,0.0,0.0,327595925715.0,0.7046,9.11,0.0,0.5314,0.0,13.61,0.0,0.0,0.0,16250,174100000000
143210,핸즈코퍼레이션,-95.02,-11.5,0.0,-4.94,-11.31,-387.37,726.2,42.66,42.66,12.1,2.66,16.66,0.0,0.0,784750861389.0,1.0169,0.0,0.0,0.0428,0.0,0.0,0.0,0.0,0.0,1199,33600000000
143240,사람인,34.37,28.09,0.0,13.84,75.7,167.75,22.35,560.44,560.44,81.73,-5.57,-21.11,0.0,0.0,121236114602.0,0.3711,2.06,0.0,1.5622,0.0,14.85,0.0,0.0,0.0,17650,189400000000
143540,영우디에스피,18.43,8.11,0.0,7.34,6.9,59.07,127.35,155.2,155.2,43.99,36.3,218.77,0.0,0.0,80504197379.0,1.1745,8.16,0.0,0.5652,0.0,14.2,0.0,0.0,0.0,1020,45500000000
144510,지씨셀,-143.67,-90.07,0.0,-8.33,-165.25,-137.94,59.52,45.69,45.69,62.69,-5.12,31.03,0.0,0.0,165523143709.0,0.545,0.0,0.0,1.2886,0.0,0.0,0.0,0.0,0.0,13500,213300000000
144960,뉴파워프라즈마,1.77,0.77,0.0,4.96,1.32,286.69,130.24,99.37,99.37,43.43,11.19,9.72,0.0,0.0,577990393724.0,0.5832,11.44,0.0,0.7068,0.0,33.8,0.0,0.0,0.0,9350,408500000000
145020,휴젤,14.99,13.65,0.0,47.25,34.57,2008.51,9.86,730.12,730.12,91.02,13.96,20.83,0.0,0.0,425109983561.0,0.3948,19.63,0.0,7.4188,0.0,16.18,0.0,0.0,0.0,252000,3153800000000
145170,노브랜드,3.31,1.25,0.0,2.22,0.84,133.4,164.99,129.65,129.65,37.74,10.24,-24.1,0.0,0.0,602167956744.0,1.4788,9.29,0.0,0.0785,0.0,22.55,0.0,0.0,0.0,2795,47300000000
145210,다이나믹디자인,-20.12,-7.56,0.0,-0.71,-11.07,-5.7,166.14,114.83,114.83,37.57,28.15,77.63,0.0,0.0,80189664538.0,0.6827,0.0,0.0,0.1185,0.0,0.0,0.0,0.0,0.0,2240,9500000000
145270,케이탑리츠,6.13,3.02,0.0,70.43,43.14,106.23,103.18,41.14,41.14,49.22,24.78,34.17,0.0,0.0,15083145031.0,0.0699,4.72,0.0,2.4796,0.0,13.84,0.0,0.0,0.0,778,37400000000
145720,덴티움,2.91,1.75,0.0,18.5,4.71,641.11,66.21,143.53,143.53,60.16,-15.05,-34.91,0.0,0.0,346451532721.0,0.3714,12.73,0.0,0.9309,0.0,10.83,0.0,0.0,0.0,37400,322500000000
145990,삼양사,-16.94,-8.34,0.0,4.36,-11.8,1117.25,103.1,106.77,106.77,49.24,-4.09,-16.33,0.0,0.0,2562499706149.0,0.7068,0.0,0.0,0.1849,0.0,20.71,0.0,0.0,0.0,45950,473900000000
146060,율촌,6.55,3.24,0.0,6.41,4.64,50.8,102.41,78.79,78.79,49.41,1.39,-1.48,0.0,0.0,79251351612.0,0.6981,7.61,0.0,0.318,0.0,16.27,0.0,0.0,0.0,1050,25200000000
146320,비씨엔씨,1.46,0.65,0.0,4.48,1.31,39.27,125.29,92.92,92.92,44.39,13.2,290.43,0.0,0.0,87583804218.0,0.4934,109.33,0.0,1.4375,0.0,57.19,0.0,0.0,0.0,9840,125900000000
147760,피엠티,-253.55,-42.05,0.0,-80.65,-88.89,-203.96,503.0,44.33,44.33,16.58,3.67,-55.69,0.0,0.0,25287736817.0,0.473,0.0,0.0,2.5348,0.0,0.0,0.0,0.0,0.0,3205,64100000000
147830,제룡산업,13.32,11.96,0.0,27.88,30.29,105.73,11.38,959.16,959.16,89.78,29.31,158.58,0.0,0.0,37923882483.0,0.3948,6.94,0.0,3.7285,0.0,14.3,0.0,0.0,0.0,7070,141400000000
148140,비디아이,24.66,-10.22,0.0,0.0,0.0,-22.87,-341.22,5.43,5.43,-41.46,-100.0,49.82,0.0,0.0,0.0,0.0,0.0,0.0,0.0,0.0,0.0,0.0,0.0,0.0,0,0
148150,세경하이테크,20.37,13.8,0.0,0.63,17.2,17.63,47.62,158.23,158.23,67.74,-13.24,-94.4,0.0,0.0,277917111183.0,0.8022,4.13,0.0,0.5174,0.0,145.0,0.0,0.0,0.0,4045,143800000000
148250,알엔투테크놀로지,-9.81,-6.1,0.0,-18.41,-20.72,-34.34,60.82,118.66,118.66,62.18,30.4,-27.75,0.0,0.0,18651545847.0,0.2943,0.0,0.0,1.1956,0.0,0.0,0.0,0.0,0.0,1641,22300000000
148780,비큐AI,-6.77,-5.01,0.0,-6.28,-4.46,-10.68,35.03,347.01,347.01,74.06,-1.65,-31.47,0.0,0.0,17014562225.0,1.1234,0.0,0.0,1.3577,0.0,0.0,0.0,0.0,0.0,3675,23100000000
148930,에이치와이티씨,5.32,4.56,0.0,-10.53,11.46,-31.68,16.65,441.5,441.5,85.73,-6.92,-847.83,0.0,0.0,30085095751.0,0.3984,1.3,0.0,1.1035,0.0,0.0,0.0,0.0,0.0,3265,33200000000
149950,아바텍,4.55,4.24,0.0,7.6,8.55,61.48,7.41,669.8,669.8,93.1,-4.26,6.05,0.0,0.0,80944405170.0,0.4957,15.84,0.0,1.5159,0.0,21.79,0.0,0.0,0.0,8980,122700000000
149980,하이로닉,4.95,4.41,0.0,12.79,9.8,41.02,12.14,1294.92,1294.92,89.18,1.45,164.59,0.0,0.0,32086031399.0,0.4504,30.35,0.0,2.7644,0.0,23.5,0.0,0.0,0.0,5160,88700000000
150900,파수AI,7.15,5.57,0.0,5.43,5.83,25.36,28.21,295.75,295.75,78.0,1.24,-34.98,0.0,0.0,46676052578.0,0.9562,7.62,0.0,0.8934,0.0,20.68,0.0,0.0,0.0,3560,41700000000
151860,KG에코솔루션,5.89,2.95,0.0,2.52,2.42,1912.56,99.5,118.2,118.2,50.13,4.01,-15.57,0.0,0.0,7577196875286.0,1.2174,3.27,0.0,0.0353,0.0,17.63,0.0,0.0,0.0,5620,267500000000
153460,네이블,6.98,6.15,0.0,13.61,13.13,26.12,13.38,689.08,689.08,88.2,11.56,578.31,0.0,0.0,19189105647.0,0.4687,43.31,0.0,2.0063,0.0,16.59,0.0,0.0,0.0,5890,38500000000
153490,우리이앤엘하루틴,-1.52,-1.14,0.0,0.24,-1.15,2.87,33.46,262.86,262.86,74.93,-17.46,-95.83,0.0,0.0,121210836014.0,0.9935,0.0,0.0,0.245,0.0,210.42,0.0,0.0,0.0,2885,29700000000
153710,옵티팜,-9.84,-6.13,0.0,-10.8,-11.18,-24.14,60.51,120.71,120.71,62.3,13.79,1.54,0.0,0.0,22344530941.0,0.5481,0.0,0.0,3.1775,0.0,0.0,0.0,0.0,0.0,4840,71000000000
154030,아시아종묘,-5.67,-3.29,0.0,-28.12,-38.86,-9.89,72.19,137.48,137.48,58.08,-87.36,-207.02,0.0,0.0,3516111982.0,0.0847,17.08,0.0,5.6881,0.0,0.0,0.0,0.0,0.0,1657,20000000000
154040,다산솔루에타,23.14,14.78,0.0,5.45,38.75,17.12,56.52,80.87,80.87,63.89,-11.39,-14.18,0.0,0.0,31399403970.0,0.3815,1.58,0.0,0.7357,0.0,30.84,0.0,0.0,0.0,1069,23100000000
155650,와이엠씨,0.9,0.62,0.0,2.65,0.64,45.74,44.66,161.48,161.48,69.13,3.01,-33.68,0.0,0.0,172777352555.0,0.9628,12.08,0.0,0.3513,0.0,25.38,0.0,0.0,0.0,3200,60700000000
155660,DSR,6.01,3.8,0.0,6.38,4.92,192.92,58.32,139.5,139.5,63.16,0.86,25.76,0.0,0.0,302389824368.0,0.7722,2.23,0.0,0.2331,0.0,11.13,0.0,0.0,0.0,4405,70500000000
155960,지디,-12.26,-3.57,0.0,-4.45,-2.68,-8.03,243.46,35.48,35.48,29.12,-10.75,42.71,0.0,0.0,18061030521.0,1.3303,0.0,0.0,0.0,0.0,0.0,0.0,0.0,0.0,0,0
156100,엘앤케이바이오,-43.46,-20.11,0.0,1.84,-43.14,7.15,116.08,159.58,159.58,46.28,7.84,-76.77,0.0,0.0,38920486823.0,0.4662,31.28,0.0,2.3175,0.0,188.85,0.0,0.0,0.0,4035,90200000000
158430,아톤,2.09,1.5,0.0,15.32,3.23,103.58,39.34,340.61,340.61,71.77,3.33,-28.26,0.0,0.0,67603200088.0,0.4645,32.43,0.0,1.6907,0.0,15.0,0.0,0.0,0.0,4670,114300000000
159010,아스플로,-21.42,-8.39,0.0,-10.33,-14.63,-70.15,155.39,113.74,113.74,39.16,-18.76,-276.34,0.0,0.0,67924197059.0,0.5734,39.02,0.0,4.2209,0.0,0.0,0.0,0.0,0.0,21500,286700000000
159580,제로투세븐,4.14,3.76,0.0,3.55,4.86,25.16,10.07,602.98,602.98,90.85,6.07,64.83,0.0,0.0,70954645139.0,0.7733,9.8,0.0,0.6229,0.0,20.91,0.0,0.0,0.0,2205,44200000000
159910,에코글로우,-28.81,-15.44,0.0,-39.68,-57.19,-39.38,86.64,146.0,146.0,53.58,17.47,15.09,0.0,0.0,9924758012.0,0.2699,0.0,0.0,3.3452,0.0,0.0,0.0,0.0,0.0,3175,33200000000
160190,하이젠알앤엠,-6.64,-4.26,0.0,-12.11,-9.66,-89.09,55.73,277.2,277.2,64.21,-3.09,-2312.59,0.0,0.0,73543971242.0,0.4416,0.0,0.0,7.7953,0.0,0.0,0.0,0.0,0.0,18560,573300000000
160550,NEW,0.43,0.22,0.0,1.86,0.37,26.54,95.15,133.01,133.01,51.24,25.97,114.0,0.0,0.0,142653217026.0,0.5955,35.89,0.0,0.1963,0.0,54.55,0.0,0.0,0.0,1005,28000000000
160600,이큐셀,-23.51,-14.48,0.0,-16.25,-19.05,-144.04,62.38,173.39,173.39,61.58,-38.65,-336.43,0.0,0.0,88624181072.0,0.76,0.0,0.0,0.0,0.0,0.0,0.0,0.0,0.0,0,0
160980,싸이맥스,7.69,6.67,0.0,14.2,9.09,233.46,15.33,500.59,500.59,86.71,-0.4,-0.25,0.0,0.0,164404533950.0,0.7339,15.8,0.0,1.6082,0.0,12.6,0.0,0.0,0.0,24200,264400000000
161000,애경케미칼,-0.69,-0.35,0.0,-0.7,-0.34,-101.93,94.63,103.67,103.67,51.38,-11.56,-165.94,0.0,0.0,1452334759000.0,1.0416,26.88,0.0,0.3691,0.0,0.0,0.0,0.0,0.0,11020,536100000000
161390,한국타이어앤테크놀로지,6.84,3.65,0.0,8.68,4.58,18410.76,87.63,170.52,170.52,53.3,125.27,4.47,0.0,0.0,21202299462815.0,0.7957,6.8,0.0,0.3891,0.0,11.24,0.0,0.0,0.0,66600,8250100000000
161580,필옵틱스,-13.79,-6.89,0.0,-33.73,-25.55,-348.92,100.09,118.6,118.6,49.98,-74.83,-352.91,0.0,0.0,103440867014.0,0.2697,0.0,0.0,6.1871,0.0,0.0,0.0,0.0,0.0,27300,640000000000
161890,한국콜마,10.09,4.87,0.0,8.8,6.18,2395.95,107.38,74.23,74.23,48.22,11.03,23.6,0.0,0.0,2722419169325.0,0.7873,20.44,0.0,1.3882,0.0,23.25,0.0,0.0,0.0,160100,3779200000000
162300,신스틸,1.57,0.67,0.0,0.87,0.38,30.47,135.46,116.37,116.37,42.47,-8.89,-70.89,0.0,0.0,352171696187.0,1.7579,56.79,0.0,0.1939,0.0,60.23,0.0,0.0,0.0,1647,68300000000
163280,에어레인,4.07,2.51,0.0,11.0,9.97,30.89,61.68,303.59,303.59,61.85,14.59,65.08,0.0,0.0,28075652732.0,0.2521,6.77,0.0,1.6669,0.0,28.91,0.0,0.0,0.0,3440,46800000000
163560,동일고무벨트,4.09,2.75,0.0,5.09,2.68,185.65,48.67,210.92,210.92,67.26,8.2,93.65,0.0,0.0,364602809366.0,1.026,3.08,0.0,0.2172,0.0,10.53,0.0,0.0,0.0,5700,79200000000
163730,핑거,0.7,0.49,0.0,1.6,0.36,14.68,41.73,257.6,257.6,70.56,27.93,412.04,0.0,0.0,91606730992.0,1.356,0.0,0.0,1.3078,0.0,95.17,0.0,0.0,0.0,9970,119800000000
166090,하나머티리얼즈,8.28,5.6,0.0,18.31,14.03,500.81,47.86,118.98,118.98,67.63,8.68,15.36,0.0,0.0,273481969679.0,0.3989,15.96,0.0,3.7461,0.0,24.89,0.0,0.0,0.0,51800,1024500000000
168330,내츄럴엔도텍,-15.57,-10.1,0.0,-14.82,-16.29,-32.95,54.13,192.11,192.11,64.88,-0.16,12.56,0.0,0.0,22226566086.0,0.6204,0.0,0.0,3.0729,0.0,0.0,0.0,0.0,0.0,2150,68300000000
168360,펨트론,-14.78,-3.55,0.0,4.56,-5.42,31.84,316.18,71.86,71.86,24.03,22.55,187.88,0.0,0.0,69861835068.0,0.655,2251.67,0.0,4.33,0.0,120.46,0.0,0.0,0.0,13510,302500000000
169330,엠브레인,-3.79,-2.29,0.0,-2.24,-1.89,-12.58,65.92,214.02,214.02,60.27,4.56,-175.08,0.0,0.0,56161085757.0,1.2068,64.35,0.0,0.4202,0.0,0.0,0.0,0.0,0.0,1287,23600000000
170030,현대공업,7.31,4.57,0.0,3.35,3.22,123.12,60.14,166.19,166.19,62.45,12.55,13.16,0.0,0.0,367911083613.0,1.4186,3.24,0.0,0.2036,0.0,13.99,0.0,0.0,0.0,4880,74900000000
170790,파이오링크,8.87,7.53,0.0,8.23,11.46,54.03,17.77,563.88,563.88,84.91,12.59,108.43,0.0,0.0,65634922825.0,0.6574,8.2,0.0,0.8182,0.0,12.73,0.0,0.0,0.0,8390,53700000000
170900,동아에스티,-5.6,-2.66,0.0,0.08,-4.65,6.23,110.24,152.42,152.42,47.57,15.89,102.49,0.0,0.0,808780057197.0,0.5728,42.79,0.0,0.4571,0.0,1781.32,0.0,0.0,0.0,38000,369700000000
170920,엘티씨,8.13,4.74,0.0,9.55,5.86,296.29,71.35,179.62,179.62,58.36,12.06,22.51,0.0,0.0,310384726014.0,0.8096,16.31,0.0,1.1402,0.0,17.33,0.0,0.0,0.0,33500,353900000000
171010,램테크놀러지,-21.06,-8.18,0.0,-2.24,-19.6,-9.54,157.56,100.58,100.58,38.83,-4.09,42.25,0.0,0.0,42682293992.0,0.4172,0.0,0.0,0.9278,0.0,0.0,0.0,0.0,0.0,2770,39600000000
171090,선익시스템,67.12,26.4,0.0,21.62,18.71,1115.26,154.25,138.62,138.62,39.33,356.73,1310.54,0.0,0.0,515761033577.0,1.4106,7.05,0.0,1.4001,0.0,8.46,0.0,0.0,0.0,71300,722100000000
171120,라이온켐텍,0.0,0.0,0.0,8.73,0.0,113.72,20.28,338.57,338.57,83.14,-8.14,21.29,0.0,0.0,130272114072.0,0.7795,4.35,0.0,0.5581,0.0,8.87,0.0,0.0,0.0,2025,72700000000
172670,에이엘티,-9.49,-4.32,0.0,-15.29,-18.33,-73.95,119.73,53.26,53.26,45.51,31.88,39.43,0.0,0.0,48358194953.0,0.2355,0.0,0.0,1.8652,0.0,0.0,0.0,0.0,0.0,10070,90200000000
173130,오파스넷,18.51,8.06,0.0,6.02,5.15,140.45,129.7,196.4,196.4,43.54,20.95,31.86,0.0,0.0,233294461420.0,1.565,5.64,0.0,0.3163,0.0,11.25,0.0,0.0,0.0,5660,73800000000
173940,에프엔씨엔터,-60.52,-10.72,0.0,-0.6,-11.54,-6.14,464.42,60.15,60.15,17.72,18.72,85.32,0.0,0.0,102369210132.0,0.9292,0.0,0.0,0.3409,0.0,0.0,0.0,0.0,0.0,2270,34900000000
174880,장원테크,6.39,5.36,0.0,3.18,6.76,22.51,19.24,414.0,414.0,83.86,-5.32,-58.71,0.0,0.0,70732338406.0,0.793,0.0,0.0,0.0,0.0,0.0,0.0,0.0,0.0,0,0
174900,앱클론,-29.63,-25.31,0.0,-374.11,-379.86,-176.36,17.05,492.22,492.22,85.43,101.47,-13.13,0.0,0.0,4714084167.0,0.0666,0.0,0.0,104.1135,0.0,0.0,0.0,0.0,0.0,24600,490800000000
175140,아고스,-44.62,-29.72,0.0,-20.96,-33.17,-116.29,50.13,169.48,169.48,66.61,30.01,-76.51,0.0,0.0,55491024215.0,0.896,0.0,0.0,1.2092,0.0,0.0,0.0,0.0,0.0,2690,67100000000
175250,아이큐어,-141.13,-38.14,0.0,-14.34,-41.39,-119.57,270.03,58.84,58.84,27.02,64.86,21.12,0.0,0.0,83384563119.0,0.9214,0.0,0.0,0.9774,0.0,0.0,0.0,0.0,0.0,2170,81500000000
175330,JB금융지주,11.82,1.0,0.0,0.0,0.0,9523.14,1084.16,0.0,0.0,8.44,0.0,5.1,0.0,0.0,0.0,0.0,7.6,0.0,0.0,0.0,75.85,0.0,0.0,0.0,28350,5287900000000
176750,듀켐바이오,13.16,8.34,0.0,19.3,16.8,74.43,57.75,157.54,157.54,63.39,8.35,46.64,0.0,0.0,38572364091.0,0.4966,25.58,0.0,4.5343,0.0,27.32,0.0,0.0,0.0,6140,174900000000
177350,베셀,42.8,30.29,0.0,-15.77,106.69,-26.13,41.29,112.57,112.57,70.77,-35.54,77.7,0.0,0.0,16571060267.0,0.2839,1.05,0.0,1.1647,0.0,0.0,0.0,0.0,0.0,1950,19300000000
177830,파버나인,-5.73,-2.78,0.0,1.94,-3.16,25.69,106.17,86.61,86.61,48.5,-0.21,-68.38,0.0,0.0,132540413436.0,0.8798,0.0,0.0,0.2014,0.0,40.59,0.0,0.0,0.0,2360,26700000000
177900,쓰리에이로직스,-7.64,-5.27,0.0,-18.53,-24.89,-26.86,44.96,277.76,277.76,68.98,-19.98,-253.56,0.0,0.0,14494595306.0,0.2119,0.0,0.0,2.5941,0.0,0.0,0.0,0.0,0.0,3905,37600000000
178320,서진시스템,-13.88,-4.44,0.0,0.11,-9.6,11.46,212.62,86.51,86.51,31.99,-12.15,-98.95,0.0,0.0,1066330738953.0,0.4623,0.0,0.0,2.328,0.0,3535.63,0.0,0.0,0.0,39000,2482400000000
178780,일월지엠엘,12.61,10.95,0.0,6.01,15.59,20.37,15.19,617.42,617.42,86.81,-13.79,-52.97,0.0,0.0,33906273181.0,0.7022,10.41,0.0,1.3213,0.0,25.12,0.0,0.0,0.0,2405,44800000000
178920,PI첨단소재,8.56,6.54,0.0,16.34,11.53,430.39,30.86,249.16,249.16,76.42,4.83,27.23,0.0,0.0,263421091422.0,0.5668,14.45,0.0,2.2409,0.0,16.26,0.0,0.0,0.0,20100,590300000000
179290,엠아이텍,0.0,0.0,0.0,30.79,0.0,206.74,12.63,865.5,865.5,88.79,24.93,17.62,0.0,0.0,67151796290.0,0.4734,8.08,0.0,2.4973,0.0,8.88,0.0,0.0,0.0,5180,167700000000
179530,애드바이오텍,-24.58,-6.88,0.0,-27.14,-25.81,-35.01,257.52,66.25,66.25,27.97,15.81,14.97,0.0,0.0,12897074444.0,0.2664,0.0,0.0,5.2803,0.0,0.0,0.0,0.0,0.0,2510,68100000000
179900,유티아이,-57.13,-17.45,0.0,-241.89,-187.21,-483.11,227.41,55.34,55.34,30.54,7.61,-49.83,0.0,0.0,19972205414.0,0.0932,0.0,0.0,2.4634,0.0,0.0,0.0,0.0,0.0,2485,49200000000
180400,DXVX,-30.89,-19.1,0.0,-82.83,-100.78,-243.17,61.72,528.32,528.32,61.83,-13.52,-12.6,0.0,0.0,29356591144.0,0.1896,0.0,0.0,8.4819,0.0,0.0,0.0,0.0,0.0,2530,249000000000
180640,한진칼,4.65,3.84,0.0,-2.52,53.35,-75.24,20.93,142.2,142.2,82.7,2.12,-115.29,0.0,0.0,298362106000.0,0.0721,0.0,0.0,29.7605,0.0,0.0,0.0,0.0,0.0,133000,8879400000000
182360,큐브엔터,-3.64,-2.27,0.0,-8.33,-6.72,-72.62,60.5,100.46,100.46,62.3,-14.98,-160.63,0.0,0.0,87228103184.0,0.3377,0.0,0.0,1.0283,0.0,0.0,0.0,0.0,0.0,5770,89700000000
182400,엔케이젠바이오텍코리아,-103.49,-51.37,0.0,-32.21,-93.39,-25.32,101.46,210.36,210.36,49.64,-10.65,37.7,0.0,0.0,7862515138.0,0.5501,0.0,0.0,33.7678,0.0,0.0,0.0,0.0,0.0,3670,265500000000
183190,아세아시멘트,1.49,0.75,0.0,7.54,1.61,771.34,97.79,109.03,109.03,50.56,-7.88,-45.2,0.0,0.0,1022789744000.0,0.4696,35.83,0.0,0.402,0.0,19.29,0.0,0.0,0.0,11430,411200000000
183300,코미코,20.89,7.5,0.0,18.37,12.79,1109.92,178.59,95.28,95.28,35.9,19.12,-1.31,0.0,0.0,604110117086.0,0.5864,42.46,0.0,2.2489,0.0,18.19,0.0,0.0,0.0,26450,1358600000000
183490,엔지켐생명과학,-13.04,-12.18,0.0,-21.16,-26.7,-143.37,7.08,1406.35,1406.35,93.39,-12.44,-8.66,0.0,0.0,67750824736.0,0.456,0.0,0.0,1.2369,0.0,0.0,0.0,0.0,0.0,990,83800000000
184230,SGA솔루션즈,32.08,11.18,0.0,24.05,27.57,148.24,186.92,83.41,83.41,34.85,43.59,460.95,0.0,0.0,61635674499.0,0.4055,1.74,0.0,0.5906,0.0,9.14,0.0,0.0,0.0,1929,36400000000
185490,아이진,-35.16,-28.03,0.0,-276.18,-534.85,-98.51,25.43,476.28,476.28,79.72,6.29,25.68,0.0,0.0,3566784886.0,0.0524,0.0,0.0,23.1301,0.0,0.0,0.0,0.0,0.0,1908,82500000000
185750,종근당,7.73,4.32,0.0,4.76,4.6,805.68,78.89,211.54,211.54,55.9,6.68,-19.0,0.0,0.0,1692403987134.0,0.9401,11.88,0.0,0.5578,0.0,21.57,0.0,0.0,0.0,68400,944100000000
186230,그린플러스,-34.81,-13.46,0.0,-0.9,-12.33,-9.52,158.6,84.23,84.23,38.67,20.56,-138.3,0.0,0.0,105715000362.0,1.0919,0.0,0.0,0.3613,0.0,0.0,0.0,0.0,0.0,3500,38200000000
187220,디티앤씨,-0.66,-0.29,0.0,-0.47,-0.61,-5.97,125.67,66.63,66.63,44.31,12.41,89.54,0.0,0.0,125834435797.0,0.4788,5.72,0.0,0.1756,0.0,0.0,0.0,0.0,0.0,1915,22100000000
187270,신화콘텍,4.1,3.05,0.0,8.98,5.43,48.0,34.1,233.5,233.5,74.57,2.82,-31.07,0.0,0.0,53433430757.0,0.5621,10.6,0.0,0.5858,0.0,11.56,0.0,0.0,0.0,3085,31300000000
187420,HLB제넥스,41.82,16.86,0.0,2.78,52.8,12.06,148.1,79.48,79.48,40.31,22.41,164.25,0.0,0.0,43370322639.0,0.3193,6.2,0.0,1.4457,0.0,119.25,0.0,0.0,0.0,1922,62700000000
187660,페니트리움바이오,-68.89,-45.22,0.0,-79.55,-159.92,-73.76,52.33,89.08,89.08,65.65,-4.84,53.7,0.0,0.0,9273012798.0,0.2828,0.0,0.0,34.1421,0.0,0.0,0.0,0.0,0.0,4950,316600000000
187790,나노,12.17,5.15,0.0,6.45,5.66,55.26,136.29,116.84,116.84,42.32,-3.3,233.4,0.0,0.0,85676337440.0,0.9091,13.51,0.0,1.1088,0.0,27.03,0.0,0.0,0.0,3080,95000000000
187870,디바이스,10.51,7.75,0.0,20.62,20.13,173.34,35.52,328.35,328.35,73.79,78.29,310.55,0.0,0.0,84082993642.0,0.3853,4.21,0.0,1.7804,0.0,11.94,0.0,0.0,0.0,10800,149700000000
188040,바이오포트,-3.47,-2.45,0.0,1.17,-1.98,8.3,41.56,258.14,258.14,70.64,-3.36,-84.16,0.0,0.0,70879747598.0,1.2373,8.01,0.0,0.34,0.0,49.3,0.0,0.0,0.0,5160,24100000000
188260,세니젠,-235.01,-57.56,0.0,-28.49,-37.91,-43.74,308.28,162.57,162.57,24.49,-0.48,25.54,0.0,0.0,15354255261.0,1.5184,0.0,0.0,1.8171,0.0,0.0,0.0,0.0,0.0,2005,27900000000
189300,인텔리안테크,2.8,1.5,0.0,3.74,2.34,119.54,86.45,187.52,187.52,53.63,24.0,161.48,0.0,0.0,319628351040.0,0.6438,15.41,0.0,2.1165,0.0,75.85,0.0,0.0,0.0,63000,676500000000
189330,씨이랩,-12.41,-10.59,0.0,-31.4,-30.37,-32.25,17.17,834.43,834.43,85.34,12.97,38.98,0.0,0.0,10272320511.0,0.3489,0.0,0.0,11.2341,0.0,0.0,0.0,0.0,0.0,12300,115400000000
189690,포시에스,6.05,5.63,0.0,13.38,13.82,43.99,7.36,608.75,608.75,93.14,5.07,-2.63,0.0,0.0,32888839235.0,0.4075,6.47,0.0,1.2679,0.0,10.74,0.0,0.0,0.0,1526,41700000000
189860,서전기전,18.07,10.07,0.0,-12.92,10.19,-88.0,79.38,128.76,128.76,55.75,7.53,-1537.22,0.0,0.0,68106757182.0,0.9887,4.0,0.0,0.624,0.0,0.0,0.0,0.0,0.0,4385,42500000000
189980,흥국에프엔비,7.98,3.54,0.0,8.59,8.04,85.32,125.64,111.44,111.44,44.32,-3.16,-20.58,0.0,0.0,99378439543.0,0.4402,10.77,0.0,0.479,0.0,20.31,0.0,0.0,0.0,1185,47600000000
190510,나무가,14.63,9.76,0.0,6.13,5.46,281.85,49.89,250.2,250.2,66.71,2.11,34.54,0.0,0.0,459879687266.0,1.7867,10.21,0.0,0.4249,0.0,9.97,0.0,0.0,0.0,13870,195400000000
190650,코리아에셋투자증권,7.93,1.92,0.0,3.82,2.88,102.5,313.93,0.0,0.0,24.16,23.57,30.17,0.0,0.0,268468292390.0,0.6651,7.43,0.0,0.1624,0.0,34.12,0.0,0.0,0.0,6820,43600000000
191420,테고사이언스,-13.95,-8.98,0.0,-74.48,-118.18,-44.24,55.3,1558.39,1558.39,64.39,-12.11,-98.38,0.0,0.0,5940717263.0,0.076,0.0,0.0,10.2345,0.0,0.0,0.0,0.0,0.0,7500,60800000000
192250,케이사인,1.78,1.1,0.0,0.0,0.0,28.95,62.07,99.95,99.95,61.7,0.0,121.75,0.0,0.0,0.0,0.0,10.03,0.0,0.0,0.0,44.48,0.0,0.0,0.0,7560,53400000000
192390,윈하이텍,-9.23,-4.38,0.0,-5.24,-8.9,-39.35,110.87,144.69,144.69,47.42,-33.0,-135.67,0.0,0.0,75147762488.0,0.4916,0.0,0.0,0.2901,0.0,0.0,0.0,0.0,0.0,1821,21800000000
192400,쿠쿠홀딩스,10.99,9.12,0.0,12.38,15.77,1140.09,20.53,599.13,599.13,82.97,10.45,10.44,0.0,0.0,920929380976.0,0.5783,5.69,0.0,1.0812,0.0,11.11,0.0,0.0,0.0,28000,995700000000
192410,오늘이엔엠,-839.68,-96.81,0.0,-11.07,-468.76,-18.48,767.36,89.53,89.53,11.53,28.21,71.54,0.0,0.0,16693992539.0,0.2065,0.0,0.0,7.7693,0.0,0.0,0.0,0.0,0.0,5150,129700000000
192440,슈피겐코리아,5.47,5.05,0.0,7.16,6.26,332.13,8.25,862.45,862.45,92.38,-0.34,52.71,0.0,0.0,463698273567.0,0.8077,3.53,0.0,0.3975,0.0,6.87,0.0,0.0,0.0,29650,184300000000
192520,경남은행,8.08,0.54,0.0,0.0,0.0,3575.06,1410.43,0.0,0.0,6.62,0.0,-2.57,0.0,0.0,0.0,0.0,0.0,0.0,0.0,0.0,0.0,0.0,0.0,0.0,0,0
192530,광주은행,11.31,0.79,0.0,0.0,0.0,3581.37,1329.29,0.0,0.0,7.0,0.0,-5.16,0.0,0.0,0.0,0.0,0.0,0.0,0.0,0.0,0.0,0.0,0.0,0.0,0,0
192650,드림텍,2.74,1.53,0.0,2.55,1.08,313.73,78.27,129.46,129.46,56.09,4.94,33.2,0.0,0.0,1230621374284.0,1.4257,0.0,0.0,0.3089,0.0,24.2,0.0,0.0,0.0,5770,380200000000
192820,코스맥스,21.41,6.17,0.0,8.16,5.46,1957.92,247.1,81.16,81.16,28.81,10.74,11.63,0.0,0.0,2398757972848.0,1.1286,18.48,0.0,1.4194,0.0,25.12,0.0,0.0,0.0,300000,3404900000000
193250,링크드,-4.99,-4.15,0.0,-68.96,-28.54,-72.1,20.08,204.18,204.18,83.28,-25.74,-18.97,0.0,0.0,10455279389.0,0.1455,2.84,0.0,2.9172,0.0,0.0,0.0,0.0,0.0,2280,30500000000
194370,제이에스코퍼레이션,16.26,4.74,0.0,10.91,6.66,1405.12,242.94,86.29,86.29,29.16,15.28,15.88,0.0,0.0,1288232609221.0,0.7121,5.01,0.0,0.3173,0.0,12.03,0.0,0.0,0.0,14090,408800000000
194480,데브시스터즈,6.38,3.57,0.0,2.15,3.66,63.5,78.65,397.89,397.89,55.98,25.15,-76.64,0.0,0.0,295578347074.0,0.9764,0.0,0.0,0.6672,0.0,52.04,0.0,0.0,0.0,16260,197200000000
194700,노바렉스,14.12,10.0,0.0,10.65,8.9,430.5,41.2,226.12,226.12,70.82,35.78,85.65,0.0,0.0,404259788627.0,1.1243,6.02,0.0,0.5135,0.0,7.26,0.0,0.0,0.0,11370,207600000000
195500,마니커에프앤지,2.73,1.77,0.0,2.33,2.03,24.86,54.25,161.44,161.44,64.83,-0.88,-35.35,0.0,0.0,106758230980.0,0.8703,10.91,0.0,0.2745,0.0,29.14,0.0,0.0,0.0,1833,29300000000
195870,해성디에스,4.22,2.7,0.0,7.12,3.65,464.91,56.04,215.05,215.05,64.09,8.36,-18.25,0.0,0.0,653396882375.0,0.742,17.1,0.0,1.4024,0.0,26.51,0.0,0.0,0.0,53900,916300000000
195940,HK이노엔,5.7,3.61,0.0,10.43,7.12,1108.77,57.85,82.07,82.07,63.35,18.5,25.68,0.0,0.0,1063151055391.0,0.507,14.21,0.0,1.1472,0.0,17.93,0.0,0.0,0.0,43050,1219600000000
195990,루트K,-90.54,-65.42,0.0,-29.08,-153.24,-92.82,38.4,321.74,321.74,72.25,0.82,9.06,0.0,0.0,31922791800.0,0.4269,0.0,0.0,0.6892,0.0,0.0,0.0,0.0,0.0,1351,22000000000
196170,알테오젠,31.95,20.78,0.0,49.52,67.25,1069.0,53.76,200.6,200.6,65.04,109.87,320.8,0.0,0.0,215858918957.0,0.3089,112.47,0.0,99.2268,0.0,202.65,0.0,0.0,0.0,307500,21419000000000
196300,HLB펩,-2.5,-1.19,0.0,-147.53,-12.95,-73.2,109.09,136.25,136.25,47.83,-20.34,-34.57,0.0,0.0,4961730622.0,0.0922,0.0,0.0,8.3237,0.0,0.0,0.0,0.0,0.0,4345,41300000000
196450,코아시아씨엠,4.19,2.11,0.0,2.04,1.05,52.72,98.28,117.25,117.25,50.43,-3.42,155.27,0.0,0.0,258196765549.0,2.0089,14.91,0.0,0.1387,0.0,18.87,0.0,0.0,0.0,790,35800000000
196490,디에이테크놀로지,80.14,-22.23,0.0,-19.39,-25.96,-64.61,-460.5,29.68,29.68,-27.74,-20.01,60.94,0.0,0.0,33322099931.0,0.8562,0.0,0.0,2.0737,0.0,0.0,0.0,0.0,0.0,6090,69100000000
196700,웹스,10.17,5.61,0.0,12.85,9.51,55.5,81.37,172.41,172.41,55.14,26.71,79.68,0.0,0.0,43174599020.0,0.5899,4.1,0.0,0.4632,0.0,9.52,0.0,0.0,0.0,1391,20000000000
197140,디지캡,-0.94,-0.7,0.0,-3.8,-0.79,-25.3,34.28,195.09,195.09,74.47,108.14,-58.43,0.0,0.0,66632227178.0,0.8781,0.0,0.0,0.4622,0.0,0.0,0.0,0.0,0.0,2365,30800000000
198080,캐프,14.79,8.8,0.0,8.22,6.59,242.73,68.13,191.89,191.89,59.48,-6.24,21.65,0.0,0.0,295201227543.0,1.3341,2.27,0.0,0.1599,0.0,5.64,0.0,0.0,0.0,2190,47200000000
198440,강동씨앤엘,0.49,0.15,0.0,10.3,0.91,74.02,218.3,6.96,6.96,31.42,51.62,33.36,0.0,0.0,71843117330.0,0.1679,157.82,0.0,1.4727,0.0,53.95,0.0,0.0,0.0,1736,105800000000
198940,한주라이트메탈,-5.9,-1.29,0.0,0.51,-1.06,13.34,358.7,71.41,71.41,21.8,3.47,115.4,0.0,0.0,259464652455.0,1.2164,0.0,0.0,0.1021,0.0,144.95,0.0,0.0,0.0,1330,26500000000
199430,케이엔알시스템,-36.99,-18.03,0.0,-47.37,-53.19,-75.38,105.15,100.7,100.7,48.75,-14.14,2.37,0.0,0.0,15913249035.0,0.339,0.0,0.0,11.99,0.0,0.0,0.0,0.0,0.0,17040,190800000000
199480,뱅크웨어글로벌,-15.4,-5.84,0.0,-6.91,-4.35,-43.81,163.53,234.22,234.22,37.95,26.39,70.66,0.0,0.0,63448191187.0,1.3419,0.0,0.0,0.6557,0.0,0.0,0.0,0.0,0.0,4080,41600000000
199550,레이저옵텍,-48.44,-29.39,0.0,-46.88,-41.81,-120.45,64.78,230.81,230.81,60.69,-22.22,-6043.98,0.0,0.0,25695436108.0,0.703,0.0,0.0,1.868,0.0,0.0,0.0,0.0,0.0,3230,48000000000
199730,바이오인프라,0.0,0.0,0.0,0.0,0.0,0.0,111.99,68.62,68.62,47.17,0.0,0.0,0.0,0.0,0.0,0.0,0.0,0.0,0.0,0.0,0.0,0.0,0.0,0.0,1495,7300000000
199800,툴젠,-65.83,-59.63,0.0,-1783.03,-2814.07,-232.94,10.39,745.49,745.49,90.59,46.63,-6.86,0.0,0.0,1306445108.0,0.0212,0.0,0.0,242.4136,0.0,0.0,0.0,0.0,0.0,35200,316700000000
199820,제일일렉트릭,4.22,2.96,0.0,6.0,3.42,117.62,42.9,183.85,183.85,69.98,5.23,32.11,0.0,0.0,196035438223.0,0.8653,23.68,0.0,0.8534,0.0,20.01,0.0,0.0,0.0,7530,167300000000
200130,콜마비앤에이치,-6.37,-3.48,0.0,4.64,-3.94,266.46,82.77,115.9,115.9,54.71,-6.62,8.21,0.0,0.0,574884892325.0,0.8849,0.0,0.0,0.4825,0.0,21.45,0.0,0.0,0.0,9430,277400000000
200230,텔콘RF제약,-10.51,-7.3,0.0,1.66,-26.48,7.19,43.97,124.81,124.81,69.46,13.99,1118.58,0.0,0.0,43161795161.0,0.2755,0.0,0.0,0.5028,0.0,96.79,0.0,0.0,0.0,2285,21700000000
200350,아티스트스튜디오,-9.48,-9.06,0.0,-20.57,-32.14,-30.07,4.63,1931.39,1931.39,95.57,-46.47,58.92,0.0,0.0,14618399763.0,0.2821,0.0,0.0,1.717,0.0,0.0,0.0,0.0,0.0,2510,25100000000
200470,에이팩트,7.45,2.87,0.0,4.75,4.71,52.67,159.09,61.23,61.23,38.6,27.99,124.46,0.0,0.0,110999185614.0,0.6104,24.9,0.0,2.4081,0.0,71.95,0.0,0.0,0.0,6100,267300000000
200670,휴메딕스,17.29,16.0,0.0,24.89,30.45,423.29,8.03,869.91,869.91,92.57,5.05,-1.88,0.0,0.0,170052787103.0,0.5254,6.4,0.0,1.7271,0.0,7.51,0.0,0.0,0.0,26150,293700000000
200710,에이디테크놀로지,2.63,1.22,0.0,1.73,2.18,28.53,115.93,134.97,134.97,46.31,54.41,116.83,0.0,0.0,164511629858.0,0.5606,147.95,0.0,2.0704,0.0,174.62,0.0,0.0,0.0,25300,340600000000
200780,비씨월드제약,-4.33,-1.78,0.0,2.63,-4.15,19.97,143.86,54.7,54.7,41.01,1.32,33.12,0.0,0.0,75799976796.0,0.4287,0.0,0.0,0.4261,0.0,68.42,0.0,0.0,0.0,3030,32300000000
200880,서연이화,4.96,1.91,0.0,3.59,1.36,1618.0,159.97,88.11,88.11,38.47,11.47,4.79,0.0,0.0,4505249722750.0,1.4057,2.6,0.0,0.0736,0.0,14.24,0.0,0.0,0.0,12260,331400000000
201490,미투온,1.53,1.39,0.0,10.43,3.06,126.12,9.38,638.93,638.93,91.42,28.21,6.78,0.0,0.0,120923979226.0,0.4565,67.84,0.0,0.6789,0.0,8.31,0.0,0.0,0.0,2510,82100000000
203400,에이비온,-42.51,-36.07,0.0,-2201.04,-3302.16,-193.72,17.86,581.76,581.76,84.85,15.86,43.13,0.0,0.0,880135981.0,0.0109,0.0,0.0,69.1939,0.0,0.0,0.0,0.0,0.0,676,60900000000
203450,유니온바이오메트릭스,4.85,3.21,0.0,1.99,3.92,10.21,50.79,292.35,292.35,66.32,-9.55,-64.09,0.0,0.0,51324033067.0,0.8203,28.58,0.0,0.6897,0.0,55.33,0.0,0.0,0.0,2515,35400000000
203650,드림시큐리티,4.93,1.29,0.0,7.05,2.32,224.85,280.96,56.16,56.16,26.25,18.6,-12.32,0.0,0.0,318850687156.0,0.5582,15.51,0.0,0.6777,0.0,28.35,0.0,0.0,0.0,2125,216100000000
203690,아크솔루션스,-45.43,-27.78,0.0,-46.25,-73.36,-74.37,63.52,110.47,110.47,61.15,-51.61,-19.91,0.0,0.0,16078959889.0,0.3787,0.0,0.0,0.0,0.0,0.0,0.0,0.0,0.0,0,0
204020,그리티,5.62,3.3,0.0,3.89,2.32,78.53,70.47,461.84,461.84,58.66,3.58,-36.21,0.0,0.0,201717579283.0,1.418,7.05,0.0,0.1795,0.0,12.1,0.0,0.0,0.0,1862,36200000000
204210,제이케이리버스톤자기관리부동산투자회사,-12.73,-6.22,0.0,-20.99,-40.97,-20.09,104.77,9.89,9.89,48.83,1.15,46.44,0.0,0.0,9569619112.0,0.1518,0.0,0.0,0.0,0.0,0.0,0.0,0.0,0.0,0,0
204270,제이앤티씨,-36.97,-16.71,0.0,-42.01,-49.33,-779.96,121.3,47.89,47.89,45.19,-32.05,-69.22,0.0,0.0,185653161156.0,0.3387,0.0,0.0,6.2321,0.0,0.0,0.0,0.0,0.0,20000,1157000000000
204320,HL만도,4.27,1.72,0.0,3.78,1.3,3571.21,148.16,122.06,122.06,40.3,6.86,-0.46,0.0,0.0,9454812581023.0,1.3248,14.39,0.0,0.2573,0.0,18.74,0.0,0.0,0.0,51800,2432400000000
204610,티쓰리,18.61,16.48,0.0,24.48,29.58,170.14,12.91,916.21,916.21,88.56,17.19,61.67,0.0,0.0,69512001616.0,0.5572,11.48,0.0,2.706,0.0,11.89,0.0,0.0,0.0,3375,188100000000
204620,글로벌텍스프리,25.35,19.26,0.0,18.81,23.01,289.85,31.6,431.92,431.92,75.99,42.17,34.29,0.0,0.0,154056520360.0,0.8369,10.98,0.0,2.6185,0.0,15.44,0.0,0.0,0.0,5740,403400000000
204630,로아앤코홀딩스,-54.19,-18.91,0.0,-36.53,-116.07,-47.4,186.59,58.14,58.14,34.89,82.05,32.32,0.0,0.0,12973995794.0,0.1629,0.0,0.0,0.0,0.0,0.0,0.0,0.0,0.0,0,0
204840,지엘팜텍,0.06,0.03,0.0,0.76,0.04,2.68,145.07,101.04,101.04,40.81,35.4,115.19,0.0,0.0,35267864179.0,0.7225,0.0,0.0,2.1152,0.0,385.49,0.0,0.0,0.0,4810,74600000000
205470,휴마시스,-9.23,-6.64,0.0,-35.04,-72.16,-105.53,38.94,242.52,242.52,71.97,18.49,0.05,0.0,0.0,30113048982.0,0.0921,0.0,0.0,2.4508,0.0,0.0,0.0,0.0,0.0,2990,73800000000
205500,넥써쓰,-11.05,-4.49,0.0,3.79,-9.06,13.93,145.85,222.49,222.49,40.67,386.32,115.58,0.0,0.0,36722406111.0,0.4963,0.0,0.0,4.0901,0.0,139.39,0.0,0.0,0.0,1845,150200000000
206400,베노티앤알,-33.44,-30.44,0.0,-112.29,-503.2,-53.61,9.86,603.84,603.84,91.02,-81.12,44.75,0.0,0.0,4774718589.0,0.0605,0.0,0.0,7.2884,0.0,0.0,0.0,0.0,0.0,927,34800000000
206560,덱스터,-15.68,-6.12,0.0,-11.74,-12.26,-65.06,156.15,110.1,110.1,39.04,3.22,26.86,0.0,0.0,55416993715.0,0.4995,0.0,0.0,0.4223,0.0,0.0,0.0,0.0,0.0,919,23400000000
206640,바디텍메드,9.78,8.48,0.0,17.85,14.73,289.4,15.34,523.79,523.79,86.7,17.32,10.67,0.0,0.0,162093303707.0,0.5755,8.93,0.0,1.369,0.0,8.96,0.0,0.0,0.0,10130,221900000000
206650,유바이오로직스,23.53,17.18,0.0,40.66,27.66,606.63,36.99,328.53,328.53,73.0,55.35,76.75,0.0,0.0,149195024704.0,0.6211,11.52,0.0,2.244,0.0,6.59,0.0,0.0,0.0,9110,334800000000
207760,미스터블루,-45.93,-27.82,0.0,-3.64,-27.51,-24.57,65.09,179.53,179.53,60.57,-4.09,81.87,0.0,0.0,67463445141.0,1.0113,0.0,0.0,0.4728,0.0,0.0,0.0,0.0,0.0,384,31900000000
207940,삼성바이오로직스,23.95,16.13,0.0,45.41,39.16,20692.21,48.44,174.04,174.04,67.37,30.31,56.6,0.0,0.0,4556971695180.0,0.412,41.93,0.0,15.4203,0.0,35.7,0.0,0.0,0.0,1518000,70269700000000
208140,정다운,4.62,2.82,0.0,4.2,3.78,67.52,63.43,169.78,169.78,61.19,-11.59,-54.06,0.0,0.0,160876384094.0,0.7481,11.03,0.0,0.4662,0.0,23.47,0.0,0.0,0.0,2295,75000000000
208350,지란지교시큐리티,1.33,1.01,0.0,6.38,2.27,24.83,32.47,413.47,413.47,75.49,14.08,79.6,0.0,0.0,38927841312.0,0.4427,16.25,0.0,0.6371,0.0,18.67,0.0,0.0,0.0,3055,24800000000
208370,셀바스헬스케어,5.47,4.92,0.0,-0.52,12.62,-1.62,11.06,915.16,915.16,90.05,-2.77,-104.93,0.0,0.0,30824695858.0,0.3902,16.36,0.0,2.0633,0.0,0.0,0.0,0.0,0.0,2470,63600000000
208640,썸에이지,-71.69,-65.06,0.0,-130.86,-153.98,-78.76,10.2,312.5,312.5,90.74,-56.94,22.55,0.0,0.0,6018579018.0,0.4225,0.0,0.0,1.5286,0.0,0.0,0.0,0.0,0.0,661,9200000000
208860,다산디엠씨,-12.12,-5.97,0.0,2.43,-5.92,27.63,102.9,97.54,97.54,49.28,914.15,54.43,0.0,0.0,113733785377.0,1.0082,0.0,0.0,0.3913,0.0,36.81,0.0,0.0,0.0,1312,44500000000
209640,와이제이링크,-4.16,-2.51,0.0,-7.54,-6.73,-34.73,65.82,173.83,173.83,60.31,-5.07,-174.13,0.0,0.0,46072766900.0,0.373,11.09,0.0,1.9447,0.0,0.0,0.0,0.0,0.0,3150,89600000000
210120,캔버스엔,-103.42,-25.35,0.0,-36.94,-216.47,-14.77,307.94,47.1,47.1,24.51,-58.45,71.14,0.0,0.0,3998663846.0,0.1171,0.0,0.0,4.6265,0.0,0.0,0.0,0.0,0.0,1913,18500000000
210540,디와이파워,8.04,6.69,0.0,7.95,6.57,304.29,20.26,372.18,372.18,83.15,-0.48,19.2,0.0,0.0,382750873929.0,1.0183,4.0,0.0,0.3344,0.0,6.29,0.0,0.0,0.0,11590,128000000000
210980,SK디앤디,0.93,0.34,0.0,8.48,1.21,377.95,174.18,113.13,113.13,36.47,-48.81,-29.58,0.0,0.0,445824154145.0,0.281,0.0,0.0,0.1725,0.0,28.7,0.0,0.0,0.0,4130,76900000000
211050,인카금융서비스,33.09,7.09,0.0,9.28,6.94,948.44,367.04,111.9,111.9,21.41,22.77,9.94,0.0,0.0,1021768500000.0,1.0204,7.62,0.0,0.5183,0.0,13.88,0.0,0.0,0.0,10750,529600000000
211270,AP위성,-2.67,-2.19,0.0,-9.0,-5.79,-43.01,21.58,470.15,470.15,82.25,-18.45,-158.92,0.0,0.0,47812373057.0,0.3786,0.0,0.0,2.6081,0.0,0.0,0.0,0.0,0.0,8270,124700000000
212560,네오오토,10.82,6.63,0.0,5.89,6.41,136.66,63.11,134.0,134.0,61.31,6.2,8.11,0.0,0.0,232116353603.0,1.0345,8.46,0.0,0.5252,0.0,15.27,0.0,0.0,0.0,9040,121900000000
212710,아이에스티이,-22.04,-7.38,0.0,-18.13,-14.06,-58.41,198.72,77.39,77.39,33.48,-21.58,-1015.99,0.0,0.0,32220867462.0,0.5249,0.0,0.0,2.2532,0.0,0.0,0.0,0.0,0.0,7470,72600000000
213420,덕산네오룩스,11.47,7.56,0.0,17.64,15.67,607.42,51.8,362.75,362.75,65.88,62.22,15.76,0.0,0.0,344309797191.0,0.4821,11.93,0.0,2.4702,0.0,18.01,0.0,0.0,0.0,34250,850500000000
213500,한솔제지,0.56,0.2,0.0,2.18,0.17,499.32,185.78,86.27,86.27,34.99,3.35,127.05,0.0,0.0,2290040442405.0,1.1486,8.25,0.0,0.0796,0.0,29.61,0.0,0.0,0.0,7660,182300000000
214150,클래시스,23.92,18.73,0.0,50.65,39.18,1706.01,27.73,368.77,368.77,78.29,38.64,39.33,0.0,0.0,336819637856.0,0.478,16.09,0.0,6.556,0.0,13.84,0.0,0.0,0.0,33850,2208200000000
214180,헥토이노베이션,10.23,4.6,0.0,13.35,9.79,501.81,122.33,147.25,147.25,44.98,17.64,2.71,0.0,0.0,375822702346.0,0.4702,7.4,0.0,0.5072,0.0,12.56,0.0,0.0,0.0,14670,190600000000
214260,라파스,-15.44,-6.32,0.0,-9.79,-15.3,-30.34,144.44,86.15,86.15,40.91,13.86,12.4,0.0,0.0,30987892335.0,0.4127,0.0,0.0,2.3654,0.0,0.0,0.0,0.0,0.0,8220,73300000000
214310,로아앤코,24.29,23.47,0.0,-89.22,322.42,-10.97,3.49,2705.04,2705.04,96.62,710.04,71.39,0.0,0.0,1229881715.0,0.0728,0.0,0.0,0.0,0.0,0.0,0.0,0.0,0.0,0,0
214320,이노션,9.97,3.92,0.0,7.59,5.08,1628.0,154.42,138.23,138.23,39.31,1.2,4.58,0.0,0.0,2146040997442.0,0.7715,6.0,0.0,0.3575,0.0,15.08,0.0,0.0,0.0,19180,767200000000
214330,금호에이치티,-8.29,-5.81,0.0,1.62,-6.04,62.47,42.53,213.11,213.11,70.16,-13.37,-47.45,0.0,0.0,385404440556.0,0.9631,0.0,0.0,0.1764,0.0,30.0,0.0,0.0,0.0,6500,68000000000
214370,케어젠,9.46,8.69,0.0,28.02,27.6,204.0,8.85,992.42,992.42,91.87,-11.84,-40.44,0.0,0.0,72807992793.0,0.3148,121.13,0.0,38.0686,0.0,136.79,0.0,0.0,0.0,51600,2771700000000
214390,경보제약,0.13,0.06,0.0,1.33,0.07,35.19,119.26,108.07,108.07,45.61,10.71,-66.34,0.0,0.0,264104056811.0,0.8265,25.83,0.0,0.4934,0.0,86.43,0.0,0.0,0.0,5450,130300000000
214420,토니모리,9.11,5.03,0.0,6.52,5.18,143.65,81.07,97.84,97.84,55.23,24.45,18.7,0.0,0.0,220273588910.0,0.9721,12.05,0.0,0.6161,0.0,16.51,0.0,0.0,0.0,5640,135700000000
214430,아이쓰리시스템,13.44,9.91,0.0,13.24,15.11,164.58,35.65,402.37,402.37,73.72,2.96,11.5,0.0,0.0,124275749815.0,0.6556,25.16,0.0,3.5276,0.0,29.66,0.0,0.0,0.0,60000,438400000000
214450,파마리서치,23.24,16.12,0.0,39.98,31.37,2143.96,44.21,687.53,687.53,69.34,53.18,70.09,0.0,0.0,536289118812.0,0.5137,26.53,0.0,8.253,0.0,22.14,0.0,0.0,0.0,426000,4426000000000
214610,롤링스톤,-151.16,-95.01,0.0,-91.27,-221.4,-99.35,59.09,282.85,282.85,62.86,134.58,48.35,0.0,0.0,10884865055.0,0.4292,0.0,0.0,1.7639,0.0,0.0,0.0,0.0,0.0,2290,19200000000
214680,디알텍,-31.3,-11.9,0.0,-11.95,-20.66,-138.94,162.98,203.21,203.21,38.03,19.21,-14.77,0.0,0.0,116304065586.0,0.5761,0.0,0.0,0.6887,0.0,0.0,0.0,0.0,0.0,960,80100000000
215000,골프존,2.93,2.08,0.0,14.09,2.66,680.71,40.69,278.2,278.2,71.08,-22.05,-28.97,0.0,0.0,483261063779.0,0.7825,11.48,0.0,0.4701,0.0,5.96,0.0,0.0,0.0,36200,227200000000
215090,솔디펜스,5.95,5.17,0.0,4.95,11.6,13.24,15.05,826.06,826.06,86.92,23.0,-56.34,0.0,0.0,26761166493.0,0.4458,0.0,0.0,1.1509,0.0,29.19,0.0,0.0,0.0,1331,30800000000
215100,로보로보,-4.54,-4.24,0.0,-14.66,-10.12,-19.59,7.06,498.95,498.95,93.41,-0.98,-27.6,0.0,0.0,13362404287.0,0.4187,0.0,0.0,6.3087,0.0,0.0,0.0,0.0,0.0,4145,84300000000
215200,메가스터디교육,17.85,10.37,0.0,13.68,10.5,1210.2,72.16,77.09,77.09,58.09,-6.08,-2.11,0.0,0.0,884944540620.0,0.9874,4.48,0.0,0.4216,0.0,6.19,0.0,0.0,0.0,36000,373100000000
215360,우리산업,11.52,4.15,0.0,3.51,2.67,186.74,177.36,130.53,130.53,36.05,4.2,24.8,0.0,0.0,532037735923.0,1.5548,2.81,0.0,0.1116,0.0,14.9,0.0,0.0,0.0,6510,59400000000
215380,콜마바이오텍,-23.73,-6.39,0.0,-10.39,-14.76,-39.04,271.27,56.99,56.99,26.93,-12.99,-318.77,0.0,0.0,37587048396.0,0.4331,30.0,0.0,0.9817,0.0,0.0,0.0,0.0,0.0,2190,36900000000
215480,토박스코리아,-3.92,-3.32,0.0,0.01,-3.14,0.04,18.02,479.59,479.59,84.73,-10.08,-99.76,0.0,0.0,39699702190.0,1.0574,657.33,0.0,0.534,0.0,6626.49,0.0,0.0,0.0,1972,21200000000
215600,신라젠,-21.97,-20.71,0.0,-277.36,-262.21,-255.88,6.08,1643.38,1643.38,94.27,134.94,4.41,0.0,0.0,9225416503.0,0.079,0.0,0.0,38.6758,0.0,0.0,0.0,0.0,0.0,2575,356800000000
215790,이노인스트루먼트,-32.54,-17.07,0.0,-21.03,-25.46,-91.89,90.64,122.61,122.61,52.45,6.1,66.53,0.0,0.0,43686995895.0,0.6705,33.7,0.0,0.6226,0.0,0.0,0.0,0.0,0.0,674,27200000000
216050,인크로스,9.22,4.07,0.0,22.8,23.74,115.12,126.73,170.96,170.96,44.11,3.43,14.77,0.0,0.0,50489819501.0,0.1713,5.59,0.0,1.2656,0.0,19.86,0.0,0.0,0.0,5240,63900000000
216080,제테마,-11.45,-3.56,0.0,4.97,-9.68,38.19,221.74,37.37,37.37,31.08,12.23,-7.1,0.0,0.0,76902884066.0,0.3677,0.0,0.0,2.2717,0.0,83.48,0.0,0.0,0.0,4685,174700000000
216400,인바이츠바이오코아,-312.72,-10.03,0.0,1.31,-49.88,2.18,3018.14,16.04,16.04,3.21,28.95,139.48,0.0,0.0,16643930380.0,0.2011,0.0,0.0,0.0,0.0,0.0,0.0,0.0,0.0,0,0
217190,제너셈,1.89,1.11,0.0,1.81,1.67,10.29,70.32,149.89,149.89,58.71,-17.43,-84.27,0.0,0.0,56757244825.0,0.6637,453.57,0.0,1.4712,0.0,115.43,0.0,0.0,0.0,6350,83500000000
217270,넵튠,-12.85,-11.3,0.0,2.03,-33.14,24.92,13.73,191.21,191.21,87.93,0.76,-74.05,0.0,0.0,122530715081.0,0.341,0.0,0.0,0.9328,0.0,63.26,0.0,0.0,0.0,2445,114300000000
217330,싸이토젠,-34.28,-19.83,0.0,-31.33,-47.36,-81.63,72.92,293.09,293.09,57.83,138.8,23.46,0.0,0.0,26054851084.0,0.4186,0.0,0.0,2.7903,0.0,0.0,0.0,0.0,0.0,3145,72700000000
217480,에스디생명공학,-25.05,-15.6,0.0,-21.03,-24.91,-63.25,60.52,248.67,248.67,62.3,-12.77,31.54,0.0,0.0,30069469569.0,0.6264,0.0,0.0,1.8224,0.0,0.0,0.0,0.0,0.0,499,54800000000
217500,러셀,-9.51,-7.76,0.0,-19.11,-18.77,-51.73,22.44,499.75,499.75,81.68,-27.78,-353.05,0.0,0.0,27069629521.0,0.4137,47.24,0.0,1.8877,0.0,0.0,0.0,0.0,0.0,1606,51100000000
217590,티엠씨,-0.53,-0.25,0.0,1.89,-0.17,64.29,113.93,134.34,134.34,46.74,-5.97,-54.96,0.0,0.0,340884970260.0,1.4376,135.9,0.0,0.7973,0.0,61.92,0.0,0.0,0.0,11280,271800000000
217730,강스템바이오텍,-15.16,-12.84,0.0,-494.56,-293.0,-176.68,18.0,525.42,525.42,84.74,-53.88,-19.04,0.0,0.0,3572463936.0,0.0438,0.0,0.0,63.0657,0.0,0.0,0.0,0.0,0.0,2395,225300000000
217820,원익피앤이,0.89,0.29,0.0,0.36,0.23,13.98,208.83,88.8,88.8,32.38,32.57,102.87,0.0,0.0,390690915662.0,1.2352,103.5,0.0,0.2513,0.0,223.24,0.0,0.0,0.0,2070,98200000000
217950,파마리서치바이오,21.4,11.79,0.0,44.18,39.66,137.33,81.45,109.01,109.01,55.11,19.14,58.43,0.0,0.0,31087043000.0,0.2973,0.0,0.0,0.0,0.0,0.0,0.0,0.0,0.0,0,0
218150,미래생명자원,-6.99,-5.07,0.0,-2.14,-4.43,-14.43,37.92,210.69,210.69,72.51,8.17,-885.34,0.0,0.0,67554559835.0,1.1457,0.0,0.0,0.641,0.0,0.0,0.0,0.0,0.0,2120,43300000000
218410,RFHIC,8.96,6.5,0.0,16.62,19.11,308.89,37.77,397.45,397.45,72.59,61.74,1919.2,0.0,0.0,185803786324.0,0.3402,37.49,0.0,6.7082,0.0,45.2,0.0,0.0,0.0,46900,1246400000000
219130,타이거일렉,9.05,5.84,0.0,8.95,6.53,72.19,54.93,218.23,218.23,64.55,30.5,476.58,0.0,0.0,80678580109.0,0.8939,37.39,0.0,4.9542,0.0,59.8,0.0,0.0,0.0,63300,399700000000
219420,링크제니시스,5.92,5.39,0.0,7.18,16.72,12.19,9.84,919.8,919.8,91.04,29.54,1630.78,0.0,0.0,16975060498.0,0.3223,8.2,0.0,2.2621,0.0,35.38,0.0,0.0,0.0,3345,38400000000
219550,디와이디,-135.6,-45.83,0.0,-1.09,-30.56,-4.9,195.91,93.88,93.88,33.79,20.12,-887.1,0.0,0.0,44903125580.0,1.4996,0.0,0.0,1.1269,0.0,0.0,0.0,0.0,0.0,1223,50600000000
219750,한국비티비,-16.18,-8.89,0.0,-8.9,-12.27,-28.52,82.05,261.09,261.09,54.93,6.29,-388.64,0.0,0.0,32030669908.0,0.7239,0.0,0.0,0.6587,0.0,0.0,0.0,0.0,0.0,1615,21100000000
220100,퓨쳐켐,0.0,0.0,0.0,-41.53,0.0,-77.53,35.93,236.69,236.69,73.57,7.96,18.11,0.0,0.0,18670511678.0,0.2505,0.0,0.0,9.4534,0.0,0.0,0.0,0.0,0.0,7870,176500000000
220180,폴라리스AI핸디,0.82,0.71,0.0,-1.53,2.04,-4.81,15.17,587.37,587.37,86.83,10.81,75.81,0.0,0.0,31443569900.0,0.3488,12.79,0.0,1.0813,0.0,0.0,0.0,0.0,0.0,1420,34000000000
220260,켐트로스,-21.64,-9.53,0.0,1.85,-20.84,10.48,126.97,66.96,66.96,44.06,12.92,-72.32,0.0,0.0,56809696904.0,0.4574,52.97,0.0,2.2127,0.0,186.19,0.0,0.0,0.0,3920,125700000000
221800,지구홀딩스,-3.88,-3.13,0.0,-9.21,-6.42,-23.58,24.13,638.99,638.99,80.56,2.21,24.58,0.0,0.0,25593121755.0,0.4874,0.0,0.0,2.9539,0.0,0.0,0.0,0.0,0.0,4630,75600000000
221840,하이즈항공,5.23,2.02,0.0,5.44,2.79,46.01,159.03,225.32,225.32,38.61,-2.22,306.0,0.0,0.0,84621119162.0,0.7249,9.98,0.0,0.4609,0.0,24.05,0.0,0.0,0.0,2085,39000000000
222040,코스맥스엔비티,-30.87,-5.33,0.0,1.39,-5.25,40.03,479.33,63.35,63.35,17.26,-9.59,-59.59,0.0,0.0,287479069571.0,1.016,6.81,0.0,0.6602,0.0,105.91,0.0,0.0,0.0,9200,189800000000
222110,팬젠,6.85,6.27,0.0,11.23,15.28,15.06,9.28,842.65,842.65,91.51,-8.56,47.65,0.0,0.0,13416632780.0,0.4103,59.29,0.0,5.0162,0.0,46.52,0.0,0.0,0.0,4980,67300000000
222160,엔피엑스,-350.15,-252.96,0.0,-401.23,-430.88,-146.35,38.42,128.59,128.59,72.24,-56.02,-356.59,0.0,0.0,3647598567.0,0.5871,0.0,0.0,0.0,0.0,0.0,0.0,0.0,0.0,0,0
222800,심텍,-28.55,-10.16,0.0,0.84,-11.67,118.69,181.13,91.34,91.34,35.57,14.55,125.27,0.0,0.0,1410559919451.0,0.8705,0.0,0.0,3.481,0.0,501.67,0.0,0.0,0.0,129300,4910100000000
222810,세토피아,359.22,-43.46,0.0,-46.28,-71.18,-55.87,-926.59,23.89,23.89,-12.1,-78.11,37.17,0.0,0.0,12072117094.0,0.6105,0.0,0.0,0.0,0.0,0.0,0.0,0.0,0.0,0,0
222980,한국맥널티,-3.44,-1.54,0.0,-1.15,-1.33,-11.05,123.77,113.48,113.48,44.69,8.42,-293.35,0.0,0.0,96309714203.0,1.158,0.0,0.0,0.2492,0.0,0.0,0.0,0.0,0.0,2175,24000000000
223250,드림씨아이에스,8.75,4.64,0.0,7.86,11.27,52.38,88.63,107.56,107.56,53.01,13.6,3.57,0.0,0.0,66631382584.0,0.4117,243.57,0.0,1.2592,0.0,30.54,0.0,0.0,0.0,3410,83900000000
223310,사토시홀딩스,-182.6,-45.56,0.0,-39.57,-166.83,-74.77,300.8,49.74,49.74,24.95,-13.1,-132.15,0.0,0.0,18896124016.0,0.2731,0.0,0.0,1.0002,0.0,0.0,0.0,0.0,0.0,3640,18900000000
224060,더코디,-146.24,-21.75,0.0,-3.29,-62.23,-8.31,572.53,101.68,101.68,14.87,-6.88,-438.57,0.0,0.0,25266240903.0,0.3494,0.74,0.0,0.7916,0.0,0.0,0.0,0.0,0.0,3870,20000000000
225190,LK삼양,-55.87,-41.06,0.0,-78.72,-86.82,-168.51,36.07,651.88,651.88,73.49,-33.14,-422.21,0.0,0.0,21406322851.0,0.4729,0.0,0.0,3.3261,0.0,0.0,0.0,0.0,0.0,1010,71200000000
225220,제놀루션,-18.55,-13.42,0.0,-91.89,-133.87,-86.42,38.17,129.96,129.96,72.38,31.79,5.7,0.0,0.0,9404347334.0,0.1003,0.0,0.0,2.8072,0.0,0.0,0.0,0.0,0.0,1375,26400000000
225430,케이엠제약,-14.04,-8.55,0.0,-18.28,-24.82,-29.23,64.13,31.69,31.69,60.93,10.47,-13.78,0.0,0.0,15989987109.0,0.3447,0.0,0.0,0.5629,0.0,0.0,0.0,0.0,0.0,1389,9000000000
225530,HC보광산업,-2.71,-1.42,0.0,-12.66,-6.47,-48.72,90.62,141.48,141.48,52.46,-39.74,-154.97,0.0,0.0,38493462752.0,0.2196,229.44,0.0,1.9484,0.0,0.0,0.0,0.0,0.0,2065,75000000000
225570,넥슨게임즈,-24.26,-15.28,0.0,-33.59,-34.48,-602.4,58.7,471.32,471.32,63.01,-29.97,-255.52,0.0,0.0,179316825078.0,0.4433,0.0,0.0,4.0693,0.0,0.0,0.0,0.0,0.0,11080,729700000000
225590,패션플랫폼,3.45,2.58,0.0,7.87,2.52,83.63,33.54,420.41,420.41,74.89,1.62,404.89,0.0,0.0,106300788661.0,1.0231,1.53,0.0,0.1562,0.0,5.11,0.0,0.0,0.0,3245,16600000000
226320,잇츠한불,6.44,6.09,0.0,12.53,21.26,192.15,5.81,1472.96,1472.96,94.51,7.69,7.44,0.0,0.0,153387097887.0,0.2863,7.36,0.0,1.5986,0.0,14.29,0.0,0.0,0.0,11180,245200000000
226330,신테카바이오,-54.68,-37.34,0.0,-313.91,-506.76,-107.65,46.43,142.36,142.36,68.29,2736.72,24.56,0.0,0.0,3429231736.0,0.0737,0.0,0.0,9.594,0.0,0.0,0.0,0.0,0.0,1355,32900000000
226340,본느,-44.04,-28.21,0.0,-18.1,-34.54,-83.3,56.15,146.33,146.33,64.04,-33.04,-583.58,0.0,0.0,46013164919.0,0.8167,0.0,0.0,1.204,0.0,0.0,0.0,0.0,0.0,6600,55400000000
226360,케이에이치건설,-67.4,-44.35,0.0,-50.15,-277.88,-86.03,51.96,126.38,126.38,65.81,-47.82,-714.39,0.0,0.0,17154989856.0,0.1596,0.0,0.0,0.0,0.0,0.0,0.0,0.0,0.0,0,0
226400,오스테오닉,11.1,7.47,0.0,19.53,16.52,88.64,48.61,296.32,296.32,67.29,32.59,28.73,0.0,0.0,45393099435.0,0.452,8.83,0.0,1.9849,0.0,13.87,0.0,0.0,0.0,4360,90100000000
226440,시스네오텍,8.12,4.23,0.0,8.76,2.09,22.26,91.7,120.17,120.17,52.17,272.06,159.22,0.0,0.0,25405268539.0,2.0244,0.0,0.0,0.0,0.0,0.0,0.0,0.0,0.0,0,0
226590,엠디바이스,22.28,11.03,0.0,11.96,11.07,115.42,101.99,164.94,164.94,49.51,99.75,141.14,0.0,0.0,96491049515.0,0.9967,10.19,0.0,1.3991,0.0,15.93,0.0,0.0,0.0,12600,135000000000
226950,올릭스,-10.49,-8.06,0.0,0.0,0.0,-299.72,30.18,660.46,660.46,76.82,0.0,3.06,0.0,0.0,0.0,0.0,0.0,0.0,0.0,0.0,0.0,0.0,0.0,0.0,103400,2177900000000
227610,아우딘퓨쳐스,-19.8,-6.29,0.0,-4.27,-8.58,-18.11,214.83,90.86,90.86,31.76,22.2,46.24,0.0,0.0,42385393255.0,0.7327,0.0,0.0,0.5592,0.0,0.0,0.0,0.0,0.0,1221,23700000000
227840,현대코퍼레이션홀딩스,11.03,8.87,0.0,8.54,14.45,213.7,24.37,379.31,379.31,80.4,16.06,9.56,0.0,0.0,250225826000.0,0.6135,2.25,0.0,0.4776,0.0,9.33,0.0,0.0,0.0,13130,119500000000
227950,엔투텍,14.85,12.73,0.0,32.82,65.93,94.39,16.67,284.65,284.65,85.71,111.27,368.04,0.0,0.0,28763646487.0,0.193,2.05,0.0,1.6062,0.0,7.15,0.0,0.0,0.0,1340,46200000000
228340,동양파일,-6.29,-5.98,0.0,-8.49,-12.99,-47.48,5.2,462.79,462.79,95.06,-1.13,-7.52,0.0,0.0,55925560654.0,0.4601,0.0,0.0,1.1104,0.0,0.0,0.0,0.0,0.0,3105,62100000000
228670,레이,0.62,0.24,0.0,-8.79,0.42,-97.88,157.02,124.3,124.3,38.91,39.43,77.88,0.0,0.0,111322950252.0,0.5791,7.59,0.0,0.6566,0.0,0.0,0.0,0.0,0.0,4675,73100000000
228760,지노믹트리,-7.91,-7.56,0.0,-300.47,-242.68,-112.98,4.73,1775.26,1775.26,95.49,59.17,26.22,0.0,0.0,3760069687.0,0.0311,0.0,0.0,74.6529,0.0,0.0,0.0,0.0,0.0,11290,280700000000
228850,레이언스,-2.24,-2.04,0.0,-3.44,-4.64,-39.5,10.05,1495.08,1495.08,90.87,-8.63,-159.57,0.0,0.0,114722998848.0,0.4392,28.93,0.0,1.0582,0.0,0.0,0.0,0.0,0.0,7320,121400000000
229000,젠큐릭스,-45.12,-23.0,0.0,-87.01,-97.85,-65.68,96.15,111.54,111.54,50.98,47.03,23.0,0.0,0.0,7548219535.0,0.2351,0.0,0.0,6.1471,0.0,0.0,0.0,0.0,0.0,1980,46400000000
229640,LS에코에너지,21.47,9.87,0.0,6.96,5.05,667.78,117.63,153.22,153.22,45.95,10.48,49.16,0.0,0.0,960056115154.0,1.954,31.86,0.0,1.4705,0.0,25.12,0.0,0.0,0.0,46100,1411800000000
230240,에치에프알,-0.03,-0.02,0.0,-1.11,-0.03,-15.82,76.99,182.03,182.03,56.5,-9.62,92.18,0.0,0.0,141982727703.0,0.5059,0.0,0.0,1.2086,0.0,0.0,0.0,0.0,0.0,12890,171600000000
230360,에코마케팅,6.65,4.2,0.0,10.13,3.94,454.47,58.25,237.08,237.08,63.19,25.65,-3.24,0.0,0.0,448812711590.0,1.0662,0.0,0.0,0.0,0.0,0.0,0.0,0.0,0.0,0,0
230980,비유테크놀러지,-54.11,-3.55,0.0,-3.17,-11.44,-3.08,1424.43,45.69,45.69,6.56,33.97,95.27,0.0,0.0,9707685673.0,0.3103,0.0,0.0,0.0,0.0,0.0,0.0,0.0,0.0,0,0
232140,와이씨,6.09,4.77,0.0,6.23,10.63,169.9,27.51,374.12,374.12,78.43,29.06,60.29,0.0,0.0,272629978227.0,0.449,28.45,0.0,3.2531,0.0,59.91,0.0,0.0,0.0,10810,886900000000
232680,라온로보틱스,10.33,5.52,0.0,7.34,6.86,39.5,87.21,145.99,145.99,53.42,9.35,58.91,0.0,0.0,53842351768.0,0.8046,26.78,0.0,2.3346,0.0,39.71,0.0,0.0,0.0,9480,125700000000
232830,아이티센피엔에스,-17.67,-2.26,0.0,-0.11,-1.7,-3.03,681.15,103.96,103.96,12.8,158.13,80.72,0.0,0.0,269551291750.0,1.3269,0.0,0.0,0.1165,0.0,0.0,0.0,0.0,0.0,1900,31400000000
234030,싸이닉솔루션,4.84,2.78,0.0,1.63,1.15,25.12,74.37,234.6,234.6,57.35,-7.68,-52.33,0.0,0.0,154563595625.0,2.4254,39.11,0.0,0.4717,0.0,39.84,0.0,0.0,0.0,3090,72900000000
234080,JW생명과학,12.97,8.99,0.0,12.89,11.09,332.44,44.26,104.57,104.57,69.32,15.89,-7.29,0.0,0.0,257829408646.0,0.8103,6.94,0.0,0.7001,0.0,8.37,0.0,0.0,0.0,11400,180500000000
234100,폴라리스세원,0.78,0.65,0.0,1.38,1.22,33.5,19.02,419.42,419.42,84.02,18.56,190.48,0.0,0.0,242634611034.0,0.5326,16.3,0.0,0.1698,0.0,34.02,0.0,0.0,0.0,2820,41200000000
234300,에스트래픽,4.84,2.86,0.0,5.32,2.94,89.57,69.07,127.87,127.87,59.15,-11.01,-20.82,0.0,0.0,168238551225.0,0.9733,0.0,0.0,0.4446,0.0,16.24,0.0,0.0,0.0,2750,74800000000
234340,헥토파이낸셜,4.93,1.66,0.0,8.31,4.71,155.78,196.56,127.96,127.96,33.72,17.66,17.18,0.0,0.0,187435598839.0,0.3528,20.94,0.0,1.6806,0.0,42.83,0.0,0.0,0.0,22550,315000000000
234690,녹십자웰빙,8.88,4.5,0.0,10.5,6.08,172.94,97.2,112.95,112.95,50.71,23.08,33.41,0.0,0.0,164680042293.0,0.741,30.23,0.0,1.0153,0.0,16.0,0.0,0.0,0.0,9310,167200000000
234920,자이글,-27.97,-10.81,0.0,-44.42,-65.29,-36.56,158.85,15.17,15.17,38.63,-31.82,25.3,0.0,0.0,8229529017.0,0.1655,0.0,0.0,8.7247,0.0,0.0,0.0,0.0,0.0,5310,71800000000
235980,메드팩토,-27.86,-26.33,0.0,-359.59,-328.61,-140.19,5.83,3285.82,3285.82,94.49,0.0,35.74,0.0,0.0,3898477868.0,0.0801,0.0,0.0,24.4967,0.0,0.0,0.0,0.0,0.0,2785,95500000000
236200,슈프리마,11.94,10.8,0.0,23.85,23.58,327.45,10.62,664.16,664.16,90.4,26.86,40.62,0.0,0.0,137302003098.0,0.4578,7.66,0.0,2.855,0.0,12.85,0.0,0.0,0.0,56200,392000000000
236810,엔비티,-21.81,-12.69,0.0,0.0,0.0,-65.01,71.94,197.1,197.1,58.16,0.0,-94.57,0.0,0.0,0.0,0.0,0.0,0.0,0.0,0.0,0.0,0.0,0.0,0.0,1639,27800000000
237690,에스티팜,9.2,6.97,0.0,16.56,16.45,549.33,31.97,226.2,226.2,75.78,21.16,98.37,0.0,0.0,331681282447.0,0.4238,31.22,0.0,6.6214,0.0,43.43,0.0,0.0,0.0,105200,2196200000000
237750,피앤씨테크,-40.91,-21.77,0.0,0.07,-64.89,0.2,87.9,54.39,54.39,53.22,-20.51,-98.88,0.0,0.0,27609157326.0,0.3355,0.0,0.0,0.8475,0.0,3092.01,0.0,0.0,0.0,3600,23400000000
237820,플레이디,6.45,4.04,0.0,15.47,14.6,62.25,59.75,226.2,226.2,62.6,4.18,55.54,0.0,0.0,40227143049.0,0.2767,7.38,0.0,0.7582,0.0,13.64,0.0,0.0,0.0,2375,30500000000
237880,클리오,5.49,4.42,0.0,5.0,4.02,164.36,24.24,438.29,438.29,80.49,-6.39,-33.19,0.0,0.0,328903470798.0,1.0991,8.22,0.0,0.7364,0.0,18.29,0.0,0.0,0.0,13400,242200000000
238090,앤디포스,5.5,4.83,0.0,9.55,10.41,48.14,13.8,440.22,440.22,87.87,-3.88,146.75,0.0,0.0,50413982329.0,0.4641,13.62,0.0,1.0711,0.0,13.95,0.0,0.0,0.0,1770,54000000000
238120,얼라인드,7.83,5.04,0.0,15.25,18.18,24.43,55.52,508.29,508.29,64.3,1.51,-12.11,0.0,0.0,16015916140.0,0.2771,9.41,0.0,2.6973,0.0,26.13,0.0,0.0,0.0,3040,43200000000
238200,비피도,-0.42,-0.31,0.0,7.13,-0.98,14.03,33.47,254.64,254.64,74.92,59.34,131.24,0.0,0.0,19678962044.0,0.321,12.35,0.0,1.1586,0.0,27.21,0.0,0.0,0.0,2790,22800000000
238490,힘스,-21.53,-14.04,0.0,0.0,0.0,-75.31,53.33,108.53,108.53,65.22,0.0,-4564.35,0.0,0.0,0.0,0.0,0.0,0.0,0.0,0.0,0.0,0.0,0.0,0.0,2320,26200000000
239340,이스트에이드,-42.16,-19.02,0.0,-35.79,-40.87,-55.78,121.64,650.74,650.74,45.12,-4.97,-16.08,0.0,0.0,15584000821.0,0.4654,0.0,0.0,0.8727,0.0,0.0,0.0,0.0,0.0,504,13600000000
239610,에이치엘사이언스,-14.44,-14.05,0.0,-66.15,-71.53,-110.52,2.75,1563.3,1563.3,97.33,-5.43,-12.09,0.0,0.0,16705710069.0,0.1964,0.0,0.0,1.7359,0.0,0.0,0.0,0.0,0.0,5380,29000000000
239890,피엔에이치테크,5.16,4.27,0.0,0.0,0.0,0.0,20.9,653.58,653.58,82.72,0.0,0.0,0.0,0.0,0.0,0.0,11.8,0.0,0.0,0.0,0.0,0.0,0.0,0.0,3410,33900000000
240550,동방메디컬,9.13,6.13,0.0,14.98,10.08,170.05,48.85,211.74,211.74,67.18,8.01,13.02,0.0,0.0,113536899863.0,0.6087,7.74,0.0,1.1027,0.0,10.96,0.0,0.0,0.0,5980,125200000000
240600,유진테크놀로지,-20.23,-13.1,0.0,-27.14,-27.08,-77.84,54.38,141.71,141.71,64.78,-7.85,-97.89,0.0,0.0,28679627649.0,0.4839,0.0,0.0,0.5021,0.0,0.0,0.0,0.0,0.0,1741,14400000000
240810,원익IPS,8.66,7.22,0.0,8.11,9.24,738.14,20.06,371.71,371.71,83.29,21.6,593.64,0.0,0.0,909795691103.0,0.7812,31.62,0.0,6.0155,0.0,76.78,0.0,0.0,0.0,111500,5472900000000
241560,두산밥캣,5.64,3.31,0.0,7.8,4.58,4.82,70.77,165.03,165.03,58.56,-1.4,-24.49,0.0,0.0,6181806000.0,0.7223,11.99,0.0,966.0284,0.0,12385.76,0.0,0.0,0.0,62300,5971800000000
241590,화승엔터프라이즈,-5.75,-2.05,0.0,2.28,-1.73,356.92,180.38,76.14,76.14,35.67,-2.81,-56.77,0.0,0.0,1564379181881.0,1.1838,0.0,0.0,0.1156,0.0,28.89,0.0,0.0,0.0,2985,180900000000
241690,유니테크노,-2.34,-1.34,0.0,1.92,-3.0,20.55,74.59,60.45,60.45,57.28,1.93,-74.69,0.0,0.0,107159702000.0,0.4469,0.0,0.0,0.6028,0.0,81.3,0.0,0.0,0.0,2640,64600000000
241710,코스메카코리아,17.2,9.15,0.0,13.03,9.02,835.37,87.91,133.07,133.07,53.22,22.24,38.39,0.0,0.0,640929072776.0,1.0144,25.07,0.0,2.4962,0.0,22.69,0.0,0.0,0.0,149800,1599900000000
241770,메카로,6.14,5.59,0.0,16.23,13.33,153.6,9.83,614.0,614.0,91.05,50.52,272.98,0.0,0.0,94613747133.0,0.4193,25.68,0.0,4.0776,0.0,26.43,0.0,0.0,0.0,37850,385800000000
241790,티이엠씨씨엔에스,3.68,2.54,0.0,5.35,2.54,89.98,45.02,197.39,197.39,68.96,-13.17,51.86,0.0,0.0,168040555596.0,0.9998,42.62,0.0,0.3577,0.0,12.48,0.0,0.0,0.0,6010,60100000000
241840,에이스토리,-14.8,-12.69,0.0,-61.73,-60.34,-72.78,16.67,257.32,257.32,85.71,-20.29,-107.66,0.0,0.0,11789684319.0,0.2102,0.0,0.0,1.9678,0.0,0.0,0.0,0.0,0.0,2435,23200000000
242040,나무에이엑스,-4.06,-1.85,0.0,2.2,-1.84,22.51,119.28,120.91,120.91,45.6,11.87,201.07,0.0,0.0,102273238233.0,1.009,352.22,0.0,1.0726,0.0,73.22,0.0,0.0,0.0,3170,109700000000
243070,휴온스,10.18,6.21,0.0,7.35,6.81,456.0,63.98,169.62,169.62,60.98,5.17,14.88,0.0,0.0,620768254716.0,0.9125,13.59,0.0,0.413,0.0,11.44,0.0,0.0,0.0,21400,256400000000
243840,신흥에스이씨,-1.64,-0.66,0.0,1.45,-1.42,59.27,147.5,69.17,69.17,40.4,-5.68,-55.0,0.0,0.0,408233544783.0,0.4661,36.93,0.0,0.5791,0.0,127.95,0.0,0.0,0.0,6130,236400000000
244460,올리패스,-905.0,-88.92,0.0,-905.62,-1885.02,-73.9,917.78,10.43,10.43,9.83,7.93,26.97,0.0,0.0,816018331.0,0.0472,0.0,0.0,16.4212,0.0,0.0,0.0,0.0,0.0,1651,13400000000
244920,에이플러스에셋,9.45,4.79,0.0,4.3,3.62,293.14,97.3,204.95,204.95,50.68,32.32,-7.09,0.0,0.0,682466555853.0,1.3243,9.49,0.0,0.4264,0.0,18.6,0.0,0.0,0.0,12870,291000000000
245620,EDGC,-125.38,64.17,0.0,-20.25,358.13,-15.97,-295.39,31.54,31.54,-51.18,-74.51,87.36,0.0,0.0,7886099045.0,0.1792,0.95,0.0,21.1892,0.0,0.0,0.0,0.0,0.0,741,167100000000
246250,에스엘에스바이오,-64.23,-43.67,0.0,-103.05,-123.09,-41.05,47.07,285.0,285.0,68.0,-52.41,-1527.37,0.0,0.0,3983968955.0,0.3548,0.0,0.0,7.5804,0.0,0.0,0.0,0.0,0.0,1969,30200000000
246690,TS인베스트먼트,7.12,5.59,0.0,45.99,35.69,90.23,27.25,443.59,443.59,78.58,11.48,400.57,0.0,0.0,19617531648.0,0.1567,6.11,0.0,2.8036,0.0,9.07,0.0,0.0,0.0,2315,55000000000
246710,티앤알바이오팹,-122.55,-34.46,0.0,-33.56,-118.48,-90.51,255.62,132.44,132.44,28.12,453.32,31.94,0.0,0.0,26967256198.0,0.2909,0.0,0.0,4.0049,0.0,0.0,0.0,0.0,0.0,2265,108000000000
246720,아스타,-35.81,-21.33,0.0,-99.8,-127.31,-25.9,67.93,410.56,410.56,59.55,-22.65,35.56,0.0,0.0,2594819140.0,0.1675,0.0,0.0,38.3071,0.0,0.0,0.0,0.0,0.0,6070,99400000000
246960,SCL사이언스,-17.53,-5.15,0.0,-15.44,-18.72,-33.98,240.13,95.47,95.47,29.4,364.64,7.18,0.0,0.0,22010565275.0,0.2754,0.0,0.0,3.5528,0.0,0.0,0.0,0.0,0.0,2300,78200000000
247540,에코프로비엠,4.54,1.88,0.0,5.66,3.62,1433.1,142.16,72.33,72.33,41.29,-8.5,520.15,0.0,0.0,2531576384113.0,0.5186,270.25,0.0,4.6682,0.0,102.46,0.0,0.0,0.0,120800,11817900000000
247660,나노씨엠에스,-12.16,-9.73,0.0,-37.68,-41.54,-19.93,24.87,257.09,257.09,80.08,13.75,77.5,0.0,0.0,5289045322.0,0.2344,17.08,0.0,2.7415,0.0,0.0,0.0,0.0,0.0,3330,14500000000
248070,솔루엠,2.52,1.11,0.0,2.73,0.83,465.0,126.83,132.55,132.55,44.09,6.64,-32.69,0.0,0.0,1700246425329.0,1.3319,67.29,0.0,0.3766,0.0,29.12,0.0,0.0,0.0,13390,640300000000
248170,샘표식품,7.52,5.24,0.0,5.99,4.88,244.76,43.46,165.05,165.05,69.7,1.0,278.85,0.0,0.0,408926546791.0,1.0752,4.2,0.0,0.2619,0.0,9.08,0.0,0.0,0.0,23450,107100000000
249420,일동제약,9.89,4.14,0.0,3.44,4.18,194.77,139.25,96.1,96.1,41.8,-7.81,48.47,0.0,0.0,566933738499.0,0.9894,10.65,0.0,0.8243,0.0,41.12,0.0,0.0,0.0,14770,467300000000
250000,보라티알,0.26,0.1,0.0,8.94,0.22,91.47,154.15,146.05,146.05,39.35,11.93,-28.55,0.0,0.0,102296135358.0,0.4524,0.0,0.0,0.394,0.0,19.4,0.0,0.0,0.0,5970,40300000000
250030,진코스텍,32.01,11.56,0.0,9.97,12.37,48.49,176.83,75.44,75.44,36.12,63.04,321.71,0.0,0.0,48646055602.0,0.9349,0.0,0.0,0.0,0.0,0.0,0.0,0.0,0.0,0,0
250060,모비스,-3.13,-2.64,0.0,-57.58,-20.65,-29.35,18.87,1414.1,1414.1,84.12,1.42,-22.62,0.0,0.0,5097704071.0,0.1276,0.0,0.0,19.1263,0.0,0.0,0.0,0.0,0.0,3030,97500000000
250930,예선테크,-4.92,-1.48,0.0,-2.15,-1.99,-8.13,232.78,147.85,147.85,30.05,-13.16,74.89,0.0,0.0,37875754485.0,0.7414,4.6,0.0,0.3195,0.0,0.0,0.0,0.0,0.0,1831,12100000000
251120,바이오에프디엔씨,9.55,9.08,0.0,32.6,34.76,62.53,5.23,1706.16,1706.16,95.03,19.37,28.85,0.0,0.0,19179051492.0,0.2611,12.27,0.0,4.0982,0.0,13.15,0.0,0.0,0.0,9040,78600000000
251270,넷마블,4.2,2.85,0.0,12.43,8.14,3524.78,47.36,66.11,66.11,67.86,6.43,63.47,0.0,0.0,2835074411896.0,0.3503,8.03,0.0,1.1058,0.0,16.27,0.0,0.0,0.0,37700,3135100000000
251630,브이원텍,-11.75,-7.23,0.0,-26.18,-30.33,-128.29,62.44,135.76,135.76,61.56,-32.63,-194.24,0.0,0.0,49002332510.0,0.2385,0.0,0.0,1.1428,0.0,0.0,0.0,0.0,0.0,3510,56000000000
251970,펌텍코리아,0.0,0.0,0.0,15.19,0.0,565.15,28.14,265.23,265.23,78.04,10.22,16.77,0.0,0.0,371960508790.0,0.8169,16.84,0.0,1.9669,0.0,14.71,0.0,0.0,0.0,59000,731600000000
252500,세화피앤씨,2.91,2.62,0.0,1.67,3.12,6.27,10.86,863.52,863.52,90.21,-14.19,-77.13,0.0,0.0,37645110414.0,0.8406,31.19,0.0,0.5499,0.0,40.02,0.0,0.0,0.0,499,20700000000
252990,샘씨엔에스,9.05,5.94,0.0,18.81,19.32,146.66,52.36,217.92,217.92,65.63,46.27,182.01,0.0,0.0,77985021913.0,0.3074,25.65,0.0,9.9609,0.0,58.91,0.0,0.0,0.0,12900,776800000000
253450,스튜디오드래곤,1.29,1.0,0.0,5.72,1.94,303.59,29.27,134.84,134.84,77.36,-3.53,-16.58,0.0,0.0,530685384145.0,0.513,65.31,0.0,1.2687,0.0,29.89,0.0,0.0,0.0,22400,673300000000
253590,네오셈,4.48,3.45,0.0,6.34,8.36,40.55,30.08,654.28,654.28,76.88,-39.25,-75.37,0.0,0.0,63936752061.0,0.4123,28.71,0.0,7.3072,0.0,124.05,0.0,0.0,0.0,10650,467200000000
253840,수젠텍,-30.69,-23.92,0.0,-199.86,-249.47,-188.2,28.31,1064.67,1064.67,77.94,-6.74,14.54,0.0,0.0,9416857906.0,0.0959,0.0,0.0,7.9007,0.0,0.0,0.0,0.0,0.0,4445,74400000000
254120,자비스,-16.65,-10.84,0.0,-14.05,-14.76,-39.2,53.55,186.29,186.29,65.12,-25.83,-425.08,0.0,0.0,27895397844.0,0.7346,0.0,0.0,1.1507,0.0,0.0,0.0,0.0,0.0,1044,32100000000
254490,미래반도체,12.82,7.53,0.0,3.0,2.22,190.76,70.29,463.49,463.49,58.72,30.34,86.39,0.0,0.0,635582299292.0,3.3858,4.63,0.0,0.3592,0.0,16.03,0.0,0.0,0.0,15810,228300000000
255220,SG,-2.4,-1.09,0.0,0.74,-2.4,7.52,119.61,124.61,124.61,45.54,-14.04,112.4,0.0,0.0,102246199563.0,0.4557,0.0,0.0,1.3027,0.0,339.53,0.0,0.0,0.0,1216,133200000000
255440,야스,-4.13,-3.21,0.0,-18.6,-15.85,-64.65,28.71,236.12,236.12,77.7,21.42,33.07,0.0,0.0,34763681766.0,0.2025,2.6,0.0,2.7903,0.0,0.0,0.0,0.0,0.0,7430,97000000000
256150,한독크린텍,4.72,4.23,0.0,4.06,3.93,28.17,11.35,576.36,576.36,89.8,1.76,-19.42,0.0,0.0,69443700454.0,1.0773,8.75,0.0,0.5832,0.0,16.71,0.0,0.0,0.0,4820,40500000000
256840,한국비엔씨,0.85,0.74,0.0,1.7,2.13,16.3,16.05,896.76,896.76,86.17,7.47,-84.77,0.0,0.0,95899224534.0,0.345,0.0,0.0,1.8895,0.0,134.72,0.0,0.0,0.0,2650,181200000000
256940,킵스파마,-12.74,-4.44,0.0,0.93,-6.1,15.75,187.01,114.51,114.51,34.84,33.36,-74.67,0.0,0.0,170146866389.0,0.7274,0.0,0.0,0.6618,0.0,168.3,0.0,0.0,0.0,5610,112600000000
257370,피엔티엠에스,-34.07,-13.86,0.0,-19.17,-66.15,-21.25,145.77,130.96,130.96,40.69,-57.73,-280.06,0.0,0.0,11082330000.0,0.2096,0.0,0.0,2.2017,0.0,0.0,0.0,0.0,0.0,1951,24400000000
257990,나우코스,18.02,9.74,0.0,4.46,5.74,31.02,85.05,119.82,119.82,54.04,12.11,144.55,0.0,0.0,69544503906.0,1.6981,0.0,0.0,0.0,0.0,0.0,0.0,0.0,0.0,0,0
258610,케일럼,-6.04,-3.44,0.0,-1.0,-3.36,-8.13,75.45,154.1,154.1,56.99,-16.06,-129.32,0.0,0.0,81698394490.0,1.0228,74.06,0.0,0.5288,0.0,0.0,0.0,0.0,0.0,1185,43200000000
258790,소프트캠프,23.93,8.76,0.0,11.59,14.35,29.82,173.28,124.23,124.23,36.59,52.31,262.84,0.0,0.0,25721722546.0,0.6103,3.91,0.0,0.9214,0.0,16.91,0.0,0.0,0.0,4745,23700000000
258830,세종메디칼,-0.11,-0.04,0.0,12.22,-0.14,22.65,164.2,52.92,52.92,37.85,-2.2,579.55,0.0,0.0,18535097964.0,0.3099,0.0,0.0,1.6833,0.0,30.19,0.0,0.0,0.0,412,31200000000
259630,엠플러스,20.23,8.55,0.0,13.34,11.2,245.65,136.71,148.29,148.29,42.25,43.08,143.43,0.0,0.0,184211329846.0,0.7631,4.41,0.0,0.6237,0.0,10.35,0.0,0.0,0.0,9400,114900000000
259960,크래프톤,10.21,7.78,0.0,31.7,22.06,10543.81,31.31,307.36,307.36,76.15,22.76,-10.83,0.0,0.0,3326553694966.0,0.3526,12.82,0.0,3.1218,0.0,11.98,0.0,0.0,0.0,227000,10384800000000
260660,알리코제약,-0.77,-0.35,0.0,0.49,-0.3,9.89,119.74,112.08,112.08,45.51,5.65,119.17,0.0,0.0,201203501691.0,1.1709,0.0,0.0,0.1819,0.0,131.66,0.0,0.0,0.0,2390,36600000000
260930,씨티케이,-5.01,-2.85,0.0,-6.35,-8.21,-56.66,75.49,172.61,172.61,56.98,6.74,-4299.15,0.0,0.0,89230284535.0,0.3474,0.0,0.0,0.585,0.0,0.0,0.0,0.0,0.0,2700,52200000000
260970,에스앤디,23.9,18.92,0.0,15.24,13.65,230.06,26.28,344.17,344.17,79.19,29.96,14.37,0.0,0.0,150937281130.0,1.386,6.95,0.0,1.1157,0.0,8.3,0.0,0.0,0.0,58200,168400000000
261200,덴티스,-35.97,-7.88,0.0,-9.12,-14.42,-104.14,356.64,74.2,74.2,21.9,-0.03,-2233.95,0.0,0.0,114245201119.0,0.5463,27.98,0.0,0.3449,0.0,0.0,0.0,0.0,0.0,2490,39400000000
261520,이지스,-9.83,-7.13,0.0,-31.99,-22.62,-67.99,37.87,330.93,330.93,72.53,-29.81,-384.75,0.0,0.0,21250116427.0,0.315,0.0,0.0,2.0423,0.0,0.0,0.0,0.0,0.0,4220,43400000000
261780,아리바이오LAB,-135.29,-53.87,0.0,-8997.23,-10115.3,-142.71,151.13,166.07,166.07,39.82,-57.21,-85.42,0.0,0.0,158616000.0,0.0053,0.0,0.0,454.5569,0.0,0.0,0.0,0.0,0.0,2490,72100000000
262260,에이프로,-17.54,-3.28,0.0,-3.97,-7.31,-58.35,434.19,65.06,65.06,18.72,-26.52,-273.59,0.0,0.0,147079619081.0,0.4491,0.0,0.0,0.3678,0.0,0.0,0.0,0.0,0.0,3590,54100000000
262840,아이퀘스트,9.95,5.3,0.0,9.81,13.68,42.75,87.53,198.96,198.96,53.32,7.2,25.05,0.0,0.0,43564251822.0,0.3876,3.62,0.0,0.6703,0.0,19.1,0.0,0.0,0.0,2760,29200000000
263020,디케이앤디,10.67,7.81,0.0,8.58,6.07,122.27,36.6,302.2,302.2,73.21,26.7,44.37,0.0,0.0,142586770560.0,1.2872,3.93,0.0,0.303,0.0,5.96,0.0,0.0,0.0,3120,43200000000
263050,유틸렉스,-163.37,-62.6,0.0,-183.77,-250.53,-189.19,160.96,44.0,44.0,38.32,8.06,28.63,0.0,0.0,10294911483.0,0.2499,0.0,0.0,3.4289,0.0,0.0,0.0,0.0,0.0,959,35300000000
263600,덕우전자,5.95,2.75,0.0,0.89,3.67,15.78,116.09,112.71,112.71,46.28,9.94,259.11,0.0,0.0,176946596890.0,0.7497,8.46,0.0,0.3306,0.0,117.42,0.0,0.0,0.0,3670,58500000000
263690,디알젬,7.36,5.56,0.0,8.78,6.6,90.25,32.41,370.76,370.76,75.52,-1.21,1.97,0.0,0.0,102746224632.0,0.8424,4.7,0.0,0.5626,0.0,9.71,0.0,0.0,0.0,5100,57800000000
263700,케어랩스,26.14,18.16,0.0,0.0,0.0,-28.77,43.95,167.9,167.9,69.47,0.0,35.53,0.0,0.0,0.0,0.0,0.0,0.0,0.0,0.0,0.0,0.0,0.0,0.0,1902,36900000000
263720,디앤씨미디어,8.35,6.8,0.0,20.28,9.34,173.36,22.76,376.54,376.54,81.46,3.43,59.7,0.0,0.0,85471656697.0,0.7278,9.03,0.0,1.0413,0.0,6.39,0.0,0.0,0.0,7170,89000000000
263750,펄어비스,-1.05,-0.73,0.0,-4.05,-2.3,-148.08,43.8,327.9,327.9,69.54,6.77,-20.46,0.0,0.0,365564943738.0,0.3181,13.62,0.0,5.4324,0.0,0.0,0.0,0.0,0.0,31600,1985900000000
263770,유에스티,2.95,2.79,0.0,4.02,4.22,23.32,5.9,1257.67,1257.67,94.43,-20.81,-65.31,0.0,0.0,57966763324.0,0.6612,10.28,0.0,0.6676,0.0,18.69,0.0,0.0,0.0,1634,38700000000
263800,데이타솔루션,2.97,1.53,0.0,1.17,1.01,12.17,94.3,165.01,165.01,51.47,-5.69,1984.2,0.0,0.0,103815906948.0,1.5175,20.3,0.0,0.7513,0.0,91.35,0.0,0.0,0.0,4810,78000000000
263810,상신전자,3.29,2.0,0.0,1.98,1.34,25.63,64.21,196.25,196.25,60.9,3.34,20.42,0.0,0.0,129139555836.0,1.4899,20.16,0.0,0.3206,0.0,29.38,0.0,0.0,0.0,2600,41400000000
263860,지니언스,12.05,9.32,0.0,14.48,15.5,70.07,29.24,621.52,621.52,77.38,-2.47,-28.79,0.0,0.0,48381253076.0,0.6018,14.81,0.0,3.1686,0.0,24.47,0.0,0.0,0.0,16880,153300000000
263920,휴엠앤씨,3.45,2.54,0.0,4.75,3.0,24.83,35.78,184.27,184.27,73.65,10.75,-49.81,0.0,0.0,52307212214.0,0.8464,10.37,0.0,0.6328,0.0,19.89,0.0,0.0,0.0,3370,33100000000
264450,유비쿼스,12.28,10.76,0.0,19.84,20.66,231.04,14.11,927.18,927.18,87.63,12.18,86.76,0.0,0.0,116437998535.0,0.521,4.83,0.0,1.3441,0.0,7.97,0.0,0.0,0.0,10670,156500000000
264660,씨앤지하이테크,13.64,9.89,0.0,12.61,9.96,247.42,37.96,279.39,279.39,72.48,29.77,91.2,0.0,0.0,196194330780.0,0.9934,6.6,0.0,0.6682,0.0,7.5,0.0,0.0,0.0,13490,131100000000
264850,이랜시스,7.86,6.37,0.0,5.59,6.1,38.86,23.41,284.9,284.9,81.03,-2.77,-33.62,0.0,0.0,69574700188.0,1.0455,42.15,0.0,2.4779,0.0,47.61,0.0,0.0,0.0,5690,172400000000
264900,크라운제과,5.42,3.47,0.0,3.43,2.77,152.65,56.02,163.39,163.39,64.1,1.54,-27.47,0.0,0.0,444838419779.0,1.2532,10.61,0.0,0.2297,0.0,15.04,0.0,0.0,0.0,8160,102200000000
265520,AP시스템,6.47,3.49,0.0,7.24,5.17,333.28,85.26,183.7,183.7,53.98,-10.95,-29.37,0.0,0.0,460144858180.0,0.6757,5.62,0.0,0.6307,0.0,18.11,0.0,0.0,0.0,19280,290200000000
265560,영화테크,20.54,16.08,0.0,16.61,17.53,180.42,27.73,294.98,294.98,78.29,14.54,17.25,0.0,0.0,108613630588.0,0.9171,3.98,0.0,0.6979,0.0,5.63,0.0,0.0,0.0,7090,75800000000
265740,엔에프씨,15.39,10.93,0.0,17.48,14.05,125.18,40.81,158.03,158.03,71.02,78.05,276.6,0.0,0.0,71621774017.0,0.778,9.92,0.0,1.8626,0.0,12.79,0.0,0.0,0.0,7470,133400000000
266170,레드우즈,3066.88,-9.82,0.0,-351636.02,-1236335.23,-7.56,-31335.88,197.32,197.32,-0.32,-98.42,74.55,0.0,0.0,215008.0,0.0,0.0,0.0,0.0,0.0,0.0,0.0,0.0,0.0,0,0
266350,팡스카이,11.09,0.0,0.0,10.82,-56.91,2.2,-115.48,6.91,6.91,0.0,-77.03,103.57,0.0,0.0,2030902222.0,0.0,0.0,0.0,0.0,0.0,0.0,0.0,0.0,0.0,0,0
267080,세븐브로이맥주,113.63,-65.64,0.0,-78.53,-186.06,-53.64,-273.11,38.83,38.83,-57.77,-19.51,40.96,0.0,0.0,6831219026.0,0.3528,0.0,0.0,0.0,0.0,0.0,0.0,0.0,0.0,0,0
267250,HD현대,12.12,4.67,0.0,8.56,5.16,60996.36,159.39,117.82,117.82,38.55,5.16,104.47,0.0,0.0,71259438270000.0,0.9056,6.33,0.0,0.2428,0.0,10.76,0.0,0.0,0.0,219000,17299500000000
267260,HD현대일렉트릭,36.0,15.34,0.0,24.4,17.94,9953.13,134.63,134.43,134.43,42.62,22.79,48.78,0.0,0.0,4079497658529.0,0.8553,33.09,0.0,6.901,0.0,31.04,0.0,0.0,0.0,781000,28152800000000
267270,HD건설기계,4.51,2.42,0.0,4.52,2.3,1708.83,86.64,200.24,200.24,53.58,9.84,-10.26,0.0,0.0,3776524012000.0,1.0482,10.3,0.0,1.6915,0.0,47.17,0.0,0.0,0.0,133300,6388000000000
267290,경동도시가스,6.91,3.54,0.0,1.88,1.87,330.46,95.46,136.36,136.36,51.16,-1.81,22.51,0.0,0.0,1759465296335.0,1.8943,3.46,0.0,0.0729,0.0,17.61,0.0,0.0,0.0,21750,128200000000
267320,나인테크,-17.16,-9.76,0.0,-10.83,-21.15,-89.24,75.82,149.68,149.68,56.88,-58.24,-292.76,0.0,0.0,82368729078.0,0.4615,0.0,0.0,1.5649,0.0,0.0,0.0,0.0,0.0,2245,128900000000
267790,배럴,9.18,5.32,0.0,11.23,7.28,66.45,72.49,178.6,178.6,57.97,-8.15,-26.82,0.0,0.0,59192865808.0,0.7308,3.34,0.0,0.4443,0.0,9.08,0.0,0.0,0.0,3425,26300000000
267850,아시아나IDT,7.25,5.84,0.0,6.25,6.51,121.28,24.11,409.48,409.48,80.58,0.02,31.46,0.0,0.0,194059284908.0,0.8972,7.35,0.0,0.5308,0.0,11.96,0.0,0.0,0.0,9280,103000000000
267980,매일유업,8.91,5.28,0.0,3.26,3.05,600.29,68.9,226.5,226.5,59.21,1.77,-14.65,0.0,0.0,1843539281196.0,1.7295,4.05,0.0,0.1453,0.0,11.7,0.0,0.0,0.0,34950,267800000000
268280,미원에스씨,13.67,11.16,0.0,12.31,11.52,654.82,22.46,486.24,486.24,81.66,4.49,11.43,0.0,0.0,532122514140.0,0.9688,7.54,0.0,1.2394,0.0,11.61,0.0,0.0,0.0,131900,659500000000
269620,시스웍,22.11,-26.05,0.0,-23.29,-46.42,-25.7,-184.9,25.67,25.67,-117.79,-14.22,-39.61,0.0,0.0,11033617511.0,0.5612,0.0,0.0,0.0,0.0,0.0,0.0,0.0,0.0,0,0
270520,앱튼,-24.62,-14.64,0.0,-66.03,-138.68,-111.57,68.16,47.91,47.91,59.47,-8.06,12.51,0.0,0.0,16895496082.0,0.1056,0.0,0.0,4.6403,0.0,0.0,0.0,0.0,0.0,3385,78400000000
270660,에브리봇,-20.29,-11.56,0.0,-9.31,-37.1,-31.97,75.54,105.2,105.2,56.97,15.48,-43.04,0.0,0.0,34356667933.0,0.3115,0.0,0.0,5.2886,0.0,0.0,0.0,0.0,0.0,14320,181700000000
270870,뉴트리,-2.44,-1.87,0.0,-2.24,-2.54,-22.68,30.05,330.21,330.21,76.9,-17.12,-145.99,0.0,0.0,101087982676.0,0.7396,7.43,0.0,0.3452,0.0,0.0,0.0,0.0,0.0,3880,34900000000
271560,오리온,9.98,8.49,0.0,16.75,11.72,5582.58,17.55,374.76,374.76,85.07,7.35,2.7,0.0,0.0,3332442536373.0,0.7247,12.26,0.0,1.542,0.0,10.43,0.0,0.0,0.0,130000,5138700000000
271830,팸텍,-8.79,-6.18,0.0,-10.65,-13.96,-41.27,42.31,213.96,213.96,70.27,-12.66,-10.72,0.0,0.0,38741691594.0,0.4424,0.0,0.0,0.7924,0.0,0.0,0.0,0.0,0.0,1041,30700000000
271940,일진하이솔루스,-0.63,-0.57,0.0,-13.73,-2.45,-112.04,10.43,1108.03,1108.03,90.55,2.89,-17.75,0.0,0.0,81586396146.0,0.2345,0.0,0.0,4.8648,0.0,0.0,0.0,0.0,0.0,10930,396900000000
271980,제일약품,12.75,6.27,0.0,3.65,5.64,206.95,103.4,128.53,128.53,49.17,-19.49,209.34,0.0,0.0,567244440283.0,1.111,16.85,0.0,0.2768,0.0,20.13,0.0,0.0,0.0,10680,157000000000
272110,케이엔제이,26.3,11.09,0.0,26.34,30.27,222.43,137.16,136.66,136.66,42.17,35.73,57.2,0.0,0.0,84444745007.0,0.3663,7.99,0.0,2.2808,0.0,14.65,0.0,0.0,0.0,24000,192600000000
272210,한화시스템,4.18,2.03,0.0,3.27,5.71,1198.99,106.5,87.82,87.82,48.43,30.69,-45.34,0.0,0.0,3664150568020.0,0.3548,74.39,0.0,3.7741,0.0,159.76,0.0,0.0,0.0,73200,13828900000000
272290,이녹스첨단소재,10.71,5.14,0.0,18.63,12.73,819.21,108.29,225.82,225.82,48.01,3.98,-5.63,0.0,0.0,439633940622.0,0.4041,7.07,0.0,0.966,0.0,12.09,0.0,0.0,0.0,21300,424700000000
272450,진에어,-4.35,-0.83,0.0,-1.39,-0.71,-191.58,423.17,112.56,112.56,19.11,-5.49,-111.74,0.0,0.0,1381080693148.0,1.1762,0.0,0.0,0.2174,0.0,0.0,0.0,0.0,0.0,5750,300200000000
272550,삼양패키징,4.57,2.72,0.0,5.87,4.2,246.47,68.17,76.5,76.5,59.46,-6.22,-26.99,0.0,0.0,420217993585.0,0.6472,7.4,0.0,0.3586,0.0,16.79,0.0,0.0,0.0,10000,150700000000
273060,와이즈버즈,3.73,0.98,0.0,16.64,4.09,75.75,280.11,88.61,88.61,26.31,47.86,228.62,0.0,0.0,45521333566.0,0.2399,6.91,0.0,0.9336,0.0,24.07,0.0,0.0,0.0,864,42500000000
274090,켄코아에어로스페이스,-9.65,-6.65,0.0,-12.08,-20.26,-92.31,45.18,304.36,304.36,68.88,-11.33,-72.46,0.0,0.0,76394211868.0,0.3281,0.0,0.0,1.8313,0.0,0.0,0.0,0.0,0.0,10160,139900000000
274400,이노시뮬레이션,-6.93,-3.64,0.0,-13.96,-14.67,-19.89,90.56,61.51,61.51,52.48,52.65,58.67,0.0,0.0,14252194849.0,0.2479,0.0,0.0,1.4314,0.0,0.0,0.0,0.0,0.0,2250,20400000000
275630,에스에스알,-6.75,-5.78,0.0,2.46,-12.76,3.21,16.68,841.13,841.13,85.7,12.42,204.47,0.0,0.0,13049423998.0,0.4534,0.0,0.0,1.571,0.0,76.73,0.0,0.0,0.0,3900,20500000000
276040,스코넥,-165.57,-106.19,0.0,0.0,0.0,-122.33,55.92,190.63,190.63,64.13,0.0,-63.95,0.0,0.0,0.0,0.0,0.0,0.0,0.0,0.0,0.0,0.0,0.0,0.0,327,7100000000
276730,한울앤제주,-72.05,-19.06,0.0,-35.27,-82.87,-49.01,278.09,99.71,99.71,26.45,-23.98,-1.52,0.0,0.0,13893332928.0,0.23,0.0,0.0,2.3177,0.0,0.0,0.0,0.0,0.0,1365,32200000000
277070,린드먼아시아,4.96,4.54,0.0,48.48,40.22,36.03,9.34,2761.45,2761.45,91.46,-18.28,-14.41,0.0,0.0,7432097638.0,0.1129,13.23,0.0,6.149,0.0,14.24,0.0,0.0,0.0,3335,45700000000
277410,인산가,0.97,0.56,0.0,6.44,1.78,23.06,74.06,66.21,66.21,57.45,10.22,183.4,0.0,0.0,35804215193.0,0.3137,11.16,0.0,0.6117,0.0,30.55,0.0,0.0,0.0,5690,21900000000
277810,레인보우로보틱스,0.0,0.0,0.0,-7.27,0.0,-24.8,7.08,1265.83,1265.83,93.39,76.38,16.74,0.0,0.0,34123110054.0,0.2381,6308.22,0.0,261.805,0.0,0.0,0.0,0.0,0.0,460500,8933600000000
277880,티에스아이,3.07,1.28,0.0,3.12,1.46,82.45,140.52,153.42,153.42,41.58,-2.7,-47.25,0.0,0.0,264652706977.0,0.8736,4.96,0.0,0.2698,0.0,30.13,0.0,0.0,0.0,3600,71400000000
278280,천보,-12.84,-7.06,0.0,2.77,-44.84,37.11,81.76,39.3,39.3,55.02,-7.63,116.31,0.0,0.0,133849589627.0,0.1576,0.0,0.0,3.8588,0.0,242.16,0.0,0.0,0.0,42150,516500000000
278470,에이피알,64.97,37.53,0.0,23.93,18.96,3655.21,73.11,228.99,228.99,57.77,111.32,197.88,0.0,0.0,1527344973381.0,1.9791,40.3,0.0,11.3858,0.0,48.47,0.0,0.0,0.0,464500,17390000000000
278650,HLB바이오스텝,-20.07,-13.02,0.0,-11.64,-27.35,-86.17,54.13,126.32,126.32,64.88,27.3,33.54,0.0,0.0,74050095463.0,0.476,0.0,0.0,0.555,0.0,0.0,0.0,0.0,0.0,2355,41100000000
278990,EMB,-39.42,-18.9,0.0,-21.69,-53.89,-51.57,108.63,52.51,52.51,47.93,-14.11,-949.73,0.0,0.0,23779257831.0,0.3506,0.0,0.0,0.0,0.0,0.0,0.0,0.0,0.0,0,0
279570,케이뱅크,5.19,0.35,0.0,0.0,0.0,1170.85,1367.21,0.0,0.0,6.82,0.0,-11.94,0.0,0.0,0.0,0.0,16.65,0.0,0.0,0.0,273.38,0.0,0.0,0.0,5710,2316500000000
279600,미디어젠,-17.23,-6.8,0.0,-9.8,-11.92,-22.32,153.49,69.43,69.43,39.45,89.58,52.25,0.0,0.0,22781312554.0,0.5704,0.0,0.0,0.8033,0.0,0.0,0.0,0.0,0.0,3910,18300000000
280360,롯데웰푸드,3.12,1.56,0.0,2.6,1.69,1095.19,100.02,156.93,156.93,49.99,4.25,-30.29,0.0,0.0,4215952626184.0,0.9217,15.81,0.0,0.3181,0.0,33.13,0.0,0.0,0.0,145700,1341100000000
281740,레이크머티리얼즈,5.74,2.19,0.0,9.4,5.52,132.71,161.94,104.62,104.62,38.18,1.81,-40.13,0.0,0.0,141233860094.0,0.3969,104.62,0.0,5.6962,0.0,77.2,0.0,0.0,0.0,12240,804500000000
281820,케이씨텍,10.07,8.89,0.0,15.66,13.95,599.66,13.25,714.32,714.32,88.3,-0.67,20.45,0.0,0.0,382856574357.0,0.6376,16.06,0.0,3.5371,0.0,23.75,0.0,0.0,0.0,68400,1354200000000
282330,BGF리테일,14.87,5.49,0.0,2.8,2.15,2539.47,170.83,88.86,88.86,36.92,4.17,0.92,0.0,0.0,9061216107616.0,2.548,11.87,0.0,0.2819,0.0,18.89,0.0,0.0,0.0,147800,2554600000000
282720,금양그린파워,0.02,0.01,0.0,0.16,0.01,4.27,92.71,134.61,134.61,51.89,8.89,102.49,0.0,0.0,264778674601.0,1.4365,0.0,0.0,0.3482,0.0,423.3,0.0,0.0,0.0,7610,92200000000
282880,코윈테크,-6.88,-4.11,0.0,-16.45,-11.39,-254.47,67.22,188.61,188.61,59.8,-36.7,-806.3,0.0,0.0,154701003144.0,0.3613,21.91,0.0,0.7634,0.0,0.0,0.0,0.0,0.0,10100,118100000000
284620,카이노스메드,-169.12,-117.64,0.0,-549.57,-664.43,-64.39,43.76,218.91,218.91,69.56,98.46,47.77,0.0,0.0,1171631910.0,0.1771,0.0,0.0,30.7264,0.0,0.0,0.0,0.0,0.0,1087,36000000000
284740,쿠쿠홈시스,10.61,8.5,0.0,15.1,11.98,1693.63,24.78,236.31,236.31,80.14,6.07,-0.36,0.0,0.0,1121342626136.0,0.7096,3.87,0.0,0.4752,0.0,5.0,0.0,0.0,0.0,23750,532900000000
285130,SK케미칼,0.87,0.45,0.0,-0.01,1.15,-2.07,93.85,223.68,223.68,51.59,36.18,99.54,0.0,0.0,2365164441719.0,0.3885,140.37,0.0,0.3891,0.0,0.0,0.0,0.0,0.0,53200,920300000000
285490,노바텍,10.84,10.18,0.0,12.05,31.85,67.0,6.55,1461.6,1461.6,93.85,-15.53,-46.87,0.0,0.0,55589851496.0,0.3195,7.18,0.0,2.2882,0.0,20.58,0.0,0.0,0.0,12030,127200000000
285800,진영,-8.34,-4.55,0.0,-8.19,-9.86,-26.56,83.13,98.75,98.75,54.61,-5.25,9.64,0.0,0.0,32423321754.0,0.4621,7.48,0.0,0.4071,0.0,0.0,0.0,0.0,0.0,733,13200000000
286750,나노실리칸첨단소재,-20.29,-12.37,0.0,-110.11,-93.09,-65.81,64.01,137.45,137.45,60.97,13.22,-91.31,0.0,0.0,5976639350.0,0.1329,0.0,0.0,7.8305,0.0,0.0,0.0,0.0,0.0,2925,46800000000
286940,롯데이노베이트,0.9,0.44,0.0,2.68,0.35,313.93,104.08,118.21,118.21,49.0,-0.89,22.04,0.0,0.0,1169825277118.0,1.2688,16.26,0.0,0.2403,0.0,23.93,0.0,0.0,0.0,18580,281100000000
287840,인투셀,-42.84,-25.7,0.0,-448.01,-461.2,-103.0,66.69,970.94,970.94,59.99,-20.86,-5.21,0.0,0.0,2299122477.0,0.0557,0.0,0.0,123.8733,0.0,0.0,0.0,0.0,0.0,18960,284800000000
288180,케이피항공산업,9.09,1.9,0.0,4.9,2.88,26.39,378.85,114.47,114.47,20.88,8.57,-24.36,0.0,0.0,53907682893.0,0.6578,0.0,0.0,1.0166,0.0,45.33,0.0,0.0,0.0,7410,54800000000
288330,파라택시스코리아,-73.62,-45.52,0.0,0.0,0.0,-151.54,61.75,97.84,97.84,61.82,0.0,20.28,0.0,0.0,0.0,0.0,0.0,0.0,0.0,0.0,0.0,0.0,0.0,0.0,416,44100000000
288620,에스프리즘,-47.56,-23.95,0.0,-95.1,-138.13,-150.13,98.59,169.33,169.33,50.35,-53.11,-262.89,0.0,0.0,15786204867.0,0.1734,0.0,0.0,1.6533,0.0,0.0,0.0,0.0,0.0,3745,26100000000
288980,모아데이타,-101.88,-25.23,0.0,-25.61,-85.17,-59.33,303.81,48.3,48.3,24.76,-32.6,-346.13,0.0,0.0,23169923506.0,0.2962,0.0,0.0,0.5179,0.0,0.0,0.0,0.0,0.0,330,12000000000
289010,아이스크림에듀,-2.49,-1.58,0.0,1.53,-1.16,14.02,57.33,204.08,204.08,63.56,-14.9,172.26,0.0,0.0,91587213109.0,1.3676,5.44,0.0,0.1496,0.0,27.18,0.0,0.0,0.0,979,13700000000
289080,SV인베스트먼트,-7.4,-5.64,0.0,-28.73,-24.83,-60.55,31.15,0.0,0.0,76.25,-29.16,-195.64,0.0,0.0,21073110564.0,0.2271,0.0,0.0,6.6198,0.0,0.0,0.0,0.0,0.0,2320,139500000000
289220,자이언트스텝,-32.84,-25.14,0.0,-51.73,-47.9,-189.97,30.63,289.5,289.5,76.55,-26.68,-9.86,0.0,0.0,36726021382.0,0.5249,0.0,0.0,0.6263,0.0,0.0,0.0,0.0,0.0,1031,23000000000
289930,웨이비스,3.51,1.63,0.0,1.54,4.41,6.27,115.47,287.67,287.67,46.41,38.48,112.91,0.0,0.0,40706149797.0,0.3689,1.62,0.0,2.1373,0.0,232.91,0.0,0.0,0.0,6620,87000000000
290090,트윔,-4.94,-4.48,0.0,-19.41,-14.74,-40.83,10.31,618.15,618.15,90.66,-28.14,-778.74,0.0,0.0,21040468279.0,0.3037,0.0,0.0,1.4876,0.0,0.0,0.0,0.0,0.0,4205,31300000000
290270,휴네시온,11.3,9.86,0.0,12.73,15.29,48.02,14.62,367.28,367.28,87.25,2.27,52.28,0.0,0.0,37730120046.0,0.6451,4.88,0.0,0.7315,0.0,7.3,0.0,0.0,0.0,2870,27600000000
290380,대유,1.28,1.03,0.0,8.4,2.92,28.28,23.54,208.31,208.31,80.95,-0.76,26.61,0.0,0.0,33680578831.0,0.3539,0.0,0.0,0.0,0.0,0.0,0.0,0.0,0.0,0,0
290520,신도기연,3.05,2.89,0.0,5.66,5.67,18.08,5.65,1544.32,1544.32,94.65,201.23,144.13,0.0,0.0,31923243012.0,0.5099,0.0,0.0,0.7581,0.0,15.24,0.0,0.0,0.0,1535,24200000000
290550,디케이티,11.43,7.25,0.0,5.07,5.44,215.74,57.62,164.75,164.75,63.44,5.56,-6.55,0.0,0.0,425776296391.0,1.3319,8.82,0.0,0.7751,0.0,20.71,0.0,0.0,0.0,16500,330000000000
290560,파라택시스이더리움,12.72,9.87,0.0,25.94,23.87,36.31,28.88,733.36,733.36,77.59,18.36,52.51,0.0,0.0,13997153284.0,0.4136,0.0,0.0,2.1647,0.0,10.43,0.0,0.0,0.0,1353,30300000000
290650,엘앤씨바이오,-66.29,-30.27,0.0,5.17,-161.74,44.16,118.98,58.53,58.53,45.67,18.66,14.13,0.0,0.0,85476414998.0,0.1872,0.0,0.0,16.7543,0.0,380.51,0.0,0.0,0.0,53100,1432100000000
290660,다이나믹솔루션,-23.14,-15.82,0.0,-18.08,-76.65,-29.02,46.29,227.74,227.74,68.36,-7.07,14.8,0.0,0.0,16052919041.0,0.2064,0.0,0.0,4.7966,0.0,0.0,0.0,0.0,0.0,1797,77000000000
290670,대보마그네틱,-197.49,-74.74,0.0,-39.94,-135.77,-104.43,164.24,115.58,115.58,37.84,-7.91,-6.6,0.0,0.0,26147290618.0,0.5505,0.0,0.0,1.5374,0.0,0.0,0.0,0.0,0.0,5110,40200000000
290690,아리바이오홀딩스,-8.49,-5.45,0.0,-17.55,-20.16,-67.17,55.77,42.7,42.7,64.2,-24.5,-1.49,0.0,0.0,38268314998.0,0.2703,15.09,0.0,5.7018,0.0,0.0,0.0,0.0,0.0,4120,218200000000
290720,푸드나무,5.8,2.35,0.0,-9.39,2.34,-81.53,146.91,90.44,90.44,40.5,-28.05,46.87,0.0,0.0,86805706183.0,1.0037,36.49,0.0,1.1866,0.0,0.0,0.0,0.0,0.0,2700,103000000000
290740,액트로,10.0,5.92,0.0,2.69,2.99,65.79,68.99,147.59,147.59,59.17,20.61,172.22,0.0,0.0,244938933154.0,1.9806,10.01,0.0,0.4858,0.0,25.76,0.0,0.0,0.0,11820,119000000000
291230,컴투스엔,-13.29,-8.09,0.0,0.0,0.0,-30.48,64.22,104.29,104.29,60.89,0.0,26.49,0.0,0.0,0.0,0.0,0.0,0.0,0.0,0.0,0.0,0.0,0.0,0.0,2515,60400000000
291650,츌립앤사이언스,-30.54,-20.97,0.0,-222.57,-245.98,-78.01,45.61,219.74,219.74,68.68,223.69,-10.63,0.0,0.0,3504924224.0,0.0853,0.0,0.0,15.1501,0.0,0.0,0.0,0.0,0.0,1740,53100000000
291810,핀텔,-21.9,-18.52,0.0,-56.01,-65.2,-32.33,18.2,376.37,376.37,84.61,-45.77,-111.5,0.0,0.0,5771786570.0,0.2841,0.0,0.0,2.5642,0.0,0.0,0.0,0.0,0.0,1300,14800000000
293480,하나제약,2.8,2.1,0.0,10.78,3.67,258.16,33.42,183.63,183.63,74.95,6.29,2.63,0.0,0.0,239503892657.0,0.5728,8.7,0.0,0.6346,0.0,9.94,0.0,0.0,0.0,8550,152000000000
293580,나우IB,5.54,3.41,0.0,25.04,19.84,73.01,62.31,0.0,0.0,61.61,-7.2,-18.97,0.0,0.0,29156196744.0,0.1719,0.0,0.0,4.7983,0.0,28.08,0.0,0.0,0.0,1474,139900000000
293780,압타바이오,-34.64,-27.23,0.0,-428.43,-442.04,-158.43,27.22,260.95,260.95,78.61,10.02,15.97,0.0,0.0,3697914750.0,0.0616,0.0,0.0,48.622,0.0,0.0,0.0,0.0,0.0,6400,179800000000
293940,신한알파리츠,1.39,0.36,0.0,61.66,13.65,510.86,286.38,9.41,9.41,25.88,20.72,13.31,0.0,0.0,82852115221.0,0.0263,59.35,0.0,8.0577,0.0,58.7,0.0,0.0,0.0,5520,667600000000
294090,이오플로우,29.44,-116.52,0.0,-606.0,-1155.04,-222.38,-125.27,3.55,3.55,-395.79,-29.99,68.36,0.0,0.0,3669588357.0,0.1009,1.28,0.0,16.9774,0.0,0.0,0.0,0.0,0.0,1490,62300000000
294140,레몬,-133.08,-47.28,0.0,-95.81,-162.25,-71.45,181.44,77.74,77.74,35.53,2.31,-13.71,0.0,0.0,7456806685.0,0.2914,0.0,0.0,7.8049,0.0,0.0,0.0,0.0,0.0,2335,58200000000
294570,쿠콘,12.6,6.85,0.0,27.15,30.93,188.6,83.88,123.47,123.47,54.38,-4.9,13.69,0.0,0.0,69459535152.0,0.2215,13.1,0.0,4.1333,0.0,22.81,0.0,0.0,0.0,28450,287100000000
294630,서남,-40.81,-23.95,0.0,-113.92,-117.38,-38.58,70.37,157.82,157.82,58.69,140.92,13.64,0.0,0.0,3386486863.0,0.2041,0.0,0.0,22.0287,0.0,0.0,0.0,0.0,0.0,2815,74600000000
294870,IPARK현대산업개발,4.92,2.08,0.0,6.0,3.81,2486.14,136.53,143.34,143.34,42.28,-2.57,34.65,0.0,0.0,4147006988796.0,0.5457,8.37,0.0,0.3719,0.0,23.85,0.0,0.0,0.0,23400,1542200000000
295310,에이치브이엠,13.99,7.28,0.0,8.77,18.96,58.37,92.29,284.15,284.15,52.01,47.39,185.98,0.0,0.0,66531544743.0,0.384,35.42,0.0,8.4847,0.0,110.95,0.0,0.0,0.0,45900,564500000000
296640,이노에이엑스,7.57,6.37,0.0,4.02,11.27,9.22,18.71,395.17,395.17,84.24,-3.26,-61.54,0.0,0.0,22932750118.0,0.5655,12.32,0.0,1.3867,0.0,41.44,0.0,0.0,0.0,6150,31800000000
297090,씨에스베어링,11.12,7.27,0.0,8.79,8.9,110.86,53.08,171.12,171.12,65.33,19.67,425.49,0.0,0.0,126148072662.0,0.8162,7.96,0.0,0.8688,0.0,14.72,0.0,0.0,0.0,4020,109600000000
297570,아틀라스링크,8.17,3.97,0.0,15.24,10.41,65.39,105.54,118.89,118.89,48.65,38.67,36.02,0.0,0.0,42912841922.0,0.3816,3.78,0.0,0.7014,0.0,13.43,0.0,0.0,0.0,869,30100000000
297890,HB솔루션,10.7,8.57,0.0,6.99,42.12,43.96,24.9,275.1,275.1,80.06,-52.22,-77.27,0.0,0.0,62848643582.0,0.2035,4.72,0.0,1.9905,0.0,42.46,0.0,0.0,0.0,1710,125100000000
298000,효성화학,51.5,12.57,0.0,-6.86,13.93,-1605.0,309.76,40.54,40.54,24.4,-4.55,8.19,0.0,0.0,2340718244068.0,0.9023,7.97,0.0,0.0939,0.0,0.0,0.0,0.0,0.0,58000,219900000000
298020,효성티앤씨,1.95,0.67,0.0,3.27,0.5,2515.03,193.27,77.09,77.09,34.1,-1.04,-7.1,0.0,0.0,7694843720869.0,1.3408,13.67,0.0,0.1999,0.0,21.16,0.0,0.0,0.0,355500,1538500000000
298040,효성중공업,20.2,6.96,0.0,12.52,8.42,7469.68,190.31,104.96,104.96,34.45,21.93,106.07,0.0,0.0,5968511616609.0,0.8258,47.22,0.0,4.6291,0.0,43.33,0.0,0.0,0.0,2963000,27628600000000
298050,HS효성첨단소재,1.89,0.4,0.0,4.8,0.48,1574.33,372.28,50.15,50.15,21.17,-0.85,-28.35,0.0,0.0,3283044948859.0,0.8411,21.71,0.0,0.2454,0.0,24.66,0.0,0.0,0.0,179800,805500000000
298060,풍전약품,0.56,0.39,0.0,-19.0,0.85,-45.29,44.15,227.67,227.67,69.37,2790.28,59.95,0.0,0.0,23839029791.0,0.4585,0.0,0.0,0.9984,0.0,0.0,0.0,0.0,0.0,2470,23800000000
298380,에이비엘바이오,-24.17,-13.48,0.0,-50.9,-47.73,-403.9,79.28,142.55,142.55,55.78,137.55,31.98,0.0,0.0,79349848373.0,0.2824,0.0,0.0,51.2956,0.0,0.0,0.0,0.0,0.0,72700,4070300000000
298540,더네이쳐홀딩스,0.26,0.15,0.0,1.46,0.21,69.68,72.11,102.05,102.05,58.1,-7.62,-76.85,0.0,0.0,477521854058.0,0.7065,0.0,0.0,0.2103,0.0,55.05,0.0,0.0,0.0,6930,100400000000
298690,에어부산,-13.7,-1.52,0.0,-0.54,-2.65,-45.21,801.0,50.75,50.75,11.1,-17.3,-103.09,0.0,0.0,832585465461.0,0.5732,0.0,0.0,0.301,0.0,0.0,0.0,0.0,0.0,1538,250600000000
298830,슈어소프트테크,7.9,5.38,0.0,0.0,0.0,126.0,46.84,170.77,170.77,68.1,0.0,59.69,0.0,0.0,0.0,0.0,20.63,0.0,0.0,0.0,23.35,0.0,0.0,0.0,4435,237100000000
299030,하나기술,-5.77,-2.2,0.0,-0.04,-6.19,-0.4,161.73,92.34,92.34,38.21,-0.41,99.85,0.0,0.0,93832555999.0,0.3564,55.52,0.0,1.3108,0.0,0.0,0.0,0.0,0.0,15380,123000000000
299170,더블유에스아이,-5.58,-4.02,0.0,7.57,-6.76,39.16,38.61,341.69,341.69,72.14,27.95,1.7,0.0,0.0,51706061278.0,0.5953,0.0,0.0,1.0038,0.0,19.43,0.0,0.0,0.0,1250,51900000000
299660,셀리드,-16.26,-10.89,0.0,-128.29,-136.5,-113.43,49.41,83.02,83.02,66.93,112.28,5.32,0.0,0.0,8841828282.0,0.0798,0.0,0.0,9.1384,0.0,0.0,0.0,0.0,0.0,2740,80800000000
299900,위지윅스튜디오,-31.6,-17.23,0.0,-9.37,-40.96,-95.57,83.44,70.9,70.9,54.51,26.81,19.12,0.0,0.0,101995172098.0,0.4205,0.0,0.0,0.0,0.0,0.0,0.0,0.0,0.0,0,0
300080,플리토,37.47,26.24,0.0,17.1,17.92,61.54,42.79,516.37,516.37,70.03,77.23,1652.64,0.0,0.0,35979641976.0,1.4641,26.36,0.0,4.1246,0.0,25.31,0.0,0.0,0.0,8990,148400000000
300120,라온피플,-46.44,-10.42,0.0,-7.23,-9.13,-161.92,345.83,73.8,73.8,22.43,1.63,0.35,0.0,0.0,223808325905.0,1.1409,0.0,0.0,0.1148,0.0,0.0,0.0,0.0,0.0,2600,25700000000
300720,한일시멘트,4.34,2.67,0.0,9.32,5.7,1327.39,62.39,117.11,117.11,61.58,-18.25,-51.09,0.0,0.0,1423859619115.0,0.4693,12.06,0.0,0.8786,0.0,18.21,0.0,0.0,0.0,17010,1251000000000
301300,바이브컴퍼니,-42.38,-28.16,0.0,-19.76,-96.94,-37.55,50.47,55.12,55.12,66.46,-27.83,37.33,0.0,0.0,19009260214.0,0.2905,0.0,0.0,1.2047,0.0,0.0,0.0,0.0,0.0,1741,22900000000
302430,이노메트리,-7.21,-5.58,0.0,-14.79,-11.14,-57.03,29.32,312.18,312.18,77.33,-27.23,21.09,0.0,0.0,38567691701.0,0.5009,0.0,0.0,2.0898,0.0,0.0,0.0,0.0,0.0,8200,80600000000
302550,리메드,-0.09,-0.07,0.0,2.96,-0.14,7.26,36.6,293.23,293.23,73.2,-4.11,-35.26,0.0,0.0,24504879379.0,0.4546,42.2,0.0,3.5136,0.0,138.52,0.0,0.0,0.0,2785,86100000000
303030,지니틱스,-107.11,-43.65,0.0,-23.51,-26.33,-85.53,145.39,142.14,142.14,40.75,-32.72,-3132.61,0.0,0.0,36380023074.0,1.6579,0.0,0.0,0.5168,0.0,0.0,0.0,0.0,0.0,2055,18800000000
303360,프로티아,14.57,13.54,0.0,24.61,29.57,37.21,7.6,1083.05,1083.05,92.93,43.8,147.77,0.0,0.0,15120258908.0,0.4577,12.51,0.0,4.5502,0.0,19.12,0.0,0.0,0.0,5340,68800000000
303530,이노뎁,-8.73,-4.34,0.0,-4.09,-4.26,-28.97,101.21,169.9,169.9,49.7,-18.48,-49.78,0.0,0.0,70744057088.0,1.0174,0.0,0.0,0.3025,0.0,0.0,0.0,0.0,0.0,2915,21400000000
303810,동국생명과학,6.59,3.98,0.0,10.01,6.64,130.45,65.67,171.76,171.76,60.36,-1.12,9.48,0.0,0.0,130343747512.0,0.5989,14.71,0.0,0.5631,0.0,12.24,0.0,0.0,0.0,2295,73400000000
304100,솔트룩스,-16.27,-11.27,0.0,-19.32,-28.82,-80.42,44.38,202.04,202.04,69.26,-9.38,-21.27,0.0,0.0,41635622271.0,0.3909,0.0,0.0,4.854,0.0,0.0,0.0,0.0,0.0,16050,202100000000
304360,에스바이오메딕스,0.0,0.0,0.0,-50.42,0.0,-83.44,146.45,160.97,160.97,40.58,20.49,-53.23,0.0,0.0,16547626709.0,0.4015,0.0,0.0,14.8481,0.0,0.0,0.0,0.0,0.0,19840,245700000000
304840,피플바이오,-59.19,-38.0,0.0,-293.89,-594.22,-83.77,55.75,31.08,31.08,64.21,12.64,2.83,0.0,0.0,2850535918.0,0.064,0.0,0.0,4.771,0.0,0.0,0.0,0.0,0.0,561,13600000000
305090,마이크로디지탈,-45.4,-20.16,0.0,-71.41,-102.36,-91.71,125.19,235.69,235.69,44.41,11.35,-3376.81,0.0,0.0,12842770689.0,0.197,0.0,0.0,2.2892,0.0,0.0,0.0,0.0,0.0,1567,29400000000
306040,에스제이그룹,-8.99,-4.97,0.0,-9.71,-6.55,-158.63,80.94,184.78,184.78,55.27,-10.11,-389.89,0.0,0.0,163414115546.0,0.7583,0.0,0.0,0.1083,0.0,0.0,0.0,0.0,0.0,1902,17700000000
306200,세아제강,2.67,1.64,0.0,3.34,2.02,496.01,62.94,213.86,213.86,61.37,-17.94,-75.55,0.0,0.0,1484796736010.0,0.8121,7.04,0.0,0.2655,0.0,22.19,0.0,0.0,0.0,139000,394200000000
306620,지아이에스,-8.47,-2.54,0.0,2.15,-4.81,16.32,233.21,80.51,80.51,30.01,-27.42,-55.0,0.0,0.0,75810672480.0,0.5282,0.0,0.0,1.2149,0.0,118.01,0.0,0.0,0.0,1921,92100000000
307180,아이엘,-46.71,-7.0,0.0,-8.27,-10.53,-85.02,567.13,37.95,37.95,14.99,23.61,-259.61,0.0,0.0,102864055822.0,0.6649,0.0,0.0,2.0172,0.0,0.0,0.0,0.0,0.0,5620,207500000000
307280,원바이오젠,15.15,13.56,0.0,22.49,18.33,79.26,11.73,600.09,600.09,89.5,15.78,23.72,0.0,0.0,35244285942.0,0.74,5.25,0.0,1.2456,0.0,6.17,0.0,0.0,0.0,6190,43900000000
307750,국전,-5.03,-2.69,0.0,-1.97,-3.68,-25.76,86.92,113.12,113.12,53.5,-3.98,-799.45,0.0,0.0,131039398700.0,0.7312,0.0,0.0,0.9287,0.0,0.0,0.0,0.0,0.0,2255,121700000000
307870,비투엔,-38.86,-26.8,0.0,-46.13,-83.53,-67.46,45.02,65.91,65.91,68.96,-41.73,-156.28,0.0,0.0,14624545174.0,0.3208,0.0,0.0,6.0583,0.0,0.0,0.0,0.0,0.0,1193,88600000000
307930,컴퍼니케이,8.83,8.28,0.0,45.23,33.52,97.7,6.7,0.0,0.0,93.72,43.32,199.55,0.0,0.0,21602359333.0,0.2469,9.77,0.0,4.5504,0.0,10.62,0.0,0.0,0.0,6300,98300000000
307950,현대오토에버,9.96,5.18,0.0,6.0,4.39,2553.02,92.31,173.94,173.94,52.0,14.5,13.75,0.0,0.0,4252067261000.0,1.1794,60.59,0.0,2.7185,0.0,52.05,0.0,0.0,0.0,421500,11559200000000
308080,바이젠셀,-37.33,-30.07,0.0,-75453.12,-71986.44,-171.08,24.14,2003.52,2003.52,80.55,-91.87,-11.6,0.0,0.0,22674300.0,0.0004,0.0,0.0,5468.7466,0.0,0.0,0.0,0.0,0.0,6050,124000000000
308100,형지글로벌,-58.63,-35.51,0.0,-21.45,-91.52,-80.85,65.11,269.28,269.28,60.56,-5.32,13.87,0.0,0.0,37683290800.0,0.388,0.0,0.0,0.2601,0.0,0.0,0.0,0.0,0.0,378,9800000000
308430,셀비온,-33.24,-21.52,0.0,-423.87,-389.37,-82.45,54.45,1109.96,1109.96,64.74,-15.05,-15.53,0.0,0.0,1945073476.0,0.0553,21.17,0.0,83.8529,0.0,0.0,0.0,0.0,0.0,12640,163100000000
309710,아이티켐,-21.95,-7.92,0.0,-2.99,-23.13,-18.51,177.3,66.48,66.48,36.06,26.2,-151.49,0.0,0.0,61966968775.0,0.3423,0.0,0.0,4.3313,0.0,0.0,0.0,0.0,0.0,21000,268400000000
309930,조이웍스앤코,-110.87,-37.71,0.0,-19.07,-45.07,-87.69,194.02,89.46,89.46,34.01,-2.73,-267.07,0.0,0.0,45980848660.0,0.8367,0.0,0.0,0.3762,0.0,0.0,0.0,0.0,0.0,900,17300000000
309960,LB인베스트먼트,9.79,9.16,0.0,36.59,47.07,96.65,6.9,934.7,934.7,93.55,-12.7,-10.94,0.0,0.0,26415002944.0,0.1946,7.9,0.0,3.8614,0.0,11.46,0.0,0.0,0.0,4395,102000000000
310200,애니플러스,10.96,5.18,0.0,15.09,9.34,226.84,111.74,89.8,89.8,47.23,14.75,-9.77,0.0,0.0,150299705151.0,0.5539,8.37,0.0,0.7152,0.0,11.05,0.0,0.0,0.0,2060,107500000000
310210,보로노이,-41.14,-24.94,0.0,-723.94,-568.49,-543.85,64.97,1877.88,1877.88,60.62,0.0,-49.66,0.0,0.0,7512306000.0,0.0439,0.0,0.0,406.8524,0.0,0.0,0.0,0.0,0.0,165000,3056400000000
310870,디와이씨,6.81,2.79,0.0,4.61,3.31,51.23,143.59,116.9,116.9,41.05,10.91,4.47,0.0,0.0,111038786425.0,0.8443,3.67,0.0,0.2585,0.0,20.74,0.0,0.0,0.0,1311,28700000000
311060,엘에이티,4.05,1.42,0.0,2.5,1.63,7.35,184.79,99.58,99.58,35.11,-27.94,25.12,0.0,0.0,29407048584.0,0.8705,0.0,0.0,0.0,0.0,0.0,0.0,0.0,0.0,0,0
311320,지오엘리먼트,7.72,6.23,0.0,8.11,8.76,44.29,23.91,371.59,371.59,80.71,21.99,-16.65,0.0,0.0,54623538260.0,0.7112,14.79,0.0,1.968,0.0,27.62,0.0,0.0,0.0,8520,107500000000
311390,네오크레마,3.54,2.84,0.0,6.6,6.31,54.09,24.26,428.13,428.13,80.47,103.27,883.05,0.0,0.0,81943689101.0,0.4506,13.8,0.0,0.3917,0.0,12.5,0.0,0.0,0.0,2540,32100000000
311690,CJ 바이오사이언스,-44.75,-33.18,0.0,-671.24,-650.1,-247.86,34.86,360.47,360.47,74.15,6.52,27.61,0.0,0.0,3692528456.0,0.051,0.0,0.0,14.4075,0.0,0.0,0.0,0.0,0.0,4070,53200000000
312610,에이에프더블류,-21.8,-15.22,0.0,-69.45,-74.85,-95.21,43.2,138.78,138.78,69.83,-12.93,-47.02,0.0,0.0,13707979371.0,0.2034,0.0,0.0,0.4669,0.0,0.0,0.0,0.0,0.0,315,6400000000
313760,캐리,-39.33,-15.95,0.0,-65.12,-112.23,-48.72,146.58,31.05,31.05,40.55,-8.47,-21.25,0.0,0.0,7481352962.0,0.1421,0.0,0.0,0.6951,0.0,0.0,0.0,0.0,0.0,468,5200000000
314130,지놈앤컴퍼니,-6.71,-5.3,0.0,-118.9,-31.26,-292.34,26.56,228.87,228.87,79.01,-11.38,-20.81,0.0,0.0,24586847088.0,0.1696,0.0,0.0,7.988,0.0,0.0,0.0,0.0,0.0,3755,196400000000
314140,알피바이오,4.37,3.0,0.0,3.73,3.44,50.87,45.76,129.67,129.67,68.6,9.88,833.33,0.0,0.0,136218902142.0,0.8718,8.09,0.0,0.3994,0.0,20.34,0.0,0.0,0.0,6280,54400000000
314930,바이오다인,1.93,1.89,0.0,9.28,12.12,6.52,1.98,2147.8,2147.8,98.06,33.32,137.71,0.0,0.0,7027675925.0,0.1564,180.49,0.0,31.3475,0.0,339.09,0.0,0.0,0.0,7400,220300000000
316140,우리금융지주,8.53,0.54,0.0,0.0,0.0,36748.08,1488.67,0.0,0.0,6.29,0.0,-13.64,0.0,0.0,0.0,0.0,8.02,0.0,0.0,0.0,160.14,0.0,0.0,0.0,33800,24903400000000
317120,라닉스,-36.47,-17.89,0.0,-81.04,-104.08,-60.52,103.88,69.45,69.45,49.05,-3.18,-11.68,0.0,0.0,7467703331.0,0.1719,0.0,0.0,2.9996,0.0,0.0,0.0,0.0,0.0,1470,22400000000
317240,TS트릴리온,-6.92,-3.6,0.0,0.1,-7.72,0.26,92.34,71.1,71.1,51.99,-12.29,-96.27,0.0,0.0,26033520171.0,0.4663,0.0,0.0,1.3291,0.0,2391.77,0.0,0.0,0.0,1186,34600000000
317330,덕산테코피아,-99.13,-16.32,0.0,-38.39,-94.18,-430.26,507.37,35.58,35.58,16.46,12.42,-42.38,0.0,0.0,112078954483.0,0.1733,0.0,0.0,2.4715,0.0,0.0,0.0,0.0,0.0,13530,277000000000
317400,자이에스앤디,5.33,3.12,0.0,0.9,2.68,125.06,70.96,243.27,243.27,58.49,-12.08,426.28,0.0,0.0,1387596056216.0,1.1661,12.63,0.0,0.3234,0.0,75.37,0.0,0.0,0.0,11570,448700000000
317450,명인제약,10.25,9.68,0.0,32.2,28.35,924.98,5.95,1392.92,1392.92,94.38,6.61,-0.28,0.0,0.0,287254358952.0,0.3413,7.17,0.0,2.3432,0.0,7.79,0.0,0.0,0.0,46100,673100000000
317530,에피소드컴퍼니,-29.73,-22.45,0.0,-62.57,-111.22,-35.56,32.4,324.44,324.44,75.53,0.1,1.52,0.0,0.0,5683497607.0,0.2019,0.0,0.0,9.0789,0.0,0.0,0.0,0.0,0.0,2950,51600000000
317690,퀀타매트릭스,-48.64,-36.95,0.0,-421.77,-527.63,-155.56,31.66,427.4,427.4,75.95,47.7,3.67,0.0,0.0,3688305345.0,0.07,0.0,0.0,13.0683,0.0,0.0,0.0,0.0,0.0,2395,48200000000
317770,엑스페릭스,-22.73,-16.83,0.0,-6.55,-95.08,-14.07,35.07,69.71,69.71,74.04,45.7,56.67,0.0,0.0,21486557890.0,0.177,245.0,0.0,4.1794,0.0,0.0,0.0,0.0,0.0,2450,89800000000
317830,에스피시스템스,-8.15,-5.35,0.0,-1.24,-8.59,-7.64,52.46,249.01,249.01,65.59,-13.27,72.68,0.0,0.0,61613225016.0,0.6228,0.0,0.0,0.818,0.0,0.0,0.0,0.0,0.0,4675,50400000000
317850,대모,3.93,2.92,0.0,4.69,4.65,19.1,34.66,187.76,187.76,74.26,-1.42,1535.36,0.0,0.0,40730717139.0,0.6285,20.94,0.0,1.1809,0.0,33.91,0.0,0.0,0.0,5780,48100000000
317860,노드메이슨,-183.37,-17.76,0.0,-8.08,-17.47,-17.08,932.35,38.18,38.18,9.69,-1.62,-798.13,0.0,0.0,21134187903.0,1.0167,0.0,0.0,0.0,0.0,0.0,0.0,0.0,0.0,0,0
317870,엔바이오니아,-31.59,-13.66,0.0,-43.57,-78.8,-62.22,131.17,56.4,56.4,43.26,0.38,-195.03,0.0,0.0,14278768705.0,0.1734,0.0,0.0,3.2916,0.0,0.0,0.0,0.0,0.0,5310,47000000000
318000,KBG,5.52,4.95,0.0,9.72,10.83,23.26,11.55,668.23,668.23,89.64,-3.99,-26.33,0.0,0.0,23920820499.0,0.4569,15.55,0.0,1.0326,0.0,12.95,0.0,0.0,0.0,2830,24700000000
318010,팜스빌,4.36,4.24,0.0,-5.29,22.8,-6.73,2.94,2175.6,2175.6,97.15,-23.9,-160.82,0.0,0.0,12728245936.0,0.1858,9.88,0.0,2.3177,0.0,0.0,0.0,0.0,0.0,3725,29500000000
318020,포인트모바일,5.5,3.0,0.0,3.45,3.27,30.07,83.16,322.68,322.68,54.6,12.82,313.57,0.0,0.0,87204429934.0,0.9178,2.33,0.0,0.3738,0.0,25.19,0.0,0.0,0.0,2650,32600000000
318060,그래피,-55.43,-29.4,0.0,-53.83,-56.84,-110.54,88.57,145.56,145.56,53.03,27.34,-20.54,0.0,0.0,20532799353.0,0.5172,0.0,0.0,9.4726,0.0,0.0,0.0,0.0,0.0,17390,194500000000
318160,셀바이오휴먼텍,14.74,9.83,0.0,18.25,17.03,93.17,49.92,229.3,229.3,66.7,79.69,130.81,0.0,0.0,51066196366.0,0.5773,5.98,0.0,1.2376,0.0,9.94,0.0,0.0,0.0,6770,63200000000
318410,비비씨,6.83,5.93,0.0,11.99,10.57,61.93,15.17,569.27,569.27,86.83,-14.86,8.09,0.0,0.0,51648442504.0,0.5605,3.65,0.0,0.7106,0.0,7.89,0.0,0.0,0.0,6600,36700000000
319400,현대무벡스,7.05,3.98,0.0,4.62,2.87,182.13,76.81,178.05,178.05,56.56,15.4,-25.88,0.0,0.0,393940640251.0,1.3899,149.68,0.0,6.6439,0.0,150.47,0.0,0.0,0.0,23500,2617300000000
319660,피에스케이,14.57,12.16,0.0,19.36,17.18,884.94,19.84,495.38,495.38,83.44,14.86,5.44,0.0,0.0,457213151918.0,0.7078,29.61,0.0,8.0903,0.0,43.01,0.0,0.0,0.0,127700,3699000000000
320000,한울반도체,-48.08,-16.84,0.0,-44.04,-191.26,-50.48,185.49,136.87,136.87,35.03,21.26,-14.79,0.0,0.0,11462850473.0,0.088,0.0,0.0,5.339,0.0,0.0,0.0,0.0,0.0,8850,61200000000
321260,프로이천,9.12,8.13,0.0,8.79,12.42,27.72,12.22,1269.71,1269.71,89.11,-12.47,135.48,0.0,0.0,31533846355.0,0.6546,5.02,0.0,1.5063,0.0,19.03,0.0,0.0,0.0,1686,47500000000
321370,센서뷰,-116.65,-41.58,0.0,-60.78,-79.92,-115.58,180.54,32.4,32.4,35.65,21.88,26.78,0.0,0.0,19015844360.0,0.5203,0.0,0.0,3.4445,0.0,0.0,0.0,0.0,0.0,1268,65500000000
321550,티움바이오,-49.77,-19.06,0.0,-131.39,-152.88,-161.47,161.11,110.78,110.78,38.3,80.92,13.65,0.0,0.0,12288796652.0,0.1247,0.0,0.0,10.3916,0.0,0.0,0.0,0.0,0.0,4250,127700000000
321820,아티스트컴퍼니,2.83,1.56,0.0,-8.49,2.4,-39.59,80.83,98.62,98.62,55.3,119.37,-25.75,0.0,0.0,46650140282.0,0.6511,0.0,0.0,0.8167,0.0,0.0,0.0,0.0,0.0,2445,38100000000
322000,HD현대에너지솔루션,9.98,7.86,0.0,8.37,8.46,412.23,26.96,404.1,404.1,78.76,16.64,1076.88,0.0,0.0,492659873672.0,0.9288,18.89,0.0,3.2351,0.0,41.4,0.0,0.0,0.0,142300,1593800000000
322180,LS티라유텍,-16.25,-10.23,0.0,-7.28,-19.36,-42.93,58.86,134.72,134.72,62.95,2.56,45.74,0.0,0.0,58940727170.0,0.5286,0.0,0.0,1.5202,0.0,0.0,0.0,0.0,0.0,4170,89600000000
322310,오로스테크놀로지,-10.12,-6.97,0.0,-16.06,-12.32,-83.71,45.22,216.9,216.9,68.86,-15.1,-237.61,0.0,0.0,52136517687.0,0.5657,0.0,0.0,2.3477,0.0,0.0,0.0,0.0,0.0,13070,122400000000
322510,제이엘케이,-32.89,-18.28,0.0,-395.33,-407.44,-132.02,79.95,206.19,206.19,55.57,133.94,-3.69,0.0,0.0,3339486486.0,0.0449,0.0,0.0,38.0597,0.0,0.0,0.0,0.0,0.0,4940,127100000000
322780,코퍼스코리아,-53.45,-20.31,0.0,-21.56,-41.32,-70.94,163.12,69.19,69.19,38.01,-21.35,75.84,0.0,0.0,32900432613.0,0.4915,0.0,0.0,0.5258,0.0,0.0,0.0,0.0,0.0,1925,17300000000
323280,태성,-1.98,-1.47,0.0,-6.62,-6.7,-25.06,34.7,177.25,177.25,74.24,-36.06,-141.51,0.0,0.0,37859245040.0,0.2194,597.56,0.0,39.5254,0.0,0.0,0.0,0.0,0.0,49000,1496400000000
323350,다원넥스뷰,18.48,10.75,0.0,14.96,12.91,40.3,71.93,197.15,197.15,58.16,44.03,215.03,0.0,0.0,26936831479.0,0.8325,11.75,0.0,2.1977,0.0,18.05,0.0,0.0,0.0,7390,59200000000
323410,카카오뱅크,7.12,0.63,0.0,21.04,15.56,6493.71,1032.02,0.0,0.0,8.83,4.78,7.0,0.0,0.0,3086291000000.0,0.0404,19.67,0.0,3.3779,0.0,123.33,0.0,0.0,0.0,21850,10425100000000
323990,박셀바이오,-21.82,-19.94,0.0,-219.64,-189.05,-154.98,9.44,852.9,852.9,91.37,271.59,-3.06,0.0,0.0,7056291555.0,0.1055,0.0,0.0,13.1939,0.0,0.0,0.0,0.0,0.0,4005,93100000000
326030,에스케이바이오팜,30.65,21.13,0.0,28.86,35.83,2039.38,45.03,231.45,231.45,68.95,29.06,111.69,0.0,0.0,706740960308.0,0.5898,17.05,0.0,9.6736,0.0,35.35,0.0,0.0,0.0,87300,6836700000000
327260,RF머트리얼즈,12.01,8.09,0.0,11.5,16.19,73.7,48.39,272.06,272.06,67.39,44.02,607.26,0.0,0.0,64084381231.0,0.4999,53.11,0.0,10.3161,0.0,95.37,0.0,0.0,0.0,36750,661100000000
328130,루닛,-34.48,-12.81,0.0,-99.97,-57.01,-831.04,169.16,26.21,26.21,37.15,53.43,-22.31,0.0,0.0,83129295404.0,0.2247,0.0,0.0,8.1415,0.0,0.0,0.0,0.0,0.0,9090,676800000000
328380,솔트웨어,3.59,2.18,0.0,0.89,1.32,5.66,64.6,162.96,162.96,60.75,10.03,133.12,0.0,0.0,63674240726.0,1.6562,99.76,0.0,0.4507,0.0,77.34,0.0,0.0,0.0,4190,28700000000
329180,HD현대중공업,15.15,5.41,0.0,11.59,8.05,20375.1,180.07,97.7,97.7,35.71,21.36,188.92,0.0,0.0,17580633257000.0,0.672,17.54,0.0,2.6836,0.0,31.41,0.0,0.0,0.0,449500,47180100000000
330350,위더스제약,5.07,3.64,0.0,5.32,4.67,56.63,39.42,206.16,206.16,71.72,3.62,0.04,0.0,0.0,106444236309.0,0.779,13.03,0.0,0.9742,0.0,25.14,0.0,0.0,0.0,7860,103700000000
330590,롯데리츠,1.72,0.76,0.0,65.26,27.69,462.55,127.68,9.41,9.41,43.92,1.32,2.28,0.0,0.0,70879702538.0,0.0273,29.81,0.0,16.0427,0.0,56.04,0.0,0.0,0.0,3935,1137100000000
330730,스톤브릿지벤처스,11.84,10.81,0.0,52.69,43.49,134.61,9.56,642.27,642.27,91.27,80.24,298.98,0.0,0.0,25549170407.0,0.2485,3.62,0.0,3.4561,0.0,7.23,0.0,0.0,0.0,4845,88300000000
330860,네패스아크,2.03,1.17,0.0,4.17,2.99,47.56,72.89,283.73,283.73,57.84,-4.34,280.56,0.0,0.0,114089898549.0,0.3913,20.86,0.0,2.7338,0.0,91.43,0.0,0.0,0.0,25600,311900000000
331380,포커스에이아이,-48.53,-21.99,0.0,-22.52,-22.65,-102.03,120.69,115.96,115.96,45.31,-22.13,-100.51,0.0,0.0,45308322646.0,0.9709,0.0,0.0,1.6112,0.0,0.0,0.0,0.0,0.0,1997,73000000000
331520,밸로프,5.59,3.21,0.0,7.61,4.79,28.78,74.09,218.3,218.3,57.44,6.31,1579.6,0.0,0.0,37833534051.0,0.6709,5.59,0.0,0.6529,0.0,16.92,0.0,0.0,0.0,2525,24700000000
331740,아우토크립트,-40.96,-18.13,0.0,-53.06,-49.15,-135.2,125.93,87.04,87.04,44.26,9.45,25.07,0.0,0.0,25479479430.0,0.3688,0.0,0.0,2.4726,0.0,0.0,0.0,0.0,0.0,6460,63000000000
331920,셀레믹스,-17.54,-16.54,0.0,-57.63,-69.98,-33.24,6.05,658.12,658.12,94.3,-14.16,-74.66,0.0,0.0,5767635388.0,0.2363,0.0,0.0,25.331,0.0,0.0,0.0,0.0,0.0,13070,146100000000
332370,아이디피,14.89,13.86,0.0,22.16,21.02,108.76,7.42,1352.71,1352.71,93.09,5.5,-1.86,0.0,0.0,49083311500.0,0.6597,7.4,0.0,1.4608,0.0,7.06,0.0,0.0,0.0,5400,71700000000
332570,PS일렉트로닉스,12.29,7.07,0.0,3.12,13.06,39.09,73.92,232.06,232.06,57.5,2.74,-63.71,0.0,0.0,125476577087.0,0.5411,10.23,0.0,2.8181,0.0,115.68,0.0,0.0,0.0,7570,353600000000
333050,이노테나,9.32,6.77,0.0,6.57,7.17,19.69,37.75,356.58,356.58,72.6,7.11,-3.08,0.0,0.0,29954275384.0,0.9436,12.93,0.0,0.8213,0.0,16.91,0.0,0.0,0.0,4990,24600000000
333430,일승,15.06,10.6,0.0,21.44,27.01,108.63,42.11,366.14,366.14,70.37,-2.16,57.12,0.0,0.0,50673752132.0,0.3924,8.8,0.0,2.2832,0.0,14.17,0.0,0.0,0.0,3765,115700000000
333620,엔시스,-13.32,-8.05,0.0,-12.51,-14.0,-61.07,65.43,158.38,158.38,60.45,-22.36,-158.44,0.0,0.0,48836076321.0,0.5752,0.0,0.0,1.1795,0.0,0.0,0.0,0.0,0.0,5240,57600000000
334890,이지스밸류플러스리츠,3.27,2.15,0.0,76.3,56.95,166.25,52.18,12.04,12.04,65.71,31.82,852.72,0.0,0.0,21788441864.0,0.0377,10.59,0.0,12.8279,0.0,28.74,0.0,0.0,0.0,4025,279500000000
334970,프레스티지바이오로직스,-20.32,-10.16,0.0,-268.74,-219.17,-336.82,99.91,39.88,39.88,50.02,477.83,-0.75,0.0,0.0,12533271503.0,0.0464,0.0,0.0,11.1144,0.0,0.0,0.0,0.0,0.0,1791,139300000000
335810,프리시젼바이오,-30.59,-18.88,0.0,-27.01,-50.3,-53.81,61.98,128.35,128.35,61.74,4.14,-0.29,0.0,0.0,19925825433.0,0.3754,0.0,0.0,1.7364,0.0,0.0,0.0,0.0,0.0,1577,34600000000
335870,윙스풋,-5.62,-3.25,0.0,-6.66,-4.22,-27.96,72.75,187.55,187.55,57.89,-9.76,-247.9,0.0,0.0,41955687748.0,0.7703,0.0,0.0,0.3837,0.0,0.0,0.0,0.0,0.0,4800,16100000000
335890,비올메디컬,21.38,19.13,0.0,47.57,39.63,286.11,11.72,1199.39,1199.39,89.51,3.35,-20.66,0.0,0.0,60142394560.0,0.4828,0.0,0.0,0.0,0.0,0.0,0.0,0.0,0.0,0,0
336060,웨이버스,6.4,4.82,0.0,2.84,3.91,19.92,32.75,252.97,252.97,75.33,24.55,18.71,0.0,0.0,70202813590.0,1.2343,16.07,0.0,0.4216,0.0,21.91,0.0,0.0,0.0,3070,29600000000
336260,두산퓨얼셀,-36.14,-11.08,0.0,-23.24,-29.2,-1056.73,226.12,122.99,122.99,30.66,10.45,-6011.68,0.0,0.0,454794706613.0,0.3795,0.0,0.0,6.5018,0.0,0.0,0.0,0.0,0.0,45150,2957000000000
336370,솔루스첨단소재,-14.64,-6.41,0.0,-11.9,-22.46,-733.36,128.47,41.28,41.28,43.77,7.91,-34.76,0.0,0.0,616083220023.0,0.2852,17.72,0.0,0.9129,0.0,0.0,0.0,0.0,0.0,8010,562400000000
336570,원텍,22.38,16.21,0.0,32.95,22.46,516.85,38.04,309.13,309.13,72.44,36.08,48.57,0.0,0.0,156838102870.0,0.7219,12.85,0.0,2.8749,0.0,9.88,0.0,0.0,0.0,5050,450900000000
336680,탑런토탈솔루션,3.13,1.09,0.0,1.62,1.1,89.01,187.27,91.32,91.32,34.81,5.86,-65.82,0.0,0.0,550111118017.0,0.9875,45.17,0.0,0.1929,0.0,52.72,0.0,0.0,0.0,2710,106100000000
337930,젝시믹스,10.23,6.98,0.0,6.33,4.46,173.49,46.66,291.36,291.36,68.19,0.92,-30.32,0.0,0.0,274097320763.0,1.5628,7.79,0.0,0.3024,0.0,7.99,0.0,0.0,0.0,2795,82900000000
338100,NH프라임리츠,0.13,0.13,0.0,-5.04,3.63,-2.01,0.27,21460.32,21460.32,99.73,-64.12,-101.89,0.0,0.0,3979315609.0,0.0362,6.81,0.0,18.0684,0.0,0.0,0.0,0.0,0.0,3855,71900000000
338220,뷰노,-16.0,-11.47,0.0,-14.16,-16.58,-49.33,39.53,305.31,305.31,71.67,34.71,60.37,0.0,0.0,34847834702.0,0.6916,0.0,0.0,2.2469,0.0,0.0,0.0,0.0,0.0,5590,78300000000
338840,와이바이오로직스,-158.0,-75.32,0.0,-318.2,-1442.67,-92.69,109.79,3616.13,3616.13,47.67,-49.45,-9.73,0.0,0.0,2912981882.0,0.0522,0.0,0.0,46.2756,0.0,0.0,0.0,0.0,0.0,8750,134800000000
339770,교촌에프앤비,9.13,4.56,0.0,6.77,3.33,350.38,100.13,77.47,77.47,49.97,7.6,126.97,0.0,0.0,517353492006.0,1.3704,12.77,0.0,0.37,0.0,10.85,0.0,0.0,0.0,3830,191400000000
339950,아이비김영,28.37,16.65,0.0,15.96,16.84,190.67,70.37,109.52,109.52,58.69,11.6,15.63,0.0,0.0,119488397139.0,0.9889,5.57,0.0,0.9666,0.0,8.67,0.0,0.0,0.0,2570,115500000000
340360,다보링크,-33.05,-12.31,0.0,-3.01,-7.93,-19.01,168.37,115.94,115.94,37.26,-4.13,-15.12,0.0,0.0,63202011258.0,1.5533,0.0,0.0,0.7516,0.0,0.0,0.0,0.0,0.0,913,47500000000
340440,세림B&G,5.2,3.65,0.0,1.9,3.89,9.14,42.58,258.96,258.96,70.14,-13.41,-70.35,0.0,0.0,47989768658.0,0.9362,7.89,0.0,0.4438,0.0,40.07,0.0,0.0,0.0,750,21300000000
340570,티앤엘,18.93,17.54,0.0,28.24,23.19,463.51,7.91,830.2,830.2,92.67,-6.14,-18.62,0.0,0.0,164157781834.0,0.7562,10.05,0.0,3.108,0.0,11.35,0.0,0.0,0.0,31750,510200000000
340810,시선AI,-99.63,-43.6,0.0,-80.68,-109.78,-112.71,128.52,106.53,106.53,43.76,-3.3,-7.96,0.0,0.0,13970253305.0,0.3972,0.0,0.0,3.7365,0.0,0.0,0.0,0.0,0.0,3740,52200000000
340930,성원에너텍,-49.49,-14.14,0.0,-4.52,-41.39,-27.13,250.09,69.17,69.17,28.56,0.55,83.78,0.0,0.0,60014953095.0,0.3415,0.0,0.0,0.9248,0.0,0.0,0.0,0.0,0.0,806,55500000000
341170,퓨쳐메디신,46.1,-242.01,0.0,0.0,0.0,-16.26,-119.05,7.53,7.53,-524.95,0.0,59.9,0.0,0.0,0.0,0.0,0.0,0.0,0.0,0.0,0.0,0.0,0.0,0.0,0,0
342870,오아,0.0,0.0,0.0,7.91,0.0,81.7,81.92,172.99,172.99,54.97,6.57,-13.67,0.0,0.0,103261149773.0,1.3218,0.0,0.0,0.1937,0.0,6.75,0.0,0.0,0.0,3670,20000000000
344820,케이씨씨글라스,-6.06,-3.62,0.0,-3.96,-4.4,-752.07,67.75,242.86,242.86,59.61,-0.14,-231.53,0.0,0.0,1900606191952.0,0.8215,0.0,0.0,0.2122,0.0,0.0,0.0,0.0,0.0,25250,403300000000
344860,이노진,2.04,1.92,0.0,0.05,3.5,0.04,6.66,1417.51,1417.51,93.75,-8.17,-99.29,0.0,0.0,8213447247.0,0.5465,0.0,0.0,2.3133,0.0,4438.42,0.0,0.0,0.0,1316,19000000000
347000,센코,8.16,6.61,0.0,6.82,12.84,25.05,23.43,425.17,425.17,81.02,2.41,-7.85,0.0,0.0,36725295188.0,0.5149,9.48,0.0,1.9333,0.0,33.75,0.0,0.0,0.0,1877,71000000000
347700,스피어,0.27,0.18,0.0,9.47,0.18,90.52,49.85,245.28,245.28,66.73,11.95,-40.36,0.0,0.0,95638566409.0,1.003,4200.0,0.0,11.3197,0.0,123.1,0.0,0.0,0.0,21000,1082600000000
347740,피엔케이피부임상연구센타,5.72,5.32,0.0,17.29,20.21,39.4,7.51,907.63,907.63,93.02,27.66,52.59,0.0,0.0,22783129250.0,0.2633,11.74,0.0,2.4141,0.0,15.49,0.0,0.0,0.0,1832,55000000000
347770,핌스,-18.35,-10.29,0.0,-9.65,-13.14,-61.14,78.26,74.49,74.49,56.1,4.39,-25.49,0.0,0.0,63383012048.0,0.7834,0.0,0.0,0.3487,0.0,0.0,0.0,0.0,0.0,974,22100000000
347850,디앤디파마텍,-30.36,-24.58,0.0,-790.97,-557.98,-339.93,23.5,940.97,940.97,80.97,-62.42,-35.88,0.0,0.0,4297604947.0,0.0441,0.0,0.0,570.6202,0.0,0.0,0.0,0.0,0.0,53500,2452300000000
347860,알체라,-11.44,-7.05,0.0,0.0,0.0,-102.49,62.33,204.17,204.17,61.6,0.0,1.75,0.0,0.0,0.0,0.0,0.0,0.0,0.0,0.0,0.0,0.0,0.0,0.0,1362,57400000000
347890,엠엑스온,-2.33,-1.45,0.0,-9.36,-4.56,-58.26,60.61,191.56,191.56,62.26,69.2,-203.31,0.0,0.0,62254825120.0,0.3181,33.26,0.0,1.2545,0.0,0.0,0.0,0.0,0.0,4590,78100000000
348030,모비릭스,-23.32,-21.78,0.0,-22.48,-28.61,-89.23,7.07,1294.86,1294.86,93.4,-28.98,4.99,0.0,0.0,39684702560.0,0.7614,0.0,0.0,0.8542,0.0,0.0,0.0,0.0,0.0,3530,33900000000
348080,큐라티스,-67.04,-54.22,0.0,-420.64,-1207.72,-103.35,23.66,122.54,122.54,80.87,557.29,47.59,0.0,0.0,2456943982.0,0.0449,0.0,0.0,14.3674,0.0,0.0,0.0,0.0,0.0,2750,35300000000
348150,고바이오랩,-14.15,-7.64,0.0,-13.93,-10.06,-96.51,85.22,449.51,449.51,53.99,1.36,-39.77,0.0,0.0,69291602991.0,0.7593,0.0,0.0,0.8226,0.0,0.0,0.0,0.0,0.0,2935,57000000000
348210,넥스틴,-1.76,-1.19,0.0,-1.73,-3.95,-11.61,48.45,192.96,192.96,67.36,-41.16,-102.47,0.0,0.0,66914327141.0,0.3002,0.0,0.0,4.9317,0.0,0.0,0.0,0.0,0.0,31500,330000000000
348340,뉴로메카,-158.27,-24.07,0.0,-78.38,-116.02,-148.57,557.63,55.08,55.08,15.21,-24.99,21.87,0.0,0.0,18954203205.0,0.2074,0.0,0.0,22.8709,0.0,0.0,0.0,0.0,0.0,18520,433500000000
348350,위드텍,5.09,4.16,0.0,8.87,11.15,51.29,22.61,375.41,375.41,81.56,32.54,430.94,0.0,0.0,57807030055.0,0.3727,6.92,0.0,1.6503,0.0,24.18,0.0,0.0,0.0,9760,95400000000
348370,엔켐,-14.67,-6.37,0.0,-25.06,-22.56,-783.87,130.25,61.29,61.29,43.43,-14.47,-55.52,0.0,0.0,312794042228.0,0.2824,0.0,0.0,1.5307,0.0,0.0,0.0,0.0,0.0,21850,478800000000
348950,제이알글로벌리츠,1.36,0.59,0.0,75.58,22.47,545.42,131.38,31.97,31.97,43.22,-3.51,-14.65,0.0,0.0,72166270260.0,0.0262,5.52,0.0,3.2328,0.0,32.91,0.0,0.0,0.0,1182,233300000000
350520,이지스레지던스리츠,3.75,2.88,0.0,86.71,72.39,143.18,30.37,20.7,20.7,76.7,37.67,130.43,0.0,0.0,16512932058.0,0.0398,4.98,0.0,7.4427,0.0,15.34,0.0,0.0,0.0,3335,122900000000
351020,미쥬,7.95,3.14,0.0,3.01,1.92,10.59,153.18,124.02,124.02,39.5,14.16,-28.25,0.0,0.0,35180813724.0,1.6379,0.0,0.0,0.0,0.0,0.0,0.0,0.0,0.0,0,0
351320,넥사다이내믹스,-66.9,-24.44,0.0,-72.73,-109.41,-94.64,173.77,76.14,76.14,36.53,52.55,-48.51,0.0,0.0,13012868322.0,0.2234,0.0,0.0,6.7011,0.0,0.0,0.0,0.0,0.0,2935,87200000000
351330,이삭엔지니어링,-25.74,-11.48,0.0,-9.09,-11.28,-71.82,124.12,165.53,165.53,44.62,15.39,-58.08,0.0,0.0,78986196809.0,1.0182,0.0,0.0,0.3785,0.0,0.0,0.0,0.0,0.0,3610,29900000000
351870,차이커뮤니케이션,4.31,1.48,0.0,6.67,3.79,44.35,191.34,128.92,128.92,34.32,13.09,25.04,0.0,0.0,66474697200.0,0.3901,24.86,0.0,0.4513,0.0,32.0,0.0,0.0,0.0,2685,30000000000
352090,스톰테크,10.88,7.68,0.0,17.13,14.65,119.39,41.66,312.64,312.64,70.59,4.13,-3.9,0.0,0.0,69679394350.0,0.5243,9.01,0.0,1.4179,0.0,11.55,0.0,0.0,0.0,3675,98800000000
352480,씨앤씨인터내셔널,4.03,3.26,0.0,7.69,4.95,221.71,23.53,321.16,321.16,80.95,1.98,-23.45,0.0,0.0,288477800460.0,0.6589,17.14,0.0,1.075,0.0,17.75,0.0,0.0,0.0,22750,310100000000
352700,씨앤투스,-5.22,-4.85,0.0,-8.56,-11.67,-57.51,7.61,902.07,902.07,92.93,-7.96,-510.22,0.0,0.0,67177456978.0,0.4159,0.0,0.0,0.5552,0.0,0.0,0.0,0.0,0.0,1420,37300000000
352770,셀레스트라,189.14,-63.97,0.0,-386.5,-586.29,-77.6,-395.68,21.91,21.91,-33.82,-76.38,72.97,0.0,0.0,2007745450.0,0.1091,0.0,0.0,6.7738,0.0,0.0,0.0,0.0,0.0,5250,13600000000
352820,하이브,-7.16,-4.64,0.0,1.86,-9.6,493.18,54.46,321.91,321.91,64.74,17.48,-73.2,0.0,0.0,2649870246000.0,0.4831,0.0,0.0,2.9184,0.0,196.02,0.0,0.0,0.0,179400,7733400000000
352910,오비고,-8.38,-5.92,0.0,-11.11,-8.9,-37.24,41.48,243.63,243.63,70.68,132.54,-38.24,0.0,0.0,33534744897.0,0.6654,0.0,0.0,1.7534,0.0,0.0,0.0,0.0,0.0,4650,58800000000
352940,인바이오,2.38,1.46,0.0,2.7,2.97,9.17,63.23,167.58,167.58,61.26,-4.77,-34.72,0.0,0.0,33952962076.0,0.4911,37.74,0.0,0.6391,0.0,52.85,0.0,0.0,0.0,2000,21700000000
353190,휴럼,2.07,0.97,0.0,1.89,0.97,18.75,113.82,165.14,165.14,46.77,0.86,78.62,0.0,0.0,99011416963.0,1.0002,0.0,0.0,0.2171,0.0,39.57,0.0,0.0,0.0,2725,21500000000
353200,대덕전자,5.31,4.04,0.0,4.61,4.47,490.61,31.28,237.17,237.17,76.17,19.41,335.73,0.0,0.0,1065294559811.0,0.9043,38.18,0.0,5.2279,0.0,119.24,0.0,0.0,0.0,112700,5569300000000
353590,오토앤,-27.9,-9.47,0.0,1.27,-8.78,7.52,194.74,127.47,127.47,33.93,3.29,122.77,0.0,0.0,59111769968.0,1.0785,0.0,0.0,0.3603,0.0,76.47,0.0,0.0,0.0,1655,21300000000
353810,이지바이오,25.78,8.94,0.0,9.43,6.14,449.9,188.38,134.9,134.9,34.68,24.1,38.89,0.0,0.0,476938919229.0,1.4564,6.76,0.0,0.4736,0.0,9.78,0.0,0.0,0.0,6830,225900000000
354200,엔젠바이오,-29.91,-9.34,0.0,-38.97,-31.82,-82.76,220.19,50.83,50.83,31.23,278.54,34.27,0.0,0.0,21239519701.0,0.2936,0.0,0.0,0.7769,0.0,0.0,0.0,0.0,0.0,1846,16500000000
354320,알멕,-3.8,-1.79,0.0,3.31,-3.26,62.21,112.69,109.42,109.42,47.02,19.74,326.79,0.0,0.0,187825356603.0,0.548,0.0,0.0,1.0142,0.0,59.82,0.0,0.0,0.0,29800,190500000000
355150,코스텍시스,-2.52,-1.0,0.0,1.21,-3.7,1.84,151.1,100.53,100.53,39.82,7.08,109.73,0.0,0.0,15220234978.0,0.2718,78.41,0.0,10.8868,0.0,1081.68,0.0,0.0,0.0,21250,165700000000
355390,크라우드웍스,-129.04,-53.4,0.0,-127.49,-206.95,-133.66,141.66,116.91,116.91,41.38,-12.73,-13.99,0.0,0.0,10484246161.0,0.258,0.0,0.0,1.8504,0.0,0.0,0.0,0.0,0.0,1219,19400000000
355690,에이텀,-59.92,-11.62,0.0,-9.29,-12.02,-65.41,415.84,68.16,68.16,19.39,244.55,-150.5,0.0,0.0,70426120972.0,0.9666,0.0,0.0,0.6006,0.0,0.0,0.0,0.0,0.0,4420,42300000000
356680,엑스게이트,8.02,5.67,0.0,7.8,8.05,37.53,41.54,235.9,235.9,70.65,11.38,7.69,0.0,0.0,48135693935.0,0.7044,57.61,0.0,7.0031,0.0,95.16,0.0,0.0,0.0,11810,337100000000
356860,티엘비,15.04,7.7,0.0,0.0,0.0,259.63,95.41,100.66,100.66,51.18,0.0,673.16,0.0,0.0,0.0,0.0,27.34,0.0,0.0,0.0,42.98,0.0,0.0,0.0,42000,995500000000
356890,싸이버원,-2.67,-2.42,0.0,1.23,-3.76,4.14,10.3,748.98,748.98,90.66,-29.52,-96.34,0.0,0.0,33726070959.0,0.6429,0.0,0.0,0.8273,0.0,79.16,0.0,0.0,0.0,2330,27900000000
357120,코람코라이프인프라리츠,1.39,0.52,0.0,62.66,17.31,241.58,168.1,106.87,106.87,37.3,10.6,-5.28,0.0,0.0,38554129732.0,0.0299,23.39,0.0,10.6292,0.0,50.4,0.0,0.0,0.0,4210,409800000000
357230,에이치피오,4.69,3.5,0.0,5.25,3.49,135.46,33.77,383.06,383.06,74.76,6.32,69.48,0.0,0.0,258188615006.0,1.0043,10.05,0.0,0.3486,0.0,11.44,0.0,0.0,0.0,2180,90000000000
357250,미래에셋맵스리츠,0.27,0.09,0.0,59.08,3.77,40.89,213.23,532.34,532.34,31.93,-0.95,-13.71,0.0,0.0,6921621130.0,0.023,52.5,0.0,6.8192,0.0,61.65,0.0,0.0,0.0,1890,47200000000
357430,마스턴프리미어리츠,1.96,1.28,0.0,66.94,48.14,27.64,52.67,86.62,86.62,65.5,28.15,125.33,0.0,0.0,4128904816.0,0.0267,0.0,0.0,6.8057,0.0,29.5,0.0,0.0,0.0,922,28100000000
357550,석경에이티,8.62,7.0,0.0,22.21,21.65,38.98,23.19,996.68,996.68,81.17,27.0,93.04,0.0,0.0,17546662983.0,0.3233,41.61,0.0,10.7086,0.0,50.83,0.0,0.0,0.0,34450,187900000000
357580,아모센스,1.15,0.36,0.0,4.36,0.41,53.22,217.08,129.02,129.02,31.54,-8.96,-25.71,0.0,0.0,122140313384.0,0.8907,115.23,0.0,0.4896,0.0,28.88,0.0,0.0,0.0,5070,59800000000
357780,솔브레인,7.56,5.81,0.0,14.47,9.1,1336.42,30.15,395.81,395.81,76.83,6.95,-20.43,0.0,0.0,923381966875.0,0.6382,20.87,0.0,2.8853,0.0,22.44,0.0,0.0,0.0,342500,2664200000000
357880,SKAI,-113.81,-39.17,0.0,0.0,0.0,-43.91,190.54,106.36,106.36,34.42,0.0,63.6,0.0,0.0,0.0,0.0,0.0,0.0,0.0,0.0,0.0,0.0,0.0,0.0,1890,102400000000
358570,지아이이노베이션,-30.16,-27.57,0.0,0.0,0.0,-406.55,9.41,569.17,569.17,91.4,0.0,15.76,0.0,0.0,0.0,0.0,0.0,0.0,0.0,0.0,0.0,0.0,0.0,0.0,8180,527700000000
359090,씨엔알리서치,2.13,1.21,0.0,2.13,1.57,13.85,76.88,118.6,118.6,56.53,8.87,-61.86,0.0,0.0,64982070922.0,0.7673,13.74,0.0,0.3524,0.0,43.13,0.0,0.0,0.0,1993,22900000000
360070,탑머티리얼,-28.08,-16.37,0.0,-152.19,-132.7,-352.03,71.57,195.62,195.62,58.29,-78.19,-388.22,0.0,0.0,23130641417.0,0.1233,0.0,0.0,3.2079,0.0,0.0,0.0,0.0,0.0,9060,74200000000
360350,코셈,-4.74,-3.76,0.0,-11.42,-6.5,-15.29,26.06,482.06,482.06,79.33,-9.1,-546.7,0.0,0.0,13390488732.0,0.5787,0.0,0.0,2.2105,0.0,0.0,0.0,0.0,0.0,5440,29600000000
361390,제노코,-4.1,-2.42,0.0,-3.5,-3.56,-20.86,69.25,331.4,331.4,59.08,4.93,3.91,0.0,0.0,59631313389.0,0.6805,0.0,0.0,2.0929,0.0,0.0,0.0,0.0,0.0,12820,124800000000
361570,알비더블유,-5.66,-2.1,0.0,0.36,-8.22,1.69,168.93,38.68,38.68,37.18,-25.66,101.39,0.0,0.0,46476881443.0,0.2559,11.68,0.0,0.9897,0.0,946.21,0.0,0.0,0.0,1600,46000000000
361610,SK아이이테크놀로지,-8.13,-4.81,0.0,-94.08,-80.73,-2463.64,68.82,89.21,89.21,59.23,20.2,15.34,0.0,0.0,261874278000.0,0.0596,0.0,0.0,5.0562,0.0,0.0,0.0,0.0,0.0,16190,1324100000000
361670,삼영에스앤씨,-5.95,-5.17,0.0,-15.47,-10.29,-16.98,15.03,871.49,871.49,86.93,-11.44,45.58,0.0,0.0,10975623854.0,0.5028,0.0,0.0,1.8678,0.0,0.0,0.0,0.0,0.0,3610,20500000000
362320,청담글로벌,2.63,1.48,0.0,2.47,1.41,53.69,76.98,223.41,223.41,56.5,-7.21,-21.82,0.0,0.0,217385486725.0,1.0484,17.88,0.0,0.4646,0.0,35.61,0.0,0.0,0.0,4880,101000000000
362990,드림인사이트,-1.23,-0.84,0.0,-5.8,-2.04,-11.61,47.07,236.96,236.96,68.0,10.48,-162.5,0.0,0.0,20018320351.0,0.4108,0.0,0.0,1.039,0.0,0.0,0.0,0.0,0.0,1237,20800000000
363250,진시스템,-189.34,-101.9,0.0,-2541.03,-3846.55,-96.9,85.81,108.23,108.23,53.82,-68.42,4.21,0.0,0.0,381356664.0,0.0265,0.0,0.0,90.2043,0.0,0.0,0.0,0.0,0.0,4040,34400000000
363260,모비데이즈,6.32,2.46,0.0,10.16,6.98,45.07,157.31,115.54,115.54,38.86,19.14,1330.6,0.0,0.0,44359105328.0,0.352,17.96,0.0,0.665,0.0,23.64,0.0,0.0,0.0,916,29500000000
363280,티와이홀딩스,-9.42,-5.33,0.0,-43.63,-117.12,-345.64,76.75,85.79,85.79,56.58,-0.19,57.28,0.0,0.0,79226563940.0,0.0455,0.0,0.0,1.1284,0.0,0.0,0.0,0.0,0.0,1965,89400000000
364950,에이아이코리아,-1.91,-1.29,0.0,3.24,-1.23,28.19,47.94,224.15,224.15,67.6,-24.1,-68.02,0.0,0.0,86949654104.0,1.045,9.03,0.0,0.3289,0.0,19.71,0.0,0.0,0.0,3450,28600000000
365270,큐라클,-48.84,-34.04,0.0,-232393.77,-255057.63,-165.03,43.47,192.27,192.27,69.7,-99.57,-30.62,0.0,0.0,7101468.0,0.0001,0.0,0.0,32880.5255,0.0,0.0,0.0,0.0,0.0,10540,233500000000
365330,에스와이스틸텍,-2.19,-1.73,0.0,-2.75,-2.15,-26.75,26.58,371.06,371.06,79.0,-16.77,-133.01,0.0,0.0,97366909837.0,0.8021,0.0,0.0,0.8042,0.0,0.0,0.0,0.0,0.0,1560,78300000000
365340,성일하이텍,-52.26,-11.18,0.0,-28.02,-41.38,-545.34,367.58,40.6,40.6,21.39,42.88,23.62,0.0,0.0,194629131476.0,0.2701,0.0,0.0,2.5592,0.0,0.0,0.0,0.0,0.0,38550,498100000000
365550,ESR켄달스퀘어리츠,-0.29,-0.12,0.0,43.42,-5.77,258.59,143.37,110.85,110.85,41.09,1.47,-9.91,0.0,0.0,59557601618.0,0.021,0.0,0.0,12.9119,0.0,94.34,0.0,0.0,0.0,3125,769000000000
365590,하이딥,-662.04,-117.84,0.0,-664.05,-837.68,-117.34,461.81,345.97,345.97,17.8,-70.0,-28.65,0.0,0.0,1766991674.0,0.1407,0.0,0.0,16.2989,0.0,0.0,0.0,0.0,0.0,783,28800000000
365900,브이씨,-8.68,-3.88,0.0,-3.16,-6.83,-14.83,123.9,69.54,69.54,44.66,6.26,68.73,0.0,0.0,46898526887.0,0.5679,0.0,0.0,0.4094,0.0,0.0,0.0,0.0,0.0,2625,19200000000
366030,나인앤컴퍼니,8.99,8.39,0.0,15.11,16.44,68.05,7.21,1778.93,1778.93,93.28,-9.66,-16.02,0.0,0.0,45044252491.0,0.5102,6.96,0.0,2.5952,0.0,18.05,0.0,0.0,0.0,5160,116900000000
367000,플래티어,-13.14,-7.57,0.0,-11.32,-11.05,-43.99,73.57,137.09,137.09,57.61,30.39,36.93,0.0,0.0,38854699341.0,0.6855,0.0,0.0,0.7489,0.0,0.0,0.0,0.0,0.0,3465,29100000000
368600,아이씨에이치,-92.44,-26.0,0.0,-30.93,-52.73,-144.92,255.47,45.89,45.89,28.13,-27.44,-348.7,0.0,0.0,46852015447.0,0.4932,0.0,0.0,0.5016,0.0,0.0,0.0,0.0,0.0,910,23500000000
368770,파이버프로,20.33,15.33,0.0,23.27,21.41,101.17,32.59,560.36,560.36,75.42,31.96,40.39,0.0,0.0,43472321309.0,0.716,28.95,0.0,8.9942,0.0,40.12,0.0,0.0,0.0,11900,391000000000
368970,오에스피,-7.52,-4.99,0.0,-5.03,-12.91,-12.76,50.68,108.39,108.39,66.37,-16.24,-2072.14,0.0,0.0,25387451457.0,0.3866,0.0,0.0,1.0635,0.0,0.0,0.0,0.0,0.0,2405,27000000000
369370,블리츠웨이엔터테인먼트,-74.3,-33.09,0.0,-29.96,-44.52,-90.49,124.5,73.3,73.3,44.54,-16.71,-36.68,0.0,0.0,30205067026.0,0.7434,0.0,0.0,1.2448,0.0,0.0,0.0,0.0,0.0,3770,37600000000
370090,퓨런티어,-14.95,-13.81,0.0,-58.98,-50.67,-71.63,8.24,1268.76,1268.76,92.38,-52.08,-90.97,0.0,0.0,12143538944.0,0.2726,0.0,0.0,4.9162,0.0,0.0,0.0,0.0,0.0,6980,59700000000
371950,풍원정밀,-191.25,-29.36,0.0,-61.59,-72.87,-199.34,551.47,21.95,21.95,15.35,-34.31,-9.24,0.0,0.0,32363366118.0,0.4029,0.0,0.0,2.3638,0.0,0.0,0.0,0.0,0.0,3360,76500000000
372170,윤성에프앤씨,-10.81,-7.17,0.0,-31.59,-19.13,-316.42,50.86,190.13,190.13,66.29,-63.08,-199.15,0.0,0.0,100175134197.0,0.3746,26.22,0.0,1.7479,0.0,0.0,0.0,0.0,0.0,21950,175100000000
372320,큐로셀,-921.47,-42.2,0.0,0.0,0.0,-362.9,2083.43,33.33,33.33,4.58,0.0,0.91,0.0,0.0,0.0,0.0,0.0,0.0,0.0,0.0,0.0,0.0,0.0,0.0,24400,371500000000
372800,아이티아이즈,-122.94,-30.82,0.0,-6.91,-13.25,-53.95,298.95,79.32,79.32,25.07,-1.92,-3339.18,0.0,0.0,78053779536.0,2.3259,0.0,0.0,0.2678,0.0,0.0,0.0,0.0,0.0,2965,20900000000
372910,한컴라이프케어,-6.0,-3.76,0.0,-0.79,-8.32,-7.27,59.33,165.45,165.45,62.76,-12.11,-109.71,0.0,0.0,92088469654.0,0.4522,0.0,0.0,0.5582,0.0,0.0,0.0,0.0,0.0,1857,51400000000
373110,엑셀세라퓨틱스,-153.08,-69.5,0.0,-556.79,-560.65,-108.52,120.25,180.75,180.75,45.4,0.76,-16.31,0.0,0.0,1948989102.0,0.124,0.0,0.0,10.5696,0.0,0.0,0.0,0.0,0.0,1192,20600000000
373160,데이원컴퍼니,10.45,5.8,0.0,3.69,3.83,45.72,80.31,205.95,205.95,55.46,-2.99,1694.22,0.0,0.0,123860403525.0,1.5147,12.79,0.0,0.3351,0.0,17.05,0.0,0.0,0.0,3005,41500000000
373170,엠아이큐브솔루션,6.87,5.05,0.0,3.46,6.37,8.86,35.99,588.07,588.07,73.53,-13.55,182.82,0.0,0.0,25620442016.0,0.7941,19.4,0.0,1.007,0.0,38.76,0.0,0.0,0.0,1707,25800000000
373200,엑스플러스,-11.06,-4.0,0.0,-51.16,-22.72,-51.56,176.67,82.76,82.76,36.14,-3.36,-32.5,0.0,0.0,10076623856.0,0.176,0.0,0.0,4.2375,0.0,0.0,0.0,0.0,0.0,1704,42700000000
376180,피코그램,-2.75,-1.84,0.0,-2.28,-3.55,-7.04,49.54,378.97,378.97,66.87,-3.96,-124.82,0.0,0.0,30872569046.0,0.5172,6.61,0.0,0.9199,0.0,0.0,0.0,0.0,0.0,1528,28400000000
376270,HEM파마,-454.92,-45.77,0.0,-120.06,-182.78,-155.83,893.97,55.91,55.91,10.06,-13.86,-102.86,0.0,0.0,12979352490.0,0.2504,0.0,0.0,21.9734,0.0,0.0,0.0,0.0,0.0,39500,285200000000
376290,씨유테크,1.19,1.06,0.0,2.5,0.63,54.2,12.71,1143.06,1143.06,88.73,-23.81,-52.84,0.0,0.0,216513076154.0,1.6792,4.8,0.0,0.2397,0.0,12.26,0.0,0.0,0.0,2940,51900000000
376300,디어유,8.88,7.67,0.0,37.44,22.22,313.92,15.79,695.33,695.33,86.36,11.98,23.52,0.0,0.0,83834878201.0,0.3449,12.13,0.0,5.2556,0.0,15.09,0.0,0.0,0.0,18560,440600000000
376900,로킷헬스케어,-24.27,-5.1,0.0,1.73,-10.69,4.53,376.27,129.26,129.26,21.0,100.19,108.13,0.0,0.0,26247011691.0,0.477,0.0,0.0,18.1087,0.0,1145.49,0.0,0.0,0.0,27300,475300000000
376930,노을,-77.7,-50.87,0.0,-392.03,-389.6,-200.79,52.73,391.16,391.16,65.47,219.83,11.91,0.0,0.0,5121885655.0,0.1306,0.0,0.0,3.3386,0.0,0.0,0.0,0.0,0.0,334,17100000000
376980,원티드랩,3.33,2.08,0.0,2.67,3.36,10.2,59.77,241.11,241.11,62.59,3.89,224.67,0.0,0.0,38173738651.0,0.6206,26.03,0.0,0.8723,0.0,55.22,0.0,0.0,0.0,3410,33300000000
377030,비트맥스,-907.99,-89.91,0.0,-39.9,-354.04,-108.59,909.84,26.02,26.02,9.9,-26.79,41.45,0.0,0.0,27214600481.0,0.254,0.0,0.0,0.937,0.0,0.0,0.0,0.0,0.0,1781,25500000000
377190,디앤디플랫폼리츠,0.82,0.29,0.0,0.0,0.0,150.13,187.08,19.91,19.91,34.83,0.0,15.64,0.0,0.0,0.0,0.0,31.88,0.0,0.0,0.0,58.2,0.0,0.0,0.0,2200,194500000000
377220,프롬바이오,-88.77,-35.56,0.0,-25.78,-32.15,-186.03,149.61,48.89,48.89,40.06,7.41,23.35,0.0,0.0,72162174415.0,1.106,0.0,0.0,0.2328,0.0,0.0,0.0,0.0,0.0,2960,16800000000
377300,카카오페이,2.85,1.04,0.0,5.26,5.81,503.67,173.7,147.34,147.34,36.54,25.08,187.61,0.0,0.0,958371073361.0,0.1795,71.57,0.0,6.5563,0.0,192.03,0.0,0.0,0.0,46450,6283400000000
377450,리파인,4.06,3.86,0.0,30.76,14.72,189.41,5.32,1711.8,1711.8,94.95,-9.25,-7.63,0.0,0.0,61572418310.0,0.2622,27.48,0.0,4.7034,0.0,15.92,0.0,0.0,0.0,16710,289600000000
377460,큐에이드,12.61,4.6,0.0,-2.09,7.82,-19.14,174.28,40.11,40.11,36.46,-21.2,-106.49,0.0,0.0,91649492825.0,0.5883,16.32,0.0,2.7627,0.0,0.0,0.0,0.0,0.0,4080,253200000000
377480,마음AI,-29.36,-14.11,0.0,-65.15,-78.28,-63.76,108.05,72.61,72.61,48.07,25.89,10.43,0.0,0.0,9786361142.0,0.1803,0.0,0.0,7.4083,0.0,0.0,0.0,0.0,0.0,10200,72500000000
377740,바이오노트,-5.79,-5.62,0.0,14.12,-73.95,167.06,2.95,3101.1,3101.1,97.13,15.12,36.76,0.0,0.0,118323544203.0,0.076,0.0,0.0,4.1074,0.0,31.76,0.0,0.0,0.0,4770,486000000000
378340,필에너지,-12.51,-7.49,0.0,-66.8,-47.75,-221.74,67.12,165.75,165.75,59.84,-88.37,-256.14,0.0,0.0,33194030028.0,0.1568,0.0,0.0,7.3085,0.0,0.0,0.0,0.0,0.0,11210,242600000000
378800,샤페론,-62.75,-55.7,0.0,-6952.91,-6816.29,-158.39,12.65,1253.44,1253.44,88.77,1186.7,-4.61,0.0,0.0,227804629.0,0.0082,0.0,0.0,102.7196,0.0,0.0,0.0,0.0,0.0,507,23400000000
378850,화승알앤에이,10.93,3.8,0.0,3.79,2.55,270.82,187.6,83.58,83.58,34.77,1.05,-13.6,0.0,0.0,714559988805.0,1.4887,1.63,0.0,0.08,0.0,13.67,0.0,0.0,0.0,3010,57200000000
380550,뉴로핏,-115.1,-83.28,0.0,-632.84,-856.15,-165.49,38.21,360.58,360.58,72.36,18.0,-12.97,0.0,0.0,2615085161.0,0.0973,0.0,0.0,36.5571,0.0,0.0,0.0,0.0,0.0,7840,95600000000
381620,제닉스로보틱스,-15.13,-10.02,0.0,-54.33,-32.31,-123.13,51.04,398.41,398.41,66.21,-64.29,-385.96,0.0,0.0,22665261675.0,0.31,0.0,0.0,3.4767,0.0,0.0,0.0,0.0,0.0,6010,78800000000
381970,케이카,22.72,9.52,0.0,3.12,2.09,759.74,138.71,141.86,141.86,41.89,5.97,11.55,0.0,0.0,2438838573193.0,4.5622,41.1,0.0,0.1275,0.0,8.18,0.0,0.0,0.0,6370,311000000000
382150,온코크로스,-66.77,-30.83,0.0,0.0,0.0,0.0,116.55,420.75,420.75,46.18,0.0,0.0,0.0,0.0,0.0,0.0,0.0,0.0,0.0,0.0,0.0,0.0,0.0,0.0,3795,49500000000
382480,지아이텍,0.98,0.73,0.0,3.1,2.62,11.24,33.41,219.55,219.55,74.96,-4.09,-63.07,0.0,0.0,36219713807.0,0.2795,15.18,0.0,1.7808,0.0,86.28,0.0,0.0,0.0,1639,64500000000
382800,지앤비에스 에코,5.36,4.53,0.0,8.44,6.87,77.56,18.39,1052.92,1052.92,84.47,29.9,-33.41,0.0,0.0,91919436496.0,0.659,7.86,0.0,1.8494,0.0,24.71,0.0,0.0,0.0,5340,170000000000
382840,원준,-12.42,-7.56,0.0,4.68,-8.82,69.78,64.32,190.74,190.74,60.86,-0.5,-43.85,0.0,0.0,149100259243.0,0.8572,0.0,0.0,0.5439,0.0,21.38,0.0,0.0,0.0,5310,81100000000
382900,범한퓨얼셀,0.73,0.34,0.0,1.98,2.73,8.58,116.58,152.88,152.88,46.17,19.8,-64.42,0.0,0.0,43361093941.0,0.1231,0.0,0.0,3.4893,0.0,397.47,0.0,0.0,0.0,17270,151300000000
383220,F&F,21.33,15.11,0.0,24.23,20.72,4685.74,41.13,161.66,161.66,70.85,2.0,3.96,0.0,0.0,1933995926896.0,0.7294,4.9,0.0,1.3251,0.0,7.12,0.0,0.0,0.0,66900,2562700000000
383310,에코프로에이치엔,4.34,2.88,0.0,8.3,9.37,117.1,50.61,286.86,286.86,66.4,-39.85,-51.67,0.0,0.0,141057118027.0,0.3074,33.8,0.0,3.7694,0.0,58.58,0.0,0.0,0.0,25350,531700000000
383800,LX홀딩스,6.78,5.75,0.0,323.05,328.37,1333.98,17.89,58.57,58.57,84.83,1.52,-14.5,0.0,0.0,41293000000.0,0.0175,5.5,0.0,15.1115,0.0,7.36,0.0,0.0,0.0,8180,624000000000
383930,디티앤씨알오,-11.07,-3.07,0.0,-12.03,-5.82,-57.42,260.21,51.89,51.89,27.76,32.74,49.17,0.0,0.0,47747299019.0,0.5283,0.0,0.0,0.4147,0.0,0.0,0.0,0.0,0.0,1548,19800000000
384470,코어라인소프트,-79.77,-35.54,0.0,0.0,0.0,-134.45,124.48,144.89,144.89,44.55,0.0,2.43,0.0,0.0,0.0,0.0,0.0,0.0,0.0,0.0,0.0,0.0,0.0,0.0,2620,47000000000
387570,파인메딕스,-9.88,-7.36,0.0,-27.1,-19.72,-25.8,34.3,530.19,530.19,74.46,-4.39,-8739.08,0.0,0.0,9522704304.0,0.3731,0.0,0.0,3.8434,0.0,0.0,0.0,0.0,0.0,6500,36600000000
388050,지투파워,13.18,6.18,0.0,11.38,7.18,88.07,113.31,157.69,157.69,46.88,39.61,139.95,0.0,0.0,77377777992.0,0.8609,24.77,0.0,2.396,0.0,26.47,0.0,0.0,0.0,9910,185400000000
388210,씨엠티엑스,-11.79,-7.81,0.0,32.25,-13.39,517.82,51.01,205.83,205.83,66.22,47.75,119.05,0.0,0.0,160555762764.0,0.5829,0.0,0.0,4.3655,0.0,15.33,0.0,0.0,0.0,72600,700900000000
388610,지에프씨생명과학,2.33,1.64,0.0,2.18,3.14,3.86,42.16,559.88,559.88,70.34,5.42,-77.34,0.0,0.0,17714780998.0,0.5236,25.83,0.0,1.5862,0.0,98.73,0.0,0.0,0.0,5270,28100000000
388720,유일로보틱스,-27.5,-22.8,0.0,0.0,0.0,-126.2,20.64,238.95,238.95,82.89,0.0,-3294.86,0.0,0.0,0.0,0.0,0.0,0.0,0.0,0.0,0.0,0.0,0.0,0.0,66400,782300000000
388790,라이콤,1.2,0.91,0.0,3.29,1.47,5.82,32.52,496.94,496.94,75.46,34.65,110.89,0.0,0.0,17688068719.0,0.6167,148.67,0.0,7.7171,0.0,246.63,0.0,0.0,0.0,4460,136500000000
388870,파로스아이바이오,-77.24,-36.01,0.0,0.0,0.0,-115.07,114.48,1895.83,1895.83,46.62,0.0,8.68,0.0,0.0,0.0,0.0,0.0,0.0,0.0,0.0,0.0,0.0,0.0,0.0,5130,66400000000
389020,자람테크놀로지,-19.19,-8.89,0.0,-66.37,-64.31,-70.65,115.84,104.21,104.21,46.33,-51.99,-2033.06,0.0,0.0,10643506120.0,0.1382,0.0,0.0,14.7226,0.0,0.0,0.0,0.0,0.0,22700,156700000000
389030,지니너스,-190.88,-44.15,0.0,-111.33,-165.72,-116.71,332.33,76.77,76.77,23.13,62.4,4.8,0.0,0.0,10483373195.0,0.2664,0.0,0.0,7.2591,0.0,0.0,0.0,0.0,0.0,1931,76100000000
389140,포바이포,-27.27,-14.46,0.0,0.0,0.0,-73.96,88.57,172.45,172.45,53.03,0.0,46.75,0.0,0.0,0.0,0.0,0.0,0.0,0.0,0.0,0.0,0.0,0.0,0.0,5240,74800000000
389260,대명에너지,8.59,3.7,0.0,12.83,10.8,167.99,131.86,172.27,172.27,43.13,93.28,73.09,0.0,0.0,130971472403.0,0.3431,7.88,0.0,1.8233,0.0,27.14,0.0,0.0,0.0,13330,238800000000
389470,인벤티지랩,-19.68,-14.38,0.0,-965.74,-541.4,-283.81,36.85,202.23,202.23,73.07,64.83,-49.66,0.0,0.0,2938787928.0,0.0266,126.0,0.0,128.3863,0.0,0.0,0.0,0.0,0.0,28350,377300000000
389500,에스비비테크,-75.6,-29.33,0.0,-95.33,-131.32,-68.63,157.78,82.69,82.69,38.79,31.71,0.44,0.0,0.0,7198979874.0,0.2233,0.0,0.0,35.13,0.0,0.0,0.0,0.0,0.0,37950,252900000000
389650,넥스트바이오메디컬,-0.65,-0.52,0.0,-4.37,-1.89,-7.2,23.19,537.91,537.91,81.17,72.67,79.87,0.0,0.0,16476802680.0,0.278,1185.71,0.0,16.678,0.0,0.0,0.0,0.0,0.0,33200,274800000000
389680,유디엠텍,-33.31,-23.51,0.0,-113.5,-109.0,-36.47,41.67,416.38,416.38,70.58,-47.08,-81.47,0.0,0.0,3213108855.0,0.2157,0.0,0.0,4.9796,0.0,0.0,0.0,0.0,0.0,1928,16000000000
391710,코닉오토메이션,-11.79,-6.01,0.0,-9.11,-9.64,-27.42,96.36,407.22,407.22,50.93,-45.78,-6134.54,0.0,0.0,30100048633.0,0.6233,0.0,0.0,1.7043,0.0,0.0,0.0,0.0,0.0,1203,51300000000
393210,토마토시스템,-11.23,-4.86,0.0,-8.7,-10.19,-23.73,130.94,107.97,107.97,43.3,26.09,30.32,0.0,0.0,27263988093.0,0.4774,147.5,0.0,1.3498,0.0,0.0,0.0,0.0,0.0,2360,36800000000
393890,더블유씨피,-18.12,-8.33,0.0,-115.19,-146.25,-1276.43,117.49,36.36,36.36,45.98,-65.59,-79.94,0.0,0.0,110812962474.0,0.057,0.0,0.0,3.0114,0.0,0.0,0.0,0.0,0.0,9860,333700000000
393970,대진첨단소재,-77.37,-26.37,0.0,-24.09,-47.4,-203.62,193.38,75.8,75.8,34.09,-5.03,-440.02,0.0,0.0,84513320058.0,0.5563,0.0,0.0,0.5964,0.0,0.0,0.0,0.0,0.0,2825,50400000000
394280,오픈엣지테크놀로지,-176.53,-63.38,0.0,-180.01,-187.64,-289.07,178.54,121.28,121.28,35.9,4.76,-17.45,0.0,0.0,16058809323.0,0.3378,0.0,0.0,15.1568,0.0,0.0,0.0,0.0,0.0,9240,243400000000
394420,리센스메디컬,-274.03,-159.24,0.0,-120.52,-216.56,-106.4,72.09,269.45,269.45,58.11,41.05,24.86,0.0,0.0,8828610805.0,0.7353,0.0,0.0,14.1585,0.0,0.0,0.0,0.0,0.0,11360,125000000000
394800,쓰리빌리언,-22.93,-18.24,0.0,-50.3,-46.22,-58.89,25.73,622.8,622.8,79.54,102.85,20.62,0.0,0.0,11708662411.0,0.3946,52.32,0.0,14.075,0.0,0.0,0.0,0.0,0.0,5180,164800000000
395400,SK리츠,1.66,0.62,0.0,91.72,47.69,645.35,168.9,10.36,10.36,37.19,24.1,28.25,0.0,0.0,70358094799.0,0.0129,85.31,0.0,23.3605,0.0,78.36,0.0,0.0,0.0,5460,1643600000000
396270,넥스트칩,-87.9,-27.38,0.0,-32.62,-40.24,-129.36,221.05,123.73,123.73,31.15,22.95,29.84,0.0,0.0,39653511990.0,0.6803,0.0,0.0,1.6745,0.0,0.0,0.0,0.0,0.0,2020,66400000000
396300,세아메카닉스,1.92,0.95,0.0,-2.16,1.66,-18.5,101.02,102.27,102.27,49.75,-7.05,30.41,0.0,0.0,85827035655.0,0.575,14.6,0.0,1.411,0.0,0.0,0.0,0.0,0.0,4570,121100000000
396470,워트,5.4,5.25,0.0,16.31,23.45,24.83,3.02,3216.35,3216.35,97.07,0.24,22.25,0.0,0.0,15220856646.0,0.2237,20.35,0.0,6.813,0.0,42.57,0.0,0.0,0.0,6430,103700000000
396690,미래에셋글로벌리츠,-4.08,-1.66,0.0,-20.61,-49.94,-25.13,145.17,18.33,18.33,40.79,-3.66,-158.91,0.0,0.0,12192220640.0,0.0333,0.0,0.0,4.9212,0.0,0.0,0.0,0.0,0.0,1515,60000000000
397030,에이프릴바이오,-10.1,-10.02,0.0,0.0,0.0,-72.64,0.83,17490.44,17490.44,99.17,0.0,-143.06,0.0,0.0,0.0,0.0,0.0,0.0,0.0,0.0,0.0,0.0,0.0,0.0,17910,493600000000
397810,애드포러스,-5.09,-4.04,0.0,7.91,-6.29,24.21,25.99,473.1,473.1,79.37,-3.6,-20.73,0.0,0.0,30598804671.0,0.6432,0.0,0.0,1.1765,0.0,18.92,0.0,0.0,0.0,6980,36000000000
398120,에스지헬스케어,3.84,2.31,0.0,5.96,3.8,14.67,66.34,174.22,174.22,60.12,52.76,317.99,0.0,0.0,24601049961.0,0.6073,15.22,0.0,0.878,0.0,25.73,0.0,0.0,0.0,1827,21600000000
399720,가온칩스,-26.27,-9.02,0.0,-24.41,-20.97,-167.21,191.31,116.45,116.45,34.33,-29.0,-574.38,0.0,0.0,68510181008.0,0.43,0.0,0.0,7.6251,0.0,0.0,0.0,0.0,0.0,44050,522400000000
400760,NH올원리츠,0.69,0.15,0.0,67.3,5.03,187.69,360.15,27.15,27.15,21.73,27.72,58.74,0.0,0.0,27889483783.0,0.03,360.0,0.0,5.6724,0.0,47.16,0.0,0.0,0.0,2880,158200000000
402030,코난테크놀로지,-32.77,-21.28,0.0,-29.03,-28.5,-98.65,54.0,245.21,245.21,64.93,29.11,30.06,0.0,0.0,33979970427.0,0.7465,0.0,0.0,5.2119,0.0,0.0,0.0,0.0,0.0,14150,177100000000
402340,SK스퀘어,31.51,28.91,0.0,623.26,624.77,87974.21,9.01,231.42,231.42,91.73,-14.45,124.39,0.0,0.0,1411521000000.0,0.0463,4.18,0.0,96.9204,0.0,15.84,0.0,0.0,0.0,1037000,136805200000000
402490,그린리소스,14.62,7.16,0.0,5.91,10.32,60.33,104.21,84.81,84.81,48.97,452.22,462.9,0.0,0.0,102155379135.0,0.6938,12.62,0.0,1.1111,0.0,31.27,0.0,0.0,0.0,6700,113500000000
403490,우듬지팜,-11.52,-5.75,0.0,-1.39,-6.89,-8.84,100.15,39.75,39.75,49.96,-0.36,-124.87,0.0,0.0,63676776798.0,0.835,0.0,0.0,0.3439,0.0,0.0,0.0,0.0,0.0,2380,21900000000
403550,쏘카,-11.15,-3.13,0.0,4.94,-3.91,232.49,256.7,51.47,51.47,28.03,9.02,337.22,0.0,0.0,470702674379.0,0.8004,0.0,0.0,0.9188,0.0,36.81,0.0,0.0,0.0,11400,432500000000
403850,더핑크퐁컴퍼니,9.84,8.89,0.0,20.63,19.31,193.62,10.69,1006.86,1006.86,90.34,-3.6,2.93,0.0,0.0,93861865441.0,0.4603,3.8,0.0,1.792,0.0,9.7,0.0,0.0,0.0,11720,168200000000
404990,신한서부티엔디리츠,1.68,0.54,0.0,74.0,18.44,237.36,209.15,19.8,19.8,32.35,19.05,50.41,0.0,0.0,32077312593.0,0.0294,0.0,0.0,7.4632,0.0,41.16,0.0,0.0,0.0,3885,239400000000
405000,플라즈맵,-115.16,-32.05,0.0,-89.6,-77.65,-76.01,259.35,109.87,109.87,27.83,-16.34,56.96,0.0,0.0,8482954613.0,0.4127,0.0,0.0,2.2869,0.0,0.0,0.0,0.0,0.0,3610,19400000000
405100,큐알티,3.24,1.86,0.0,6.95,4.2,47.83,74.23,154.75,154.75,57.4,5.53,0.33,0.0,0.0,68861373936.0,0.4428,28.04,0.0,2.2219,0.0,45.84,0.0,0.0,0.0,12450,153000000000
405920,나라셀라,0.08,0.05,0.0,1.2,0.07,9.84,83.75,157.15,157.15,54.42,-0.72,128.3,0.0,0.0,82108561843.0,0.6852,0.0,0.0,0.2765,0.0,78.55,0.0,0.0,0.0,1759,22700000000
406820,뷰티스킨,-6.59,-2.45,0.0,-5.75,-3.91,-31.59,168.79,78.58,78.58,37.2,-32.09,-160.49,0.0,0.0,54922098935.0,0.6264,0.0,0.0,0.528,0.0,0.0,0.0,0.0,0.0,2050,29000000000
407400,꿈비,-22.27,-12.29,0.0,-4.92,-17.45,-42.48,81.24,117.43,117.43,55.18,118.76,-1154.85,0.0,0.0,86393559485.0,0.7043,0.0,0.0,0.3588,0.0,0.0,0.0,0.0,0.0,2115,31000000000
408470,한패스,15.69,5.42,0.0,12.38,9.94,82.29,189.6,136.83,136.83,34.53,20.17,58.92,0.0,0.0,66448336065.0,0.5451,52.4,0.0,0.8337,0.0,16.43,0.0,0.0,0.0,5240,55400000000
408900,스튜디오미르,-3.72,-3.36,0.0,-13.09,-8.75,-21.46,10.63,811.23,811.23,90.39,-6.71,-12.81,0.0,0.0,16391297221.0,0.3843,0.0,0.0,2.3549,0.0,0.0,0.0,0.0,0.0,1180,38600000000
408920,메쎄이상,19.45,16.02,0.0,26.09,21.25,189.97,21.4,608.86,608.86,82.37,8.57,11.1,0.0,0.0,72822323336.0,0.7541,9.07,0.0,1.9321,0.0,8.3,0.0,0.0,0.0,3255,140700000000
411080,샌즈랩,-0.86,-0.8,0.0,-15.25,-4.01,-17.7,6.9,999.77,999.77,93.54,39.96,52.27,0.0,0.0,11612082342.0,0.2002,0.0,0.0,5.4857,0.0,0.0,0.0,0.0,0.0,4170,63700000000
412350,레이저쎌,-87.27,-37.76,0.0,-289.19,-345.98,-135.47,131.14,122.26,122.26,43.26,16.65,-47.1,0.0,0.0,4684448307.0,0.1091,0.0,0.0,13.6195,0.0,0.0,0.0,0.0,0.0,4370,63800000000
412540,제일엠앤에스,136.98,-2.97,0.0,-4.79,-10.38,-72.42,-4706.89,93.15,93.15,-2.17,-38.88,94.41,0.0,0.0,151265078664.0,0.2864,0.0,0.0,0.5361,0.0,0.0,0.0,0.0,0.0,3935,81100000000
413390,엠오티,5.76,2.9,0.0,5.84,4.6,44.09,99.13,153.05,153.05,50.22,-11.08,-32.15,0.0,0.0,75453871276.0,0.6289,15.98,0.0,1.1888,0.0,33.89,0.0,0.0,0.0,7750,89700000000
413630,씨피시스템,4.6,4.31,0.0,11.22,10.51,21.39,6.67,1099.01,1099.01,93.75,-10.51,-35.5,0.0,0.0,19053735010.0,0.4104,36.73,0.0,7.7255,0.0,70.18,0.0,0.0,0.0,4040,147200000000
413640,비아이매트릭스,7.48,4.95,0.0,2.75,7.61,8.66,51.1,347.24,347.24,66.18,1.89,-57.26,0.0,0.0,31448256831.0,0.6504,50.89,0.0,1.3069,0.0,66.33,0.0,0.0,0.0,5700,41100000000
415380,스튜디오삼익,7.68,6.09,0.0,2.95,2.91,28.29,26.04,331.97,331.97,79.34,-11.12,-29.07,0.0,0.0,95931078734.0,2.0955,10.01,0.0,0.2377,0.0,11.4,0.0,0.0,0.0,1991,22800000000
416180,신성에스티,0.53,0.23,0.0,1.94,0.47,22.71,136.12,213.25,213.25,42.35,-7.96,-74.21,0.0,0.0,116912967727.0,0.4762,0.0,0.0,2.0066,0.0,165.66,0.0,0.0,0.0,25950,234600000000
417010,나노팀,2.04,0.85,0.0,-1.24,2.47,-5.01,140.69,156.87,156.87,41.55,24.49,86.67,0.0,0.0,40323638066.0,0.3427,116.5,0.0,3.4967,0.0,0.0,0.0,0.0,0.0,6990,141000000000
417180,핑거스토리,11.28,6.89,0.0,4.9,20.3,8.47,63.8,199.05,199.05,61.05,-5.73,-43.78,0.0,0.0,17299515760.0,0.3393,0.0,0.0,1.0694,0.0,45.29,0.0,0.0,0.0,4300,18500000000
417200,LS머트리얼즈,-0.49,-0.37,0.0,-0.09,-0.66,-1.42,33.22,375.49,375.49,75.06,8.1,-102.29,0.0,0.0,153582399002.0,0.5594,645.56,0.0,5.1184,0.0,0.0,0.0,0.0,0.0,11620,786100000000
417310,코람코더원리츠,1.49,0.58,0.0,67.35,38.93,50.97,156.82,36.14,36.14,38.94,0.11,20.2,0.0,0.0,7567308893.0,0.0149,25.32,0.0,12.5672,0.0,79.41,0.0,0.0,0.0,2355,95100000000
417500,제이아이테크,8.56,5.16,0.0,19.41,12.46,103.97,65.72,120.66,120.66,60.34,-6.53,19.43,0.0,0.0,53551170592.0,0.4143,10.81,0.0,2.2035,0.0,16.28,0.0,0.0,0.0,3600,118000000000
417790,트루엔,11.06,10.57,0.0,26.99,24.64,132.55,4.62,1685.74,1685.74,95.59,-8.37,-14.25,0.0,0.0,49113803516.0,0.4291,6.34,0.0,1.4782,0.0,5.86,0.0,0.0,0.0,6940,72600000000
417840,저스템,6.58,3.95,0.0,9.6,7.16,46.35,66.63,82.14,82.14,60.01,24.78,200.56,0.0,0.0,48288744108.0,0.5521,26.18,0.0,6.5833,0.0,76.14,0.0,0.0,0.0,13900,317900000000
417860,오브젠,-29.34,-5.91,0.0,1.12,-13.18,2.68,396.79,102.38,102.38,20.13,57.99,106.46,0.0,0.0,24017071711.0,0.448,2.99,0.0,1.3907,0.0,284.53,0.0,0.0,0.0,7090,33400000000
417970,모델솔루션,9.45,7.01,0.0,10.55,8.93,80.72,34.72,292.98,292.98,74.23,12.45,92.78,0.0,0.0,76502212442.0,0.7855,7.86,0.0,0.9111,0.0,11.74,0.0,0.0,0.0,10900,69700000000
418250,시큐레터,-117.44,-83.66,0.0,-366.85,-366.91,-42.87,40.39,126.32,126.32,71.23,-17.23,40.98,0.0,0.0,1168573306.0,0.228,0.0,0.0,40.7334,0.0,0.0,0.0,0.0,0.0,6550,47600000000
418420,라온텍,-39.28,-15.67,0.0,-66.43,-74.91,-58.1,150.76,434.21,434.21,39.88,-1.76,16.86,0.0,0.0,8746267801.0,0.2091,0.0,0.0,14.166,0.0,0.0,0.0,0.0,0.0,4025,123900000000
418470,KT밀리의서재,18.13,14.32,0.0,16.3,17.87,143.71,26.64,461.7,461.7,78.96,21.48,30.63,0.0,0.0,88189777012.0,0.801,5.56,0.0,0.9616,0.0,7.51,0.0,0.0,0.0,9900,84800000000
418550,제이오,-4.37,-3.59,0.0,-7.67,-13.49,-42.32,21.94,542.6,542.6,82.01,-33.42,22.44,0.0,0.0,55173743385.0,0.2658,0.0,0.0,2.7658,0.0,0.0,0.0,0.0,0.0,4765,152600000000
418620,E8,-78.27,-44.24,0.0,-679.32,-690.24,-112.46,76.93,302.13,302.13,56.52,-27.57,-6.11,0.0,0.0,1655496540.0,0.0641,0.0,0.0,6.1613,0.0,0.0,0.0,0.0,0.0,515,10200000000
419050,삼기에너지솔루션즈,-12.08,-3.84,0.0,3.77,-7.68,54.33,214.31,73.93,73.93,31.82,46.12,186.76,0.0,0.0,144228757229.0,0.5006,0.0,0.0,0.6275,0.0,52.82,0.0,0.0,0.0,1583,90500000000
419080,엔젯,0.0,0.0,0.0,-115.99,0.0,-62.8,26.24,1977.84,1977.84,79.22,-13.5,3.88,0.0,0.0,5414590946.0,0.1247,0.0,0.0,11.3213,0.0,0.0,0.0,0.0,0.0,5640,61300000000
419120,산돌,6.08,4.81,0.0,22.31,18.24,44.55,26.3,165.23,165.23,79.18,26.79,55.65,0.0,0.0,19968415924.0,0.264,15.36,0.0,1.6827,0.0,11.08,0.0,0.0,0.0,2365,33600000000
419530,SAMG엔터,36.13,22.21,0.0,16.02,21.34,226.33,62.64,266.25,266.25,61.49,21.31,470.47,0.0,0.0,141251628528.0,1.0411,6.49,0.0,1.4449,0.0,11.33,0.0,0.0,0.0,20000,204100000000
419540,비스토스,-3.9,-3.38,0.0,-6.41,-4.09,-10.96,15.63,534.24,534.24,86.49,-15.58,-451.8,0.0,0.0,17099549571.0,0.8256,0.0,0.0,1.2047,0.0,0.0,0.0,0.0,0.0,3450,20600000000
420570,제이투케이바이오,7.91,7.02,0.0,8.86,8.11,29.2,12.71,708.94,708.94,88.72,-0.49,-19.48,0.0,0.0,32966351938.0,0.8661,10.24,0.0,1.8049,0.0,21.85,0.0,0.0,0.0,10180,59500000000
420770,기가비스,7.32,6.46,0.0,23.08,29.47,121.01,13.4,2258.71,2258.71,88.18,100.64,777.19,0.0,0.0,52434995936.0,0.2191,68.1,0.0,27.2452,0.0,120.39,0.0,0.0,0.0,112700,1428600000000
424760,벨로크,7.64,5.87,0.0,2.48,6.01,8.77,30.15,283.1,283.1,76.83,14.63,144.65,0.0,0.0,35382252329.0,0.9773,15.62,0.0,0.7094,0.0,38.17,0.0,0.0,0.0,2500,25100000000
424870,이뮨온시아,-96.3,-82.55,0.0,-25182.04,-24605.12,-280.05,16.65,622.32,622.32,85.73,-83.01,-122.28,0.0,0.0,111208740.0,0.0034,0.0,0.0,2463.8351,0.0,0.0,0.0,0.0,0.0,3000,274000000000
424960,스마트레이더시스템,-15.52,-8.81,0.0,-56.08,-31.58,-52.7,76.19,215.81,215.81,56.76,98.39,21.99,0.0,0.0,9397297026.0,0.279,0.0,0.0,7.002,0.0,0.0,0.0,0.0,0.0,3990,65800000000
424980,마이크로투나노,-19.15,-9.88,0.0,-15.34,-22.27,-34.09,93.76,355.99,355.99,51.61,118.96,64.3,0.0,0.0,22228158731.0,0.4439,0.0,0.0,1.858,0.0,0.0,0.0,0.0,0.0,6970,41300000000
425040,티이엠씨,6.09,4.2,0.0,8.88,6.33,248.38,45.11,159.83,159.83,68.91,-9.84,26.07,0.0,0.0,279708410111.0,0.6631,10.35,0.0,0.6943,0.0,13.1,0.0,0.0,0.0,8860,194200000000
425420,티에프이,16.58,12.61,0.0,17.05,16.2,190.56,31.54,340.84,340.84,76.02,51.77,334.0,0.0,0.0,111742413458.0,0.778,25.79,0.0,5.1109,0.0,31.78,0.0,0.0,0.0,46250,571100000000
429270,시지트로닉스,-36.24,-23.54,0.0,-59.5,-62.85,-75.86,53.92,189.2,189.2,64.97,4.73,-20.69,0.0,0.0,12748957402.0,0.3746,0.0,0.0,1.7962,0.0,0.0,0.0,0.0,0.0,3550,22900000000
430690,한싹,-8.07,-5.6,0.0,-7.42,-10.51,-19.48,44.16,77.52,77.52,69.37,27.97,28.21,0.0,0.0,26257901602.0,0.5328,0.0,0.0,1.0549,0.0,0.0,0.0,0.0,0.0,2545,27700000000
431190,케이쓰리아이,-12.51,-9.32,0.0,-21.07,-25.71,-35.06,34.24,346.72,346.72,74.5,19.69,5.85,0.0,0.0,16639530720.0,0.3625,0.0,0.0,1.2981,0.0,0.0,0.0,0.0,0.0,2880,21600000000
432320,KB스타리츠,-37.81,-9.48,0.0,-238.36,-327.08,-724.48,298.69,15.87,15.87,25.08,-20.41,-372.26,0.0,0.0,30393926136.0,0.029,0.0,0.0,7.1692,0.0,0.0,0.0,0.0,0.0,1445,217900000000
432430,와이랩,-27.84,-21.15,0.0,-23.57,-23.28,-87.38,31.64,437.81,437.81,75.96,54.59,8.08,0.0,0.0,37069228892.0,0.9086,0.0,0.0,0.9388,0.0,0.0,0.0,0.0,0.0,2110,34800000000
432470,케이엔에스,-1.83,-1.16,0.0,-3.79,-2.54,-15.64,57.72,357.46,357.46,63.4,52.96,-293.65,0.0,0.0,41230345116.0,0.4575,0.0,0.0,2.1125,0.0,0.0,0.0,0.0,0.0,9930,87100000000
432720,퀄리타스반도체,-63.58,-27.81,0.0,-457.41,-431.59,-244.72,128.64,447.75,447.75,43.74,-11.93,-7.83,0.0,0.0,5350047190.0,0.0644,0.0,0.0,24.0559,0.0,0.0,0.0,0.0,0.0,9070,128700000000
432980,엠에프씨,2.73,2.3,0.0,1.43,3.95,2.97,18.7,358.98,358.98,84.25,0.95,-79.67,0.0,0.0,20799543231.0,0.583,0.0,0.0,1.0721,0.0,94.1,0.0,0.0,0.0,2595,22300000000
434480,모니터랩,1.74,1.32,0.0,4.92,3.49,9.43,32.07,392.16,392.16,75.72,28.57,246.53,0.0,0.0,19168619599.0,0.3772,17.15,0.0,1.7163,0.0,47.96,0.0,0.0,0.0,2675,32900000000
435570,에르코스,-11.49,-6.21,0.0,0.76,-17.38,2.7,84.96,37.23,37.23,54.06,-2.29,-91.65,0.0,0.0,35627647458.0,0.3574,0.0,0.0,1.5381,0.0,372.33,0.0,0.0,0.0,7190,54800000000
437730,삼현,7.36,4.8,0.0,0.85,10.2,8.05,53.4,442.06,442.06,65.19,-5.38,-85.4,0.0,0.0,95041722249.0,0.4703,0.0,0.0,10.709,0.0,1351.18,0.0,0.0,0.0,32100,1017800000000
438700,버넥트,-16.69,-10.88,0.0,-274.16,-162.54,-84.91,53.38,245.28,245.28,65.2,-32.66,33.13,0.0,0.0,3097045412.0,0.0669,0.0,0.0,6.9098,0.0,0.0,0.0,0.0,0.0,1920,21400000000
439090,마녀공장,7.44,6.88,0.0,9.25,8.08,104.55,8.16,1706.64,1706.64,92.45,-11.65,-43.66,0.0,0.0,113016260841.0,0.8517,21.37,0.0,2.5271,0.0,28.27,0.0,0.0,0.0,17420,285600000000
439260,대한조선,22.77,16.17,0.0,23.95,20.26,2941.03,40.8,273.59,273.59,71.02,14.21,86.07,0.0,0.0,1228128117609.0,0.7985,5.99,0.0,1.4731,0.0,7.67,0.0,0.0,0.0,47500,1809200000000
439580,블루엠텍,-10.06,-4.1,0.0,-1.06,-2.43,-19.71,145.24,71.05,71.05,40.78,39.48,71.42,0.0,0.0,185905308362.0,1.6906,15.69,0.0,0.3572,0.0,0.0,0.0,0.0,0.0,1961,66400000000
440110,파두,-385.05,-62.26,0.0,-70.84,-82.47,-654.7,518.5,106.72,106.72,16.17,112.44,31.12,0.0,0.0,92419333233.0,0.7549,0.0,0.0,35.6235,0.0,0.0,0.0,0.0,0.0,65700,3292300000000
440290,HB인베스트먼트,6.93,6.48,0.0,41.71,35.29,72.58,6.94,0.0,0.0,93.51,14.83,11.75,0.0,0.0,17401010000.0,0.1836,7.29,0.0,2.7527,0.0,7.45,0.0,0.0,0.0,1742,47900000000
440320,오픈놀,-16.46,-8.7,0.0,-3.13,-7.28,-27.64,89.28,127.42,127.42,52.83,73.85,-2827.27,0.0,0.0,88269276682.0,1.194,0.0,0.0,0.2787,0.0,0.0,0.0,0.0,0.0,2460,24600000000
441270,파인엠텍,-7.03,-3.61,0.0,0.81,-6.46,19.35,94.54,108.47,108.47,51.4,-37.43,124.46,0.0,0.0,239121107842.0,0.5595,0.0,0.0,1.4683,0.0,288.81,0.0,0.0,0.0,8320,351100000000
443060,HD현대마린솔루션,32.69,21.19,0.0,17.66,13.6,3501.41,54.27,290.36,290.36,64.82,13.59,28.86,0.0,0.0,1982700659426.0,1.5583,27.82,0.0,4.692,0.0,27.85,0.0,0.0,0.0,207500,9302900000000
443250,레뷰코퍼레이션,12.42,7.17,0.0,15.73,11.36,88.79,73.22,188.07,188.07,57.73,18.05,15.27,0.0,0.0,56457817420.0,0.6313,11.96,0.0,1.1247,0.0,11.41,0.0,0.0,0.0,5870,63500000000
443670,에스피소프트,5.63,4.8,0.0,6.64,7.0,36.17,17.42,455.95,455.95,85.16,20.76,-3.72,0.0,0.0,54483055562.0,0.6854,23.38,0.0,1.6482,0.0,28.09,0.0,0.0,0.0,3740,89800000000
444920,유안타제11호기업인수목적,1.87,1.63,0.0,0.0,0.0,-0.35,15.37,5704834.45,5704834.45,86.68,0.0,4.69,0.0,0.0,0.0,0.0,0.0,0.0,0.0,0.0,0.0,0.0,0.0,0.0,0,0
445090,에이직랜드,-48.04,-12.02,0.0,-37.86,-36.45,-275.78,299.71,87.98,87.98,25.02,-22.55,-62.52,0.0,0.0,72849892092.0,0.3297,0.0,0.0,3.1119,0.0,0.0,0.0,0.0,0.0,20750,226700000000
445180,퓨릿,14.1,12.35,0.0,12.08,10.63,172.18,14.23,424.03,424.03,87.54,16.33,23.34,0.0,0.0,142546874717.0,1.1613,8.01,0.0,1.0298,0.0,9.41,0.0,0.0,0.0,8540,146800000000
446070,유니드비티플러스,-2.06,-1.8,0.0,-5.81,-2.51,-91.52,14.82,581.39,581.39,87.09,-19.17,-399.63,0.0,0.0,157531389366.0,0.7148,0.0,0.0,0.266,0.0,0.0,0.0,0.0,0.0,3950,41900000000
446150,유안타제12호기업인수목적,1.57,1.41,0.0,0.0,0.0,-0.97,11.23,0.0,0.0,89.9,0.0,-41.34,0.0,0.0,0.0,0.0,0.0,0.0,0.0,0.0,0.0,0.0,0.0,0.0,0,0
446540,메가터치,-5.46,-4.57,0.0,-9.65,-6.61,-41.75,19.65,308.94,308.94,83.58,-18.4,-204.45,0.0,0.0,43240176069.0,0.6906,22.39,0.0,4.7872,0.0,0.0,0.0,0.0,0.0,7120,207000000000
446840,지슨,-141.73,-55.52,0.0,-58.82,-94.98,-66.44,155.28,249.83,249.83,39.17,-16.79,-276.39,0.0,0.0,11295873816.0,0.5845,0.0,0.0,3.2313,0.0,0.0,0.0,0.0,0.0,3315,36500000000
448280,에코아이,1.42,1.25,0.0,3.08,5.77,9.53,14.1,1953.47,1953.47,87.64,19.97,379.36,0.0,0.0,30916305223.0,0.2163,53.85,0.0,9.2378,0.0,318.14,0.0,0.0,0.0,9640,285600000000
448710,코츠테크놀로지,13.7,6.09,0.0,12.21,10.83,83.15,124.84,287.24,287.24,44.48,4.82,-12.28,0.0,0.0,68114262512.0,0.563,8.51,0.0,0.9264,0.0,15.67,0.0,0.0,0.0,11930,63100000000
448730,삼성FN리츠,0.75,0.35,0.0,60.5,25.08,74.03,113.53,7.5,7.5,46.83,0.7,-1.93,0.0,0.0,12236124626.0,0.0141,152.78,0.0,40.928,0.0,129.99,0.0,0.0,0.0,5500,500800000000
448900,한국피아이엠,-0.1,-0.06,0.0,3.94,-0.15,14.56,50.76,167.66,167.66,66.33,-1.38,-59.64,0.0,0.0,36931110519.0,0.43,139.78,0.0,8.3236,0.0,231.06,0.0,0.0,0.0,50600,307400000000
450050,하이제8호기업인수목적,1.68,1.51,0.0,0.0,0.0,-0.29,11.32,1018.91,1018.91,89.83,0.0,-17.86,0.0,0.0,0.0,0.0,0.0,0.0,0.0,0.0,0.0,0.0,0.0,0.0,0,0
450080,에코프로머티,2.11,1.39,0.0,-16.65,6.14,-653.69,51.05,74.97,74.97,66.2,30.9,-1.0,0.0,0.0,392506172705.0,0.227,40.78,0.0,6.9821,0.0,0.0,0.0,0.0,0.0,38700,2740500000000
450140,코오롱모빌리티그룹,-0.65,-0.18,0.0,1.0,-0.07,234.23,264.81,76.21,76.21,27.41,4.09,33.32,0.0,0.0,2350332374842.0,2.5788,0.0,0.0,0.0,0.0,0.0,0.0,0.0,0.0,0,0
450330,하스,3.34,2.82,0.0,5.44,9.33,9.03,18.26,406.84,406.84,84.56,2.64,-27.07,0.0,0.0,16590608547.0,0.3025,0.0,0.0,2.5195,0.0,55.68,0.0,0.0,0.0,5100,41800000000
450520,인스웨이브,-8.58,-6.59,0.0,-12.46,-8.92,-48.55,30.23,533.02,533.02,76.79,28.1,-35.11,0.0,0.0,38958024167.0,0.7385,0.0,0.0,0.7162,0.0,0.0,0.0,0.0,0.0,1900,27900000000
450940,유안타제14호기업인수목적,1.54,1.23,0.0,0.0,0.0,-0.32,24.66,5258199024.55,5258199024.55,80.22,0.0,11.14,0.0,0.0,0.0,0.0,0.0,0.0,0.0,0.0,0.0,0.0,0.0,0.0,0,0
450950,아스테라시스,19.7,17.64,0.0,27.39,24.27,103.92,11.65,877.18,877.18,89.56,31.6,55.94,0.0,0.0,37943714291.0,0.7267,33.33,0.0,5.3553,0.0,20.08,0.0,0.0,0.0,5400,203200000000
451220,아이엠티,3.17,1.45,0.0,0.48,2.95,1.59,118.49,119.95,119.95,45.77,142.85,107.34,0.0,0.0,32943967760.0,0.4909,72.18,0.0,2.14,0.0,673.72,0.0,0.0,0.0,8950,70500000000
451250,삐아,10.7,9.08,0.0,6.58,7.0,44.69,17.8,683.53,683.53,84.89,17.92,-19.32,0.0,0.0,67972288390.0,1.2982,11.22,0.0,1.1578,0.0,19.38,0.0,0.0,0.0,7700,78700000000
451700,엔에이치기업인수목적29호,1.95,1.79,0.0,0.0,0.0,-0.53,9.33,929774.45,929774.45,91.46,0.0,-0.79,0.0,0.0,0.0,0.0,0.0,0.0,0.0,0.0,0.0,0.0,0.0,0.0,0,0
451760,컨텍,-5.81,-3.79,0.0,-18.61,-11.9,-161.7,53.42,167.47,167.47,65.18,25.97,-32.69,0.0,0.0,86898165034.0,0.3182,13.7,0.0,1.366,0.0,0.0,0.0,0.0,0.0,7190,118700000000
451800,한화리츠,1.67,0.75,0.0,57.26,22.16,300.14,123.4,42.91,42.91,44.76,3.9,-2.95,0.0,0.0,52416442074.0,0.0337,55.15,0.0,18.332,0.0,60.65,0.0,0.0,0.0,5350,960900000000
452160,제이엔비,-1.12,-0.62,0.0,1.18,-3.0,1.75,80.13,104.48,104.48,55.52,-7.06,-94.8,0.0,0.0,14901644432.0,0.2065,0.0,0.0,2.0803,0.0,360.32,0.0,0.0,0.0,3225,31000000000
452200,민테크,-7.44,-4.5,0.0,-41.87,-11.96,-88.0,65.2,265.61,265.61,60.53,0.75,19.73,0.0,0.0,21016073455.0,0.3765,0.0,0.0,1.9414,0.0,0.0,0.0,0.0,0.0,1677,40800000000
452260,한화갤러리아,0.4,0.16,0.0,1.64,0.58,94.14,144.6,51.9,51.9,40.88,6.85,177.72,0.0,0.0,575165691122.0,0.2851,15.38,0.0,0.6892,0.0,168.78,0.0,0.0,0.0,2045,396400000000
452280,한선엔지니어링,13.07,6.36,0.0,15.42,14.13,97.5,105.7,176.47,176.47,48.61,30.23,98.05,0.0,0.0,63216280322.0,0.4496,20.56,0.0,3.2428,0.0,28.44,0.0,0.0,0.0,10650,205000000000
452300,캡스톤파트너스,6.7,5.65,0.0,31.3,30.83,23.39,18.57,189.06,189.06,84.34,-22.9,6.53,0.0,0.0,7473416657.0,0.1834,13.82,0.0,4.429,0.0,16.88,0.0,0.0,0.0,2335,33100000000
452400,이닉스,0.19,0.16,0.0,-0.82,0.19,-10.01,16.8,391.73,391.73,85.62,17.29,34.78,0.0,0.0,122587961259.0,0.868,75.38,0.0,0.4462,0.0,0.0,0.0,0.0,0.0,6030,54700000000
452430,사피엔반도체,-37.21,-15.15,0.0,-26.37,-27.66,-45.65,145.68,90.72,90.72,40.7,116.61,-32.46,0.0,0.0,17312155993.0,0.5476,0.0,0.0,14.279,0.0,0.0,0.0,0.0,0.0,29950,247200000000
452450,피아이이,-43.68,-16.38,0.0,-32.6,-37.81,-212.17,166.65,188.47,188.47,37.5,-47.53,-324.94,0.0,0.0,65088392269.0,0.4332,0.0,0.0,1.8375,0.0,0.0,0.0,0.0,0.0,3320,119600000000
452980,신한제11호기업인수목적,1.99,1.77,0.0,0.0,0.0,-0.46,12.64,40440.15,40440.15,88.78,0.0,11.14,0.0,0.0,0.0,0.0,0.0,0.0,0.0,0.0,0.0,0.0,0.0,0.0,0,0
453340,현대그린푸드,12.03,8.52,0.0,4.58,3.77,1067.95,41.13,187.72,187.72,70.86,2.61,10.47,0.0,0.0,2329622621000.0,2.2627,5.91,0.0,0.2634,0.0,8.56,0.0,0.0,0.0,18900,613700000000
453450,그리드위즈,1.52,1.07,0.0,0.65,1.61,8.16,41.68,331.21,331.21,70.58,0.75,118.8,0.0,0.0,125608613271.0,0.6659,95.17,0.0,0.8964,0.0,205.91,0.0,0.0,0.0,14180,112600000000
453860,에이에스텍,3.65,1.99,0.0,-0.45,8.76,-1.1,83.19,109.11,109.11,54.59,-42.31,-101.27,0.0,0.0,24560444117.0,0.2275,0.0,0.0,2.2638,0.0,0.0,0.0,0.0,0.0,8620,55600000000
454910,두산로보틱스,-15.92,-13.9,0.0,-180.34,-168.28,-594.72,14.57,959.54,959.54,87.29,-29.58,-44.34,0.0,0.0,32978338354.0,0.0826,0.0,0.0,139.5522,0.0,0.0,0.0,0.0,0.0,71000,4602200000000
455180,케이지에이,-22.92,-9.46,0.0,-20.35,-53.13,-36.88,142.45,49.23,49.23,41.25,-64.76,-208.23,0.0,0.0,18123087764.0,0.178,0.0,0.0,1.1312,0.0,0.0,0.0,0.0,0.0,1392,20500000000
455250,케이비제25호기업인수목적,1.95,1.68,0.0,0.0,0.0,-0.32,16.19,0.0,0.0,86.06,0.0,63.56,0.0,0.0,0.0,0.0,0.0,0.0,0.0,0.0,0.0,0.0,0.0,0.0,0,0
455310,한화플러스제4호기업인수목적,1.49,1.25,0.0,0.0,0.0,-0.6,19.81,4712783.72,4712783.72,83.46,0.0,5.85,0.0,0.0,0.0,0.0,0.0,0.0,0.0,0.0,0.0,0.0,0.0,0.0,0,0
455900,엔젤로보틱스,-29.78,-26.23,0.0,-221.41,-209.32,-102.76,13.51,2342.68,2342.68,88.1,10.22,5.21,0.0,0.0,4641312180.0,0.1253,0.0,0.0,68.9891,0.0,0.0,0.0,0.0,0.0,20800,320200000000
455910,에스케이증권제9호기업인수목적,1.52,1.38,0.0,0.0,0.0,-0.33,10.11,1089.46,1089.46,90.82,0.0,-2.68,0.0,0.0,0.0,0.0,0.0,0.0,0.0,0.0,0.0,0.0,0.0,0.0,0,0
456010,아이씨티케이,-15.2,-9.12,0.0,-220.49,-166.16,-88.64,66.63,193.02,193.02,60.01,-39.85,-32.59,0.0,0.0,4020136626.0,0.0549,0.0,0.0,57.0627,0.0,0.0,0.0,0.0,0.0,15820,229400000000
456040,OCI,-5.88,-3.01,0.0,0.02,-3.41,4.4,95.38,150.49,150.49,51.18,-9.29,-99.6,0.0,0.0,2009429144000.0,0.883,85.82,0.0,0.3694,0.0,4207.73,0.0,0.0,0.0,82900,742200000000
456070,이엔셀,-40.88,-25.28,0.0,-340.44,-306.3,-179.03,61.69,1358.51,1358.51,61.85,-27.06,-14.15,0.0,0.0,5258687306.0,0.0825,0.0,0.0,12.4175,0.0,0.0,0.0,0.0,0.0,5920,65300000000
456160,지투지바이오,-20.72,-17.84,0.0,-2884.22,-2857.07,-122.02,16.13,735.29,735.29,86.11,-44.98,-13.37,0.0,0.0,423070926.0,0.0062,0.0,0.0,1625.2594,0.0,0.0,0.0,0.0,0.0,41350,687600000000
456490,교보14호기업인수목적,1.16,0.96,0.0,0.0,0.0,-0.56,21.31,569.2,569.2,82.43,0.0,-5.45,0.0,0.0,0.0,0.0,0.0,0.0,0.0,0.0,0.0,0.0,0.0,0.0,0,0
457190,이수스페셜티케미컬,0.58,0.21,0.0,0.39,0.19,16.15,175.8,69.34,69.34,36.26,23.91,-88.63,0.0,0.0,411470361000.0,1.123,319.63,0.0,5.1408,0.0,1454.17,0.0,0.0,0.0,70000,2115300000000
457370,한켐,9.73,8.79,0.0,14.31,17.03,48.52,10.76,967.02,967.02,90.29,-7.63,-25.78,0.0,0.0,33895952208.0,0.516,13.41,0.0,2.0386,0.0,15.56,0.0,0.0,0.0,8570,69100000000
457550,우진엔텍,10.39,9.21,0.0,11.29,11.85,50.58,12.79,673.51,673.51,88.66,1.93,-4.9,0.0,0.0,44807184983.0,0.7775,20.47,0.0,2.8299,0.0,26.36,0.0,0.0,0.0,13610,126800000000
457600,벡트,-28.2,-13.04,0.0,-7.7,-11.72,-34.29,116.34,109.39,109.39,46.22,-31.13,-166.95,0.0,0.0,44543769991.0,1.1125,0.0,0.0,1.6837,0.0,0.0,0.0,0.0,0.0,5470,75000000000
457630,대신밸런스제16호기업인수목적,1.36,1.25,0.0,0.0,0.0,-0.81,8.56,445311.1,445311.1,92.11,0.0,34.34,0.0,0.0,0.0,0.0,0.0,0.0,0.0,0.0,0.0,0.0,0.0,0.0,0,0
457940,에스케이증권제10호기업인수목적,0.99,0.8,0.0,0.0,0.0,-0.34,24.36,510.56,510.56,80.41,0.0,0.79,0.0,0.0,0.0,0.0,0.0,0.0,0.0,0.0,0.0,0.0,0.0,0.0,0,0
458350,에스팀,13.49,8.29,0.0,7.0,5.91,24.62,62.77,221.69,221.69,61.43,-1.19,22.51,0.0,0.0,35151802281.0,1.402,60.71,0.0,0.8392,0.0,15.91,0.0,0.0,0.0,3400,29500000000
458610,한국제12호기업인수목적,1.26,1.01,0.0,0.0,0.0,-0.43,24.56,11813182.17,11813182.17,80.28,0.0,25.42,0.0,0.0,0.0,0.0,0.0,0.0,0.0,0.0,0.0,0.0,0.0,0.0,0,0
458650,성우,2.18,1.99,0.0,1.22,5.73,10.41,9.59,1274.89,1274.89,91.25,-34.65,-92.89,0.0,0.0,85550263958.0,0.3469,14.38,0.0,1.3968,0.0,135.56,0.0,0.0,0.0,7940,119500000000
458870,씨어스,40.5,29.6,0.0,33.89,33.31,163.27,36.81,374.32,374.32,73.09,494.72,288.07,0.0,0.0,48170737719.0,0.8887,19.19,0.0,16.8359,0.0,50.57,0.0,0.0,0.0,21150,811000000000
459100,위츠,6.21,1.8,0.0,1.54,1.69,25.91,245.04,80.55,80.55,28.98,85.89,19.06,0.0,0.0,168722438145.0,1.066,22.7,0.0,0.339,0.0,65.46,0.0,0.0,0.0,4245,57200000000
459510,나우로보틱스,-51.5,-26.01,0.0,-65.51,-66.45,-82.06,98.01,214.85,214.85,50.5,3.87,-187.29,0.0,0.0,12526033167.0,0.3914,0.0,0.0,15.376,0.0,0.0,0.0,0.0,0.0,14840,192600000000
459550,알트,10.52,8.14,0.0,7.94,4.5,89.67,29.32,427.51,427.51,77.33,-11.49,-41.41,0.0,0.0,112948434552.0,1.8096,0.0,0.0,0.5135,0.0,8.05,0.0,0.0,0.0,2300,58000000000
460470,아이빔테크놀로지,-13.76,-12.58,0.0,-94.91,-86.9,-41.53,9.37,1966.08,1966.08,91.43,22.77,3.63,0.0,0.0,4375864077.0,0.1448,0.0,0.0,9.8266,0.0,0.0,0.0,0.0,0.0,2845,43000000000
460850,동국씨엠,-6.68,-2.58,0.0,-1.4,-2.52,-388.28,159.06,79.53,79.53,38.6,27.96,-150.21,0.0,0.0,2768703132346.0,1.0215,0.0,0.0,0.0572,0.0,0.0,0.0,0.0,0.0,5300,158500000000
460860,동국제강,0.44,0.2,0.0,1.85,0.26,593.8,119.4,83.2,83.2,45.58,-9.19,-42.05,0.0,0.0,3203431341223.0,0.7748,35.09,0.0,0.1581,0.0,46.42,0.0,0.0,0.0,10210,506500000000
460870,에스엠씨지,3.2,1.87,0.0,8.86,2.39,49.43,70.85,152.19,152.19,58.53,2.23,11.15,0.0,0.0,55788407335.0,0.7835,14.87,0.0,1.0594,0.0,17.93,0.0,0.0,0.0,2945,59100000000
460930,현대힘스,8.46,6.42,0.0,11.59,8.62,287.64,31.81,192.25,192.25,75.86,11.22,33.48,0.0,0.0,248203831277.0,0.7446,19.22,0.0,1.9299,0.0,19.45,0.0,0.0,0.0,13490,479000000000
460940,피앤에스로보틱스,6.36,6.1,0.0,13.12,36.0,10.02,4.31,3875.96,3875.96,95.87,7.52,-38.0,0.0,0.0,7639478060.0,0.1694,51.52,0.0,8.9797,0.0,70.29,0.0,0.0,0.0,5100,68600000000
461030,아이엠비디엑스,-31.53,-29.25,0.0,-162.6,-148.89,-86.64,7.77,1537.0,1537.0,92.79,56.4,18.35,0.0,0.0,5328626310.0,0.1965,0.0,0.0,8.1447,0.0,0.0,0.0,0.0,0.0,3030,43400000000
461300,아이스크림미디어,24.05,18.43,0.0,31.53,25.1,617.63,30.51,259.55,259.55,76.62,28.74,33.97,0.0,0.0,195910648546.0,0.7342,3.58,0.0,1.3205,0.0,5.2,0.0,0.0,0.0,19400,258700000000
462020,에이치엠씨아이비제6호기업인수목적,1.89,1.7,0.0,0.0,0.0,-0.29,11.23,3681827.85,3681827.85,89.9,0.0,20.99,0.0,0.0,0.0,0.0,0.0,0.0,0.0,0.0,0.0,0.0,0.0,0.0,0,0
462350,이노스페이스,-144.34,-107.18,0.0,-2630.5,-2734.28,-722.46,34.67,256.14,256.14,74.26,18573.43,-119.56,0.0,0.0,2746488690.0,0.0392,0.0,0.0,73.9126,0.0,0.0,0.0,0.0,0.0,5990,203000000000
462510,라메디텍,-135.0,-45.11,0.0,-164.78,-158.15,-118.44,199.28,165.18,165.18,33.41,9.28,-22.58,0.0,0.0,7187488048.0,0.2852,0.0,0.0,3.52,0.0,0.0,0.0,0.0,0.0,2870,25300000000
462520,조선내화,1.34,0.62,0.0,4.48,0.58,238.6,116.28,85.91,85.91,46.24,6.27,19.19,0.0,0.0,532032570000.0,1.0633,0.0,0.0,0.2927,0.0,17.8,0.0,0.0,0.0,13130,155700000000
462980,아이지넷,11.57,5.08,0.0,8.53,6.55,33.3,127.51,167.4,167.4,43.95,67.17,844.72,0.0,0.0,39018670597.0,0.776,9.57,0.0,0.733,0.0,17.05,0.0,0.0,0.0,1570,28600000000
463020,뉴엔AI,-1.97,-1.83,0.0,-5.89,-5.61,-11.09,7.74,1200.0,1200.0,92.82,-4.55,-358.51,0.0,0.0,18819000000.0,0.3266,0.0,0.0,4.251,0.0,0.0,0.0,0.0,0.0,8900,80000000000
463480,모티브링크,-0.31,-0.18,0.0,-2.56,-0.17,-17.23,74.29,179.81,179.81,57.38,9.19,-200.08,0.0,0.0,67411311418.0,1.0534,0.0,0.0,0.7432,0.0,0.0,0.0,0.0,0.0,4045,50100000000
464080,에스오에스랩,-66.92,-22.53,0.0,-265.06,-290.86,-161.31,197.11,688.27,688.27,33.66,23.3,-25.73,0.0,0.0,6086041489.0,0.0774,0.0,0.0,30.0195,0.0,0.0,0.0,0.0,0.0,10140,182700000000
464280,티디에스팜,9.99,7.89,0.0,13.63,15.48,37.65,26.57,266.06,266.06,79.01,0.37,0.95,0.0,0.0,27620873511.0,0.5101,6.5,0.0,1.2129,0.0,11.92,0.0,0.0,0.0,6060,33500000000
464440,한국제13호기업인수목적,1.48,1.25,0.0,0.0,0.0,-0.55,17.8,625167.11,625167.11,84.89,0.0,-0.16,0.0,0.0,0.0,0.0,0.0,0.0,0.0,0.0,0.0,0.0,0.0,0.0,0,0
464490,쿼드메디슨,-22.5,-13.54,0.0,0.0,0.0,-63.84,66.17,286.86,286.86,60.18,0.0,-43.49,0.0,0.0,0.0,0.0,0.0,0.0,0.0,0.0,0.0,0.0,0.0,0.0,5070,58200000000
464500,아이언디바이스,-17.04,-13.27,0.0,-55.04,-44.83,-55.74,28.38,560.22,560.22,77.9,20.97,-14.33,0.0,0.0,10127280088.0,0.2961,0.0,0.0,2.5574,0.0,0.0,0.0,0.0,0.0,1852,25900000000
464580,닷밀,2.32,1.73,0.0,0.36,2.35,1.23,34.06,260.9,260.9,74.59,43.21,-88.03,0.0,0.0,33841306055.0,0.736,0.0,0.0,0.8954,0.0,342.64,0.0,0.0,0.0,1646,30300000000
464680,케이비제27호기업인수목적,2.11,1.82,0.0,0.0,0.0,-0.32,15.75,133483.84,133483.84,86.39,0.0,0.33,0.0,0.0,0.0,0.0,0.0,0.0,0.0,0.0,0.0,0.0,0.0,0.0,0,0
465320,교보15호스팩,0.87,0.72,0.0,0.0,0.0,-0.87,19.9,0.0,0.0,83.4,0.0,-93.42,0.0,0.0,0.0,0.0,133.44,0.0,0.0,0.0,0.0,0.0,0.0,0.0,2135,8100000000
465480,인스피언,4.78,4.39,0.0,12.73,13.36,25.5,8.84,462.18,462.18,91.88,5.18,-32.63,0.0,0.0,20022055489.0,0.3284,4.25,0.0,1.7631,0.0,15.79,0.0,0.0,0.0,3485,35300000000
465770,STX그린로지스,-125.45,-23.77,0.0,-6.52,-19.72,-124.73,427.8,36.3,36.3,18.95,171.3,-274.26,0.0,0.0,191383881379.0,1.2054,0.0,0.0,0.1223,0.0,0.0,0.0,0.0,0.0,3240,23400000000
466100,클로봇,0.0,0.0,0.0,-7.68,0.0,-31.81,20.84,624.86,624.86,82.75,23.99,57.54,0.0,0.0,41406081428.0,0.5669,0.0,0.0,15.5557,0.0,0.0,0.0,0.0,0.0,25300,644100000000
466410,사이냅소프트,8.18,7.91,0.0,34.69,42.33,46.74,3.39,2424.52,2424.52,96.72,1.66,-7.89,0.0,0.0,13472225245.0,0.1869,7.67,0.0,3.2214,0.0,9.79,0.0,0.0,0.0,8610,43400000000
466690,키움히어로제1호스팩,-0.31,-0.27,0.0,0.0,0.0,-0.3,13.49,841.33,841.33,88.11,0.0,-7.59,0.0,0.0,0.0,0.0,333.33,0.0,0.0,0.0,0.0,0.0,0.0,0.0,2000,10200000000
466910,엔에이치기업인수목적30호,1.89,1.65,0.0,0.0,0.0,-1.06,14.6,0.0,0.0,87.26,0.0,-148.94,0.0,0.0,0.0,0.0,0.0,0.0,0.0,0.0,0.0,0.0,0.0,0.0,0,0
467930,아이비케이에스제23호기업인수목적,1.6,1.35,0.0,0.0,0.0,-0.34,18.59,0.0,0.0,84.32,0.0,36.23,0.0,0.0,0.0,0.0,0.0,0.0,0.0,0.0,0.0,0.0,0.0,0.0,0,0
468530,프로티나,-31.76,-28.38,0.0,-385.23,-305.39,-113.68,11.91,1515.06,1515.06,89.36,28.26,-24.63,0.0,0.0,2950918349.0,0.0929,0.0,0.0,131.0778,0.0,0.0,0.0,0.0,0.0,35050,386800000000
468760,유진스팩10호,1.48,1.25,0.0,0.0,0.0,-0.43,18.47,0.0,0.0,84.41,0.0,-1.03,0.0,0.0,0.0,0.0,99.05,0.0,0.0,0.0,0.0,0.0,0.0,0.0,2080,8800000000
469480,IBKS제24호스팩,1.34,1.13,0.0,0.0,0.0,-0.37,18.37,0.0,0.0,84.48,0.0,15.71,0.0,0.0,0.0,0.0,163.85,0.0,0.0,0.0,0.0,0.0,0.0,0.0,2130,9000000000
469610,이노테크,13.24,9.07,0.0,11.41,11.26,86.38,46.08,384.39,384.39,68.46,23.72,51.44,0.0,0.0,75699364393.0,0.8053,15.35,0.0,1.8666,0.0,19.79,0.0,0.0,0.0,15800,141300000000
469750,아이비젼웍스,-1.09,-0.84,0.0,-1.7,-1.7,-3.91,28.94,364.04,364.04,77.56,-34.6,-116.39,0.0,0.0,23001097577.0,0.4941,35.0,0.0,1.4173,0.0,0.0,0.0,0.0,0.0,945,32600000000
469880,하나30호기업인수목적,1.66,1.39,0.0,0.0,0.0,-0.33,18.88,54806.09,54806.09,84.12,0.0,18.89,0.0,0.0,0.0,0.0,0.0,0.0,0.0,0.0,0.0,0.0,0.0,0.0,0,0
469900,하나31호스팩,1.55,1.34,0.0,0.0,0.0,-0.31,15.96,47949.53,47949.53,86.24,0.0,33.33,0.0,0.0,0.0,0.0,65.47,0.0,0.0,0.0,0.0,0.0,0.0,0.0,2095,11700000000
471050,대신밸런스제17호스팩,1.3,1.18,0.0,0.0,0.0,-0.8,10.5,60767.16,60767.16,90.49,0.0,-24.96,0.0,0.0,0.0,0.0,302.86,0.0,0.0,0.0,0.0,0.0,0.0,0.0,2120,12800000000
471820,셀로맥스사이언스,0.0,0.0,0.0,12.78,0.0,28.35,8.5,520.32,520.32,92.16,2.56,-48.45,0.0,0.0,22183949136.0,0.4358,15.49,0.0,2.0916,0.0,17.77,0.0,0.0,0.0,4105,46400000000
472220,신영스팩10호,1.54,1.32,0.0,0.0,0.0,-0.41,16.32,110.48,110.48,85.97,0.0,8.52,0.0,0.0,0.0,0.0,81.15,0.0,0.0,0.0,0.0,0.0,0.0,0.0,2110,9900000000
472230,SK증권제11호스팩,1.17,0.98,0.0,0.0,0.0,-0.36,20.34,591.64,591.64,83.1,0.0,-4.62,0.0,0.0,0.0,0.0,100.24,0.0,0.0,0.0,0.0,0.0,0.0,0.0,2105,8700000000
472850,폰드그룹,16.38,9.15,0.0,11.82,9.11,573.77,79.12,159.27,159.27,55.83,31.71,38.85,0.0,0.0,485569158574.0,1.0038,8.31,0.0,0.6355,0.0,9.1,0.0,0.0,0.0,5360,308600000000
473000,SK증권제12호스팩,0.6,0.48,0.0,0.0,0.0,-0.34,23.32,528.76,528.76,81.09,0.0,-0.05,0.0,0.0,0.0,0.0,296.43,0.0,0.0,0.0,0.0,0.0,0.0,0.0,2075,6900000000
473050,유안타제15호스팩,1.72,1.53,0.0,0.0,0.0,-0.38,12.01,143419.82,143419.82,89.28,0.0,-15.83,0.0,0.0,0.0,0.0,67.9,0.0,0.0,0.0,0.0,0.0,0.0,0.0,2105,14800000000
473950,SK증권제13호스팩,1.1,0.94,0.0,0.0,0.0,-0.4,16.6,0.0,0.0,85.76,0.0,15.06,0.0,0.0,0.0,0.0,170.83,0.0,0.0,0.0,0.0,0.0,0.0,0.0,2050,9100000000
473980,노머스,14.32,12.87,0.0,16.3,19.61,123.4,11.28,680.43,680.43,89.86,9.89,50.83,0.0,0.0,75725779285.0,0.6562,8.68,0.0,1.6956,0.0,11.35,0.0,0.0,0.0,11800,128400000000
474170,루미르,0.07,0.07,0.0,-5.62,0.43,-5.94,12.99,576.65,576.65,88.5,-25.98,50.54,0.0,0.0,10568518218.0,0.1524,0.0,0.0,10.976,0.0,0.0,0.0,0.0,0.0,6510,116000000000
474490,유안타제16호스팩,1.9,1.64,0.0,0.0,0.0,-0.37,15.31,361801.7,361801.7,86.72,0.0,10.79,0.0,0.0,0.0,0.0,59.29,0.0,0.0,0.0,0.0,0.0,0.0,0.0,2075,11400000000
474610,RF시스템즈,10.44,6.24,0.0,10.63,13.51,40.56,67.27,187.58,187.58,59.79,16.84,140.62,0.0,0.0,38174363248.0,0.462,16.32,0.0,2.816,0.0,34.69,0.0,0.0,0.0,7460,107500000000
474650,링크솔루션,-18.3,-10.58,0.0,-56.21,-53.22,-73.78,72.92,185.77,185.77,57.83,17.31,-84.58,0.0,0.0,13124605399.0,0.1988,0.0,0.0,10.9337,0.0,0.0,0.0,0.0,0.0,24950,143500000000
474660,신한제12호스팩,1.82,1.56,0.0,0.0,0.0,-0.47,16.84,159.6,159.6,85.59,0.0,80.78,0.0,0.0,0.0,0.0,59.71,0.0,0.0,0.0,0.0,0.0,0.0,0.0,2090,11500000000
474930,신한제13호스팩,1.78,1.64,0.0,0.0,0.0,-0.37,8.11,5554615.69,5554615.69,92.49,0.0,-9.34,0.0,0.0,0.0,0.0,67.74,0.0,0.0,0.0,0.0,0.0,0.0,0.0,2100,7600000000
475040,스트라드비젼,-246.1,-118.59,0.0,-323.56,-343.65,-585.95,107.52,233.97,233.97,48.19,56.93,8.27,0.0,0.0,18109229713.0,0.3451,0.0,0.0,9.0782,0.0,0.0,0.0,0.0,0.0,3055,164400000000
475150,SK이터닉스,11.25,2.33,0.0,13.74,7.97,529.98,382.37,88.79,88.79,20.73,16.1,40.81,0.0,0.0,385640769900.0,0.2928,250.0,0.0,4.8587,0.0,55.05,0.0,0.0,0.0,55000,1873700000000
475230,엔알비,-0.62,-0.3,0.0,7.56,-0.9,44.99,104.98,41.71,41.71,48.78,12.65,-27.62,0.0,0.0,59481544678.0,0.3394,20.66,0.0,1.9502,0.0,45.73,0.0,0.0,0.0,10640,116000000000
475240,하나32호스팩,1.59,1.38,0.0,0.0,0.0,-0.35,15.22,30694.19,30694.19,86.79,0.0,7.22,0.0,0.0,0.0,0.0,72.24,0.0,0.0,0.0,0.0,0.0,0.0,0.0,2095,6700000000
475250,하나33호스팩,1.87,1.61,0.0,0.0,0.0,-0.33,15.6,10404238.97,10404238.97,86.5,0.0,-53.16,0.0,0.0,0.0,0.0,57.92,0.0,0.0,0.0,0.0,0.0,0.0,0.0,2085,7700000000
475400,씨메스로보틱스,-28.45,-24.34,0.0,-141.02,-128.49,-184.11,16.89,619.43,619.43,85.55,89.54,-28.86,0.0,0.0,13056154094.0,0.1894,0.0,0.0,16.5516,0.0,0.0,0.0,0.0,0.0,18300,216100000000
475430,키스트론,4.65,4.11,0.0,10.67,12.71,73.95,13.04,775.92,775.92,88.46,0.52,25.33,0.0,0.0,69316361099.0,0.3232,5.54,0.0,1.1094,0.0,13.74,0.0,0.0,0.0,4310,76900000000
475460,미트박스,4.61,1.76,0.0,0.0,0.0,29.06,161.87,242.82,242.82,38.19,0.0,-6.83,0.0,0.0,0.0,0.0,12.51,0.0,0.0,0.0,33.95,0.0,0.0,0.0,6670,37700000000
475580,에이럭스,-20.72,-10.1,0.0,-16.62,-14.95,-104.74,105.16,134.46,134.46,48.74,14.49,-448.65,0.0,0.0,63015993000.0,0.6753,0.0,0.0,1.6186,0.0,0.0,0.0,0.0,0.0,7490,102000000000
475660,에스켐,-6.01,-5.46,0.0,-9.19,-9.81,-20.3,9.94,539.82,539.82,90.96,-33.21,-190.49,0.0,0.0,22099311758.0,0.5569,0.0,0.0,1.2263,0.0,0.0,0.0,0.0,0.0,3420,27100000000
475830,오름테라퓨틱,-32.06,-24.79,0.0,-219651.44,-178105.4,-517.59,29.37,860.9,860.9,77.3,-99.89,-520.96,0.0,0.0,23564233.0,0.0001,77.29,0.0,59912.8348,0.0,0.0,0.0,0.0,0.0,65000,1411800000000
475960,토모큐브,-12.4,-11.59,0.0,-49.25,-42.54,-55.69,7.01,2314.76,2314.76,93.45,90.39,36.57,0.0,0.0,11306726320.0,0.2724,0.0,0.0,36.35,0.0,0.0,0.0,0.0,0.0,30500,411000000000
476040,오가노이드사이언스,-63.35,-42.32,0.0,-673.16,-654.0,-162.0,49.71,265.53,265.53,66.8,23.21,-32.41,0.0,0.0,2406581881.0,0.0647,0.0,0.0,19.1142,0.0,0.0,0.0,0.0,0.0,6980,46000000000
476060,온코닉테라퓨틱스,21.91,20.85,0.0,0.0,0.0,126.19,5.09,1762.18,1762.18,95.16,0.0,363.02,0.0,0.0,0.0,0.0,33.27,0.0,0.0,0.0,65.17,0.0,0.0,0.0,18030,818700000000
476080,M83,-20.21,-9.47,0.0,-6.77,-6.69,-89.67,113.56,118.52,118.52,46.82,127.63,-716.64,0.0,0.0,132396372517.0,1.415,0.0,0.0,0.2493,0.0,0.0,0.0,0.0,0.0,4085,33000000000
476830,알지노믹스,-176.32,-165.21,0.0,0.0,0.0,-145.97,6.72,1829.12,1829.12,93.7,0.0,-13.49,0.0,0.0,0.0,0.0,0.0,0.0,0.0,0.0,0.0,0.0,0.0,0.0,30100,844500000000
477340,에이치엠씨제7호스팩,1.82,1.68,0.0,0.0,0.0,-0.31,8.71,0.0,0.0,91.98,0.0,16.99,0.0,0.0,0.0,0.0,103.0,0.0,0.0,0.0,0.0,0.0,0.0,0.0,2060,15500000000
477380,미래에셋비전스팩4호,1.92,1.69,0.0,0.0,0.0,-0.4,13.57,0.0,0.0,88.05,0.0,-3.48,0.0,0.0,0.0,0.0,63.48,0.0,0.0,0.0,0.0,0.0,0.0,0.0,2095,17000000000
477470,미래에셋비전스팩5호,1.8,1.56,0.0,0.0,0.0,-0.45,15.34,0.0,0.0,86.7,0.0,-20.3,0.0,0.0,0.0,0.0,69.67,0.0,0.0,0.0,0.0,0.0,0.0,0.0,2090,11500000000
477760,디비금융스팩12호,2.13,1.96,0.0,0.0,0.0,-0.32,8.88,389145.59,389145.59,91.84,0.0,42.98,0.0,0.0,0.0,0.0,66.61,0.0,0.0,0.0,0.0,0.0,0.0,0.0,2065,12100000000
478110,이베스트스팩6호,1.57,1.43,0.0,0.0,0.0,-0.33,10.06,0.0,0.0,90.86,0.0,7.22,0.0,0.0,0.0,0.0,85.62,0.0,0.0,0.0,0.0,0.0,0.0,0.0,2055,10300000000
478340,나라스페이스테크놀로지,-16.13,-13.88,0.0,-41.26,-58.01,-54.61,16.18,897.19,897.19,86.07,207.91,-23.19,0.0,0.0,13236859805.0,0.2393,0.0,0.0,9.0203,0.0,0.0,0.0,0.0,0.0,10320,119400000000
478390,KB제29호스팩,1.89,1.61,0.0,0.0,0.0,-0.39,17.41,792292.52,792292.52,85.17,0.0,8.4,0.0,0.0,0.0,0.0,64.84,0.0,0.0,0.0,0.0,0.0,0.0,0.0,2075,12900000000
478440,미래에셋비전스팩6호,1.77,1.51,0.0,0.0,0.0,-0.39,17.42,989368.0,989368.0,85.16,0.0,-39.14,0.0,0.0,0.0,0.0,64.69,0.0,0.0,0.0,0.0,0.0,0.0,0.0,2070,14300000000
478560,블랙야크아이앤씨,-14.71,-5.83,0.0,16.21,-9.85,92.8,152.23,155.44,155.44,39.65,51.93,11.82,0.0,0.0,57257917035.0,0.5918,0.0,0.0,1.4915,0.0,15.5,0.0,0.0,0.0,3305,85400000000
479880,한국제15호스팩,1.77,1.57,0.0,0.0,0.0,-0.52,12.56,895.87,895.87,88.84,0.0,-68.87,0.0,0.0,0.0,0.0,36.96,0.0,0.0,0.0,0.0,0.0,0.0,0.0,2070,14200000000
479960,위너스일렉,11.42,9.32,0.0,16.87,14.89,52.71,22.51,528.32,528.32,81.63,18.55,80.19,0.0,0.0,31246643473.0,0.626,10.23,0.0,1.3921,0.0,9.99,0.0,0.0,0.0,6100,43500000000
480370,씨케이솔루션,-55.67,-19.0,0.0,-12.58,-13.79,-366.05,193.01,120.87,120.87,34.13,-1.61,-321.52,0.0,0.0,291009514864.0,1.3772,0.0,0.0,0.1636,0.0,0.0,0.0,0.0,0.0,1465,47600000000
481070,에이유브랜즈,12.21,8.64,0.0,16.8,14.6,100.81,41.34,430.1,430.1,70.75,34.55,-18.89,0.0,0.0,60009152935.0,0.5918,25.21,0.0,4.9076,0.0,32.15,0.0,0.0,0.0,20550,294500000000
481850,신한글로벌액티브리츠,-7.39,-6.62,0.0,64.43,-236.82,19.69,11.67,405.31,405.31,89.55,-8.25,-13.39,0.0,0.0,3055377228.0,0.0279,0.0,0.0,13.8772,0.0,27.34,0.0,0.0,0.0,975,42400000000
481890,엔에이치스팩31호,1.79,1.5,0.0,0.0,0.0,-0.5,18.89,0.0,0.0,84.11,0.0,-40.63,0.0,0.0,0.0,0.0,73.93,0.0,0.0,0.0,0.0,0.0,0.0,0.0,2070,13100000000
482520,교보16호스팩,0.94,0.76,0.0,0.0,0.0,-0.97,22.76,4040816.86,4040816.86,81.46,0.0,-72.86,0.0,0.0,0.0,0.0,293.57,0.0,0.0,0.0,0.0,0.0,0.0,0.0,2055,12500000000
482630,삼양엔씨켐,12.5,10.29,0.0,14.06,11.88,176.32,21.42,355.94,355.94,82.36,13.45,64.05,0.0,0.0,125385914184.0,0.8659,14.06,0.0,2.2905,0.0,17.74,0.0,0.0,0.0,13120,287200000000
482680,미래에셋비전스팩7호,1.56,1.29,0.0,0.0,0.0,-0.38,20.85,0.0,0.0,82.75,0.0,-46.06,0.0,0.0,0.0,0.0,82.2,0.0,0.0,0.0,0.0,0.0,0.0,0.0,2055,16900000000
482690,대신밸런스제19호스팩,1.38,1.18,0.0,0.0,0.0,-0.39,16.97,392627.5,392627.5,85.49,0.0,-55.07,0.0,0.0,0.0,0.0,82.8,0.0,0.0,0.0,0.0,0.0,0.0,0.0,2070,11600000000
483650,달바글로벌,39.81,30.96,0.0,19.52,15.21,1014.69,28.6,446.21,446.21,77.76,68.17,69.55,0.0,0.0,519735447906.0,2.0355,25.0,0.0,5.3021,0.0,27.72,0.0,0.0,0.0,220000,2755700000000
484120,도우인시스,0.29,0.21,0.0,2.42,0.35,33.85,35.77,182.92,182.92,73.66,-1.35,-65.09,0.0,0.0,139791218651.0,0.612,8.13,0.0,1.45,0.0,77.67,0.0,0.0,0.0,18500,202700000000
484130,하나34호스팩,1.84,1.58,0.0,0.0,0.0,-0.4,16.25,0.0,0.0,86.02,0.0,-45.02,0.0,0.0,0.0,0.0,60.0,0.0,0.0,0.0,0.0,0.0,0.0,0.0,2040,9200000000
484590,삼양컴텍,14.49,9.46,0.0,17.22,14.66,266.31,53.15,215.94,215.94,65.29,9.19,47.47,0.0,0.0,154607270230.0,0.6451,11.22,0.0,1.8337,0.0,13.77,0.0,0.0,0.0,6880,283500000000
484810,티엑스알로보틱스,-27.69,-16.15,0.0,-1.36,-27.03,-7.72,71.49,178.71,178.71,58.31,-1.04,-114.65,0.0,0.0,56632898384.0,0.5974,0.0,0.0,3.7593,0.0,0.0,0.0,0.0,0.0,13780,212900000000
484870,엠앤씨솔루션,23.41,11.31,0.0,13.9,11.3,560.65,106.95,138.52,138.52,48.32,42.63,60.99,0.0,0.0,403348735243.0,1.001,11.72,0.0,1.2458,0.0,12.68,0.0,0.0,0.0,18300,502500000000
486630,KB제30호스팩,2.06,1.79,0.0,0.0,0.0,-0.31,14.69,1215446.45,1215446.45,87.19,0.0,-0.27,0.0,0.0,0.0,0.0,60.59,0.0,0.0,0.0,0.0,0.0,0.0,0.0,2060,10900000000
487360,신한제14호스팩,1.72,1.54,0.0,0.0,0.0,-0.47,11.41,180023.62,180023.62,89.76,0.0,-51.82,0.0,0.0,0.0,0.0,58.14,0.0,0.0,0.0,0.0,0.0,0.0,0.0,2035,11500000000
487570,HS효성,3.84,2.21,0.0,3.29,1.42,464.34,73.91,139.14,139.14,57.5,95.32,117.14,0.0,0.0,1409897041305.0,1.552,3.64,0.0,0.1266,0.0,12.16,0.0,0.0,0.0,47900,178500000000
487720,키움제10호스팩,1.83,1.52,0.0,0.0,0.0,-0.15,20.3,521001.09,521001.09,83.12,0.0,20.51,0.0,0.0,0.0,0.0,58.71,0.0,0.0,0.0,0.0,0.0,0.0,0.0,2055,8700000000
487830,신한제15호스팩,1.97,1.66,0.0,0.0,0.0,-0.5,18.69,575277.53,575277.53,84.25,0.0,-75.19,0.0,0.0,0.0,0.0,64.38,0.0,0.0,0.0,0.0,0.0,0.0,0.0,2060,9000000000
488060,유진스팩11호,1.86,1.6,0.0,0.0,0.0,-0.47,16.61,439009.53,439009.53,85.76,0.0,-57.07,0.0,0.0,0.0,0.0,58.14,0.0,0.0,0.0,0.0,0.0,0.0,0.0,2035,9600000000
488900,비츠로넥스텍,-11.19,-5.8,0.0,-20.02,-17.93,-73.64,93.01,162.29,162.29,51.81,21.12,47.64,0.0,0.0,36790989927.0,0.3233,0.0,0.0,7.5046,0.0,0.0,0.0,0.0,0.0,9530,276100000000
489210,교보17호스팩,1.78,1.54,0.0,0.0,0.0,-0.47,15.6,0.0,0.0,86.51,0.0,-29.68,0.0,0.0,0.0,0.0,59.29,0.0,0.0,0.0,0.0,0.0,0.0,0.0,2075,10700000000
489460,바이오비쥬,6.7,6.51,0.0,14.84,14.57,42.27,2.85,3019.57,3019.57,97.23,-3.86,-54.19,0.0,0.0,28490907891.0,0.4469,27.99,0.0,6.2757,0.0,42.71,0.0,0.0,0.0,12120,178800000000
489480,키움제11호스팩,1.96,1.83,0.0,0.0,0.0,-0.2,6.98,0.0,0.0,93.47,0.0,6.27,0.0,0.0,0.0,0.0,70.97,0.0,0.0,0.0,0.0,0.0,0.0,0.0,2200,14500000000
489500,엘케이켐,7.26,6.54,0.0,22.65,21.42,45.7,10.96,1194.22,1194.22,90.12,-19.42,-54.91,0.0,0.0,20179862262.0,0.3052,21.71,0.0,6.6353,0.0,30.73,0.0,0.0,0.0,20950,133900000000
489730,디비금융제13호스팩,1.93,1.69,0.0,0.0,0.0,-0.36,14.29,0.0,0.0,87.5,0.0,23.41,0.0,0.0,0.0,0.0,54.08,0.0,0.0,0.0,0.0,0.0,0.0,0.0,2055,13000000000
489790,한화비전,4.92,2.36,0.0,9.06,2.38,1622.67,108.88,180.59,180.59,47.87,263.03,2868.57,0.0,0.0,1790921869125.0,0.9898,21.25,0.0,1.4124,0.0,21.4,0.0,0.0,0.0,50100,2529500000000
490470,세미파이브,-25.49,-18.18,0.0,-44.14,-46.48,-533.94,40.25,230.17,230.17,71.3,8.17,-132.89,0.0,0.0,120952056617.0,0.3911,0.0,0.0,4.3298,0.0,0.0,0.0,0.0,0.0,15390,523700000000
491000,리브스메드,-12.65,-11.33,0.0,-44.23,-44.68,-226.42,11.65,1267.59,1267.59,89.57,88.75,14.57,0.0,0.0,51192098328.0,0.2535,0.0,0.0,16.5768,0.0,0.0,0.0,0.0,0.0,33600,848600000000
492220,KB제31호스팩,1.84,1.57,0.0,0.0,0.0,-0.86,17.49,780767.98,780767.98,85.11,0.0,-207.54,0.0,0.0,0.0,0.0,58.14,0.0,0.0,0.0,0.0,0.0,0.0,0.0,2035,12600000000
493280,아이엠바이오로직스,1.19,1.16,0.0,2.56,7.55,2.98,2.46,7301.43,7301.43,97.6,-57.89,-97.87,0.0,0.0,11618699446.0,0.1543,31.59,0.0,20.5359,0.0,807.56,0.0,0.0,0.0,16080,238600000000
493330,지에프아이,-6.76,-5.5,0.0,15.03,-7.97,67.55,22.85,388.74,388.74,81.4,85.45,23.01,0.0,0.0,44955710087.0,0.6903,0.0,0.0,2.2533,0.0,16.79,0.0,0.0,0.0,12600,101300000000
493790,유안타제17호스팩,1.32,1.12,0.0,0.0,0.0,-0.46,17.53,268355.69,268355.69,85.08,0.0,-166.09,0.0,0.0,0.0,0.0,65.48,0.0,0.0,0.0,0.0,0.0,0.0,0.0,2030,10800000000
494120,큐리오시스,-27.89,-22.98,0.0,-103.05,-107.69,-75.26,21.37,880.2,880.2,82.39,34.86,-21.23,0.0,0.0,7302782626.0,0.2134,0.0,0.0,19.0612,0.0,0.0,0.0,0.0,0.0,9120,139200000000
496070,신한제16호스팩,0.78,0.7,0.0,0.0,0.0,-0.38,11.9,1678321.88,1678321.88,89.37,0.0,-105.69,0.0,0.0,0.0,0.0,67.0,0.0,0.0,0.0,0.0,0.0,0.0,0.0,2010,11300000000
498390,한화플러스제5호스팩,-0.57,-0.47,0.0,0.0,0.0,-2.12,20.75,2141461.88,2141461.88,82.81,0.0,-2152.81,0.0,0.0,0.0,0.0,0.0,0.0,0.0,0.0,0.0,0.0,0.0,0.0,2035,10100000000
499790,GS피앤엘,2.38,1.22,0.0,16.2,6.22,780.23,95.34,19.99,19.99,51.19,1156.95,204343.87,0.0,0.0,481682588524.0,0.1959,26.9,0.0,1.8053,0.0,26.52,0.0,0.0,0.0,43850,869600000000
900070,글로벌에스엠,5.84,4.81,0.0,6.42,6.42,0.06,21.2,484.09,484.09,82.51,0.66,42.41,0.0,0.0,90947338.0,0.7499,5.12,0.0,297.9746,0.0,4645.13,0.0,0.0,0.0,1008,27100000000
900100,파이온엑스,-33.19,-27.19,0.0,-131.79,-186.67,-0.06,22.05,114.84,114.84,81.94,-68.01,30.12,0.0,0.0,4458323.0,0.1457,0.0,0.0,2130.8461,0.0,0.0,0.0,0.0,0.0,1809,9500000000
900110,딥커머스,3.16,3.01,0.0,13.36,15.08,0.48,4.96,3131.49,3131.49,95.28,-8.93,11.43,0.0,0.0,356659191.0,0.1997,0.94,0.0,61.9639,0.0,465.65,0.0,0.0,0.0,1201,22100000000
900120,씨엑스아이,2.53,2.51,0.0,16.89,22.11,0.5,0.52,11047.29,11047.29,99.49,-21.2,-51.02,0.0,0.0,297018681.0,0.1137,0.73,0.0,58.2455,0.0,345.06,0.0,0.0,0.0,1040,17300000000
900140,엘브이엠씨,2.83,2.06,0.0,9.81,3.73,0.27,37.59,177.76,177.76,72.68,31.86,99.01,0.0,0.0,276327740.0,0.5512,15.0,0.0,881.2,0.0,8988.64,0.0,0.0,0.0,1260,243500000000
900250,크리스탈신소재,-0.37,-0.35,0.0,15.34,-2.58,0.54,7.14,1151.62,1151.62,93.34,5.71,-25.35,0.0,0.0,353228450.0,0.1345,0.0,0.0,120.6018,0.0,789.45,0.0,0.0,0.0,1190,42600000000
900260,로스웰,7.17,2.11,0.0,1.48,2.61,0.56,239.72,134.26,134.26,29.44,41.76,-45.35,0.0,0.0,3818232561.0,0.8097,2.41,0.0,19.8783,0.0,1403.82,0.0,0.0,0.0,1650,75900000000
900270,헝셩그룹,-1.2,-1.04,0.0,-0.2,-4.1,-0.01,15.57,751.91,751.91,86.53,-11.14,-102.78,0.0,0.0,550151496.0,0.2532,0.0,0.0,30.9006,0.0,0.0,0.0,0.0,0.0,3325,17000000000
900290,GRT,9.22,5.22,0.0,14.31,10.03,7.08,76.55,323.81,323.81,56.64,8.07,-11.33,0.0,0.0,4943342767.0,0.5203,4.48,0.0,71.126,0.0,502.69,0.0,0.0,0.0,4210,351600000000
900300,오가닉티코스메틱,-29.81,-24.3,0.0,-33.54,-41.93,-3.11,22.68,539.71,539.71,81.52,6.43,8.7,0.0,0.0,926741227.0,0.5795,0.0,0.0,93.6615,0.0,0.0,0.0,0.0,0.0,4220,86800000000
900310,컬러레이,-0.3,-0.26,0.0,0.53,-1.84,0.01,15.4,538.42,538.42,86.66,-8.55,18.74,0.0,0.0,220614153.0,0.1396,0.0,0.0,127.825,0.0,24238.36,0.0,0.0,0.0,2200,28200000000
900340,윙입푸드,4.67,3.71,0.0,7.77,5.77,0.75,25.75,467.46,467.46,79.52,-6.63,-29.86,0.0,0.0,971702858.0,0.6442,2.28,0.0,19.5533,0.0,255.79,0.0,0.0,0.0,1507,19000000000
950110,SBI핀테크솔루션즈,0.5,0.06,0.0,6.21,0.43,3.14,678.74,102.15,102.15,12.84,-11.17,2425.81,0.0,0.0,5056544000.0,0.1496,0.0,0.0,0.0,0.0,0.0,0.0,0.0,0.0,0,0
950130,엑세스바이오,-15.01,-13.79,0.0,-202.71,-265.79,-0.45,8.85,1742.4,1742.4,91.87,-73.35,-1336.43,0.0,0.0,21976285.0,0.0519,0.0,0.0,4113.5251,0.0,0.0,0.0,0.0,0.0,2570,90400000000
950140,잉글우드랩,15.21,11.03,0.0,17.24,11.45,0.26,37.95,355.15,355.15,72.49,14.1,90.68,0.0,0.0,152431009.0,0.9634,5.53,0.0,1175.6138,0.0,6821.94,0.0,0.0,0.0,9020,179200000000
950160,코오롱티슈진,-303.22,-45.83,0.0,-432.73,-3733.25,-0.16,561.65,24.26,24.26,15.11,-2.48,2.67,0.0,0.0,3627220.0,0.0123,0.0,0.0,412767.9049,0.0,0.0,0.0,0.0,0.0,17620,1497200000000
950170,JTC,44.71,22.86,0.0,15.41,25.02,52.43,95.64,311.94,311.94,51.11,109.16,120.71,0.0,0.0,34026611684.0,0.9133,0.0,0.0,6.6007,0.0,46.31,0.0,0.0,0.0,4340,224600000000
950190,고스트스튜디오,5.0,4.55,0.0,13.62,6.99,0.11,10.01,994.36,994.36,90.9,25.85,-4.62,0.0,0.0,79118339.0,0.6507,13.8,0.0,1655.7476,0.0,12154.79,0.0,0.0,0.0,10060,131000000000
950200,소마젠,-16.22,-8.38,0.0,-3.81,-6.98,-0.02,93.59,167.49,167.49,51.65,30.01,58.65,0.0,0.0,41619339.0,1.1996,0.0,0.0,1605.0231,0.0,0.0,0.0,0.0,0.0,3475,66800000000
950210,프레스티지바이오파마,0.79,0.54,0.0,-470.14,29.12,-0.48,46.69,127.03,127.03,68.17,1875.41,-1.93,0.0,0.0,10215103.0,0.0186,0.0,0.0,38237.4999,0.0,0.0,0.0,0.0,0.0,6500,390600000000
950220,네오이뮨텍,-54.18,-39.1,0.0,-26596.6,-33531.5,-0.18,38.57,308.43,308.43,72.17,-46.63,39.59,0.0,0.0,66673.0,0.0012,0.0,0.0,1285377.8891,0.0,0.0,0.0,0.0,0.0,2505,85700000000
