종목코드,기업명,ROE,ROA,GPM,OPM,NPM,EBITDA,부채비율,유동비율,당좌비율,자기자본비율,매출액증가율,영업이익증가율,EPS증가율,BPS증가율,재고자산회전율,총자산회전율,PER,PBR,PSR,PCR,EV/EBITDA,GP/A,OCF,FCF,주가,시가총액
000020,동화약품,5.7,4.68,0.0,8.79,6.34,299.15,21.78,301.11,301.11,82.12,16.18,32.98,0.0,0.0,340426327300.0,0.7382,0.0,0.0,0.7598,0.0,11.4,0.0,0.0,0.0,9260,258672200772
000040,KR모터스,-32.48,-8.71,0.0,-5.33,-11.11,-62.34,272.74,64.92,64.92,26.83,-12.32,-131.11,0.0,0.0,117058740510.0,0.7847,0.0,0.0,0.0828,0.0,0.0,0.0,0.0,0.0,560,9692307692
000050,경방,0.58,0.35,0.0,8.19,1.13,318.95,65.34,75.11,75.11,60.48,1.53,-40.71,0.0,0.0,389227582838.0,0.3118,0.0,0.0,0.7605,0.0,24.75,0.0,0.0,0.0,10800,296019370460
000070,삼양홀딩스,4.19,2.33,0.0,3.99,3.19,1323.24,80.22,231.52,231.52,55.49,6.74,-62.38,0.0,0.0,3316778000000.0,0.7293,0.0,0.0,0.1608,0.0,19.33,0.0,0.0,0.0,68700,533334933774
000080,하이트진로,7.48,2.6,0.0,7.63,3.48,1905.71,187.11,68.57,68.57,34.83,13.38,9.45,0.0,0.0,2497554821448.0,0.7492,0.0,0.0,0.7175,0.0,20.8,0.0,0.0,0.0,25550,1791950482315
000100,유한양행,4.51,3.66,0.0,2.03,5.1,360.29,23.16,273.84,273.84,81.2,5.22,-25.86,0.0,0.0,1775846942745.0,0.7182,0.0,0.0,2.3711,0.0,129.78,0.0,0.0,0.0,57200,4210794743130
000120,CJ대한통운,4.88,2.03,0.0,3.39,1.62,4117.87,140.27,95.1,95.1,41.62,6.94,19.75,0.0,0.0,12130712862374.0,1.2515,0.0,0.0,0.1762,0.0,18.93,0.0,0.0,0.0,93700,2137507346938
000140,하이트진로홀딩스,6.18,1.83,0.0,8.15,2.9,2025.03,238.51,54.82,54.82,29.54,13.33,7.48,0.0,0.0,2484277054372.0,0.6297,0.0,0.0,0.0908,0.0,14.84,0.0,0.0,0.0,9720,225570624235
000150,두산,-5.64,-2.21,0.0,6.63,-3.42,11260.29,155.54,100.5,100.5,39.13,32.25,22.25,0.0,0.0,16995760103010.0,0.6458,0.0,0.0,0.0792,0.0,15.42,0.0,0.0,0.0,83100,1345706793349
000180,성창기업지주,-2.2,-1.6,0.0,-5.05,-5.77,-114.87,37.69,69.49,69.49,72.63,14.94,-209.7,0.0,0.0,227519697624.0,0.2774,0.0,0.0,0.114,0.0,0.0,0.0,0.0,0.0,1860,25947709923
000210,DL,2.21,0.85,0.0,5.55,1.97,2874.59,160.28,129.25,129.25,38.42,119.39,48.82,0.0,0.0,5174950425108.0,0.4306,0.0,0.0,0.2397,0.0,30.06,0.0,0.0,0.0,59200,1240615873015
000220,유유제약,-3.59,-2.27,0.0,-0.43,-3.19,-5.92,58.22,149.82,149.82,63.2,20.08,-149.34,0.0,0.0,138881056346.0,0.7115,0.0,0.0,0.7056,0.0,0.0,0.0,0.0,0.0,6220,97997395833
000230,일동홀딩스,-115.02,-22.55,0.0,-14.57,-28.79,-984.11,410.08,67.95,67.95,19.6,14.04,-18.79,0.0,0.0,675539717333.0,0.7832,0.0,0.0,0.3441,0.0,0.0,0.0,0.0,0.0,20150,232476407914
000240,한국앤컴퍼니,4.25,3.81,0.0,22.38,14.95,2452.49,11.55,186.26,186.26,89.65,13.76,7.42,0.0,0.0,1095895770449.0,0.2548,0.0,0.0,1.2085,0.0,7.22,0.0,0.0,0.0,13950,1324372819472
000250,삼천당제약,3.6,2.37,0.0,6.89,4.98,122.25,51.96,413.39,413.39,65.81,6.01,179.94,0.0,0.0,177335410013.0,0.4751,0.0,0.0,5.7937,0.0,94.49,0.0,0.0,0.0,43800,1027434782608
000270,기아,13.75,7.34,0.0,8.36,6.25,72331.2,87.35,134.56,134.56,53.37,23.9,42.79,0.0,0.0,86559029000000.0,1.1743,0.0,0.0,0.2675,0.0,7.95,0.0,0.0,0.0,59300,23151489541984
000300,DH오토넥스,-21.83,-4.47,0.0,4.14,-4.53,222.05,388.27,74.08,74.08,20.48,15.53,180.82,0.0,0.0,536676753422.0,0.988,0.0,0.0,0.0579,0.0,20.85,0.0,0.0,0.0,750,31071428571
000320,노루홀딩스,5.05,2.85,0.0,2.89,3.22,299.76,77.35,159.05,159.05,56.38,8.66,12.44,0.0,0.0,1037899570197.0,0.8856,0.0,0.0,0.1277,0.0,21.47,0.0,0.0,0.0,9970,132535669515
000430,대원강업,3.89,2.3,0.0,2.15,2.27,220.57,68.96,100.86,100.86,59.18,18.82,544.83,0.0,0.0,1024450498787.0,1.0139,0.0,0.0,0.2052,0.0,28.23,0.0,0.0,0.0,3390,210195444191
000440,중앙에너비스,0.85,0.79,0.0,1.13,0.7,8.12,7.82,500.47,500.47,92.74,17.97,2038.86,0.0,0.0,71620870966.0,1.1293,0.0,0.0,1.6943,0.0,155.15,0.0,0.0,0.0,19500,121348314606
000480,시알홀딩스,5.99,3.06,0.0,2.83,6.21,225.98,95.93,83.5,83.5,51.04,6.93,-31.81,0.0,0.0,798039613255.0,0.4925,0.0,0.0,4.4528,0.0,192.36,0.0,0.0,0.0,75800,3553544247787
000500,가온전선,3.45,1.39,0.0,2.01,0.74,284.63,148.24,154.0,154.0,40.28,32.33,71.75,0.0,0.0,1416454404337.0,1.8828,0.0,0.0,0.4099,0.0,36.19,0.0,0.0,0.0,19500,580663571428
000520,삼일제약,-0.02,-0.01,0.0,2.24,-0.02,40.17,183.5,56.4,56.4,35.27,33.84,904.8,0.0,0.0,179676108240.0,0.5037,0.0,0.0,1.0358,0.0,103.82,0.0,0.0,0.0,8580,186109268292
000590,CS홀딩스,5.69,5.16,0.0,8.92,10.72,156.32,10.2,928.03,928.03,90.75,10.22,-20.44,0.0,0.0,175266452048.0,0.4813,0.0,0.0,0.3795,0.0,6.41,0.0,0.0,0.0,57600,66520353982
000640,동아쏘시오홀딩스,0.78,0.45,0.0,3.73,0.77,378.55,73.38,59.77,59.77,57.68,15.07,-38.51,0.0,0.0,1014860897959.0,0.5861,0.0,0.0,0.6733,0.0,37.41,0.0,0.0,0.0,101500,683347133757
000650,천일고속,-22.57,-10.95,0.0,-19.66,-15.93,-74.11,106.06,52.65,52.65,48.53,28.49,24.71,0.0,0.0,37703179407.0,0.6874,0.0,0.0,2.2934,0.0,0.0,0.0,0.0,0.0,60500,86468036529
000660,SK하이닉스,3.54,2.16,0.0,15.26,5.02,68094.17,64.12,144.8,144.8,60.93,3.78,-45.13,0.0,0.0,44621568000000.0,0.4296,0.0,0.0,1.2278,0.0,14.01,0.0,0.0,0.0,75000,54786926523297
000670,영풍,9.44,7.08,0.0,1.55,9.38,688.72,33.35,188.69,188.69,74.99,23.66,357.14,0.0,0.0,4429488166601.0,0.7543,0.0,0.0,2.5145,0.0,183.04,0.0,0.0,0.0,605000,11138050000000
000680,LS네트웍스,-0.43,-0.18,0.0,2.21,-0.66,80.16,135.64,133.81,133.81,42.44,-7.06,86.03,0.0,0.0,362911031595.0,0.2791,0.0,0.0,0.5211,0.0,116.97,0.0,0.0,0.0,2400,189100158982
000700,유수홀딩스,9.9,8.4,0.0,0.0,0.0,296.46,17.78,493.16,493.16,84.9,0.0,45.7,0.0,0.0,0.0,0.0,0.0,0.0,0.0,0.0,8.3,0.0,0.0,0.0,6400,166690909090
000720,현대건설,4.74,2.25,0.0,2.71,2.22,5749.02,110.71,177.18,177.18,47.46,17.57,-23.7,0.0,0.0,21239082000000.0,1.0157,0.0,0.0,0.183,0.0,25.87,0.0,0.0,0.0,34900,3886325871857
000760,이화산업,0.41,0.32,0.0,-1.51,1.47,-8.84,27.89,172.75,172.75,78.19,1.49,82.19,0.0,0.0,58633950913.0,0.2186,0.0,0.0,0.7527,0.0,0.0,0.0,0.0,0.0,15750,44135846372
000800,경남기업,25.05,8.58,0.0,3.6,12.28,127.84,191.92,168.18,168.18,34.26,-14.48,-43.44,0.0,0.0,355462813293.0,0.699,0.0,0.0,0.0,0.0,0.0,0.0,0.0,0.0,0,0
000850,화천기공,10.86,7.91,0.0,3.35,15.36,81.83,37.29,240.28,240.28,72.84,19.67,146.28,0.0,0.0,244093710786.0,0.5149,0.0,0.0,0.2763,0.0,23.98,0.0,0.0,0.0,30650,67446840659
000860,강남제비스코,1.72,1.22,0.0,0.65,1.73,44.05,41.09,166.74,166.74,70.88,13.91,134.63,0.0,0.0,673166188482.0,0.7028,0.0,0.0,0.4008,0.0,124.58,0.0,0.0,0.0,20750,269832669322
000880,한화,10.74,1.06,0.0,4.04,3.6,25160.91,911.43,105.97,105.97,9.89,17.87,-14.06,0.0,0.0,62278395000000.0,0.2949,0.0,0.0,0.022,0.0,76.18,0.0,0.0,0.0,25650,1367892730627
000890,보해양조,-3.43,-1.92,0.0,0.07,-3.11,0.62,78.75,117.26,117.26,55.94,8.49,-94.13,0.0,0.0,90858780910.0,0.6164,0.0,0.0,0.1878,0.0,1325.1,0.0,0.0,0.0,617,17062032884
000910,유니온,-5.24,-2.43,0.0,1.23,-3.89,28.98,115.46,105.62,105.62,46.41,8.83,-43.99,0.0,0.0,234981176780.0,0.6248,0.0,0.0,0.3126,0.0,94.91,0.0,0.0,0.0,4705,73466777408
000950,전방,32.02,21.38,0.0,-28.06,54.0,-350.46,49.75,216.13,216.13,66.78,-6.6,-576.16,0.0,0.0,124914049101.0,0.396,0.0,0.0,0.5981,0.0,0.0,0.0,0.0,0.0,44450,74713829787
000970,한국주철관공업,3.44,2.84,0.0,2.89,2.49,139.9,21.09,405.55,405.55,82.58,-5.08,-71.2,0.0,0.0,484291225781.0,1.1406,0.0,0.0,0.3191,0.0,16.33,0.0,0.0,0.0,6780,154539673105
000990,DB하이텍,34.11,26.33,0.0,45.89,33.36,7687.47,29.57,328.36,328.36,77.18,37.92,92.62,0.0,0.0,1675287533666.0,0.7892,0.0,0.0,0.9647,0.0,2.73,0.0,0.0,0.0,37150,1616181421052
001000,신라섬유,-0.23,-0.11,0.0,10.49,-0.81,4.65,107.48,6.88,6.88,48.2,1.81,-30.51,0.0,0.0,4429624973.0,0.1387,0.0,0.0,10.6446,0.0,137.11,0.0,0.0,0.0,1945,47151515151
001020,페이퍼코리아,-2.97,-0.36,0.0,6.3,-0.45,258.44,714.46,60.61,60.61,12.28,-5.82,-17.85,0.0,0.0,409957041438.0,0.8169,0.0,0.0,0.0951,0.0,18.54,0.0,0.0,0.0,1095,39000638297
001040,CJ,3.87,1.42,0.0,5.26,1.68,21542.02,172.03,89.34,89.34,36.76,18.68,14.48,0.0,0.0,40924879773000.0,0.8484,0.0,0.0,0.06,0.0,15.3,0.0,0.0,0.0,84100,2453790685142
001060,JW중외제약,13.22,4.75,0.0,9.2,4.36,629.61,178.16,111.92,111.92,35.95,12.82,101.8,0.0,0.0,684351099249.0,1.0898,0.0,0.0,0.6431,0.0,13.38,0.0,0.0,0.0,18900,440128723404
001080,만호제강,2.75,2.48,0.0,0.08,2.51,2.09,11.09,663.89,663.89,90.02,29.36,-83.32,0.0,0.0,253705017361.0,0.9872,0.0,0.0,4.0834,0.0,5068.15,0.0,0.0,0.0,29500,1035990037359
001120,LX인터내셔널,25.66,10.1,0.0,5.15,4.15,9655.43,154.21,152.71,152.71,39.34,12.42,47.14,0.0,0.0,18759549404034.0,2.4303,0.0,0.0,0.0701,0.0,6.21,0.0,0.0,0.0,33950,1315900256739
001130,대한제분,4.5,3.14,0.0,3.16,3.02,432.74,43.41,178.54,178.54,69.73,23.11,73.37,0.0,0.0,1368170051431.0,1.0377,0.0,0.0,1.6364,0.0,60.96,0.0,0.0,0.0,132500,2238910256410
001140,국보,-56.7,-22.22,0.0,-13.71,-23.89,-140.21,155.2,110.7,110.7,39.19,5.58,-75.07,0.0,0.0,102255056679.0,0.9299,0.0,0.0,0.0,0.0,0.0,0.0,0.0,0.0,770,0
001210,금호전기,-131.66,-27.35,0.0,-25.62,-36.74,-117.88,381.44,83.62,83.62,20.77,10.51,-37.72,0.0,0.0,46015093156.0,0.7444,0.0,0.0,0.2475,0.0,0.0,0.0,0.0,0.0,920,11389423076
001230,동국홀딩스,12.95,6.59,0.0,8.74,5.0,7434.93,96.29,98.24,98.24,50.95,17.55,-7.41,0.0,0.0,8511126283083.0,1.3193,0.0,0.0,0.2037,0.0,6.59,0.0,0.0,0.0,11150,1734140049140
001250,GS글로벌,16.73,4.8,0.0,1.39,1.34,704.68,248.99,124.98,124.98,28.65,31.75,81.4,0.0,0.0,5070923117354.0,3.5725,0.0,0.0,0.0366,0.0,17.01,0.0,0.0,0.0,2250,185719626168
001260,남광토건,18.07,5.59,0.0,2.47,4.29,111.16,223.29,121.77,121.77,30.93,26.25,-46.57,0.0,0.0,450379452331.0,1.302,0.0,0.0,0.1917,0.0,29.26,0.0,0.0,0.0,8780,86327225806
001340,PKC,10.83,5.62,0.0,12.15,9.76,282.74,92.81,45.11,45.11,51.87,21.77,56.39,0.0,0.0,232725146826.0,0.5757,0.0,0.0,0.8337,0.0,13.74,0.0,0.0,0.0,4310,194032884615
001360,삼성제약,-24.46,-21.28,0.0,-26.94,-48.41,-139.61,14.94,488.8,488.8,87.0,-5.59,23.04,0.0,0.0,51832233858.0,0.4396,0.0,0.0,4.8789,0.0,0.0,0.0,0.0,0.0,2685,252884818731
001380,SG글로벌,-2.02,-1.32,0.0,-2.13,-3.61,-14.42,53.46,81.16,81.16,65.16,17.12,-154.8,0.0,0.0,67661514915.0,0.3639,0.0,0.0,0.5667,0.0,0.0,0.0,0.0,0.0,1705,38346415094
001390,KG케미칼,29.4,13.65,0.0,7.58,14.42,5010.84,115.43,111.18,111.18,46.42,36.89,11.8,0.0,0.0,6607355088852.0,0.9464,0.0,0.0,0.2066,0.0,10.19,0.0,0.0,0.0,20550,1364795530726
001420,태원물산,-4.6,-3.89,0.0,-4.79,-12.42,-5.25,18.17,665.44,665.44,84.62,11.47,-29.38,0.0,0.0,10954651040.0,0.3135,0.0,0.0,2.7053,0.0,0.0,0.0,0.0,0.0,3895,29635869565
001430,세아베스틸지주,4.48,2.31,0.0,2.91,2.01,1278.56,93.66,176.4,176.4,51.64,20.14,-46.38,0.0,0.0,4386332748546.0,1.1487,0.0,0.0,0.1333,0.0,19.02,0.0,0.0,0.0,16300,584533902439
001440,대한전선,2.47,1.35,0.0,1.97,0.89,481.74,83.66,234.48,234.48,54.45,22.67,22.08,0.0,0.0,2450545975000.0,1.5124,0.0,0.0,0.1196,0.0,21.4,0.0,0.0,0.0,1495,293009829931
001460,BYC,6.84,5.28,0.0,14.93,20.8,253.26,29.69,151.79,151.79,77.11,3.18,-5.19,0.0,0.0,169680336869.0,0.2537,0.0,0.0,13.4749,0.0,96.33,0.0,0.0,0.0,366000,2286429128738
001470,삼부토건,-47.62,-18.13,0.0,-18.77,-20.73,-818.78,162.58,152.28,152.28,38.08,22.19,-1780.9,0.0,0.0,436292508722.0,0.8748,0.0,0.0,0.6817,0.0,0.0,0.0,0.0,0.0,1295,297439481268
001520,동양,1.27,1.01,0.0,1.03,1.3,79.25,25.53,222.58,222.58,79.66,9.74,4.03,0.0,0.0,767681537593.0,0.7805,0.0,0.0,0.1396,0.0,38.76,0.0,0.0,0.0,1000,107162790697
001530,디아이동일,9.28,5.75,0.0,4.9,6.29,447.54,61.55,124.01,124.01,61.9,12.38,-7.9,0.0,0.0,913722865510.0,0.9135,0.0,0.0,0.3412,0.0,15.48,0.0,0.0,0.0,15050,311757761732
001540,안국약품,4.45,3.07,0.0,4.71,3.35,96.76,44.77,198.39,198.39,69.08,25.59,992.54,0.0,0.0,205388536295.0,0.9173,0.0,0.0,0.5836,0.0,19.54,0.0,0.0,0.0,9190,119862306993
001550,조비,14.05,6.64,0.0,8.02,5.81,119.07,111.52,136.29,136.29,47.28,75.6,286.93,0.0,0.0,148554917835.0,1.1424,0.0,0.0,0.5344,0.0,12.42,0.0,0.0,0.0,15300,79385464581
001560,제일연마,2.39,2.12,0.0,6.15,2.65,51.29,12.97,552.69,552.69,88.52,4.62,-22.34,0.0,0.0,83435241806.0,0.8014,0.0,0.0,0.7881,0.0,15.15,0.0,0.0,0.0,8650,65755225522
001570,금양,-28.29,-11.96,0.0,3.91,-16.42,79.25,136.59,136.24,136.24,42.27,-6.78,-36.96,0.0,0.0,202836313078.0,0.7281,0.0,0.0,7.5375,0.0,213.22,0.0,0.0,0.0,23900,1528875757575
001620,케이비아이동국실업,2.54,0.83,0.0,-0.16,0.74,-9.65,206.89,77.48,77.48,32.59,17.78,98.68,0.0,0.0,614172275827.0,1.1095,0.0,0.0,0.0221,0.0,0.0,0.0,0.0,0.0,610,13587006960
001630,종근당홀딩스,-2.84,-1.65,0.0,-3.62,-2.49,-328.78,72.36,99.8,99.8,58.02,-1.84,-195.55,0.0,0.0,908962764139.0,0.6604,0.0,0.0,0.2921,0.0,0.0,0.0,0.0,0.0,53000,265472611464
001680,대상,6.22,2.58,0.0,3.43,2.01,1399.99,141.2,172.58,172.58,41.46,17.7,-8.64,0.0,0.0,4084090277577.0,1.2802,0.0,0.0,0.1858,0.0,18.76,0.0,0.0,0.0,21900,758785363189
001740,SK네트웍스,3.7,0.96,0.0,1.6,0.94,1542.11,287.61,75.77,75.77,25.8,-12.27,26.43,0.0,0.0,9666446000000.0,1.0176,0.0,0.0,0.0803,0.0,50.74,0.0,0.0,0.0,3870,776297260273
001770,SHD,21.03,12.25,0.0,11.32,8.64,141.79,71.59,174.26,174.26,58.28,19.56,148.21,0.0,0.0,125263992621.0,1.4187,0.0,0.0,0.3101,0.0,5.34,0.0,0.0,0.0,31900,38849470499
001780,알루코,5.06,1.92,0.0,5.36,2.44,345.73,163.03,70.16,70.16,38.02,27.66,107.44,0.0,0.0,645412126051.0,0.79,0.0,0.0,0.3877,0.0,21.88,0.0,0.0,0.0,2585,250251655629
001790,대한제당,4.74,2.09,0.0,2.76,1.85,380.51,126.79,157.36,157.36,44.09,9.25,-9.51,0.0,0.0,1378075519000.0,1.1301,0.0,0.0,0.1593,0.0,23.69,0.0,0.0,0.0,2545,219522564102
001800,오리온홀딩스,7.84,6.34,0.0,13.62,11.03,3998.25,23.69,238.74,238.74,80.85,21.51,26.65,0.0,0.0,2934623360638.0,0.5752,0.0,0.0,0.3147,0.0,4.75,0.0,0.0,0.0,15350,923379844961
001810,무림SP,-4.17,-2.77,0.0,-4.68,-5.65,-71.82,50.39,172.67,172.67,66.49,16.08,-217.72,0.0,0.0,153455101045.0,0.4906,0.0,0.0,0.3755,0.0,0.0,0.0,0.0,0.0,2605,57621110176
001820,삼화콘덴서공업,13.01,10.21,0.0,11.58,11.13,305.15,27.51,302.78,302.78,78.42,0.5,-8.0,0.0,0.0,263469129967.0,0.9166,0.0,0.0,1.1836,0.0,12.25,0.0,0.0,0.0,30000,311845607808
001840,이화공영,1.22,0.6,0.0,0.07,0.29,1.41,101.82,162.6,162.6,49.55,-0.19,102.93,0.0,0.0,194558252954.0,2.0529,0.0,0.0,0.5571,0.0,1110.16,0.0,0.0,0.0,3835,108384198645
001880,디엘건설,5.55,3.17,0.0,4.13,2.82,810.73,74.91,225.73,225.73,57.17,-2.38,-64.69,0.0,0.0,1962419334798.0,1.1234,0.0,0.0,0.0,0.0,0.0,0.0,0.0,0.0,0,0
001940,KISCO홀딩스,8.28,7.14,0.0,10.93,6.84,1979.17,16.02,616.9,616.9,86.19,14.53,-1.41,0.0,0.0,1810613446049.0,1.043,0.0,0.0,0.1225,0.0,2.33,0.0,0.0,0.0,15650,221860141093
002020,코오롱,14.45,3.73,0.0,5.49,2.95,3109.68,287.68,71.97,71.97,25.79,4.61,-6.39,0.0,0.0,5659922374692.0,1.2641,0.0,0.0,0.0499,0.0,11.59,0.0,0.0,0.0,21900,282709090909
002030,아세아,8.77,5.14,0.0,11.22,7.89,2325.78,70.66,169.89,169.89,58.6,12.23,1.62,0.0,0.0,2072300589648.0,0.6512,0.0,0.0,0.1306,0.0,6.83,0.0,0.0,0.0,131500,270717136150
002070,비비안,-8.46,-4.06,0.0,2.68,-3.83,57.13,108.18,92.13,92.13,48.04,13.41,302.55,0.0,0.0,213052156991.0,1.0596,0.0,0.0,0.0287,0.0,19.36,0.0,0.0,0.0,1270,6105515088
002100,경농,0.0,0.0,0.0,11.33,0.0,409.75,72.23,166.16,166.16,58.06,33.79,144.5,0.0,0.0,361604573086.0,0.806,0.0,0.0,0.5454,0.0,9.4,0.0,0.0,0.0,10100,197216361679
002140,고려산업,0.4,0.15,0.0,1.59,0.15,44.25,160.0,86.19,86.19,38.46,30.39,-8.99,0.0,0.0,278370976022.0,1.0134,0.0,0.0,0.3111,0.0,57.77,0.0,0.0,0.0,3470,86590825688
002150,도화엔지니어링,0.59,0.3,0.0,2.15,0.28,119.4,95.49,100.24,100.24,51.15,-3.74,-40.26,0.0,0.0,555824251958.0,1.0636,0.0,0.0,0.498,0.0,44.56,0.0,0.0,0.0,8210,276781156716
002170,SYTS,3.62,3.3,0.0,9.2,8.45,164.45,9.69,1122.12,1122.12,91.16,-7.81,-54.81,0.0,0.0,178800834419.0,0.3908,0.0,0.0,0.8859,0.0,12.09,0.0,0.0,0.0,52800,158400000000
002200,한국수출포장공업,7.23,5.88,0.0,7.53,5.95,257.03,23.0,310.01,310.01,81.3,6.95,28.48,0.0,0.0,341420236472.0,0.9881,0.0,0.0,2.8215,0.0,39.99,0.0,0.0,0.0,28750,963311688311
002210,동성제약,-4.96,-1.97,0.0,-3.32,-2.27,-30.97,151.59,114.33,114.33,39.75,10.57,41.56,0.0,0.0,93328194834.0,0.8665,0.0,0.0,6.9178,0.0,0.0,0.0,0.0,0.0,6680,645628935030
002220,한일철강,-0.76,-0.39,0.0,1.58,-0.52,40.32,94.32,93.48,93.48,51.46,2.67,-86.4,0.0,0.0,255229322550.0,0.7525,0.0,0.0,0.2945,0.0,59.47,0.0,0.0,0.0,2815,75160971524
002230,피에스텍,-3.5,-2.99,0.0,-2.59,-6.53,-18.41,17.13,864.55,864.55,85.38,23.14,-242.53,0.0,0.0,70976492938.0,0.4572,0.0,0.0,0.9761,0.0,0.0,0.0,0.0,0.0,3760,69278178368
002240,고려제강,5.34,3.65,0.0,6.44,4.45,1335.03,46.61,205.36,205.36,68.21,22.54,35.5,0.0,0.0,2072550223138.0,0.8183,0.0,0.0,0.254,0.0,9.98,0.0,0.0,0.0,19500,526511291256
002290,삼일기업공사,3.96,3.37,0.0,3.4,3.92,21.66,17.41,674.79,674.79,85.17,-13.8,-34.58,0.0,0.0,63621775713.0,0.8607,0.0,0.0,0.7263,0.0,26.4,0.0,0.0,0.0,3730,46207462686
002310,아세아제지,11.74,9.12,0.0,10.69,9.22,1094.47,28.68,253.27,253.27,77.71,8.21,16.59,0.0,0.0,1023392875106.0,0.9888,0.0,0.0,1.5188,0.0,16.31,0.0,0.0,0.0,39400,1554316159250
002320,한진,3.37,1.26,0.0,4.02,1.82,1145.02,166.77,76.92,76.92,37.49,13.79,15.15,0.0,0.0,2849420869433.0,0.6961,0.0,0.0,0.1146,0.0,25.2,0.0,0.0,0.0,21050,326676825184
002350,넥센타이어,-1.72,-0.7,0.0,-2.09,-1.06,-542.54,147.1,100.72,100.72,40.47,24.91,-1335.31,0.0,0.0,2597424486492.0,0.6585,0.0,0.0,0.2301,0.0,0.0,0.0,0.0,0.0,6120,597700934579
002360,SH에너지화학,1.95,1.48,0.0,0.48,1.09,8.05,31.94,759.41,759.41,75.79,16.41,983.3,0.0,0.0,167355874554.0,1.3479,0.0,0.0,0.0545,0.0,48.65,0.0,0.0,0.0,821,9116531503
002380,케이씨씨,0.52,0.22,0.0,6.9,0.42,4676.62,136.32,140.44,140.44,42.32,15.32,20.29,0.0,0.0,6774793651227.0,0.5164,0.0,0.0,0.2594,0.0,19.94,0.0,0.0,0.0,204500,1757233122362
002390,한독,2.77,1.22,0.0,5.24,1.95,284.96,128.12,130.72,130.72,43.84,5.05,1.75,0.0,0.0,543759151916.0,0.6242,0.0,0.0,0.424,0.0,25.26,0.0,0.0,0.0,16750,230554679284
002410,범양건영,-11.85,-3.91,0.0,-10.29,-7.03,-123.26,202.8,87.61,87.61,33.03,7.01,-507.6,0.0,0.0,119750819393.0,0.5568,0.0,0.0,0.8001,0.0,0.0,0.0,0.0,0.0,3485,95814987080
002420,세기상사,-4.78,-2.46,0.0,-2.34,-3.77,-7.89,94.28,258.5,258.5,51.47,88.53,49.15,0.0,0.0,33710303333.0,0.6528,0.0,0.0,7.0008,0.0,0.0,0.0,0.0,0.0,7570,235998296422
002450,삼익악기,5.78,2.89,0.0,3.55,4.63,115.56,100.1,156.39,156.39,49.98,10.25,-65.35,0.0,0.0,325699587394.0,0.6245,0.0,0.0,0.3572,0.0,32.64,0.0,0.0,0.0,1285,116341579861
002460,HS화성,6.35,3.04,0.0,2.25,3.51,145.45,109.03,244.78,244.78,47.84,52.93,-49.2,0.0,0.0,645706742562.0,0.8654,0.0,0.0,0.165,0.0,34.08,0.0,0.0,0.0,10500,106541284403
002600,조흥,7.22,2.57,0.0,4.62,3.44,149.76,181.32,97.64,97.64,35.55,29.17,-21.48,0.0,0.0,324035752456.0,0.747,0.0,0.0,0.3751,0.0,26.78,0.0,0.0,0.0,202500,121529713866
002620,제일파마홀딩스,-19.81,-9.6,0.0,-0.95,-10.49,-75.48,106.22,98.44,98.44,48.49,3.99,15.9,0.0,0.0,792964733258.0,0.916,0.0,0.0,0.3102,0.0,0.0,0.0,0.0,0.0,15400,245986577181
002630,오리엔트바이오,41.11,32.58,0.0,-14.39,130.15,-37.81,26.16,516.69,516.69,79.26,4.36,27.22,0.0,0.0,26276462476.0,0.2504,0.0,0.0,1.3842,0.0,0.0,0.0,0.0,0.0,613,36372737686
002680,한탑,-9.51,-3.22,0.0,0.34,-4.77,3.33,195.31,62.08,62.08,33.86,25.64,107.3,0.0,0.0,99124024129.0,0.6747,0.0,0.0,0.0767,0.0,314.95,0.0,0.0,0.0,1180,7605468750
002690,동일제강,2.12,1.86,0.0,1.25,1.7,24.57,13.97,541.32,541.32,87.74,7.97,-68.79,0.0,0.0,196757615383.0,1.0949,0.0,0.0,0.2136,0.0,26.07,0.0,0.0,0.0,2070,42033954727
002700,신일전자,1.27,0.68,0.0,1.4,0.51,28.29,86.69,165.26,165.26,53.57,4.76,-70.56,0.0,0.0,202728990445.0,1.3261,0.0,0.0,0.6285,0.0,70.13,0.0,0.0,0.0,1860,127410000000
002710,TCC스틸,14.16,5.83,0.0,6.43,4.32,439.83,143.04,109.72,109.72,41.15,27.53,71.82,0.0,0.0,684414631381.0,1.3486,0.0,0.0,0.3582,0.0,12.36,0.0,0.0,0.0,9350,245130472854
002720,국제약품,4.78,2.59,0.0,4.17,2.8,52.73,84.39,101.42,101.42,54.23,5.71,414.61,0.0,0.0,126583402933.0,0.9267,0.0,0.0,0.9191,0.0,33.92,0.0,0.0,0.0,5500,116336779911
002760,보락,6.34,5.04,0.0,6.78,6.34,32.83,25.89,267.74,267.74,79.43,21.81,94.01,0.0,0.0,48434715670.0,0.7952,0.0,0.0,1.9906,0.0,33.18,0.0,0.0,0.0,1610,96411879259
002780,진흥기업,22.05,10.97,0.0,8.06,7.88,506.83,101.02,221.04,221.04,49.75,41.57,16.92,0.0,0.0,628936048866.0,1.3922,0.0,0.0,0.295,0.0,8.14,0.0,0.0,0.0,1275,185543478260
002790,아모레퍼시픽홀딩스,2.28,1.95,0.0,6.05,3.32,2719.01,17.1,301.25,301.25,85.39,-15.6,-23.66,0.0,0.0,4494956806652.0,0.5875,0.0,0.0,0.5936,0.0,13.92,0.0,0.0,0.0,34900,2668409174311
002800,신신제약,7.32,3.59,0.0,5.9,4.74,54.26,103.61,106.43,106.43,49.11,24.21,504.17,0.0,0.0,91925822969.0,0.7584,0.0,0.0,0.9213,0.0,26.97,0.0,0.0,0.0,5580,84686816720
002810,삼영무역,11.27,9.24,0.0,3.93,11.72,193.52,21.91,375.08,375.08,82.03,5.46,-19.2,0.0,0.0,492512781495.0,0.789,0.0,0.0,0.4668,0.0,17.68,0.0,0.0,0.0,12450,229922939866
002820,SUN&L,-12.73,-3.65,0.0,-3.49,-3.78,-177.09,248.59,83.03,83.03,28.69,8.89,19.07,0.0,0.0,506691214360.0,0.9662,0.0,0.0,0.0736,0.0,0.0,0.0,0.0,0.0,3100,37311377245
002840,미원상사,21.13,17.38,0.0,17.58,16.48,770.16,21.58,409.91,409.91,82.25,21.79,34.75,0.0,0.0,438188003964.0,1.0543,0.0,0.0,1.7049,0.0,10.66,0.0,0.0,0.0,166000,747060014461
002870,신풍,-9.15,-6.7,0.0,-22.37,-40.12,-42.02,36.52,281.16,281.16,73.25,-27.49,-5.97,0.0,0.0,18781761719.0,0.1671,0.0,0.0,2.1416,0.0,0.0,0.0,0.0,0.0,1150,40222222222
002880,디와이에이,-39.33,-6.82,0.0,-2.28,-6.68,-320.21,476.7,64.79,64.79,17.34,-10.56,-164.61,0.0,0.0,1403967295300.0,1.0209,0.0,0.0,0.0237,0.0,0.0,0.0,0.0,0.0,711,33236653386
002900,TYM,29.36,12.55,0.0,10.46,8.42,1220.16,133.85,118.18,118.18,42.76,38.59,246.0,0.0,0.0,1166138766862.0,1.491,0.0,0.0,0.1022,0.0,4.65,0.0,0.0,0.0,2880,119223529411
002920,유성기업,6.77,5.19,0.0,2.27,7.46,67.26,30.5,305.32,305.32,76.63,7.37,-9.82,0.0,0.0,296756353988.0,0.6949,0.0,0.0,0.2338,0.0,25.15,0.0,0.0,0.0,2675,69368644067
002960,한국쉘석유,23.66,15.5,0.0,11.63,8.86,350.72,52.57,250.35,250.35,65.54,24.96,-7.82,0.0,0.0,301642199205.0,1.7503,0.0,0.0,1.0062,0.0,10.35,0.0,0.0,0.0,233500,303526579739
002990,금호건설,3.82,1.23,0.0,2.73,1.01,559.47,211.25,122.18,122.18,32.13,-0.8,-49.86,0.0,0.0,2048507174841.0,1.2113,0.0,0.0,0.1273,0.0,25.18,0.0,0.0,0.0,7000,260820170109
003000,부광약품,-1.56,-1.06,0.0,-0.12,-2.23,-2.31,47.48,490.42,490.42,67.8,4.61,-104.1,0.0,0.0,190909364530.0,0.4762,0.0,0.0,4.522,0.0,0.0,0.0,0.0,0.0,8750,863291517323
003010,혜인,-1.92,-0.86,0.0,1.51,-1.17,26.82,122.61,135.23,135.23,44.92,-13.73,-71.44,0.0,0.0,178029520688.0,0.7402,0.0,0.0,0.432,0.0,78.06,0.0,0.0,0.0,6050,76906779661
003030,세아제강지주,19.0,10.53,0.0,14.34,9.52,5671.64,80.33,194.78,194.78,55.45,39.14,89.72,0.0,0.0,3953834150660.0,1.1069,0.0,0.0,0.1534,0.0,3.88,0.0,0.0,0.0,146500,606680651530
003060,에이프로젠바이오로직스,1.11,0.83,0.0,-8.33,8.57,-54.3,34.58,149.35,149.35,74.3,15.42,-42.93,0.0,0.0,65190359336.0,0.0964,0.0,0.0,0.1235,0.0,0.0,0.0,0.0,0.0,503,8048000000
003070,코오롱글로벌,25.23,5.01,0.0,6.41,5.46,1666.87,403.03,94.96,94.96,19.88,-4.68,-10.8,0.0,0.0,2602076874673.0,0.9181,0.0,0.0,0.1832,0.0,16.48,0.0,0.0,0.0,18750,476769348268
003080,SB성보,2.86,2.3,0.0,2.87,5.93,19.05,24.3,357.79,357.79,80.45,15.09,83.45,0.0,0.0,66379257981.0,0.3887,0.0,0.0,0.9868,0.0,51.91,0.0,0.0,0.0,3275,65500000000
003090,대웅,9.4,5.57,0.0,0.0,0.0,2073.34,68.73,184.97,184.97,59.27,0.0,13.64,0.0,0.0,0.0,0.0,0.0,0.0,0.0,0.0,9.95,0.0,0.0,0.0,20350,1183210365853
003100,선광,4.3,2.31,0.0,15.55,8.53,267.62,85.79,128.41,128.41,53.82,5.78,-16.79,0.0,0.0,172141436308.0,0.2712,0.0,0.0,5.1411,0.0,44.02,0.0,0.0,0.0,134100,884995683453
003160,디아이,9.28,5.52,0.0,4.83,6.56,111.53,68.07,178.0,178.0,59.5,1.96,-32.31,0.0,0.0,231004368333.0,0.8413,0.0,0.0,0.5813,0.0,22.01,0.0,0.0,0.0,4745,134291342975
003200,일신방직,12.67,9.74,0.0,-2.7,19.33,-160.01,30.11,264.45,264.45,76.86,-1.33,-126.24,0.0,0.0,593058768403.0,0.504,0.0,0.0,3.9877,0.0,0.0,0.0,0.0,0.0,103000,2364940421631
003220,대원제약,12.32,6.76,0.0,8.98,6.4,430.06,82.32,161.76,161.76,54.85,35.21,121.39,0.0,0.0,478884656361.0,1.0559,0.0,0.0,0.8779,0.0,14.54,0.0,0.0,0.0,18750,420397225725
003230,삼양식품,17.65,8.68,0.0,9.94,8.83,903.76,103.39,154.73,154.73,49.17,41.59,38.27,0.0,0.0,909036571591.0,0.9828,0.0,0.0,1.0524,0.0,15.79,0.0,0.0,0.0,127000,956689092096
003240,태광산업,0.0,0.0,0.0,-4.51,0.0,-1220.74,16.69,460.11,460.11,85.7,4.32,-134.49,0.0,0.0,2703851289364.0,0.5507,0.0,0.0,0.3072,0.0,0.0,0.0,0.0,0.0,746000,830605364806
003280,흥아해운,17.6,7.51,0.0,16.69,13.39,296.79,134.33,159.54,159.54,42.67,117.63,1683.16,0.0,0.0,177860078064.0,0.561,0.0,0.0,1.8315,0.0,17.1,0.0,0.0,0.0,1355,325757941176
003300,한일홀딩스,6.32,3.96,0.0,0.0,0.0,1325.06,59.64,132.95,132.95,62.64,0.0,12.51,0.0,0.0,0.0,0.0,0.0,0.0,0.0,0.0,11.73,0.0,0.0,0.0,10800,332961945031
003310,대주산업,6.29,4.13,0.0,5.57,4.37,55.25,52.53,134.68,134.68,65.56,17.61,108.56,0.0,0.0,99235803613.0,0.9442,0.0,0.0,0.7524,0.0,20.06,0.0,0.0,0.0,2110,74667253521
003350,한국화장품제조,8.54,4.88,0.0,4.16,3.88,43.18,74.98,172.04,172.04,57.15,53.19,659.82,0.0,0.0,103876968519.0,1.2566,0.0,0.0,6.2276,0.0,158.02,0.0,0.0,0.0,28550,646904475617
003380,하림지주,11.25,4.29,0.0,6.83,4.13,9413.07,162.26,91.11,91.11,38.13,29.72,26.9,0.0,0.0,13775295981364.0,1.0382,0.0,0.0,0.0622,0.0,9.63,0.0,0.0,0.0,7650,856856614246
003410,쌍용씨앤이,8.02,3.3,0.0,11.24,6.5,2208.71,143.19,60.73,60.73,41.12,18.28,-11.2,0.0,0.0,1965042623424.0,0.5072,0.0,0.0,0.0,0.0,0.0,0.0,0.0,0.0,0,0
003480,한진중공업홀딩스,4.07,0.75,0.0,2.58,1.04,371.3,444.19,71.67,71.67,18.38,62.17,-16.73,0.0,0.0,1440144000000.0,0.7215,0.0,0.0,0.0799,0.0,46.98,0.0,0.0,0.0,3895,115026808510
003490,대한항공,18.61,5.96,0.0,20.08,12.27,28305.87,212.06,95.47,95.47,32.05,56.33,99.62,0.0,0.0,14096094819146.0,0.4861,0.0,0.0,0.5995,0.0,9.95,0.0,0.0,0.0,22950,8450663701067
003520,영진약품,-24.44,-10.81,0.0,-3.37,-10.06,-73.63,125.97,205.91,205.91,44.25,11.38,46.94,0.0,0.0,218380987421.0,1.0753,0.0,0.0,2.7216,0.0,0.0,0.0,0.0,0.0,3250,594351279788
003550,LG,8.06,7.14,0.0,27.02,29.44,19413.8,12.96,201.37,201.37,88.53,4.77,-21.09,0.0,0.0,7185987000000.0,0.2425,0.0,0.0,1.6432,0.0,7.83,0.0,0.0,0.0,78100,11808078978224
003560,아이에이치큐,-128.15,-45.51,0.0,0.0,0.0,-321.76,181.58,15.6,15.6,35.51,0.0,-176.42,0.0,0.0,0.0,0.0,0.0,0.0,0.0,0.0,0.0,0.0,0.0,0.0,0,0
003570,SNT다이내믹스,3.49,2.47,0.0,6.31,5.64,257.65,41.26,256.81,256.81,70.79,21.45,25.15,0.0,0.0,408024698269.0,0.4383,0.0,0.0,0.7612,0.0,22.61,0.0,0.0,0.0,9340,310578907849
003580,HLB글로벌,-22.41,-12.68,0.0,-33.06,-34.18,-147.4,76.81,97.61,97.61,56.56,-1.01,-10.48,0.0,0.0,44591899196.0,0.3708,0.0,0.0,6.216,0.0,0.0,0.0,0.0,0.0,5470,277184092366
003610,방림,2.76,2.11,0.0,1.38,3.59,21.5,31.19,224.82,224.82,76.22,18.93,-66.17,0.0,0.0,155768173455.0,0.5873,0.0,0.0,0.9854,0.0,100.74,0.0,0.0,0.0,4780,153499817850
003620,KG모빌리티,0.0,0.0,0.0,-3.27,-1.76,-1119.5,0.0,156.03,156.03,0.0,40.92,57.15,0.0,0.0,3423340873291.0,0.0,0.0,0.0,0.5178,0.0,0.0,0.0,0.0,0.0,8760,1772764444444
003650,미창석유공업,7.28,6.54,0.0,10.51,5.58,440.05,11.27,808.85,808.85,89.87,3.08,24.13,0.0,0.0,418789690050.0,1.172,0.0,0.0,0.3028,0.0,3.7,0.0,0.0,0.0,72900,126819490909
003670,포스코퓨처엠,4.6,2.63,0.0,5.02,3.69,1658.72,74.96,210.97,210.97,57.16,65.96,36.32,0.0,0.0,3301915805063.0,0.712,0.0,0.0,4.8488,0.0,108.5,0.0,0.0,0.0,180000,16010304239401
003680,한성기업,2.7,0.6,0.0,2.42,0.48,70.64,349.32,107.33,107.33,22.26,16.15,222.0,0.0,0.0,292150981319.0,1.2436,0.0,0.0,0.1092,0.0,30.37,0.0,0.0,0.0,5140,31899793814
003720,삼영,0.0,0.0,0.0,0.7,0.0,10.39,160.73,79.08,79.08,38.35,10.86,-59.9,0.0,0.0,147748013490.0,1.0877,0.0,0.0,0.5546,0.0,159.42,0.0,0.0,0.0,2410,81947507788
003780,진양산업,11.98,7.42,0.0,6.32,7.33,52.85,61.47,151.52,151.52,61.93,9.59,-22.8,0.0,0.0,83673211023.0,1.0115,0.0,0.0,0.9688,0.0,21.3,0.0,0.0,0.0,6240,81063928112
003800,에이스침대,8.85,7.94,0.0,18.87,15.71,653.35,11.52,241.36,241.36,89.67,-0.04,-14.87,0.0,0.0,346240916103.0,0.5051,0.0,0.0,1.1498,0.0,7.18,0.0,0.0,0.0,35900,398104387291
003830,대한화섬,4.68,4.0,0.0,4.23,22.17,63.83,17.2,193.51,193.51,85.33,28.56,102.19,0.0,0.0,150864212264.0,0.1803,0.0,0.0,1.0296,0.0,43.57,0.0,0.0,0.0,117000,155336170212
003850,보령,8.12,4.7,0.0,7.44,5.51,566.03,72.8,121.95,121.95,57.87,21.23,36.56,0.0,0.0,760475844693.0,0.8522,0.0,0.0,1.022,0.0,20.37,0.0,0.0,0.0,9060,777242116868
003920,남양유업,-10.63,-8.69,0.0,-9.0,-8.13,-868.07,22.27,307.78,307.78,81.79,0.9,-11.5,0.0,0.0,964660006375.0,1.0692,0.0,0.0,2.8759,0.0,0.0,0.0,0.0,0.0,489000,2774304054054
003960,사조대림,12.22,6.32,0.0,4.84,3.66,976.52,93.47,118.11,118.11,51.69,11.31,-4.5,0.0,0.0,2018752698679.0,1.728,0.0,0.0,0.1233,0.0,8.33,0.0,0.0,0.0,27150,248816612903
004000,롯데정밀화학,6.37,5.39,0.0,16.41,5.93,4043.11,18.12,331.56,331.56,84.66,38.39,65.35,0.0,0.0,2463759308094.0,0.9092,0.0,0.0,0.5937,0.0,4.65,0.0,0.0,0.0,56700,1462812552301
004020,현대제철,5.43,2.82,0.0,5.91,3.8,16164.57,92.39,162.47,162.47,51.98,19.65,-33.95,0.0,0.0,27340601237802.0,0.7429,0.0,0.0,0.1494,0.0,13.46,0.0,0.0,0.0,30600,4083489473684
004060,SG세계물산,0.72,0.58,0.0,4.47,1.1,72.03,23.79,183.87,183.87,80.78,18.83,251.81,0.0,0.0,161304784271.0,0.5309,0.0,0.0,0.0669,0.0,9.61,0.0,0.0,0.0,534,10798141592
004080,신흥,7.92,6.02,0.0,8.85,7.16,104.58,31.59,166.42,166.42,75.99,-6.84,-19.82,0.0,0.0,118176546667.0,0.8404,0.0,0.0,1.1643,0.0,16.38,0.0,0.0,0.0,14800,137593750000
004090,한국석유공업,6.72,3.17,0.0,2.41,1.47,179.98,111.97,115.67,115.67,47.18,18.93,15.7,0.0,0.0,747935988449.0,2.155,0.0,0.0,0.1748,0.0,17.45,0.0,0.0,0.0,10300,130748438893
004100,태양금속공업,-0.48,-0.11,0.0,2.79,-0.09,158.74,338.15,79.82,79.82,22.82,22.99,2214.74,0.0,0.0,569502769038.0,1.1599,0.0,0.0,0.0931,0.0,27.21,0.0,0.0,0.0,1445,53011175337
004140,동방,1.0,0.23,0.0,3.63,0.17,275.68,335.96,68.96,68.96,22.94,27.28,-0.75,0.0,0.0,758533281842.0,1.3355,0.0,0.0,0.1673,0.0,20.48,0.0,0.0,0.0,2645,126937024972
004150,한솔홀딩스,8.2,6.77,0.0,4.09,10.48,190.98,21.09,181.6,181.6,82.58,12.95,3.92,0.0,0.0,467211080000.0,0.6459,0.0,0.0,0.2872,0.0,13.62,0.0,0.0,0.0,3270,134166176470
004170,신세계,8.76,3.82,0.0,8.26,7.01,6454.49,129.51,54.72,54.72,43.57,23.69,24.75,0.0,0.0,7812755198909.0,0.5445,0.0,0.0,0.266,0.0,15.76,0.0,0.0,0.0,220000,2077937198067
004250,엔피씨,8.18,5.35,0.0,4.31,5.18,234.83,53.09,104.7,104.7,65.32,11.85,-16.94,0.0,0.0,544581475701.0,1.0328,0.0,0.0,0.3923,0.0,16.88,0.0,0.0,0.0,5820,213625956738
004270,남성,2.65,1.17,0.0,2.59,3.23,25.4,126.91,81.46,81.46,44.07,-4.09,-63.43,0.0,0.0,98137172439.0,0.3619,0.0,0.0,0.0897,0.0,63.17,0.0,0.0,0.0,1930,8799392097
004310,현대약품,-0.19,-0.09,0.0,4.9,-0.1,79.7,109.3,125.96,125.96,47.78,16.37,607.04,0.0,0.0,162690046047.0,0.898,0.0,0.0,0.9423,0.0,31.11,0.0,0.0,0.0,4790,153310031347
004360,세방,10.52,8.24,0.0,3.5,8.18,451.47,27.65,163.74,163.74,78.34,21.99,54.83,0.0,0.0,1290350585813.0,1.0073,0.0,0.0,0.4414,0.0,18.76,0.0,0.0,0.0,29800,569550295857
004370,농심,5.01,3.82,0.0,3.58,3.71,1121.73,31.07,196.03,196.03,76.3,17.5,5.68,0.0,0.0,3129065208087.0,1.0311,0.0,0.0,0.694,0.0,25.77,0.0,0.0,0.0,357000,2171542051860
004380,삼익THK,7.9,3.75,0.0,6.09,4.91,206.38,110.73,108.27,108.27,47.45,9.23,39.35,0.0,0.0,339133931324.0,0.7638,0.0,0.0,0.7234,0.0,23.19,0.0,0.0,0.0,11850,245320823244
004410,서울식품공업,2.39,0.95,0.0,2.04,1.05,13.1,150.2,67.59,67.59,39.97,16.37,136.09,0.0,0.0,64349405690.0,0.9082,0.0,0.0,0.1232,0.0,38.51,0.0,0.0,0.0,201,7927888446
004430,송원산업,19.33,10.84,0.0,13.92,9.92,1851.16,78.33,168.48,168.48,56.08,33.19,75.11,0.0,0.0,1329509000000.0,1.0922,0.0,0.0,0.3104,0.0,5.12,0.0,0.0,0.0,17200,412739965095
004440,삼일씨엔에스,-2.17,-1.43,0.0,-2.89,-2.44,-69.78,51.91,197.66,197.66,65.83,6.46,-151.39,0.0,0.0,241241191453.0,0.5863,0.0,0.0,0.2957,0.0,0.0,0.0,0.0,0.0,5600,71329608938
004450,삼화왕관,-14.38,-7.73,0.0,2.33,-11.15,36.05,86.1,160.34,160.34,53.73,3.0,-55.44,0.0,0.0,154447846282.0,0.6933,0.0,0.0,0.514,0.0,50.61,0.0,0.0,0.0,36850,79390583804
004490,세방전지,3.43,2.54,0.0,5.5,2.9,810.9,34.59,225.17,225.17,74.3,8.96,-18.67,0.0,0.0,1473142777934.0,0.8784,0.0,0.0,0.3985,0.0,12.55,0.0,0.0,0.0,42350,587000806451
004540,깨끗한나라,-1.21,-0.44,0.0,0.62,-0.48,37.55,173.9,80.32,80.32,36.51,4.79,-71.22,0.0,0.0,606453743473.0,0.9174,0.0,0.0,0.1721,0.0,139.58,0.0,0.0,0.0,2800,104382871536
004560,현대비앤지스틸,4.96,3.04,0.0,2.61,2.03,334.66,63.45,350.38,350.38,61.18,49.72,-62.67,0.0,0.0,1281157155278.0,1.4935,0.0,0.0,0.1218,0.0,14.61,0.0,0.0,0.0,10350,156091103507
004590,한국가구,6.99,5.56,0.0,14.55,11.68,146.8,25.72,287.99,287.99,79.54,8.46,-1.72,0.0,0.0,100899670225.0,0.4758,0.0,0.0,0.632,0.0,7.3,0.0,0.0,0.0,4250,63771573604
004650,창해에탄올,0.22,0.15,0.0,8.93,0.27,97.69,44.21,109.46,109.46,69.34,12.82,-30.72,0.0,0.0,109429695748.0,0.5609,0.0,0.0,0.9033,0.0,16.24,0.0,0.0,0.0,10750,98845338983
004690,삼천리,4.34,1.33,0.0,1.58,1.15,912.36,226.25,112.96,112.96,30.65,53.59,27.15,0.0,0.0,5789104871674.0,1.1528,0.0,0.0,0.2449,0.0,53.71,0.0,0.0,0.0,391000,1418034482758
004700,조광피혁,1.6,1.37,0.0,0.42,4.97,5.08,16.93,641.1,641.1,85.52,17.03,-95.36,0.0,0.0,122005783226.0,0.276,0.0,0.0,2.6812,0.0,770.65,0.0,0.0,0.0,49200,327127659574
004710,한솔테크닉스,7.41,3.04,0.0,3.34,1.98,551.05,143.6,119.94,119.94,41.05,10.52,1394.8,0.0,0.0,1647391648302.0,1.5369,0.0,0.0,0.1644,0.0,16.38,0.0,0.0,0.0,5100,270904831625
004720,팜젠사이언스,33.83,22.07,0.0,4.95,46.42,74.72,53.24,103.45,103.45,65.26,37.38,248.32,0.0,0.0,150930715377.0,0.4755,0.0,0.0,1.0025,0.0,35.01,0.0,0.0,0.0,6680,151303543913
004770,써니전자,6.88,6.58,0.0,9.67,28.88,16.86,4.49,2453.74,2453.74,95.7,9.71,-4.99,0.0,0.0,17441063486.0,0.228,0.0,0.0,5.286,0.0,56.63,0.0,0.0,0.0,2595,92193670886
004780,대륙제관,7.44,5.24,0.0,3.51,3.52,96.75,41.95,294.75,294.75,70.45,16.97,27.04,0.0,0.0,275979619835.0,1.4898,0.0,0.0,0.2477,0.0,12.72,0.0,0.0,0.0,4300,68364294330
004800,효성,0.86,0.47,0.0,1.74,0.67,648.87,81.8,113.7,113.7,55.01,5.17,-89.83,0.0,0.0,3719325523137.0,0.7061,0.0,0.0,0.302,0.0,53.84,0.0,0.0,0.0,67100,1123281354916
004830,덕성,3.02,2.01,0.0,3.94,1.89,52.48,50.07,267.81,267.81,66.64,15.73,31.9,0.0,0.0,133297779331.0,1.0649,0.0,0.0,0.5887,0.0,22.91,0.0,0.0,0.0,5000,78466076696
004840,DRB동일,0.74,0.37,0.0,1.83,0.53,121.1,97.02,118.82,118.82,50.76,20.04,1996.8,0.0,0.0,661814016477.0,0.7002,0.0,0.0,0.1188,0.0,44.93,0.0,0.0,0.0,4080,78648308051
004870,티웨이홀딩스,32.22,25.18,0.0,-16.24,462.66,-18.63,27.92,179.15,179.15,78.18,-7.13,-1071.6,0.0,0.0,11470361300.0,0.0544,0.0,0.0,1.0369,0.0,0.0,0.0,0.0,0.0,525,11893805309
004890,동일산업,5.24,4.37,0.0,4.54,4.39,225.91,19.68,534.68,534.68,83.56,7.24,-46.27,0.0,0.0,498050514999.0,0.9973,0.0,0.0,0.9029,0.0,23.54,0.0,0.0,0.0,185500,449681179775
004910,조광페인트,-4.27,-1.88,0.0,-0.62,-2.78,-16.16,127.48,103.52,103.52,43.96,9.19,81.63,0.0,0.0,260470737908.0,0.6746,0.0,0.0,0.3694,0.0,0.0,0.0,0.0,0.0,7520,96222531293
004920,씨아이테크,-1.24,-0.69,0.0,1.04,-1.16,5.88,78.03,148.47,148.47,56.17,20.1,-32.51,0.0,0.0,56721432617.0,0.5989,0.0,0.0,0.8063,0.0,148.29,0.0,0.0,0.0,876,45733046286
004960,한신공영,5.5,1.7,0.0,3.23,3.27,394.42,223.28,158.56,158.56,30.93,-6.83,-11.66,0.0,0.0,1221553531537.0,0.5199,0.0,0.0,0.0804,0.0,43.63,0.0,0.0,0.0,8490,98205223880
004970,신라교역,2.54,1.98,0.0,3.34,3.28,144.67,28.15,231.24,231.24,78.04,24.86,-14.37,0.0,0.0,432649280569.0,0.6039,0.0,0.0,0.4179,0.0,23.37,0.0,0.0,0.0,11300,180800000000
004980,성신양회,-6.68,-2.23,0.0,0.18,-2.57,18.34,199.73,67.08,67.08,33.36,23.62,-93.89,0.0,0.0,1030414329947.0,0.8677,0.0,0.0,0.227,0.0,559.15,0.0,0.0,0.0,9540,233883870967
004990,롯데지주,3.45,1.52,0.0,3.47,2.39,4898.31,127.06,91.12,91.12,44.04,42.19,126.35,0.0,0.0,14111852309175.0,0.6364,0.0,0.0,0.2175,0.0,31.6,0.0,0.0,0.0,30800,3069690376569
005010,휴스틸,24.98,18.83,0.0,28.05,22.03,2892.2,32.69,327.75,327.75,75.36,67.22,357.52,0.0,0.0,1030923466708.0,0.8546,0.0,0.0,0.2763,0.0,2.01,0.0,0.0,0.0,5070,284866400000
005030,부산주공,-35.21,-3.49,0.0,-2.8,-3.52,-64.63,910.02,75.51,75.51,9.9,23.4,30.85,0.0,0.0,230549455752.0,0.9914,0.0,0.0,0.2588,0.0,0.0,0.0,0.0,0.0,643,59669341563
005070,코스모신소재,11.03,6.14,0.0,6.69,5.7,324.75,79.66,138.52,138.52,55.66,58.75,49.02,0.0,0.0,485605243552.0,1.076,0.0,0.0,3.5429,0.0,59.14,0.0,0.0,0.0,51800,1720459831121
005090,SGC에너지,17.13,4.86,0.0,7.42,5.26,2094.0,252.5,80.77,80.77,28.37,48.72,37.55,0.0,0.0,2823334065836.0,0.9244,0.0,0.0,0.158,0.0,12.58,0.0,0.0,0.0,30950,445958828828
005110,한창,-8.01,-1.65,0.0,13.52,-2.57,98.46,386.04,94.32,94.32,20.57,189.66,308.6,0.0,0.0,72829564750.0,0.6418,0.0,0.0,0.2643,0.0,11.11,0.0,0.0,0.0,911,19251594896
005160,동국산업,0.4,0.26,0.0,0.14,0.26,11.78,57.76,144.87,144.87,63.39,18.02,-96.63,0.0,0.0,860529534483.0,0.9837,0.0,0.0,0.2311,0.0,440.78,0.0,0.0,0.0,3665,198875968992
005180,빙그레,4.46,3.34,0.0,3.11,2.03,394.08,33.61,206.81,206.81,74.85,10.48,50.16,0.0,0.0,1267685822673.0,1.6479,0.0,0.0,0.287,0.0,14.14,0.0,0.0,0.0,39250,363820640176
005250,녹십자홀딩스,2.99,1.64,0.0,3.42,2.83,711.6,82.61,119.92,119.92,54.76,12.99,-17.49,0.0,0.0,2079559970740.0,0.5789,0.0,0.0,0.3845,0.0,34.07,0.0,0.0,0.0,17000,799491525423
005300,롯데칠성음료,9.28,3.55,0.0,7.84,4.61,2228.58,161.72,88.34,88.34,38.21,13.39,22.3,0.0,0.0,2841747049867.0,0.7689,0.0,0.0,0.5747,0.0,17.58,0.0,0.0,0.0,176000,1633026052104
005320,온타이드,1.27,0.79,0.0,5.16,0.42,170.34,60.48,205.49,205.49,62.31,45.91,2314.52,0.0,0.0,329876667193.0,1.8849,0.0,0.0,0.1127,0.0,6.05,0.0,0.0,0.0,1085,37161250000
005360,모나미,3.11,1.52,0.0,4.2,2.22,62.77,104.89,130.84,130.84,48.81,13.08,23.95,0.0,0.0,149532210261.0,0.6846,0.0,0.0,0.4009,0.0,27.36,0.0,0.0,0.0,3175,59944364680
005380,현대자동차,0.0,0.0,0.0,6.89,0.0,98197.69,181.36,129.84,129.84,35.54,21.19,47.03,0.0,0.0,142527535000000.0,0.5573,0.0,0.0,0.2169,0.0,19.94,0.0,0.0,0.0,151000,30918438166047
005390,신성통상,22.33,7.49,0.0,9.54,5.23,1399.04,197.93,129.43,129.43,33.56,22.16,88.24,0.0,0.0,1465811234211.0,1.4332,0.0,0.0,0.0,0.0,0.0,0.0,0.0,0.0,0,0
005420,코스모화학,7.89,3.9,0.0,5.77,4.38,414.28,102.65,99.47,99.47,49.35,40.1,35.9,0.0,0.0,718194570102.0,0.889,0.0,0.0,1.0991,0.0,28.93,0.0,0.0,0.0,20550,789358667805
005430,한국공항,1.7,1.37,0.0,0.65,1.44,25.93,24.12,418.49,418.49,80.57,15.91,387.25,0.0,0.0,400521081627.0,0.9511,0.0,0.0,0.3182,0.0,80.71,0.0,0.0,0.0,40250,127433395291
005440,현대지에프홀딩스,1.93,1.33,0.0,1.53,1.08,600.3,45.05,140.62,140.62,68.94,12.54,2.41,0.0,0.0,3923177808000.0,1.2317,0.0,0.0,0.3146,0.0,37.04,0.0,0.0,0.0,6730,1234264023372
005450,신한,-51.7,-4.08,0.0,-151.97,-170.52,-35.85,1167.46,26.06,26.06,7.89,6.34,63.49,0.0,0.0,2358948796.0,0.0239,0.0,0.0,0.0,0.0,0.0,0.0,0.0,0.0,0,0
005490,POSCO홀딩스,6.11,3.62,0.0,0.0,0.0,48500.53,68.92,205.49,205.49,59.2,0.0,-47.5,0.0,0.0,0.0,0.0,0.0,0.0,0.0,0.0,12.8,0.0,0.0,0.0,276500,21910317429837
005500,삼진제약,7.94,5.39,0.0,8.46,7.99,231.84,47.38,164.44,164.44,67.85,9.58,-31.63,0.0,0.0,274031808452.0,0.674,0.0,0.0,1.2467,0.0,20.37,0.0,0.0,0.0,25650,341636170212
005610,삼립,13.68,4.11,0.0,2.7,1.61,895.13,232.91,83.07,83.07,30.04,12.49,35.26,0.0,0.0,3314547280509.0,2.5587,0.0,0.0,0.1856,0.0,17.0,0.0,0.0,0.0,71300,615286198547
005670,푸드웰,1.98,0.98,0.0,3.3,1.1,60.61,102.81,101.16,101.16,49.31,24.03,-0.5,0.0,0.0,183932294383.0,0.889,0.0,0.0,0.2936,0.0,26.21,0.0,0.0,0.0,5400,54000000000
005680,삼영전자공업,3.48,3.37,0.0,7.15,7.98,162.82,3.37,2281.13,2281.13,96.74,-4.63,3.63,0.0,0.0,227806509955.0,0.4224,0.0,0.0,0.8165,0.0,12.5,0.0,0.0,0.0,9300,186000000000
005690,파미셀,13.66,9.66,0.0,14.74,18.09,88.73,41.38,218.46,218.46,70.73,16.16,12.85,0.0,0.0,60181806979.0,0.534,0.0,0.0,11.2659,0.0,80.13,0.0,0.0,0.0,11300,678000000000
005710,대원산업,9.02,6.73,0.0,4.26,5.11,313.96,33.92,313.17,313.17,74.67,-3.36,4.23,0.0,0.0,737040613357.0,1.3178,0.0,0.0,0.1444,0.0,7.9,0.0,0.0,0.0,5310,106399249530
005720,넥센,0.08,0.04,0.0,-0.75,0.06,-225.43,121.8,104.42,104.42,45.09,24.96,-167.13,0.0,0.0,3003950006220.0,0.6355,0.0,0.0,0.0718,0.0,0.0,0.0,0.0,0.0,4105,215662682926
005740,크라운해태홀딩스,4.59,2.06,0.0,3.93,2.43,384.4,122.75,67.05,67.05,44.89,5.48,-2.21,0.0,0.0,979071454561.0,0.8486,0.0,0.0,0.1029,0.0,19.16,0.0,0.0,0.0,6790,100792733564
005750,대림바스,-0.54,-0.25,0.0,0.57,-0.34,14.55,113.72,137.63,137.63,46.79,-2.64,-39.78,0.0,0.0,253490953035.0,0.7509,0.0,0.0,0.2466,0.0,166.43,0.0,0.0,0.0,3770,62519166666
005800,신영와코루,6.48,5.52,0.0,3.28,11.67,66.14,17.39,331.68,331.68,85.18,6.35,79.21,0.0,0.0,201443944940.0,0.4731,0.0,0.0,0.498,0.0,24.71,0.0,0.0,0.0,11150,100316864784
005810,풍산홀딩스,7.59,6.41,0.0,20.68,18.89,801.6,18.48,206.14,206.14,84.4,-20.52,-17.21,0.0,0.0,387671434890.0,0.3392,0.0,0.0,1.0526,0.0,7.31,0.0,0.0,0.0,28300,408044768211
005820,원림,6.41,5.43,0.0,4.15,11.25,34.01,18.07,413.16,413.16,84.7,2.82,6.52,0.0,0.0,81927170601.0,0.4821,0.0,0.0,0.5771,0.0,21.55,0.0,0.0,0.0,20550,47279650032
005850,에스엘,9.73,5.66,0.0,4.74,3.97,1979.15,71.84,162.33,162.33,58.19,39.1,79.04,0.0,0.0,4174537934857.0,1.424,0.0,0.0,0.2554,0.0,11.58,0.0,0.0,0.0,22950,1066010244360
005860,한일사료,-25.81,-7.5,0.0,-2.02,-3.45,-82.43,244.32,95.26,95.26,29.04,14.77,-160.52,0.0,0.0,408316564865.0,2.1732,0.0,0.0,0.4062,0.0,0.0,0.0,0.0,0.0,4210,165863855421
005870,휴니드테크놀러지스,6.41,3.04,0.0,5.69,4.16,126.61,110.71,148.03,148.03,47.46,-2.3,-4.76,0.0,0.0,222470897615.0,0.7315,0.0,0.0,0.3837,0.0,19.36,0.0,0.0,0.0,6050,85372955288
005880,대한해운,9.66,3.84,0.0,16.6,10.69,2676.72,151.68,77.73,77.73,39.73,39.71,31.26,0.0,0.0,1612014464184.0,0.359,0.0,0.0,0.4354,0.0,12.73,0.0,0.0,0.0,2175,701931818181
005930,삼성전자,15.69,12.41,0.0,14.35,18.41,433766.3,26.41,278.86,278.86,79.11,8.09,-15.99,0.0,0.0,302231360000000.0,0.674,0.0,0.0,1.0697,0.0,9.61,0.0,0.0,0.0,55300,323299198923076
005950,이수화학,6.47,2.21,0.0,1.63,1.19,359.91,193.0,100.27,100.27,34.13,29.61,-56.14,0.0,0.0,2207647670842.0,1.8582,0.0,0.0,0.2168,0.0,35.04,0.0,0.0,0.0,18200,478515176374
005960,동부건설,6.74,2.49,0.0,2.82,2.69,412.53,171.03,183.93,183.93,36.9,27.63,-32.65,0.0,0.0,1461208947333.0,0.9238,0.0,0.0,0.114,0.0,28.23,0.0,0.0,0.0,7260,166570161290
005980,성지건설,-13.76,-2.21,0.0,-6.7,-3.7,-55.6,523.55,84.36,84.36,16.04,38.88,15.6,0.0,0.0,82955763757.0,0.5958,0.0,0.0,0.0,0.0,0.0,0.0,0.0,0.0,0,0
005990,매일홀딩스,2.52,1.33,0.0,3.71,0.85,734.34,89.96,185.91,185.91,52.64,9.55,-21.74,0.0,0.0,1979261381048.0,1.5566,0.0,0.0,0.0565,0.0,9.72,0.0,0.0,0.0,8400,111741697416
006040,동원산업,10.2,4.2,0.0,5.48,3.29,4944.33,142.78,126.57,126.57,41.19,18.72,-2.8,0.0,0.0,9026258367482.0,1.2783,0.0,0.0,0.2413,0.0,12.8,0.0,0.0,0.0,49350,2178330819245
006050,국영지앤엠,3.87,2.81,0.0,3.34,2.92,21.21,37.79,192.76,192.76,72.57,15.57,131.47,0.0,0.0,63599420068.0,0.9614,0.0,0.0,0.0817,0.0,11.0,0.0,0.0,0.0,1490,5198377281
006060,화승인더스트리,0.01,0.0,0.0,3.83,0.0,732.98,169.76,92.74,92.74,37.07,40.09,327.74,0.0,0.0,1912955609700.0,1.075,0.0,0.0,0.1114,0.0,18.18,0.0,0.0,0.0,3850,213007920792
006090,사조오양,4.14,2.48,0.0,2.76,2.31,102.01,66.65,105.66,105.66,60.01,12.24,-49.98,0.0,0.0,369125207218.0,1.0755,0.0,0.0,0.2039,0.0,20.83,0.0,0.0,0.0,7990,75271912568
006110,삼아알미늄,12.47,5.97,0.0,7.23,5.51,225.71,108.9,103.69,103.69,47.87,23.36,46.12,0.0,0.0,312055883421.0,1.083,0.0,0.0,2.0064,0.0,34.39,0.0,0.0,0.0,41400,626095384615
006120,SK디스커버리,8.97,4.53,0.0,4.16,6.13,3622.29,97.87,162.23,162.23,50.54,31.79,387.09,0.0,0.0,8717115148765.0,0.74,0.0,0.0,0.0604,0.0,17.54,0.0,0.0,0.0,30250,526765196078
006140,피제이전자,5.77,3.75,0.0,3.86,4.41,60.9,53.87,192.64,192.64,64.99,31.55,-10.86,0.0,0.0,157729343615.0,0.8496,0.0,0.0,0.5285,0.0,24.36,0.0,0.0,0.0,5610,83355299055
006200,한국전자홀딩스,9.05,6.66,0.0,9.27,9.64,300.3,35.84,215.17,215.17,73.62,-2.17,-22.02,0.0,0.0,323979889281.0,0.6906,0.0,0.0,0.0289,0.0,4.43,0.0,0.0,0.0,1000,9347714432
006260,LS,9.1,3.01,0.0,3.84,2.89,6709.41,202.7,134.76,134.76,33.04,36.34,16.62,0.0,0.0,17491338000000.0,1.0403,0.0,0.0,0.1243,0.0,20.02,0.0,0.0,0.0,69700,2174640000000
006280,녹십자,4.43,2.75,0.0,4.75,4.06,812.64,61.21,181.31,181.31,62.03,11.28,10.32,0.0,0.0,1711312739533.0,0.6776,0.0,0.0,0.8843,0.0,30.42,0.0,0.0,0.0,129500,1513374515879
006340,대원전선,1.48,0.55,0.0,0.24,0.24,13.46,168.52,140.66,140.66,37.24,18.41,-41.36,0.0,0.0,562428058271.0,2.2867,0.0,0.0,0.1534,0.0,178.75,0.0,0.0,0.0,1100,86255506607
006360,GS건설,8.24,2.6,0.0,4.51,3.59,5548.35,216.39,114.7,114.7,31.61,36.1,-14.18,0.0,0.0,12299196214752.0,0.7258,0.0,0.0,0.1472,0.0,24.15,0.0,0.0,0.0,21150,1810043801652
006370,대구백화점,-8.04,-3.95,0.0,0.0,0.0,-163.03,103.24,12.46,12.46,49.2,0.0,9.78,0.0,0.0,0.0,0.0,0.0,0.0,0.0,0.0,0.0,0.0,0.0,0.0,9820,106287058823
006390,한일현대시멘트,9.81,5.5,0.0,7.46,7.58,351.68,78.39,150.38,150.38,56.06,18.68,-2.17,0.0,0.0,471150173575.0,0.7258,0.0,0.0,0.0,0.0,0.0,0.0,0.0,0.0,0,0
006400,삼성SDI,11.84,6.74,0.0,8.98,10.13,18080.13,75.74,120.54,120.54,56.9,48.48,69.36,0.0,0.0,20124069515854.0,0.6651,0.0,0.0,2.3666,0.0,33.55,0.0,0.0,0.0,591000,47625996187175
006490,프리티,-11.75,-7.32,0.0,-1.81,-9.66,-13.88,60.48,77.4,77.4,62.31,6.99,42.68,0.0,0.0,76678321796.0,0.7578,0.0,0.0,0.4983,0.0,0.0,0.0,0.0,0.0,1290,38211581291
006570,대림통상,4.77,2.23,0.0,3.99,2.2,69.52,113.86,122.23,122.23,46.76,12.16,136.15,0.0,0.0,174112262391.0,1.0135,0.0,0.0,0.3127,0.0,20.99,0.0,0.0,0.0,3570,54444854881
006580,대양제지공업,-2.16,-1.4,0.0,-5.53,-2.54,-68.19,54.09,114.61,114.61,64.9,-3.31,-1.59,0.0,0.0,123341096051.0,0.5534,0.0,0.0,0.0,0.0,0.0,0.0,0.0,0.0,0,0
006620,동구바이오제약,6.48,3.84,0.0,8.74,3.39,170.4,68.51,132.36,132.36,59.34,25.68,109.35,0.0,0.0,194987764745.0,1.1333,0.0,0.0,0.8963,0.0,14.36,0.0,0.0,0.0,6140,174767039106
006650,대한유화,-8.01,-6.79,0.0,-9.66,-6.71,-2146.4,17.93,207.11,207.11,84.79,-11.64,-219.63,0.0,0.0,2222070977921.0,1.0119,0.0,0.0,0.5017,0.0,0.0,0.0,0.0,0.0,171500,1114750000000
006660,삼성공조,15.82,13.27,0.0,9.13,42.78,87.37,19.23,491.64,491.64,83.87,20.32,646.35,0.0,0.0,95745353970.0,0.3102,0.0,0.0,0.8273,0.0,14.76,0.0,0.0,0.0,9750,79209302325
006730,서부T&D,3.11,1.23,0.0,14.18,18.78,191.85,152.9,18.13,18.13,39.54,39.85,459.74,0.0,0.0,135281001825.0,0.0655,0.0,0.0,3.6775,0.0,91.03,0.0,0.0,0.0,7740,497501886792
006740,블루산업개발,5.8,3.89,0.0,7.4,7.51,78.04,49.18,315.1,315.1,67.04,-12.57,-3.64,0.0,0.0,105449038864.0,0.5177,0.0,0.0,0.5548,0.0,16.1,0.0,0.0,0.0,12300,58505617977
006840,AK홀딩스,-9.28,-2.38,0.0,-0.58,-3.14,-218.22,290.25,66.71,66.71,25.62,19.58,86.83,0.0,0.0,3787959855335.0,0.7569,0.0,0.0,0.0602,0.0,0.0,0.0,0.0,0.0,17200,227957333333
006880,신송홀딩스,1.64,0.65,0.0,4.09,0.75,85.74,152.1,60.2,60.2,39.67,12.31,24.85,0.0,0.0,209403828091.0,0.8641,0.0,0.0,0.3385,0.0,25.32,0.0,0.0,0.0,5990,70880570801
006890,태경케미컬,5.93,5.22,0.0,17.45,14.65,104.01,13.61,567.51,567.51,88.02,10.26,-14.29,0.0,0.0,59613478497.0,0.3561,0.0,0.0,2.0906,0.0,13.91,0.0,0.0,0.0,10750,124625719769
006910,보성파워텍,-13.76,-13.01,0.0,-8.29,-20.51,-44.93,5.8,1015.93,1015.93,94.52,-20.92,-201.67,0.0,0.0,54198727500.0,0.6342,0.0,0.0,3.3716,0.0,0.0,0.0,0.0,0.0,3720,182738630136
006920,모헨즈,6.97,4.08,0.0,3.95,2.54,35.61,70.98,229.19,229.19,58.49,23.77,264.99,0.0,0.0,90123541702.0,1.6044,0.0,0.0,0.4219,0.0,17.22,0.0,0.0,0.0,3480,38020298507
006980,우성,0.07,0.03,0.0,-0.1,0.02,-6.07,132.04,119.65,119.65,43.1,27.44,-166.57,0.0,0.0,612322385130.0,1.5233,0.0,0.0,0.1086,0.0,0.0,0.0,0.0,0.0,21500,66479365079
007070,GS리테일,1.08,0.48,0.0,2.18,0.42,2451.32,122.45,62.85,62.85,44.95,15.85,11.66,0.0,0.0,11226428523558.0,1.1418,0.0,0.0,0.2096,0.0,31.68,0.0,0.0,0.0,28150,2353596394686
007110,일신석재,4.25,2.02,0.0,2.83,1.71,39.0,110.34,120.83,120.83,47.54,84.19,371.91,0.0,0.0,137670990748.0,1.1851,0.0,0.0,0.5737,0.0,35.88,0.0,0.0,0.0,1020,78978583196
007120,미래아이앤지,-4.38,-3.12,0.0,24.21,-23.72,31.06,40.42,670.71,670.71,71.22,64.3,245.3,0.0,0.0,12828359269.0,0.1316,0.0,0.0,0.5959,0.0,11.5,0.0,0.0,0.0,280,7644813278
007160,사조산업,12.46,6.87,0.0,8.35,12.12,551.74,81.37,78.77,78.77,55.14,11.96,12.06,0.0,0.0,660986318742.0,0.5666,0.0,0.0,0.3404,0.0,13.56,0.0,0.0,0.0,45000,225000000000
007210,벽산,3.87,1.94,0.0,3.62,2.25,188.28,99.09,121.16,121.16,50.23,10.28,120.34,0.0,0.0,519886002844.0,0.8639,0.0,0.0,0.254,0.0,22.92,0.0,0.0,0.0,2020,132055401662
007280,한국특강,20.35,7.42,0.0,3.85,5.11,306.43,174.31,105.98,105.98,36.45,15.1,-23.8,0.0,0.0,795939630828.0,1.453,0.0,0.0,0.07,0.0,13.18,0.0,0.0,0.0,1945,55714838709
007310,오뚜기,14.3,7.8,0.0,5.83,8.75,1856.56,83.3,121.56,121.56,54.56,16.22,11.45,0.0,0.0,3183314853660.0,0.8917,0.0,0.0,0.5993,0.0,19.01,0.0,0.0,0.0,476000,1907677860326
007340,DN오토모티브,16.34,4.03,0.0,13.35,5.86,4215.28,305.79,130.71,130.71,24.64,239.12,370.22,0.0,0.0,3156376223570.0,0.6874,0.0,0.0,1.1882,0.0,17.11,0.0,0.0,0.0,64100,3750529025423
007370,진양제약,15.87,10.75,0.0,14.61,16.14,111.38,47.53,149.75,149.75,67.78,21.36,59.95,0.0,0.0,76264203331.0,0.6664,0.0,0.0,1.2087,0.0,11.59,0.0,0.0,0.0,6520,92179310344
007390,네이처셀,-11.92,-7.25,0.0,-44.09,-31.61,-95.02,64.49,187.86,187.86,60.79,5.9,-27.02,0.0,0.0,21554489489.0,0.2293,0.0,0.0,45.5881,0.0,0.0,0.0,0.0,0.0,15250,982627884615
007460,에이프로젠,-25.18,-19.35,0.0,-152.32,-148.16,-1193.45,30.12,235.26,235.26,76.85,197.95,-26.11,0.0,0.0,78349308044.0,0.1306,0.0,0.0,0.1813,0.0,0.0,0.0,0.0,0.0,572,14202222222
007530,와이엠,5.85,1.74,0.0,3.17,1.7,46.34,236.6,76.5,76.5,29.71,19.08,200.09,0.0,0.0,146324333264.0,1.0222,0.0,0.0,0.4194,0.0,34.95,0.0,0.0,0.0,2755,61363009198
007540,샘표,4.95,3.48,0.0,2.78,4.36,103.35,42.37,211.4,211.4,70.24,6.55,-52.81,0.0,0.0,371827516670.0,0.7981,0.0,0.0,0.3665,0.0,26.6,0.0,0.0,0.0,47400,136261503416
007570,일양약품,8.33,4.92,0.0,5.75,7.99,142.49,69.45,81.48,81.48,59.02,2.17,-6.18,0.0,0.0,247772599350.0,0.6149,0.0,0.0,1.4903,0.0,37.5,0.0,0.0,0.0,19350,369264394829
007610,선도전기,-38.5,-12.81,0.0,-17.64,-22.81,-112.93,200.42,43.91,43.91,33.29,-7.49,51.85,0.0,0.0,64020094129.0,0.5617,0.0,0.0,0.8433,0.0,0.0,0.0,0.0,0.0,3000,53985148514
007660,이수페타시스,46.09,18.77,0.0,18.14,15.94,1166.18,145.59,130.72,130.72,40.72,36.9,148.78,0.0,0.0,642920533265.0,1.1775,0.0,0.0,0.6428,0.0,6.32,0.0,0.0,0.0,5630,413291385964
007680,대원,5.37,3.62,0.0,4.98,5.45,178.49,48.55,371.07,371.07,67.32,23.86,-25.33,0.0,0.0,358311814798.0,0.6643,0.0,0.0,0.259,0.0,15.08,0.0,0.0,0.0,7020,92789610389
007690,국도화학,8.57,4.91,0.0,6.05,4.59,969.31,74.68,150.9,150.9,57.25,1.56,-52.65,0.0,0.0,1601774176672.0,1.0685,0.0,0.0,0.2471,0.0,10.7,0.0,0.0,0.0,42750,395853896103
007700,F&F 홀딩스,14.45,11.61,0.0,26.76,22.98,4862.32,24.44,121.21,121.21,80.36,149.86,132.44,0.0,0.0,1816814937477.0,0.5054,0.0,0.0,0.6556,0.0,3.9,0.0,0.0,0.0,30450,1191069986072
007720,소노스퀘어,-15.98,-10.86,0.0,-10.82,-10.73,-185.04,47.19,254.79,254.79,67.94,13.69,11.39,0.0,0.0,170972649935.0,1.0119,0.0,0.0,0.089,0.0,0.0,0.0,0.0,0.0,754,15208191653
007770,한일화학,3.36,2.54,0.0,3.13,2.56,48.86,32.13,189.65,189.65,75.68,37.21,874.27,0.0,0.0,156319099706.0,0.9946,0.0,0.0,0.3624,0.0,19.42,0.0,0.0,0.0,16150,56648596938
007810,코리아써키트,11.41,6.63,0.0,6.21,5.37,991.95,72.09,186.78,186.78,58.11,12.13,16.55,0.0,0.0,1596875152129.0,1.2346,0.0,0.0,0.1802,0.0,8.36,0.0,0.0,0.0,12000,287784665579
007820,엠엑스로보틱스,3.52,2.25,0.0,1.75,2.15,20.09,56.4,233.71,233.71,63.94,50.63,180.71,0.0,0.0,115015460133.0,1.047,0.0,0.0,0.9924,0.0,76.53,0.0,0.0,0.0,5700,114141791044
007860,서연,9.88,4.27,0.0,5.8,3.05,1885.73,131.45,104.65,104.65,43.21,31.15,125.36,0.0,0.0,3251548681865.0,1.3994,0.0,0.0,0.05,0.0,7.86,0.0,0.0,0.0,6930,162715703517
007980,TP,12.32,3.44,0.0,6.31,2.29,684.41,258.16,95.53,95.53,27.92,21.47,4876.17,0.0,0.0,1084607022822.0,1.5038,0.0,0.0,0.0742,0.0,8.77,0.0,0.0,0.0,1715,80467760506
008040,사조동아원,0.45,0.21,0.0,2.41,0.16,152.51,108.54,93.91,93.91,47.95,53.24,-20.19,0.0,0.0,631567233187.0,1.3112,0.0,0.0,0.2016,0.0,24.79,0.0,0.0,0.0,902,127300611620
008060,대덕,8.99,7.01,0.0,11.85,8.03,1968.66,28.24,251.38,251.38,77.98,21.16,192.96,0.0,0.0,1661906969216.0,0.8731,0.0,0.0,0.1169,0.0,3.12,0.0,0.0,0.0,6210,194278258184
008110,대동전자,4.79,4.0,0.0,5.05,19.34,22.04,19.87,1395.78,1395.78,83.42,9.58,-27.6,0.0,0.0,43621572191.0,0.2067,0.0,0.0,0.0,0.0,0.0,0.0,0.0,0.0,0,0
008250,이건산업,2.67,1.21,0.0,5.87,1.63,193.25,120.8,99.61,99.61,45.29,18.96,-39.87,0.0,0.0,329330250975.0,0.7437,0.0,0.0,0.2375,0.0,16.58,0.0,0.0,0.0,7140,78210461538
008260,NI스틸,25.92,12.28,0.0,0.0,13.73,0.0,111.19,66.62,66.62,47.35,43.18,0.0,0.0,0.0,355390202149.0,0.8942,0.0,0.0,0.3601,0.0,0.0,0.0,0.0,0.0,4475,127968162083
008290,원풍물산,-24.95,-10.6,0.0,0.63,-10.53,2.1,135.34,105.13,105.13,42.49,7.87,116.26,0.0,0.0,33300032711.0,1.0064,0.0,0.0,0.5892,0.0,183.89,0.0,0.0,0.0,963,19621820809
008350,남선알미늄,9.11,6.96,0.0,-0.97,10.92,-24.9,30.84,274.67,274.67,76.43,11.03,63.98,0.0,0.0,255740299974.0,0.6374,0.0,0.0,1.0749,0.0,0.0,0.0,0.0,0.0,2130,274897435897
008370,원풍,9.91,9.1,0.0,8.67,9.5,77.58,8.91,1192.01,1192.01,91.82,0.64,97.27,0.0,0.0,89490584326.0,0.9585,0.0,0.0,0.6658,0.0,8.66,0.0,0.0,0.0,4965,59580000000
008420,문배철강,15.62,12.67,0.0,1.56,13.64,30.06,23.24,180.98,180.98,81.14,-6.18,-85.54,0.0,0.0,192206730661.0,0.929,0.0,0.0,0.3436,0.0,34.95,0.0,0.0,0.0,3220,66036027713
008470,부스타,-1.57,-1.28,0.0,-3.6,-1.35,-33.07,22.26,358.59,358.59,81.79,-6.47,-23515.42,0.0,0.0,91869520499.0,0.9546,0.0,0.0,0.8897,0.0,0.0,0.0,0.0,0.0,4870,81736257309
008490,서흥,8.64,4.38,0.0,9.76,6.39,619.77,97.23,142.18,142.18,50.7,6.41,-10.96,0.0,0.0,634966079026.0,0.6854,0.0,0.0,0.6132,0.0,13.65,0.0,0.0,0.0,33650,389368052516
008500,일정실업,-125.67,-20.53,0.0,-23.43,-21.78,-74.18,511.98,48.9,48.9,16.34,3.71,11.95,0.0,0.0,31654086485.0,0.943,0.0,0.0,0.0,0.0,0.0,0.0,0.0,0.0,0,0
008600,윌비스,-9.49,-3.45,0.0,0.08,-3.66,1.93,175.14,129.64,129.64,36.35,-7.82,-95.59,0.0,0.0,254858078450.0,0.9425,0.0,0.0,0.0182,0.0,913.6,0.0,0.0,0.0,689,4628396946
008700,아남전자,13.91,5.03,0.0,4.3,2.89,0.16,176.44,0.0,0.0,36.17,18.25,20.84,0.0,0.0,371831316.0,1.7404,0.0,0.0,346.3464,0.0,8066.71,0.0,0.0,0.0,1670,128782433521
008730,율촌화학,-1.24,-0.64,0.0,-0.91,-0.82,-46.23,95.66,170.19,170.19,51.11,-5.53,-141.95,0.0,0.0,508944089593.0,0.7792,0.0,0.0,1.7762,0.0,0.0,0.0,0.0,0.0,36450,904011855364
008770,호텔신라,0.0,0.0,0.0,1.59,0.0,783.46,444.39,113.24,113.24,18.37,30.24,-34.06,0.0,0.0,4922008727369.0,1.675,0.0,0.0,0.6626,0.0,72.25,0.0,0.0,0.0,83100,3261439455782
008800,행남사,-10.99,-6.11,0.0,-8.31,-14.05,-8.97,79.85,26.02,26.02,55.6,8.06,-67.19,0.0,0.0,10793362681.0,0.4347,0.0,0.0,0.0,0.0,0.0,0.0,0.0,0.0,0,0
008830,대동기어,5.69,1.72,0.0,3.13,1.75,75.9,230.91,78.88,78.88,30.22,19.31,1.05,0.0,0.0,242097571788.0,0.9846,0.0,0.0,0.5386,0.0,39.79,0.0,0.0,0.0,6800,130403726708
008870,금비,-15.37,-6.68,0.0,-0.0,-8.74,-0.06,130.04,107.22,107.22,43.47,2.79,-100.07,0.0,0.0,234952392835.0,0.7645,0.0,0.0,0.4639,0.0,0.0,0.0,0.0,0.0,109000,109000000000
008930,한미사이언스,9.53,6.22,0.0,6.46,6.6,676.26,53.11,70.56,70.56,65.31,10.09,14.91,0.0,0.0,1046054210838.0,0.9427,0.0,0.0,2.1216,0.0,38.51,0.0,0.0,0.0,32450,2219275781250
008970,KBI동양철관,4.51,2.18,0.0,2.91,1.49,77.38,107.48,116.52,116.52,48.2,46.23,339.47,0.0,0.0,266171679290.0,1.4585,0.0,0.0,0.3676,0.0,24.86,0.0,0.0,0.0,943,97850321395
009070,케이씨티시,10.87,4.46,0.0,4.08,3.05,375.34,143.84,85.11,85.11,41.01,32.48,26.79,0.0,0.0,920408668737.0,1.4608,0.0,0.0,0.1483,0.0,13.54,0.0,0.0,0.0,4550,136500000000
009140,경인전자,4.23,3.96,0.0,0.55,13.5,1.1,6.91,1748.6,1748.6,93.53,-26.77,-94.48,0.0,0.0,20057915796.0,0.2933,0.0,0.0,1.8963,0.0,384.65,0.0,0.0,0.0,24200,38036203090
009150,삼성전기,12.91,9.03,0.0,12.55,10.54,11828.36,42.94,193.59,193.59,69.96,-2.59,-20.45,0.0,0.0,9424551868027.0,0.857,0.0,0.0,1.0343,0.0,11.03,0.0,0.0,0.0,130500,9747526543209
009160,SIMPAC,12.7,7.89,0.0,17.69,11.33,1189.46,60.93,169.96,169.96,62.14,9.66,11.79,0.0,0.0,672228713099.0,0.6965,0.0,0.0,0.4557,0.0,5.65,0.0,0.0,0.0,4685,306306368821
009180,한솔로지스틱스,23.65,8.83,0.0,3.58,2.39,363.5,167.79,113.62,113.62,37.34,35.92,19.95,0.0,0.0,1015371889567.0,3.699,0.0,0.0,0.0782,0.0,6.92,0.0,0.0,0.0,2820,79385278276
009190,대양금속,5.31,2.31,0.0,5.38,3.63,137.12,129.73,139.55,139.55,43.53,25.34,-9.72,0.0,0.0,254967649297.0,0.636,0.0,0.0,0.5518,0.0,26.77,0.0,0.0,0.0,3200,140701262272
009200,무림페이퍼,5.04,1.43,0.0,6.88,2.48,963.12,252.35,97.38,97.38,28.38,32.59,223.09,0.0,0.0,1399139266935.0,0.576,0.0,0.0,0.0729,0.0,19.12,0.0,0.0,0.0,2450,101949541284
009240,한샘,-16.01,-6.49,0.0,-1.08,-3.56,-216.9,146.88,80.22,80.22,40.51,-10.32,-131.32,0.0,0.0,2000906065724.0,1.8195,0.0,0.0,0.5246,0.0,0.0,0.0,0.0,0.0,44600,1049579081632
009270,신원,7.79,3.44,0.0,3.35,1.76,333.69,126.21,159.55,159.55,44.21,13.19,54.2,0.0,0.0,995439504318.0,1.9514,0.0,0.0,0.1782,0.0,13.84,0.0,0.0,0.0,1545,177337934105
009290,광동제약,4.88,2.86,0.0,2.67,1.87,382.44,70.37,171.32,171.32,58.69,6.98,-14.89,0.0,0.0,1431545255139.0,1.536,0.0,0.0,0.2073,0.0,17.83,0.0,0.0,0.0,5960,296787480438
009300,삼아제약,6.59,5.86,0.0,22.34,14.58,182.53,12.5,542.05,542.05,88.89,49.45,201.79,0.0,0.0,81699539725.0,0.4021,0.0,0.0,1.2986,0.0,7.05,0.0,0.0,0.0,16650,106097031136
009310,참엔지니어링,-2.63,-0.31,0.0,0.77,-1.33,13.08,758.96,82.11,82.11,11.64,13.3,-50.13,0.0,0.0,170586353989.0,0.2306,0.0,0.0,0.0182,0.0,501.99,0.0,0.0,0.0,710,3103752345
009320,아진전자부품,-34.08,-9.58,0.0,-5.73,-8.7,-57.61,255.6,63.6,63.6,28.12,1.33,-634.27,0.0,0.0,100501934262.0,1.1015,0.0,0.0,0.706,0.0,0.0,0.0,0.0,0.0,1440,70950000000
009410,태영건설,6.62,1.14,0.0,3.51,1.88,915.48,483.55,101.74,101.74,17.14,-5.33,-47.55,0.0,0.0,2605096732189.0,0.6026,0.0,0.0,0.4604,0.0,52.23,0.0,0.0,0.0,4030,1199331772966
009420,한올바이오파마,0.15,0.12,0.0,1.37,0.23,15.06,26.86,391.76,391.76,78.83,8.27,-85.09,0.0,0.0,109995418981.0,0.5153,0.0,0.0,8.4539,0.0,647.56,0.0,0.0,0.0,17800,929893467336
009440,KC그린홀딩스,-6.6,-2.15,0.0,0.0,0.0,135.67,207.32,92.48,92.48,32.54,0.0,-50.4,0.0,0.0,0.0,0.0,0.0,0.0,0.0,0.0,44.27,0.0,0.0,0.0,2820,65650793650
009450,경동나비엔,10.35,5.26,0.0,5.15,4.62,597.71,96.64,123.48,123.48,50.85,5.25,-7.04,0.0,0.0,1160860788602.0,1.1403,0.0,0.0,0.4242,0.0,16.61,0.0,0.0,0.0,33800,492421725239
009460,한창제지,1.14,0.45,0.0,0.6,0.59,12.86,156.33,106.67,106.67,39.01,17.95,-92.76,0.0,0.0,214923504794.0,0.7593,0.0,0.0,0.074,0.0,146.64,0.0,0.0,0.0,1335,15908362369
009470,삼화전기,12.11,7.75,0.0,5.71,4.51,136.48,56.22,214.09,214.09,64.01,-3.23,-37.46,0.0,0.0,239112733902.0,1.7188,0.0,0.0,0.379,0.0,10.31,0.0,0.0,0.0,13700,90612793176
009520,포스코엠텍,4.21,3.02,0.0,1.86,1.41,63.56,39.36,284.41,284.41,71.75,5.65,-61.18,0.0,0.0,342175910791.0,2.1423,0.0,0.0,0.9725,0.0,59.45,0.0,0.0,0.0,7990,332752769230
009540,HD한국조선해양,-2.4,-0.99,0.0,-2.06,-1.71,-3555.61,142.72,104.94,104.94,41.2,11.67,74.32,0.0,0.0,17302020185000.0,0.579,0.0,0.0,0.2892,0.0,0.0,0.0,0.0,0.0,70700,5003653027259
009580,무림P&P,6.87,2.84,0.0,8.82,5.88,682.91,142.05,102.77,102.77,41.31,26.14,132.39,0.0,0.0,774103601234.0,0.4826,0.0,0.0,0.3503,0.0,17.76,0.0,0.0,0.0,4350,271192468619
009620,삼보산업,-22.15,-3.24,0.0,1.84,-2.41,83.77,583.22,77.04,77.04,14.64,27.8,-42.59,0.0,0.0,455016352333.0,1.3444,0.0,0.0,0.0332,0.0,36.29,0.0,0.0,0.0,864,15095172413
009680,모토닉,4.99,4.63,0.0,6.16,9.6,137.83,7.76,1257.7,1257.7,92.8,14.17,-3.99,0.0,0.0,223860212776.0,0.4824,0.0,0.0,0.7804,0.0,15.1,0.0,0.0,0.0,8040,174697265625
009730,이렘,10.44,6.41,0.0,2.98,4.38,19.87,63.0,239.43,239.43,61.35,46.07,88.56,0.0,0.0,66612579112.0,1.4635,0.0,0.0,0.1639,0.0,14.35,0.0,0.0,0.0,1370,10917737789
009770,삼정펄프,-0.45,-0.41,0.0,2.67,-0.55,46.66,9.23,711.06,711.06,91.55,26.3,246.98,0.0,0.0,174464091782.0,0.7499,0.0,0.0,0.3655,0.0,17.88,0.0,0.0,0.0,25500,63772972972
009780,엠에스씨,13.61,8.54,0.0,12.08,8.87,246.83,59.38,173.73,173.73,62.74,26.07,16.04,0.0,0.0,204298999216.0,0.9627,0.0,0.0,0.5341,0.0,7.62,0.0,0.0,0.0,6200,109113233287
009810,MDS스피어,-2.15,-1.3,0.0,-5.23,-3.0,-68.64,65.43,154.02,154.02,60.45,221.57,-354.25,0.0,0.0,131301686660.0,0.4324,0.0,0.0,0.0959,0.0,0.0,0.0,0.0,0.0,800,12589473684
009830,한화솔루션,3.7,1.54,0.0,7.08,2.68,9662.47,140.8,125.92,125.92,41.53,27.31,30.87,0.0,0.0,13653948104906.0,0.5729,0.0,0.0,0.7082,0.0,24.43,0.0,0.0,0.0,43000,9670363367799
009900,명신산업,22.33,9.22,0.0,8.37,5.66,1268.54,142.12,149.96,149.96,41.3,36.79,124.59,0.0,0.0,1515242090552.0,1.6306,0.0,0.0,0.4969,0.0,10.24,0.0,0.0,0.0,14350,752969887076
009970,영원무역홀딩스,22.53,16.36,0.0,22.1,19.81,10021.99,37.71,382.71,382.71,72.61,39.91,75.67,0.0,0.0,4533879205529.0,0.8258,0.0,0.0,0.1754,0.0,2.29,0.0,0.0,0.0,61400,795357744807
010040,한국내화,0.37,0.25,0.0,2.93,0.23,105.2,47.95,187.62,187.62,67.59,32.03,22.48,0.0,0.0,358774066756.0,1.1005,0.0,0.0,0.3223,0.0,21.04,0.0,0.0,0.0,2815,115638412698
010060,OCI홀딩스,21.88,13.01,0.0,20.91,18.79,9766.73,68.16,260.51,260.51,59.47,44.0,56.02,0.0,0.0,4671316051000.0,0.6925,0.0,0.0,0.3229,0.0,4.34,0.0,0.0,0.0,80800,1508557837837
010100,한국무브넥스,11.83,4.46,0.0,2.7,2.6,370.04,165.36,102.0,102.0,37.68,36.6,41.22,0.0,0.0,1371353848027.0,1.7155,0.0,0.0,0.0599,0.0,15.68,0.0,0.0,0.0,2700,82190082644
010120,엘에스일렉트릭,5.89,2.74,0.0,5.55,2.7,1875.24,114.47,168.41,168.41,46.63,26.56,20.88,0.0,0.0,3377070215838.0,1.0163,0.0,0.0,2.5051,0.0,54.57,0.0,0.0,0.0,56400,8460000000000
010130,고려아연,6.84,5.2,0.0,8.19,5.52,9191.71,31.65,261.78,261.78,75.96,12.45,-16.15,0.0,0.0,11219358600107.0,0.9413,0.0,0.0,1.0493,0.0,15.92,0.0,0.0,0.0,564000,11772362725137
010140,삼성중공업,-17.57,-4.33,0.0,-14.37,-10.55,-8544.21,305.71,91.27,91.27,24.65,-10.23,34.87,0.0,0.0,5944667452285.0,0.4102,0.0,0.0,0.7564,0.0,0.0,0.0,0.0,0.0,5110,4496800000000
010170,대한광통신,-2.92,-1.22,0.0,1.82,-1.62,34.61,138.87,124.35,124.35,41.86,21.39,112.6,0.0,0.0,190108508492.0,0.7542,0.0,0.0,2.7113,0.0,191.24,0.0,0.0,0.0,3315,515439756446
010240,흥국,9.29,7.27,0.0,8.33,6.35,112.13,27.77,473.65,473.65,78.26,-5.12,-18.96,0.0,0.0,134555280289.0,1.1439,0.0,0.0,0.4869,0.0,8.12,0.0,0.0,0.0,5600,65521023765
010280,아이티센엔텍,19.95,4.65,0.0,2.97,3.76,96.73,329.21,104.88,104.88,23.3,34.06,51.14,0.0,0.0,325214480599.0,1.2346,0.0,0.0,0.0316,0.0,21.95,0.0,0.0,0.0,789,10282635379
010400,우진아이엔에스,-3.55,-2.98,0.0,-6.67,-3.96,-56.07,19.25,386.13,386.13,83.86,-6.07,16.65,0.0,0.0,84045560461.0,0.7529,0.0,0.0,0.464,0.0,0.0,0.0,0.0,0.0,5110,38997368421
010420,한솔피엔에스,3.47,1.31,0.0,0.86,0.56,26.87,164.07,125.42,125.42,37.87,19.51,-40.97,0.0,0.0,314246057568.0,2.3287,0.0,0.0,0.0,0.0,0.0,0.0,0.0,0.0,0,0
010470,오리콤,11.53,5.73,0.0,7.46,6.46,141.75,101.24,150.44,150.44,49.69,20.8,114.93,0.0,0.0,190089490987.0,0.8864,0.0,0.0,0.9705,0.0,20.63,0.0,0.0,0.0,15400,184474074074
010580,에스엠벡셀,13.77,6.16,0.0,2.5,6.74,34.25,123.33,110.67,110.67,44.78,87.18,141.86,0.0,0.0,136788023955.0,0.9145,0.0,0.0,1.419,0.0,80.8,0.0,0.0,0.0,1745,194100789313
010600,웰바이오텍,-59.55,-35.46,0.0,1.43,-13.3,22.62,67.93,207.3,207.3,59.55,45.89,152.38,0.0,0.0,158116049456.0,2.667,0.0,0.0,0.0,0.0,0.0,0.0,0.0,0.0,0,0
010620,에이치디현대미포,-2.01,-0.92,0.0,-2.93,-1.18,-1090.66,118.28,109.02,109.02,45.81,28.74,49.81,0.0,0.0,3716860942000.0,0.7828,0.0,0.0,0.0,0.0,0.0,0.0,0.0,0.0,0,0
010640,진양폴리우레탄,11.37,7.58,0.0,6.24,6.63,32.88,50.07,141.3,141.3,66.64,-0.66,-30.26,0.0,0.0,52720489763.0,1.144,0.0,0.0,1.4018,0.0,27.15,0.0,0.0,0.0,4420,73901594533
010660,화천기계,2.76,2.2,0.0,0.68,1.88,12.82,25.31,243.21,243.21,79.8,7.87,1.74,0.0,0.0,189747949366.0,1.1754,0.0,0.0,0.3651,0.0,79.44,0.0,0.0,0.0,3150,69267581475
010690,화신,20.8,7.39,0.0,5.17,4.39,873.63,181.51,101.28,101.28,35.52,36.69,261.64,0.0,0.0,1690271415164.0,1.6825,0.0,0.0,0.1492,0.0,10.3,0.0,0.0,0.0,7220,252159850374
010770,평화홀딩스,-9.38,-2.06,0.0,0.49,-1.55,36.05,355.85,78.75,78.75,21.94,17.92,-52.57,0.0,0.0,740231005480.0,1.3257,0.0,0.0,0.0741,0.0,136.15,0.0,0.0,0.0,3750,54883081155
010780,아이에스동서,12.75,5.48,0.0,15.15,8.99,3450.76,132.72,133.08,133.08,42.97,41.66,11.04,0.0,0.0,2278442902307.0,0.6096,0.0,0.0,0.3736,0.0,8.64,0.0,0.0,0.0,28200,851264467952
010820,퍼스텍,3.17,0.85,0.0,1.94,1.12,31.13,272.93,86.01,86.01,26.81,17.16,-28.19,0.0,0.0,160154489954.0,0.7579,0.0,0.0,0.9989,0.0,101.07,0.0,0.0,0.0,3280,159977892918
010950,S-Oil,24.81,10.73,0.0,8.02,4.96,34051.66,131.19,112.09,112.09,43.25,54.55,59.05,0.0,0.0,42446028000000.0,2.1642,0.0,0.0,0.2212,0.0,6.03,0.0,0.0,0.0,83400,9389417588274
010960,삼호개발,2.71,2.1,0.0,1.45,1.93,44.69,29.03,295.85,295.85,77.5,-3.07,-65.84,0.0,0.0,307522114170.0,1.089,0.0,0.0,0.2995,0.0,34.82,0.0,0.0,0.0,3820,92100323624
011000,진원생명과학,-21.02,-17.12,0.0,-82.28,-78.31,-400.84,22.81,215.94,215.94,81.43,25.89,-46.11,0.0,0.0,48718300179.0,0.2186,0.0,0.0,2.6622,0.0,0.0,0.0,0.0,0.0,7140,129696629213
011040,경동제약,4.7,3.9,0.0,4.55,6.63,83.12,20.56,205.44,205.44,82.94,2.88,-47.24,0.0,0.0,182718157223.0,0.5885,0.0,0.0,1.3252,0.0,35.5,0.0,0.0,0.0,7870,242141929133
011070,LG이노텍,22.97,10.0,0.0,6.49,5.0,12717.52,129.58,110.38,110.38,43.56,31.07,0.6,0.0,0.0,19589409483381.0,2.0002,0.0,0.0,0.3051,0.0,9.05,0.0,0.0,0.0,252500,5975951323987
011080,형지I&C,-2.25,-1.09,0.0,3.39,-0.93,23.93,106.64,148.67,148.67,48.39,7.56,182.38,0.0,0.0,70495736693.0,1.1736,0.0,0.0,0.1203,0.0,16.5,0.0,0.0,0.0,1200,8482039397
011090,에넥스,-52.93,-18.33,0.0,-11.43,-11.4,-235.34,188.85,109.97,109.97,34.62,2.07,-90.81,0.0,0.0,205956336083.0,1.608,0.0,0.0,0.0443,0.0,0.0,0.0,0.0,0.0,768,9113600000
011150,CJ씨푸드,9.8,5.17,0.0,2.71,4.86,41.35,89.47,94.59,94.59,52.78,-5.82,-8.09,0.0,0.0,152701471935.0,1.0648,0.0,0.0,0.6769,0.0,41.37,0.0,0.0,0.0,2875,103359756097
011160,두산건설,-61.61,-11.8,0.0,2.53,-17.68,301.09,422.23,56.57,56.57,19.15,-14.88,-63.86,0.0,0.0,1190565661406.0,0.6674,0.0,0.0,0.0,0.0,0.0,0.0,0.0,0.0,0,0
011170,롯데케미칼,0.16,0.1,0.0,-3.42,0.12,-7626.07,55.14,148.28,148.28,64.46,22.93,-149.66,0.0,0.0,22276082763692.0,0.8317,0.0,0.0,0.3428,0.0,0.0,0.0,0.0,0.0,178500,7635329949238
011200,HMM,48.75,38.83,0.0,53.55,54.27,99515.55,25.55,695.99,695.99,79.65,34.71,34.89,0.0,0.0,18582770000000.0,0.7155,0.0,0.0,0.9923,0.0,2.38,0.0,0.0,0.0,19550,18440343822843
011210,현대위아,1.16,0.58,0.0,2.58,0.53,2121.15,102.12,177.04,177.04,49.48,9.03,106.49,0.0,0.0,8207614000000.0,1.0876,0.0,0.0,0.1638,0.0,24.32,0.0,0.0,0.0,49450,1344792750000
011230,삼화전자공업,-34.18,-8.82,0.0,-8.89,-12.54,-42.95,287.61,46.96,46.96,25.8,8.98,-7.74,0.0,0.0,48326219525.0,0.703,0.0,0.0,1.1456,0.0,0.0,0.0,0.0,0.0,2890,55363984674
011280,태림포장,6.33,3.56,0.0,3.94,2.96,308.95,77.68,92.01,92.01,56.28,9.98,2.37,0.0,0.0,784022455987.0,1.2039,0.0,0.0,0.2588,0.0,15.78,0.0,0.0,0.0,2865,202937500000
011300,우성머티리얼스,-36.05,-6.46,0.0,-2.09,-11.05,-15.17,457.59,60.75,60.75,17.93,-8.15,75.18,0.0,0.0,72460001579.0,0.585,0.0,0.0,0.2116,0.0,0.0,0.0,0.0,0.0,890,15332272727
011320,유니크,3.15,1.45,0.0,2.09,1.25,59.36,116.58,96.13,96.13,46.17,15.15,35.28,0.0,0.0,284078900765.0,1.165,0.0,0.0,0.3141,0.0,37.15,0.0,0.0,0.0,4620,89243101182
011330,유니켐,0.93,0.3,0.0,2.71,1.08,32.69,212.48,30.53,30.53,32.0,-2.35,-65.61,0.0,0.0,120444645572.0,0.277,0.0,0.0,0.1011,0.0,94.19,0.0,0.0,0.0,1215,12177551020
011370,서한,9.93,3.76,0.0,8.2,5.39,598.42,164.38,196.56,196.56,37.82,19.91,7.21,0.0,0.0,730033168624.0,0.6967,0.0,0.0,0.1562,0.0,12.79,0.0,0.0,0.0,1130,114010217113
011390,부산산업,5.53,3.37,0.0,3.45,2.97,52.59,64.11,170.45,170.45,60.93,19.21,1222.23,0.0,0.0,152610203139.0,1.1331,0.0,0.0,0.5017,0.0,24.56,0.0,0.0,0.0,72500,76569646569
011420,갤럭시아에스엠,13.84,7.97,0.0,13.87,15.33,41.75,73.59,57.09,57.09,57.61,4.13,20.92,0.0,0.0,30093883441.0,0.5201,0.0,0.0,1.5564,0.0,17.1,0.0,0.0,0.0,1700,46837891927
011500,한농화성,5.62,3.8,0.0,1.9,3.58,45.45,47.73,327.82,327.82,67.69,-2.36,-74.77,0.0,0.0,239432889248.0,1.0622,0.0,0.0,0.6511,0.0,50.32,0.0,0.0,0.0,9970,155886864406
011560,세보엠이씨,12.87,5.34,0.0,3.2,2.29,330.57,140.99,150.56,150.56,41.5,138.53,284.75,0.0,0.0,1031969465597.0,2.3353,0.0,0.0,0.0743,0.0,10.14,0.0,0.0,0.0,7600,76641842610
011690,와이투솔루션,-2.68,-1.75,0.0,1.48,-1.84,17.82,53.46,221.34,221.34,65.16,18.71,139.35,0.0,0.0,120518463736.0,0.9519,0.0,0.0,0.1809,0.0,36.98,0.0,0.0,0.0,594,21797217391
011700,한신기계공업,-9.75,-7.76,0.0,-16.21,-15.48,-90.84,25.59,313.61,313.61,79.63,3.08,-276.02,0.0,0.0,56039955371.0,0.5013,0.0,0.0,3.707,0.0,0.0,0.0,0.0,0.0,6400,207737704918
011760,현대코퍼레이션,18.02,4.3,0.0,1.09,1.28,668.28,319.45,126.4,126.4,23.84,61.98,90.56,0.0,0.0,6126968751169.0,3.3457,0.0,0.0,0.035,0.0,24.08,0.0,0.0,0.0,16200,214294736842
011780,금호석유화학,18.14,13.29,0.0,14.39,12.86,11477.46,36.54,187.56,187.56,73.24,-5.75,-52.31,0.0,0.0,7975625981021.0,1.0332,0.0,0.0,0.3974,0.0,4.56,0.0,0.0,0.0,126000,3169863529411
011790,SKC,-1.1,-0.39,0.0,7.02,-0.78,2202.56,185.17,135.02,135.02,35.07,38.63,-45.14,0.0,0.0,3138910077125.0,0.491,0.0,0.0,1.3984,0.0,38.78,0.0,0.0,0.0,88500,4389423588039
011810,STX,-18.21,-2.51,0.0,-0.16,-1.57,-19.55,624.35,85.83,85.83,13.81,28.42,-121.63,0.0,0.0,1188575000000.0,1.6023,0.0,0.0,0.1435,0.0,0.0,0.0,0.0,0.0,5500,170609065155
011930,신성이엔지,0.0,5.93,0.0,3.17,5.16,210.21,0.0,97.6,97.6,0.0,46.12,780.79,0.0,0.0,664143679914.0,1.1499,0.0,0.0,0.0475,0.0,18.93,0.0,0.0,0.0,1555,31573696543
012030,DB,2.0,1.38,0.0,5.88,1.42,236.09,45.38,103.82,103.82,68.78,22.77,0.58,0.0,0.0,401345502158.0,0.9687,0.0,0.0,0.4025,0.0,12.32,0.0,0.0,0.0,803,161553562500
012160,영흥,-1.44,-0.53,0.0,0.8,-0.54,42.27,170.33,105.61,105.61,36.99,29.07,-36.66,0.0,0.0,527368738331.0,0.9845,0.0,0.0,0.021,0.0,82.47,0.0,0.0,0.0,709,11072054794
012170,아센디오,-52.42,-23.12,0.0,-48.27,-91.04,-89.7,126.71,231.41,231.41,44.11,-13.87,-152.17,0.0,0.0,18582454837.0,0.254,0.0,0.0,0.1813,0.0,0.0,0.0,0.0,0.0,829,3369056000
012200,계양전기,-19.18,-8.25,0.0,-2.91,-6.72,-106.31,132.61,117.21,117.21,42.99,-3.97,-472.79,0.0,0.0,365075103182.0,1.2269,0.0,0.0,0.2364,0.0,0.0,0.0,0.0,0.0,3170,86317678100
012280,영화금속,0.75,0.21,0.0,-0.39,0.16,-11.21,252.05,95.83,95.83,28.41,20.94,93.14,0.0,0.0,284850842623.0,1.2904,0.0,0.0,0.0277,0.0,0.0,0.0,0.0,0.0,796,7883461538
012320,경동인베스트,2.08,1.59,0.0,5.34,3.4,147.09,30.2,363.65,363.65,76.81,-7.68,6.79,0.0,0.0,275539561544.0,0.4696,0.0,0.0,0.8457,0.0,25.09,0.0,0.0,0.0,98500,233024033437
012330,현대모비스,6.58,4.49,0.0,3.9,4.79,20265.31,46.55,223.59,223.59,68.24,24.47,-0.67,0.0,0.0,51906293000000.0,0.9368,0.0,0.0,0.347,0.0,17.57,0.0,0.0,0.0,200500,18009011686879
012340,뉴인텍,-52.39,-11.83,0.0,-10.91,-12.79,-82.16,342.88,71.16,71.16,22.58,9.05,-2561.71,0.0,0.0,75321857688.0,0.925,0.0,0.0,0.7577,0.0,0.0,0.0,0.0,0.0,2590,57075125208
012450,한화에어로스페이스,3.87,1.0,0.0,5.77,2.32,3772.15,286.29,103.86,103.86,25.89,18.01,36.13,0.0,0.0,6539605817572.0,0.4314,0.0,0.0,0.5803,0.0,39.84,0.0,0.0,0.0,73600,3795068457350
012510,더존비즈온,5.26,2.77,0.0,14.96,7.58,455.34,89.94,104.48,104.48,52.65,-4.53,-36.02,0.0,0.0,304302941269.0,0.3654,0.0,0.0,0.0,0.0,0.0,0.0,0.0,0.0,0,0
012600,청호ICT,-21.4,-14.44,0.0,-22.42,-19.23,-50.45,48.19,138.72,138.72,67.48,23.98,-1.56,0.0,0.0,22502572182.0,0.7509,0.0,0.0,0.0,0.0,0.0,0.0,0.0,0.0,0,0
012610,경인양행,6.48,3.14,0.0,6.97,4.28,280.6,105.99,123.16,123.16,48.55,-0.17,-1.04,0.0,0.0,402637341238.0,0.7344,0.0,0.0,0.4228,0.0,16.12,0.0,0.0,0.0,4090,170215241057
012620,원일특강,7.15,3.88,0.0,4.42,2.75,170.21,84.39,138.4,138.4,54.23,17.45,0.56,0.0,0.0,385097179563.0,1.4088,0.0,0.0,0.1071,0.0,9.77,0.0,0.0,0.0,9390,41257061340
012630,HDC,0.76,0.32,0.0,3.14,0.73,1585.35,139.87,155.22,155.22,41.69,5.55,-57.0,0.0,0.0,5044944531629.0,0.4352,0.0,0.0,0.065,0.0,44.71,0.0,0.0,0.0,5490,327991061946
012690,모나리자,3.01,2.39,0.0,2.4,1.93,28.95,26.0,206.85,206.85,79.37,13.6,-15.67,0.0,0.0,120870094114.0,1.236,0.0,0.0,0.8622,0.0,42.96,0.0,0.0,0.0,2850,104217821782
012700,리드코프,7.5,2.65,0.0,9.16,4.94,593.37,183.52,46.71,46.71,35.27,31.54,-3.36,0.0,0.0,647773386850.0,0.5358,0.0,0.0,0.2981,0.0,16.44,0.0,0.0,0.0,7370,193111111111
012750,에스원,9.92,7.28,0.0,8.27,6.12,2041.39,36.29,213.7,213.7,73.37,6.72,13.62,0.0,0.0,2467960276573.0,1.189,0.0,0.0,0.913,0.0,13.75,0.0,0.0,0.0,59300,2253327417380
012790,신일제약,9.86,8.51,0.0,17.07,15.2,136.56,15.86,421.58,421.58,86.31,29.56,71.09,0.0,0.0,80007072042.0,0.5601,0.0,0.0,1.2735,0.0,8.89,0.0,0.0,0.0,8500,101886477462
012800,대창,1.32,0.44,0.0,0.63,0.25,90.89,203.62,131.07,131.07,32.94,12.81,-84.93,0.0,0.0,1441272496006.0,1.7155,0.0,0.0,0.0762,0.0,74.07,0.0,0.0,0.0,1205,109775398824
012860,모베이스전자,3.37,0.97,0.0,4.76,0.74,439.12,247.6,92.99,92.99,28.77,20.62,182.64,0.0,0.0,922208635714.0,1.3149,0.0,0.0,0.0969,0.0,13.41,0.0,0.0,0.0,1220,89340707964
013000,세우글로벌,3.32,3.05,0.0,5.55,5.42,15.59,8.79,1103.53,1103.53,91.92,-13.36,-40.39,0.0,0.0,28065827220.0,0.5626,0.0,0.0,1.6782,0.0,32.81,0.0,0.0,0.0,1640,47100800000
013030,하이록코리아,9.04,8.34,0.0,22.26,18.79,406.96,8.36,1124.16,1124.16,92.28,24.61,115.15,0.0,0.0,182851091417.0,0.4439,0.0,0.0,1.3193,0.0,6.71,0.0,0.0,0.0,20500,241241071428
013120,동원개발,6.64,4.71,0.0,14.43,11.5,839.23,41.01,349.53,349.53,70.92,38.21,-16.62,0.0,0.0,581504179966.0,0.4094,0.0,0.0,0.534,0.0,8.62,0.0,0.0,0.0,3420,310514285714
013310,아진산업,12.4,4.37,0.0,7.95,4.97,475.4,183.64,107.96,107.96,35.26,24.71,248.02,0.0,0.0,597770521543.0,0.8808,0.0,0.0,0.1532,0.0,11.17,0.0,0.0,0.0,2360,91577731958
013360,일성건설,6.16,1.79,0.0,0.59,1.6,27.22,243.03,102.16,102.16,29.15,11.15,-74.81,0.0,0.0,462601614581.0,1.1193,0.0,0.0,0.2498,0.0,150.0,0.0,0.0,0.0,2140,115560000000
013520,화승코퍼레이션,6.25,1.33,0.0,0.0,0.0,431.68,369.76,77.78,77.78,21.29,0.0,330.6,0.0,0.0,0.0,0.0,0.0,0.0,0.0,0.0,23.09,0.0,0.0,0.0,1400,70052044609
013570,디와이,1.52,0.89,0.0,3.01,0.7,329.21,70.72,168.05,168.05,58.58,9.66,-29.64,0.0,0.0,1094816896212.0,1.2714,0.0,0.0,0.1274,0.0,15.07,0.0,0.0,0.0,5300,139461104847
013580,계룡건설산업,7.52,2.36,0.0,4.5,2.05,1328.36,218.91,126.92,126.92,31.36,15.14,-42.93,0.0,0.0,2949680250000.0,1.1522,0.0,0.0,0.0551,0.0,14.45,0.0,0.0,0.0,18200,162575406032
013700,까뮤이앤씨,-20.07,-8.13,0.0,-8.15,-8.14,-158.98,146.99,81.29,81.29,40.49,19.22,-427.99,0.0,0.0,195140487261.0,0.9982,0.0,0.0,0.6525,0.0,0.0,0.0,0.0,0.0,2130,127330958549
013720,청보,-69.65,-39.93,0.0,1.09,-82.43,3.93,74.44,172.22,172.22,57.33,45.42,107.89,0.0,0.0,36024332730.0,0.4844,0.0,0.0,0.1376,0.0,93.26,0.0,0.0,0.0,408,4956842105
013810,스페코,1.2,0.71,0.0,-12.12,1.97,-37.67,69.07,249.71,249.71,59.15,-42.81,-234.28,0.0,0.0,31079586548.0,0.3623,0.0,0.0,2.1559,0.0,0.0,0.0,0.0,0.0,4580,67003703703
013870,지엠비코리아,4.51,2.19,0.0,1.82,1.98,111.23,105.66,118.69,118.69,48.62,14.9,32.77,0.0,0.0,610506109979.0,1.1084,0.0,0.0,0.1391,0.0,33.07,0.0,0.0,0.0,4450,84897567221
013890,지누스,4.69,2.63,0.0,5.65,2.53,655.61,78.04,175.25,175.25,56.17,3.18,-11.8,0.0,0.0,1159605660284.0,1.0402,0.0,0.0,0.6619,0.0,19.16,0.0,0.0,0.0,35000,767586206896
013990,아가방컴퍼니,6.07,4.73,0.0,8.34,5.65,145.3,28.28,301.62,301.62,77.95,15.46,146.03,0.0,0.0,174318344068.0,0.8366,0.0,0.0,0.6434,0.0,10.88,0.0,0.0,0.0,3410,112159771428
014100,메디앙스,-14.48,-10.08,0.0,2.25,-16.42,16.1,43.75,123.53,123.53,69.57,-0.14,-64.06,0.0,0.0,71422007545.0,0.6137,0.0,0.0,0.5024,0.0,44.29,0.0,0.0,0.0,3035,35884411764
014130,한익스프레스,8.11,2.09,0.0,2.31,1.0,198.63,287.21,81.24,81.24,25.83,10.55,247.66,0.0,0.0,858131760908.0,2.1035,0.0,0.0,0.0723,0.0,18.36,0.0,0.0,0.0,5260,62085245901
014160,대영포장,7.7,5.2,0.0,3.94,4.25,119.09,48.1,144.23,144.23,67.52,2.3,3.35,0.0,0.0,302554046399.0,1.2231,0.0,0.0,0.5485,0.0,20.68,0.0,0.0,0.0,1530,165935860058
014190,원익큐브,4.32,3.14,0.0,1.73,1.75,42.55,37.5,293.87,293.87,72.73,-4.8,-69.53,0.0,0.0,245979910828.0,1.7982,0.0,0.0,0.2914,0.0,25.61,0.0,0.0,0.0,2025,71679916317
014200,광림,-16.53,-9.63,0.0,10.64,-12.94,220.3,71.68,144.59,144.59,58.25,9.83,95.34,0.0,0.0,206957469626.0,0.7442,0.0,0.0,0.0,0.0,0.0,0.0,0.0,0.0,0,0
014280,금강공업,11.91,4.88,0.0,4.66,7.32,339.39,144.26,84.7,84.7,40.94,27.76,30.96,0.0,0.0,728931999210.0,0.6658,0.0,0.0,0.2491,0.0,24.4,0.0,0.0,0.0,6190,181582963827
014440,영보화학,4.22,3.71,0.0,5.99,8.06,49.73,13.89,349.64,349.64,87.8,8.05,13.83,0.0,0.0,82988929798.0,0.4599,0.0,0.0,0.8242,0.0,18.18,0.0,0.0,0.0,3420,68400000000
014470,부방,16.92,8.48,0.0,0.27,9.23,9.16,99.55,71.87,71.87,50.11,5.85,121.15,0.0,0.0,338458898642.0,0.9184,0.0,0.0,0.3811,0.0,341.6,0.0,0.0,0.0,2150,129000000000
014530,극동유화,9.95,5.79,0.0,2.46,1.64,305.91,71.97,133.03,133.03,58.15,28.78,49.33,0.0,0.0,1242475835454.0,3.519,0.0,0.0,0.1019,0.0,8.97,0.0,0.0,0.0,3630,126627906976
014570,고려제약,13.94,12.49,0.0,17.91,14.76,143.29,11.57,979.76,979.76,89.63,7.41,27.19,0.0,0.0,79984056441.0,0.8462,0.0,0.0,1.0761,0.0,6.69,0.0,0.0,0.0,7830,86073669064
014580,태경비케이,10.88,7.98,0.0,9.26,8.35,319.46,36.34,193.18,193.18,73.34,76.81,62.96,0.0,0.0,345051212031.0,0.9552,0.0,0.0,0.4156,0.0,7.5,0.0,0.0,0.0,5200,143416133162
014620,성광벤드,8.32,7.45,0.0,10.97,16.08,267.61,11.74,634.95,634.95,89.5,78.22,432.4,0.0,0.0,244025545479.0,0.4629,0.0,0.0,1.442,0.0,15.22,0.0,0.0,0.0,13250,351888629283
014680,한솔케미칼,19.59,13.32,0.0,21.0,18.86,1859.9,47.02,251.27,251.27,68.02,15.19,-5.92,0.0,0.0,885470791861.0,0.7065,0.0,0.0,2.2613,0.0,12.92,0.0,0.0,0.0,185500,2002324637681
014710,사조씨푸드,3.47,2.37,0.0,6.75,4.12,135.84,46.64,101.55,101.55,68.19,15.18,-3.0,0.0,0.0,201116169891.0,0.5735,0.0,0.0,0.3874,0.0,13.95,0.0,0.0,0.0,4525,77916190476
014790,HL D&I,5.88,1.51,0.0,3.57,1.71,526.21,290.32,112.81,112.81,25.62,-0.22,-33.04,0.0,0.0,1472088271680.0,0.8829,0.0,0.0,0.0689,0.0,25.5,0.0,0.0,0.0,2680,101497872340
014820,동원시스템즈,9.91,4.98,0.0,6.39,5.03,918.39,98.96,130.74,130.74,50.26,14.88,2.05,0.0,0.0,1436999451562.0,0.9899,0.0,0.0,0.8191,0.0,20.68,0.0,0.0,0.0,40600,1177050000000
014830,유니드,14.06,8.51,0.0,10.53,9.02,1478.71,65.19,156.59,156.59,60.54,60.17,-0.66,0.0,0.0,1404902461611.0,0.9434,0.0,0.0,0.3921,0.0,7.7,0.0,0.0,0.0,81400,550892609351
014910,성문전자,6.5,3.64,0.0,4.94,4.17,24.68,78.47,159.97,159.97,56.03,1.28,-28.31,0.0,0.0,49973898725.0,0.873,0.0,0.0,0.6775,0.0,23.92,0.0,0.0,0.0,1550,33859223300
014940,오리엔탈정공,9.87,4.48,0.0,6.98,6.36,91.8,120.34,100.67,100.67,45.38,13.5,37.12,0.0,0.0,131568018289.0,0.7041,0.0,0.0,0.7948,0.0,22.51,0.0,0.0,0.0,2295,104576785714
014970,삼륭물산,-4.4,-2.33,0.0,-1.3,-2.9,-11.72,88.67,108.2,108.2,53.0,2.95,-228.16,0.0,0.0,90280280019.0,0.8027,0.0,0.0,0.7838,0.0,0.0,0.0,0.0,0.0,4775,70764639639
014990,인디에프,-26.81,-8.5,0.0,-9.62,-7.52,-130.22,215.58,75.29,75.29,31.69,-8.99,40.16,0.0,0.0,135333062918.0,1.1302,0.0,0.0,0.1675,0.0,0.0,0.0,0.0,0.0,1510,22662236628
015020,이스타코,-11.08,-6.29,0.0,-41.58,-65.84,-31.71,76.12,63.58,63.58,56.78,8.02,-861.75,0.0,0.0,7626732046.0,0.0956,0.0,0.0,2.3056,0.0,0.0,0.0,0.0,0.0,820,17584051724
015230,대창단조,16.52,11.84,0.0,11.83,9.5,498.57,39.53,376.48,376.48,71.67,18.92,68.97,0.0,0.0,421497657834.0,1.2462,0.0,0.0,0.5209,0.0,6.33,0.0,0.0,0.0,8090,219567252396
015260,에이엔피,-101.02,-28.43,0.0,-9.94,-28.25,-106.79,255.38,82.71,82.71,28.14,55.09,10.76,0.0,0.0,107458778217.0,1.0062,0.0,0.0,0.7045,0.0,0.0,0.0,0.0,0.0,1610,75705329153
015360,INVENI,-0.48,-0.17,0.0,0.02,-0.17,3.13,187.06,89.52,89.52,34.84,14.07,-99.53,0.0,0.0,1471470664000.0,0.9866,0.0,0.0,0.5833,0.0,5843.02,0.0,0.0,0.0,31500,858319148936
015540,에코바이브,87.11,-36.13,0.0,-39.15,-50.31,-29.69,-341.09,61.89,61.89,-41.48,-20.75,39.34,0.0,0.0,7582314942.0,0.7182,0.0,0.0,0.0,0.0,0.0,0.0,0.0,0.0,0,0
015590,DKME,10.27,5.85,0.0,12.24,10.67,129.37,75.45,163.71,163.71,57.0,30.94,186.43,0.0,0.0,105673907331.0,0.5484,0.0,0.0,0.1734,0.0,7.82,0.0,0.0,0.0,343,18321739130
015710,코콤,-2.2,-1.77,0.0,-2.4,-2.78,-22.85,24.19,299.65,299.65,80.52,2.83,-158.38,0.0,0.0,95280775618.0,0.6372,0.0,0.0,1.2051,0.0,0.0,0.0,0.0,0.0,6550,114818950930
015750,성우하이텍,2.65,1.05,0.0,2.49,0.97,991.83,152.59,84.96,84.96,39.59,18.77,29.9,0.0,0.0,3977034638341.0,1.0854,0.0,0.0,0.094,0.0,26.09,0.0,0.0,0.0,4675,374000000000
015760,한국전력공사,-58.16,-10.4,0.0,-45.83,-34.28,-326551.53,459.06,66.83,66.83,17.89,17.44,-458.54,0.0,0.0,71257863000000.0,0.3035,0.0,0.0,0.1964,0.0,0.0,0.0,0.0,0.0,21800,13994848275862
015860,일진홀딩스,3.16,1.81,0.0,3.13,2.0,449.22,74.7,192.51,192.51,57.24,20.49,16.0,0.0,0.0,1433888289336.0,0.904,0.0,0.0,0.1315,0.0,19.29,0.0,0.0,0.0,3820,188495081967
015890,태경산업,8.9,5.99,0.0,7.49,5.11,549.17,48.52,151.17,151.17,67.33,41.92,35.29,0.0,0.0,733384357738.0,1.1733,0.0,0.0,0.2583,0.0,7.17,0.0,0.0,0.0,6480,189405000000
016090,대현,10.48,8.54,0.0,9.46,7.96,301.95,22.67,316.47,316.47,81.52,10.91,34.71,0.0,0.0,319305279593.0,1.0728,0.0,0.0,0.3036,0.0,5.03,0.0,0.0,0.0,2190,96953898305
016100,리더스코스메틱,-1.75,-0.95,0.0,0.58,-0.88,5.05,83.51,69.65,69.65,54.49,-0.88,112.06,0.0,0.0,86657750918.0,1.0897,0.0,0.0,0.6969,0.0,191.28,0.0,0.0,0.0,3160,60395904436
016250,SGC E&C,21.11,5.34,0.0,2.18,3.41,332.05,295.24,111.97,111.97,25.3,16.47,-51.93,0.0,0.0,1523333467679.0,1.5648,0.0,0.0,0.0942,0.0,26.22,0.0,0.0,0.0,28500,143557295960
016380,KG스틸,31.64,17.52,0.0,8.91,14.0,3403.52,80.54,156.81,156.81,55.39,13.86,14.63,0.0,0.0,3819689027832.0,1.2517,0.0,0.0,0.1935,0.0,6.17,0.0,0.0,0.0,7390,739000000000
016450,한세예스24홀딩스,5.95,2.43,0.0,5.81,1.49,1928.69,144.97,105.26,105.26,40.82,18.69,43.2,0.0,0.0,3322113533739.0,1.6309,0.0,0.0,0.0557,0.0,7.21,0.0,0.0,0.0,4625,185000000000
016580,환인제약,7.11,6.43,0.0,14.99,11.93,298.1,10.61,621.79,621.79,90.4,11.9,-4.69,0.0,0.0,198934734394.0,0.5386,0.0,0.0,1.6458,0.0,12.17,0.0,0.0,0.0,17600,327397849462
016590,신대양제지,7.8,5.8,0.0,7.52,7.58,508.62,34.57,209.61,209.61,74.31,-0.76,-6.5,0.0,0.0,676402223828.0,0.7647,0.0,0.0,5.1237,0.0,72.61,0.0,0.0,0.0,86000,3465708775313
016670,디모아,-35.95,-22.15,0.0,4.66,-51.37,17.13,62.29,227.25,227.25,61.62,5.73,-73.66,0.0,0.0,36729698768.0,0.4312,0.0,0.0,0.1168,0.0,21.59,0.0,0.0,0.0,421,4290105708
016710,대성홀딩스,0.81,0.35,0.0,0.56,0.39,69.84,130.05,105.14,105.14,43.47,33.52,-66.97,0.0,0.0,1253169917697.0,0.9007,0.0,0.0,1.4055,0.0,364.79,0.0,0.0,0.0,109500,1761319148936
016740,두올,3.79,1.63,0.0,2.35,1.33,133.0,133.22,139.29,139.29,42.88,14.2,-47.43,0.0,0.0,565996038053.0,1.2246,0.0,0.0,0.1239,0.0,25.12,0.0,0.0,0.0,2445,70128432732
016790,현대사료,-667.32,-104.23,0.0,-1.36,-178.85,-21.55,540.22,62.9,62.9,15.62,43.32,-272.44,0.0,0.0,158095623136.0,0.5828,0.0,0.0,14.7793,0.0,0.0,0.0,0.0,0.0,12400,2336539235412
016800,퍼시스,1.24,1.08,0.0,8.57,1.54,326.59,15.19,327.32,327.32,86.81,16.77,13.98,0.0,0.0,381251130841.0,0.6998,0.0,0.0,0.917,0.0,12.9,0.0,0.0,0.0,30400,349600000000
016920,카스,4.45,1.57,0.0,2.61,1.63,43.89,184.33,91.26,91.26,35.17,4.87,-24.18,0.0,0.0,168362798218.0,0.9631,0.0,0.0,0.2522,0.0,35.49,0.0,0.0,0.0,1650,42455230914
017040,광명전기,4.89,3.37,0.0,3.35,4.19,46.35,45.0,216.91,216.91,68.96,0.84,61.77,0.0,0.0,138239355910.0,0.8048,0.0,0.0,0.6538,0.0,31.0,0.0,0.0,0.0,2085,90379828326
017180,명문제약,8.37,3.46,0.0,4.23,5.24,64.34,141.9,63.8,63.8,41.34,10.43,209.4,0.0,0.0,152134940505.0,0.6602,0.0,0.0,0.6404,0.0,36.15,0.0,0.0,0.0,2870,97426421404
017250,인터엠,3.21,1.23,0.0,5.23,1.72,30.68,160.93,83.21,83.21,38.32,15.92,117.2,0.0,0.0,58684341336.0,0.7173,0.0,0.0,0.4153,0.0,24.39,0.0,0.0,0.0,1160,24373540856
017370,우신시스템,3.13,1.0,0.0,3.13,1.11,79.72,213.74,84.68,84.68,31.87,-2.97,169.4,0.0,0.0,254538462220.0,0.901,0.0,0.0,0.2301,0.0,31.49,0.0,0.0,0.0,3200,58580645161
017390,서울도시가스,1.7,0.96,0.0,0.19,1.04,33.25,77.72,190.7,190.7,56.27,34.95,167.29,0.0,0.0,1724452004293.0,0.9215,0.0,0.0,1.22,0.0,878.94,0.0,0.0,0.0,425000,2103787878787
017480,삼현철강,8.45,7.14,0.0,5.62,4.7,191.26,18.43,530.58,530.58,84.44,5.72,-42.3,0.0,0.0,340566810816.0,1.5184,0.0,0.0,0.2209,0.0,5.76,0.0,0.0,0.0,4870,75225957446
017510,세명전기,3.02,2.72,0.0,7.32,16.14,10.23,11.06,1214.67,1214.67,90.04,-7.08,-36.73,0.0,0.0,13966161594.0,0.1683,0.0,0.0,3.2649,0.0,52.66,0.0,0.0,0.0,2990,45598511502
017550,수산세보틱스,11.37,6.02,0.0,7.89,5.5,225.99,88.91,133.85,133.85,52.94,13.16,58.33,0.0,0.0,286296769359.0,1.0939,0.0,0.0,0.5809,0.0,12.81,0.0,0.0,0.0,2665,166316261879
017650,대림제지,9.89,8.21,0.0,15.58,13.03,291.98,20.46,387.69,387.69,83.01,3.36,11.78,0.0,0.0,187353234547.0,0.6298,0.0,0.0,0.4127,0.0,4.38,0.0,0.0,0.0,8800,77325925925
017670,SK텔레콤,7.8,3.03,0.0,9.32,5.48,16120.7,157.57,89.72,89.72,38.82,3.32,16.21,0.0,0.0,17304973000000.0,0.5527,0.0,0.0,0.5883,0.0,18.2,0.0,0.0,0.0,47400,10181036942675
017680,데코앤에프,10.23,7.2,0.0,7.17,6.46,19.59,42.15,713.3,713.3,70.35,12.76,225.56,0.0,0.0,27335544440.0,1.1136,0.0,0.0,0.0,0.0,0.0,0.0,0.0,0.0,0,0
017800,현대엘리베이터,6.71,2.6,0.0,2.02,3.67,430.16,158.36,89.65,89.65,38.71,7.9,-66.65,0.0,0.0,2129301101267.0,0.7064,0.0,0.0,0.5196,0.0,68.67,0.0,0.0,0.0,28300,1106331671159
017810,풀무원,-6.76,-1.8,0.0,0.93,-1.3,263.32,274.87,84.28,84.28,26.68,12.68,-31.63,0.0,0.0,2838303860365.0,1.3851,0.0,0.0,0.1504,0.0,73.28,0.0,0.0,0.0,11200,426985801217
017890,한국알콜,7.23,5.82,0.0,4.92,6.59,252.03,24.31,318.79,318.79,80.44,2.2,-53.31,0.0,0.0,512698074574.0,0.8824,0.0,0.0,0.3991,0.0,12.63,0.0,0.0,0.0,9900,204636114911
017900,광전자,5.77,5.3,0.0,3.84,8.63,58.37,8.89,749.96,749.96,91.84,-12.41,-15.61,0.0,0.0,152201072028.0,0.6141,0.0,0.0,0.8319,0.0,25.16,0.0,0.0,0.0,2185,126613466666
017940,E1,9.37,3.26,0.0,3.49,1.77,2787.31,187.33,112.81,112.81,34.8,55.09,4899.37,0.0,0.0,7990767897663.0,1.8413,0.0,0.0,0.039,0.0,11.27,0.0,0.0,0.0,45450,311784191555
017960,한국카본,5.01,3.46,0.0,6.72,5.49,247.98,44.82,184.96,184.96,69.05,0.39,-24.24,0.0,0.0,369270866021.0,0.6309,0.0,0.0,1.5464,0.0,30.33,0.0,0.0,0.0,11050,571031055900
018000,유니슨,-19.48,-5.0,0.0,0.79,-5.47,18.99,289.85,64.8,64.8,25.65,59.82,-61.97,0.0,0.0,239179015771.0,0.9129,0.0,0.0,1.7629,0.0,324.7,0.0,0.0,0.0,1625,421643327841
018120,진로발효,4.76,3.87,0.0,3.8,3.62,37.89,22.78,359.0,359.0,81.44,10.23,-66.61,0.0,0.0,99586810696.0,1.0705,0.0,0.0,1.3931,0.0,41.17,0.0,0.0,0.0,20950,138734990903
018250,애경산업,4.65,3.46,0.0,6.4,2.73,390.39,34.45,235.61,235.61,74.38,6.36,60.09,0.0,0.0,610410753107.0,1.2647,0.0,0.0,0.9041,0.0,17.3,0.0,0.0,0.0,20900,551893366918
018260,삼성에스디에스,13.35,9.45,0.0,5.32,6.56,9160.74,41.17,321.09,321.09,70.84,26.45,13.36,0.0,0.0,17234749537662.0,1.4419,0.0,0.0,0.5522,0.0,14.19,0.0,0.0,0.0,123000,9517483750000
018290,브이티,12.85,5.98,0.0,9.8,5.5,235.53,114.79,120.2,120.2,46.56,5.94,-10.75,0.0,0.0,240241305569.0,1.0886,0.0,0.0,0.7636,0.0,12.8,0.0,0.0,0.0,5250,183445475638
018310,삼목에스폼,13.08,8.96,0.0,20.17,17.34,680.98,45.96,129.04,129.04,68.51,60.86,1735.82,0.0,0.0,337690604147.0,0.5171,0.0,0.0,0.7269,0.0,6.62,0.0,0.0,0.0,16700,245453956834
018470,조일알미늄,9.54,4.85,0.0,2.82,3.17,158.31,96.71,131.27,131.27,50.84,20.44,-13.39,0.0,0.0,562385283324.0,1.5295,0.0,0.0,0.5302,0.0,30.25,0.0,0.0,0.0,2355,298187050359
018500,동원모빌리티,36.89,4.96,0.0,3.03,5.85,117.48,643.67,52.15,52.15,13.45,4.84,1102.99,0.0,0.0,387368679807.0,0.8479,0.0,0.0,0.1207,0.0,37.64,0.0,0.0,0.0,1000,46767537826
018620,우진비앤지,1.57,1.11,0.0,2.64,2.32,11.55,41.75,222.09,222.09,70.55,11.07,333.3,0.0,0.0,43703465297.0,0.4775,0.0,0.0,0.2438,0.0,32.55,0.0,0.0,0.0,1540,10655135135
018670,SK가스,10.98,4.41,0.0,4.84,3.19,3904.71,149.13,148.14,148.14,40.14,24.2,270.25,0.0,0.0,8066169118262.0,1.3831,0.0,0.0,0.1327,0.0,11.68,0.0,0.0,0.0,115500,1070603947368
018680,서울제약,2.41,1.37,0.0,3.47,1.71,17.39,76.24,187.26,187.26,56.74,23.71,130.43,0.0,0.0,50056724915.0,0.8018,0.0,0.0,1.1719,0.0,49.27,0.0,0.0,0.0,5030,58661892583
018700,졸스,-42.87,-28.39,0.0,-8.8,-43.04,-51.6,50.99,133.76,133.76,66.23,64.61,2.79,0.0,0.0,58667142079.0,0.6597,0.0,0.0,0.7537,0.0,0.0,0.0,0.0,0.0,2640,44219529579
018880,한온시스템,1.13,0.29,0.0,2.97,0.31,2565.9,283.94,104.32,104.32,26.05,17.36,-21.24,0.0,0.0,8627727574148.0,0.9482,0.0,0.0,0.9623,0.0,58.58,0.0,0.0,0.0,8090,8302506552706
019010,베뉴지,-4.99,-2.83,0.0,19.16,-29.75,112.91,76.41,57.24,57.24,56.68,15.71,293.64,0.0,0.0,58927664725.0,0.095,0.0,0.0,1.7583,0.0,32.97,0.0,0.0,0.0,2150,103612723214
019170,신풍제약,-10.68,-9.77,0.0,-16.25,-16.87,-340.19,9.31,723.45,723.45,91.49,10.6,-137.79,0.0,0.0,209287627763.0,0.5789,0.0,0.0,5.2975,0.0,0.0,0.0,0.0,0.0,21150,1108698847262
019180,티에이치엔,-6.92,-1.7,0.0,0.24,-1.35,11.29,306.14,96.98,96.98,24.62,16.62,-94.31,0.0,0.0,469666790784.0,1.2647,0.0,0.0,0.134,0.0,303.79,0.0,0.0,0.0,3495,62935793357
019210,와이지-원,9.84,3.55,0.0,13.21,6.08,726.44,176.89,104.48,104.48,36.12,20.09,68.97,0.0,0.0,549800690069.0,0.5844,0.0,0.0,0.4316,0.0,11.54,0.0,0.0,0.0,6380,237309230769
019490,엑시큐어하이트론,-292.82,-137.53,0.0,-123.39,-119.77,-97.52,112.92,150.56,150.56,46.97,-64.78,54.33,0.0,0.0,7903386686.0,1.1483,0.0,0.0,23.8581,0.0,0.0,0.0,0.0,0.0,2470,188560073937
019540,일지테크,-9.76,-2.38,0.0,0.27,-3.97,6.16,309.29,65.53,65.53,24.43,17.0,111.72,0.0,0.0,229144511634.0,0.6009,0.0,0.0,0.1445,0.0,521.21,0.0,0.0,0.0,2450,33106877323
019570,GMI벤처,0.0,0.0,0.0,0.0,0.0,-172.69,45.86,243.72,243.72,68.56,0.0,-100.66,0.0,0.0,0.0,0.0,0.0,0.0,0.0,0.0,0.0,0.0,0.0,0.0,357,3405425531
019660,글로본,-42.93,-22.97,0.0,-22.13,-34.66,-40.89,86.86,64.78,64.78,53.52,256.84,39.17,0.0,0.0,18479329687.0,0.6628,0.0,0.0,1.3494,0.0,0.0,0.0,0.0,0.0,1785,24936647173
019680,대교,-33.67,-20.42,0.0,-7.31,-19.94,-499.59,64.87,71.37,71.37,60.65,7.0,-76.46,0.0,0.0,683076343749.0,1.0245,0.0,0.0,0.3082,0.0,0.0,0.0,0.0,0.0,2615,210507500000
019770,서연탑메탈,3.32,1.93,0.0,1.71,1.56,28.07,71.99,157.11,157.11,58.14,6.96,-58.72,0.0,0.0,164178182253.0,1.2396,0.0,0.0,0.2811,0.0,36.19,0.0,0.0,0.0,3965,46157902735
019990,에너토크,3.48,2.98,0.0,3.85,5.87,10.12,16.53,370.06,370.06,85.81,16.45,-28.63,0.0,0.0,26287076336.0,0.5081,0.0,0.0,3.6957,0.0,103.28,0.0,0.0,0.0,9950,97149606299
020000,한섬,0.0,7.16,0.0,10.91,7.83,1683.16,0.0,356.89,356.89,0.0,11.16,10.59,0.0,0.0,1542221683428.0,0.9154,0.0,0.0,0.3768,0.0,5.52,0.0,0.0,0.0,27050,581036053130
020120,키다리스튜디오,-0.92,-0.67,0.0,2.52,-1.5,42.62,37.92,171.97,171.97,72.5,42.24,-38.42,0.0,0.0,169433774760.0,0.4473,0.0,0.0,2.0018,0.0,104.0,0.0,0.0,0.0,9150,339165236051
020150,롯데에너지머티리얼즈,2.46,2.02,0.0,11.62,6.72,847.73,22.12,813.59,813.59,81.89,5.87,21.23,0.0,0.0,729362921828.0,0.3001,0.0,0.0,3.7262,0.0,37.25,0.0,0.0,0.0,51900,2717747619047
020180,대신정보통신,7.06,2.44,0.0,1.26,1.14,22.83,189.92,130.63,130.63,34.49,-6.8,-2.47,0.0,0.0,180570933137.0,2.1464,0.0,0.0,0.0559,0.0,28.56,0.0,0.0,0.0,1315,10100249376
020400,대동금속,4.66,2.16,0.0,1.59,1.49,23.36,115.7,73.9,73.9,46.36,9.42,-11.46,0.0,0.0,146930756753.0,1.4542,0.0,0.0,0.3699,0.0,46.48,0.0,0.0,0.0,8930,54356521739
020560,아시아나항공,3.71,0.2,0.0,9.65,0.43,5987.64,1780.17,47.59,47.59,5.32,43.02,542.43,0.0,0.0,6206669334674.0,0.4613,0.0,0.0,0.4646,0.0,26.09,0.0,0.0,0.0,14000,2883889618922
020710,시공테크,5.58,4.26,0.0,-5.19,6.91,-52.04,31.06,164.29,164.29,76.3,8.23,-444.7,0.0,0.0,100207500673.0,0.6161,0.0,0.0,0.8406,0.0,0.0,0.0,0.0,0.0,4200,84232365145
020760,일진디스플,-11.28,-2.78,0.0,0.85,-2.62,10.52,305.46,43.34,43.34,24.66,22.58,102.97,0.0,0.0,124347842285.0,1.0601,0.0,0.0,0.5963,0.0,154.45,0.0,0.0,0.0,1205,74143569844
021040,대호특수강,-8.0,-1.94,0.0,0.29,-1.37,9.02,313.24,109.02,109.02,24.2,44.59,-88.39,0.0,0.0,306845564412.0,1.4078,0.0,0.0,0.3758,0.0,311.1,0.0,0.0,0.0,5320,115304721030
021050,서원,0.2,0.1,0.0,0.06,0.1,1.73,95.42,96.77,96.77,51.17,5.37,-98.85,0.0,0.0,275679212522.0,1.0355,0.0,0.0,0.2022,0.0,1071.57,0.0,0.0,0.0,1175,55745149911
021080,에이티넘인베스트,16.89,14.5,0.0,34.81,27.93,351.51,16.54,251.87,251.87,85.81,-14.14,-57.76,0.0,0.0,100987678722.0,0.519,0.0,0.0,1.2458,0.0,4.36,0.0,0.0,0.0,2620,125806167400
021240,코웨이,19.8,10.49,0.0,17.57,11.87,6773.79,88.8,121.61,121.61,52.97,5.24,5.8,0.0,0.0,3856132895084.0,0.8834,0.0,0.0,1.0259,0.0,8.87,0.0,0.0,0.0,55900,3955920123839
021320,KCC건설,0.98,0.37,0.0,-0.06,0.23,-10.92,165.86,133.9,133.9,37.61,38.79,-103.42,0.0,0.0,1893077679119.0,1.58,0.0,0.0,0.0765,0.0,0.0,0.0,0.0,0.0,6770,144897482014
021650,한국큐빅,8.18,4.12,0.0,4.31,3.11,90.58,98.27,131.54,131.54,50.44,22.05,-0.46,0.0,0.0,210049895609.0,1.3266,0.0,0.0,0.2259,0.0,13.9,0.0,0.0,0.0,2905,47457920792
021820,세원정공,-5.05,-4.43,0.0,-9.5,-24.18,-109.42,14.09,600.77,600.77,87.65,-19.13,-7360.01,0.0,0.0,115215348076.0,0.1832,0.0,0.0,0.5338,0.0,0.0,0.0,0.0,0.0,6150,61500000000
022100,포스코DX,11.08,5.38,0.0,5.61,3.98,646.68,105.7,139.98,139.98,48.61,32.6,432.02,0.0,0.0,1152680199426.0,1.3536,0.0,0.0,0.8244,0.0,21.46,0.0,0.0,0.0,6250,950230946882
022220,티케이지애강,4.84,4.15,0.0,5.96,6.02,45.32,16.83,466.02,466.02,85.6,14.17,-32.28,0.0,0.0,76051374316.0,0.689,0.0,0.0,0.916,0.0,18.88,0.0,0.0,0.0,1345,69664102564
023000,삼원강재,5.64,4.43,0.0,4.54,3.57,165.33,27.26,294.55,294.55,78.58,21.39,73.13,0.0,0.0,364111085653.0,1.2398,0.0,0.0,0.2913,0.0,10.22,0.0,0.0,0.0,2670,106075113122
023150,MH에탄올,12.48,2.66,0.0,19.8,10.75,219.25,369.03,27.62,27.62,21.32,8.48,-6.04,0.0,0.0,110722401934.0,0.2475,0.0,0.0,0.507,0.0,18.62,0.0,0.0,0.0,7610,56131801692
023160,태광,7.02,6.19,0.0,18.16,14.73,453.5,13.31,595.88,595.88,88.26,34.89,235.16,0.0,0.0,249742674195.0,0.4204,0.0,0.0,1.6675,0.0,10.72,0.0,0.0,0.0,16100,416453333333
023350,한국종합기술,2.55,1.14,0.0,1.91,1.34,54.26,123.59,78.47,78.47,44.72,5.76,-24.18,0.0,0.0,283702516162.0,0.8527,0.0,0.0,0.2588,0.0,47.43,0.0,0.0,0.0,6710,73427047146
023410,유진기업,3.32,1.53,0.0,3.89,2.21,547.2,116.56,69.53,69.53,46.18,4.64,-1.23,0.0,0.0,1407717459055.0,0.6933,0.0,0.0,0.1974,0.0,25.05,0.0,0.0,0.0,3595,277925382262
023450,동남합성,21.23,11.53,0.0,6.96,5.49,134.61,84.07,108.22,108.22,54.33,20.65,-9.7,0.0,0.0,193400697499.0,2.1002,0.0,0.0,0.984,0.0,17.26,0.0,0.0,0.0,54400,190313650793
023460,씨앤에이치,-14.93,-3.08,0.0,-17.81,-7.09,-417.73,385.37,0.0,0.0,20.6,-19.71,-1040.13,0.0,0.0,234554650993.0,0.434,0.0,0.0,0.0,0.0,0.0,0.0,0.0,0.0,2750,0
023530,롯데쇼핑,-2.89,-1.01,0.0,2.5,-2.06,3862.26,187.3,58.17,58.17,34.81,-0.63,86.04,0.0,0.0,15476035656554.0,0.4881,0.0,0.0,0.1663,0.0,60.18,0.0,0.0,0.0,91000,2574256578947
023590,다우기술,13.12,1.38,0.0,7.8,7.39,7186.87,849.42,99.74,99.74,10.53,51.32,-42.84,0.0,0.0,9210610313082.0,0.187,0.0,0.0,0.0902,0.0,62.48,0.0,0.0,0.0,19200,831113846153
023600,삼보판지,11.43,8.95,0.0,11.61,10.91,675.87,27.61,322.81,322.81,78.36,8.99,-3.77,0.0,0.0,582010939428.0,0.8204,0.0,0.0,0.2819,0.0,4.7,0.0,0.0,0.0,10250,164085684430
023770,플레이위드,-11.11,-8.88,0.0,-49.53,-20.78,-71.85,25.03,532.26,532.26,79.98,9.35,-1613.46,0.0,0.0,14505487825.0,0.4275,0.0,0.0,3.9248,0.0,0.0,0.0,0.0,0.0,6350,56931034482
023790,동일스틸럭스,-42.61,-16.28,0.0,2.8,-48.52,9.02,161.71,51.02,51.02,38.21,-6.22,-79.27,0.0,0.0,32221196756.0,0.3355,0.0,0.0,0.7688,0.0,93.28,0.0,0.0,0.0,1900,24770158251
023800,인지컨트롤스,5.68,1.93,0.0,2.99,2.05,170.51,194.3,74.85,74.85,33.98,17.57,744.7,0.0,0.0,570020850334.0,0.9392,0.0,0.0,0.1938,0.0,29.98,0.0,0.0,0.0,6990,110482967032
023810,인팩,0.0,0.0,0.0,4.06,0.0,208.14,198.67,89.44,89.44,33.48,16.61,62.35,0.0,0.0,512240488863.0,1.2458,0.0,0.0,0.13,0.0,16.34,0.0,0.0,0.0,6660,66600000000
023900,풍국주정,3.3,2.87,0.0,2.45,3.56,37.66,14.75,222.61,222.61,87.14,20.59,-47.99,0.0,0.0,153988455865.0,0.8073,0.0,0.0,0.9857,0.0,46.81,0.0,0.0,0.0,12050,151783653846
023910,대한약품,11.07,9.01,0.0,17.89,13.55,329.68,22.88,365.2,365.2,81.38,7.47,13.42,0.0,0.0,184267548195.0,0.6653,0.0,0.0,0.9964,0.0,7.13,0.0,0.0,0.0,30600,183600000000
023960,에쓰씨엔지니어링,17.3,6.7,0.0,5.67,5.2,77.84,158.16,98.09,98.09,38.74,81.22,217.35,0.0,0.0,137224812696.0,1.2884,0.0,0.0,0.4423,0.0,16.18,0.0,0.0,0.0,1595,60687804878
024060,흥구석유,3.32,2.83,0.0,0.93,1.81,13.6,17.29,185.24,185.24,85.26,10.97,4820.57,0.0,0.0,146717690495.0,1.5619,0.0,0.0,0.5807,0.0,72.82,0.0,0.0,0.0,5680,85200000000
024070,WISCOM,-6.6,-5.78,0.0,0.59,-5.91,7.44,14.15,459.8,459.8,87.61,6.87,2277.32,0.0,0.0,125682312649.0,0.978,0.0,0.0,0.3288,0.0,76.92,0.0,0.0,0.0,2695,41326043237
024090,디씨엠,14.19,12.26,0.0,10.18,15.64,245.01,15.67,586.2,586.2,86.45,-4.08,-29.77,0.0,0.0,240604203356.0,0.7838,0.0,0.0,0.6418,0.0,8.0,0.0,0.0,0.0,13550,154409777777
024120,KB오토시스,1.1,0.54,0.0,1.37,0.62,24.37,103.37,132.28,132.28,49.17,36.82,147.58,0.0,0.0,178041889332.0,0.871,0.0,0.0,0.2366,0.0,59.92,0.0,0.0,0.0,3660,42127821939
024720,콜마홀딩스,1.53,1.03,0.0,5.08,2.0,330.0,49.25,100.78,100.78,67.0,-3.58,-62.66,0.0,0.0,649879568755.0,0.5121,0.0,0.0,0.8312,0.0,29.06,0.0,0.0,0.0,15750,540196030977
024740,한일단조,6.25,2.79,0.0,8.22,4.07,145.8,123.63,93.54,93.54,44.72,16.33,534.81,0.0,0.0,177364538405.0,0.6869,0.0,0.0,0.4654,0.0,15.45,0.0,0.0,0.0,2510,82548448687
024800,유성티엔에스,14.56,10.03,0.0,0.97,20.05,26.92,45.22,39.78,39.78,68.86,-1.34,53.03,0.0,0.0,276770975513.0,0.5002,0.0,0.0,0.3003,0.0,94.88,0.0,0.0,0.0,2360,83111902113
024810,이화전기공업,-38.1,-23.24,0.0,-5.48,-158.8,-28.76,63.97,126.23,126.23,60.99,-21.41,3.54,0.0,0.0,52488492352.0,0.1463,0.0,0.0,0.0,0.0,0.0,0.0,0.0,0.0,0,0
024830,세원물산,6.69,5.24,0.0,8.76,9.51,149.83,27.64,270.74,270.74,78.34,-18.54,-1.45,0.0,0.0,171133634720.0,0.551,0.0,0.0,0.3886,0.0,8.93,0.0,0.0,0.0,7960,66503617269
024840,KBI메탈,2.24,1.03,0.0,0.75,0.33,53.59,116.84,153.13,153.13,46.12,4.02,-60.36,0.0,0.0,710479838197.0,3.0968,0.0,0.0,0.0798,0.0,33.65,0.0,0.0,0.0,1310,56700505050
024850,HLB이노베이션,-5.63,-2.22,0.0,1.67,-1.66,8.48,153.5,193.93,193.93,39.45,32.43,131.05,0.0,0.0,50747112041.0,1.3348,0.0,0.0,0.5932,0.0,62.68,0.0,0.0,0.0,948,30102918763
024880,케이피에프,8.78,2.78,0.0,4.83,2.26,395.94,215.5,98.48,98.48,31.7,56.77,3092.3,0.0,0.0,819025640763.0,1.2302,0.0,0.0,0.124,0.0,14.05,0.0,0.0,0.0,5090,101536269430
024890,대원화성,-15.41,-7.35,0.0,-5.04,-6.55,-74.01,109.61,117.89,117.89,47.71,29.53,12.22,0.0,0.0,146805183509.0,1.1214,0.0,0.0,0.1308,0.0,0.0,0.0,0.0,0.0,2325,19196016166
024900,디와이덕양,12.99,2.21,0.0,1.99,0.75,306.83,488.19,81.78,81.78,17.0,14.37,390.05,0.0,0.0,1542026244310.0,2.9642,0.0,0.0,0.0506,0.0,16.61,0.0,0.0,0.0,2395,77950471698
024910,경창산업,14.05,3.79,0.0,3.12,3.13,191.84,270.52,74.54,74.54,26.99,9.21,25.39,0.0,0.0,615579626824.0,1.2117,0.0,0.0,0.1161,0.0,23.06,0.0,0.0,0.0,1995,71442567567
024940,PN풍년,3.83,3.26,0.0,2.43,3.08,14.02,17.74,471.03,471.03,84.93,-1.32,-38.96,0.0,0.0,57639296614.0,1.0584,0.0,0.0,1.3955,0.0,63.24,0.0,0.0,0.0,8060,80433298862
024950,삼천리자전거,-5.4,-3.53,0.0,0.98,-4.34,11.39,52.71,122.88,122.88,65.48,-8.67,-89.5,0.0,0.0,116235211617.0,0.8147,0.0,0.0,0.7825,0.0,123.08,0.0,0.0,0.0,7340,90959051724
025000,KPX케미칼,4.97,3.81,0.0,4.73,3.01,465.13,30.51,238.37,238.37,76.62,-3.64,4.1,0.0,0.0,983579558669.0,1.2662,0.0,0.0,0.2271,0.0,8.71,0.0,0.0,0.0,51000,223354316546
025320,시노펙스,7.91,3.86,0.0,5.25,3.39,128.62,104.85,98.16,98.16,48.82,5.73,146.73,0.0,0.0,244769214357.0,1.1392,0.0,0.0,0.9397,0.0,26.43,0.0,0.0,0.0,2495,230014643304
025530,에스제이엠홀딩스,1.46,1.17,0.0,4.47,2.08,82.28,24.71,452.63,452.63,80.19,23.09,3.93,0.0,0.0,184223689219.0,0.5614,0.0,0.0,0.2778,0.0,14.12,0.0,0.0,0.0,3425,51185773480
025540,한국단자공업,5.59,3.77,0.0,5.5,4.16,642.57,48.2,191.92,191.92,67.48,21.4,-15.7,0.0,0.0,1168134977282.0,0.9057,0.0,0.0,0.4485,0.0,14.68,0.0,0.0,0.0,51800,523955109489
025550,한국선재,12.76,5.87,0.0,4.6,6.1,112.85,117.31,112.62,112.62,46.02,14.63,-37.21,0.0,0.0,245485561063.0,0.9632,0.0,0.0,0.417,0.0,21.26,0.0,0.0,0.0,4010,102355707762
025560,미래산업,8.59,5.97,0.0,14.25,14.28,80.05,43.96,222.82,222.82,69.46,16.21,-5.68,0.0,0.0,56171983500.0,0.4179,0.0,0.0,5.3661,0.0,42.78,0.0,0.0,0.0,10850,301425531914
025750,한솔홈데코,-3.17,-1.52,0.0,0.96,-1.72,27.15,108.25,91.23,91.23,48.02,7.66,-68.5,0.0,0.0,283414199451.0,0.8871,0.0,0.0,0.0583,0.0,67.26,0.0,0.0,0.0,1025,16530532359
025770,한국정보통신,8.92,5.44,0.0,4.53,3.66,269.59,63.86,210.81,210.81,61.03,10.22,14.43,0.0,0.0,595467566000.0,1.4871,0.0,0.0,0.717,0.0,21.62,0.0,0.0,0.0,11400,426930000000
025820,이구산업,4.5,1.7,0.0,3.19,1.33,136.9,165.08,115.54,115.54,37.72,28.49,-61.57,0.0,0.0,429618752228.0,1.274,0.0,0.0,0.2436,0.0,22.98,0.0,0.0,0.0,3130,104659375000
025860,남해화학,0.0,0.0,0.0,2.88,0.0,625.9,72.97,171.08,171.08,57.81,49.43,205.59,0.0,0.0,2169565870526.0,2.4029,0.0,0.0,0.1949,0.0,12.84,0.0,0.0,0.0,8510,422802694136
025870,신라에스지,6.41,2.37,0.0,3.07,1.54,22.52,170.67,98.33,98.33,36.95,2.98,0.63,0.0,0.0,73421934268.0,1.5343,0.0,0.0,0.5296,0.0,30.66,0.0,0.0,0.0,9700,38884531590
025880,케이씨피드,6.93,4.34,0.0,5.5,4.77,48.68,59.41,148.21,148.21,62.73,16.81,8.78,0.0,0.0,88477418720.0,0.91,0.0,0.0,0.4831,0.0,16.23,0.0,0.0,0.0,2555,42744025157
025890,한국주강,5.78,3.58,0.0,-0.95,3.17,-5.18,61.38,155.19,155.19,61.97,20.0,13.06,0.0,0.0,54371102413.0,1.1317,0.0,0.0,0.5244,0.0,0.0,0.0,0.0,0.0,2560,28512574850
025900,동화기업,5.61,2.35,0.0,6.58,3.94,724.35,139.34,70.4,70.4,41.78,18.02,-30.97,0.0,0.0,1100415112505.0,0.5961,0.0,0.0,2.2832,0.0,49.52,0.0,0.0,0.0,49700,2512469151670
025950,동신건설,6.78,5.36,0.0,2.72,12.07,13.66,26.47,644.1,644.1,79.07,-12.42,-55.65,0.0,0.0,50301558593.0,0.444,0.0,0.0,2.0955,0.0,94.49,0.0,0.0,0.0,12550,105405560882
025980,아난티,6.66,1.96,0.0,35.42,10.45,1152.23,239.73,70.16,70.16,29.44,48.01,92.9,0.0,0.0,325346438455.0,0.1875,0.0,0.0,1.9978,0.0,16.27,0.0,0.0,0.0,6680,649970485436
026040,제이에스티나,2.81,2.21,0.0,3.31,1.68,25.81,27.16,395.2,395.2,78.64,15.83,61.91,0.0,0.0,77880466417.0,1.3158,0.0,0.0,0.5223,0.0,20.66,0.0,0.0,0.0,2465,40678571428
026150,특수건설,1.65,0.95,0.0,1.32,0.86,26.85,73.24,164.14,164.14,57.72,-12.52,477.2,0.0,0.0,202958033834.0,1.1038,0.0,0.0,0.6585,0.0,78.74,0.0,0.0,0.0,7620,133643076923
026910,광진실업,4.17,1.5,0.0,0.99,1.94,5.85,177.77,88.92,88.92,36.0,8.34,-47.57,0.0,0.0,59139993833.0,0.7753,0.0,0.0,0.6466,0.0,148.76,0.0,0.0,0.0,4830,38237500000
026940,부국철강,5.64,4.62,0.0,2.82,3.39,59.22,21.91,395.2,395.2,82.02,7.15,-26.48,0.0,0.0,209727335869.0,1.3652,0.0,0.0,0.3056,0.0,15.49,0.0,0.0,0.0,3205,64100000000
026960,동서,10.97,10.42,0.0,7.04,30.48,391.75,5.33,1200.01,1200.01,94.94,3.95,2.09,0.0,0.0,556486608719.0,0.3419,0.0,0.0,3.619,0.0,53.51,0.0,0.0,0.0,20200,2013904835589
027040,서울전자통신,-19.08,-8.02,0.0,-14.91,-19.99,-77.27,137.9,95.42,95.42,42.04,-25.0,-6414.55,0.0,0.0,51836203952.0,0.4012,0.0,0.0,0.1607,0.0,0.0,0.0,0.0,0.0,599,8328012358
027050,코리아나,1.81,1.42,0.0,1.09,1.87,8.76,27.53,251.56,251.56,78.41,-7.65,-74.53,0.0,0.0,80393939400.0,0.7618,0.0,0.0,1.6972,0.0,181.75,0.0,0.0,0.0,3410,136447960618
027410,BGF,1.51,1.35,0.0,14.07,6.02,612.04,11.6,591.33,591.33,89.6,189.64,61.46,0.0,0.0,434997439995.0,0.2245,0.0,0.0,0.9473,0.0,10.02,0.0,0.0,0.0,4305,412073503184
027580,상보,13.38,7.83,0.0,3.77,13.03,25.41,70.94,172.21,172.21,58.5,-6.87,-55.23,0.0,0.0,67412484219.0,0.6004,0.0,0.0,0.2381,0.0,24.65,0.0,0.0,0.0,1355,16049352251
027710,팜스토리,-3.03,-0.77,0.0,2.21,-0.53,314.55,291.34,98.57,98.57,25.55,37.97,25.25,0.0,0.0,1426450944874.0,1.4616,0.0,0.0,0.128,0.0,28.91,0.0,0.0,0.0,1640,182656880733
027740,마니커,1.34,0.38,0.0,-2.17,0.2,-69.65,256.55,75.92,75.92,28.05,26.84,46.58,0.0,0.0,320551280994.0,1.8356,0.0,0.0,0.1184,0.0,0.0,0.0,0.0,0.0,1195,37951443569
027970,한국제지,2.23,1.13,0.0,1.54,1.0,35.03,98.43,85.16,85.16,50.4,11.2,-73.63,0.0,0.0,227325039390.0,1.1311,0.0,0.0,0.1883,0.0,40.67,0.0,0.0,0.0,1125,42802893309
028050,삼성E&A,23.1,7.58,0.0,6.99,5.92,7029.43,204.56,118.64,118.64,32.83,34.3,39.67,0.0,0.0,10054344625186.0,1.281,0.0,0.0,0.4337,0.0,13.7,0.0,0.0,0.0,22250,4361000000000
028080,휴맥스홀딩스,-15.62,-4.95,0.0,-0.59,-7.25,-41.0,215.44,104.73,104.73,31.7,8891.35,70.47,0.0,0.0,697380534227.0,0.6831,0.0,0.0,0.0121,0.0,0.0,0.0,0.0,0.0,3340,8433667334
028100,동아지질,-10.3,-6.13,0.0,-11.48,-8.57,-305.7,67.97,172.48,172.48,59.54,-8.01,-859.42,0.0,0.0,266282780286.0,0.7153,0.0,0.0,0.512,0.0,0.0,0.0,0.0,0.0,12150,136325482406
028260,삼성물산,7.96,4.31,0.0,5.86,5.9,25285.24,84.52,123.76,123.76,54.19,25.27,111.42,0.0,0.0,43161653399535.0,0.7318,0.0,0.0,0.4264,0.0,17.96,0.0,0.0,0.0,113500,18406022177954
028300,HLB,-14.11,-10.19,0.0,-41.55,-54.87,-746.65,38.38,171.49,171.49,72.26,157.37,26.09,0.0,0.0,179707913112.0,0.1858,0.0,0.0,21.0501,0.0,0.0,0.0,0.0,0.0,28400,3782864044943
028670,팬오션,15.07,8.97,0.0,12.3,10.55,7896.18,68.03,149.52,149.52,59.51,39.08,37.82,0.0,0.0,6420312000000.0,0.8505,0.0,0.0,0.4771,0.0,7.75,0.0,0.0,0.0,5730,3063074074074
029460,케이씨,15.03,11.83,0.0,11.79,13.85,1011.95,27.04,284.64,284.64,78.71,54.94,54.54,0.0,0.0,857973655257.0,0.854,0.0,0.0,0.219,0.0,3.97,0.0,0.0,0.0,17050,187882682926
029530,신도리코,4.72,4.33,0.0,-0.58,11.9,-22.1,8.89,1133.19,1133.19,91.84,17.49,-151.11,0.0,0.0,378186827805.0,0.3642,0.0,0.0,0.831,0.0,0.0,0.0,0.0,0.0,32350,314268511685
029960,코엔텍,23.22,19.01,0.0,53.57,43.84,483.63,22.13,531.55,531.55,81.88,21.85,32.27,0.0,0.0,90286420519.0,0.4336,0.0,0.0,0.0,0.0,0.0,0.0,0.0,0.0,0,0
030000,제일기획,0.0,0.0,0.0,7.32,0.0,3114.13,125.26,164.26,164.26,44.39,27.89,25.48,0.0,0.0,4253367260000.0,1.5459,0.0,0.0,0.6234,0.0,13.43,0.0,0.0,0.0,23050,2651650859822
030190,NICE평가정보,15.42,10.95,0.0,14.92,10.98,716.16,40.82,198.44,198.44,71.01,-1.02,-1.36,0.0,0.0,479868591387.0,0.9975,0.0,0.0,1.4978,0.0,11.98,0.0,0.0,0.0,12200,718757330006
030200,케이티,7.54,3.39,0.0,6.59,5.41,16900.88,122.54,118.53,118.53,44.94,3.02,1.09,0.0,0.0,25650011000000.0,0.6259,0.0,0.0,0.3321,0.0,18.39,0.0,0.0,0.0,33800,8518359550561
030350,드래곤플라이,-25.76,-21.86,0.0,-135.22,-203.33,-95.96,17.88,365.64,365.64,84.83,12.7,-151.42,0.0,0.0,7096803674.0,0.1075,0.0,0.0,1.6333,0.0,0.0,0.0,0.0,0.0,742,11591366906
030520,한컴,3.47,2.4,0.0,10.34,6.9,250.23,44.48,192.54,192.54,69.21,0.12,-36.8,0.0,0.0,242008402693.0,0.3483,0.0,0.0,1.2288,0.0,20.43,0.0,0.0,0.0,12300,297386666666
030530,원익홀딩스,9.75,7.09,0.0,11.92,14.61,1049.99,37.42,78.62,78.62,72.77,31.9,16.05,0.0,0.0,881011689232.0,0.4853,0.0,0.0,0.2976,0.0,7.21,0.0,0.0,0.0,3395,262217651757
030720,동원수산,9.69,4.98,0.0,3.28,3.43,58.01,94.64,282.83,282.83,51.38,22.42,-6.85,0.0,0.0,177038840956.0,1.4536,0.0,0.0,0.228,0.0,17.17,0.0,0.0,0.0,8680,40357195571
030790,비케이탑스,-190.64,-14.78,0.0,-30.17,-45.12,-96.27,1190.27,79.96,79.96,7.75,28.69,6.88,0.0,0.0,31912090435.0,0.3274,0.0,0.0,0.0,0.0,0.0,0.0,0.0,0.0,0,0
030960,양지사,-2.22,-2.1,0.0,-1.32,-9.11,-5.95,5.43,1493.01,1493.01,94.85,1.12,71.13,0.0,0.0,44897819851.0,0.2309,0.0,0.0,11.3492,0.0,0.0,0.0,0.0,0.0,31900,509553097345
031310,아이즈비전,-3.28,-2.19,0.0,3.31,-2.81,63.44,49.89,167.68,167.68,66.72,32.13,-26.13,0.0,0.0,191621557326.0,0.7773,0.0,0.0,0.4166,0.0,25.52,0.0,0.0,0.0,2680,79835789473
031330,에스에이엠티,16.0,8.21,0.0,3.1,2.27,787.65,94.85,181.39,181.39,51.32,14.0,-6.75,0.0,0.0,2544385766501.0,3.6163,0.0,0.0,0.1057,0.0,7.76,0.0,0.0,0.0,2690,269000000000
031430,신세계인터내셔날,14.25,9.29,0.0,7.42,7.64,1152.71,53.38,193.81,193.81,65.2,7.11,25.33,0.0,0.0,1553877316519.0,1.2152,0.0,0.0,0.5573,0.0,11.37,0.0,0.0,0.0,24750,865907202216
031440,신세계푸드,-1.84,-0.6,0.0,1.46,-0.38,205.77,209.49,106.3,106.3,32.31,6.17,-31.3,0.0,0.0,1411305169297.0,1.5613,0.0,0.0,0.0,0.0,0.0,0.0,0.0,0.0,48050,0
031510,오스템,-14.33,-7.3,0.0,-4.2,-12.32,-46.59,96.46,114.86,114.86,50.9,-1.68,-1301.4,0.0,0.0,110892575490.0,0.5922,0.0,0.0,0.3578,0.0,0.0,0.0,0.0,0.0,1415,39676497277
031820,아이티센씨티에스,16.78,6.0,0.0,2.24,4.72,158.78,179.37,126.79,126.79,35.79,85.58,-8.21,0.0,0.0,709847221879.0,1.2712,0.0,0.0,0.0104,0.0,23.04,0.0,0.0,0.0,607,7351672297
031860,디에이치엑스컴퍼니,-25.38,-18.32,0.0,-77.55,-181.98,-64.74,38.53,106.22,106.22,72.18,-62.14,15.85,0.0,0.0,8348605577.0,0.1007,0.0,0.0,0.2221,0.0,0.0,0.0,0.0,0.0,687,1853809523
031980,피에스케이홀딩스,14.44,12.41,0.0,23.22,55.99,169.03,16.39,578.49,578.49,85.92,-10.82,-25.3,0.0,0.0,72790993366.0,0.2216,0.0,0.0,2.0291,0.0,11.47,0.0,0.0,0.0,6850,147703125000
032040,씨앤에스자산관리,-3.99,-2.05,0.0,-0.39,-1.01,-4.35,94.21,153.33,153.33,51.49,35.91,91.49,0.0,0.0,110542085508.0,2.0333,0.0,0.0,0.0,0.0,0.0,0.0,0.0,0.0,0,0
032080,아즈텍WB,-1.29,-1.0,0.0,4.73,-3.12,21.49,29.13,264.35,264.35,77.44,25.09,670.1,0.0,0.0,45473797756.0,0.3202,0.0,0.0,0.8756,0.0,33.44,0.0,0.0,0.0,1850,39816729323
032190,다우데이타,13.5,1.47,0.0,7.97,7.53,7766.96,817.26,99.9,99.9,10.9,48.13,-40.96,0.0,0.0,9747210930928.0,0.1954,0.0,0.0,0.1216,0.0,58.74,0.0,0.0,0.0,30950,1185315880893
032280,삼일,2.05,1.21,0.0,1.95,1.34,17.96,69.0,39.03,39.03,59.17,7.74,165.11,0.0,0.0,91979315853.0,0.9057,0.0,0.0,0.3456,0.0,40.78,0.0,0.0,0.0,1965,31788939051
032300,한국파마,-1.87,-0.85,0.0,7.64,-1.38,61.87,118.92,141.06,141.06,45.68,1.83,23.4,0.0,0.0,81029421374.0,0.6188,0.0,0.0,2.8802,0.0,49.22,0.0,0.0,0.0,21400,233381132075
032350,롯데관광개발,-96.99,-12.46,0.0,-64.64,-122.34,-1187.2,678.1,5.95,5.95,12.85,71.54,9.55,0.0,0.0,183670906051.0,0.1019,0.0,0.0,6.2725,0.0,0.0,0.0,0.0,0.0,14450,1152082831325
032500,케이엠더블유,-11.11,-7.72,0.0,-25.07,-14.87,-449.88,43.93,199.43,199.43,69.48,-12.53,-61.35,0.0,0.0,179462379726.0,0.5189,0.0,0.0,6.2298,0.0,0.0,0.0,0.0,0.0,26500,1118017751479
032540,TJ미디어,5.27,3.34,0.0,4.82,5.23,41.42,58.01,181.34,181.34,63.29,38.89,46.57,0.0,0.0,85911499261.0,0.6374,0.0,0.0,1.5079,0.0,43.23,0.0,0.0,0.0,6200,129546325878
032560,황금에스티,12.38,9.6,0.0,13.95,13.87,465.06,29.05,277.0,277.0,77.49,23.05,13.0,0.0,0.0,333445663904.0,0.6919,0.0,0.0,0.3555,0.0,4.88,0.0,0.0,0.0,6970,118539084507
032580,피델릭스,16.81,14.28,0.0,8.66,11.37,62.81,17.73,692.98,692.98,84.94,-6.54,64.77,0.0,0.0,72559081230.0,1.2561,0.0,0.0,0.5846,0.0,8.14,0.0,0.0,0.0,1280,42419067357
032620,GC메디아이,3.33,2.54,0.0,5.06,3.08,67.46,31.07,306.63,306.63,76.29,19.31,-32.36,0.0,0.0,133343230209.0,0.8237,0.0,0.0,1.973,0.0,44.69,0.0,0.0,0.0,5040,263083146067
032640,LG유플러스,7.84,3.35,0.0,7.78,4.76,10812.6,134.03,104.68,104.68,42.73,0.4,10.44,0.0,0.0,13905990000000.0,0.7032,0.0,0.0,0.3373,0.0,14.81,0.0,0.0,0.0,11050,4689947298198
032750,삼진,2.04,1.64,0.0,1.07,1.22,16.55,24.34,336.07,336.07,80.42,20.51,42.09,0.0,0.0,155138532129.0,1.3467,0.0,0.0,0.3573,0.0,47.11,0.0,0.0,0.0,6140,55431960461
032790,엠젠솔루션,-0.94,-0.57,0.0,2.65,-0.4,29.13,63.4,190.26,190.26,61.2,53.66,3075.46,0.0,0.0,109791176701.0,1.4454,0.0,0.0,0.504,0.0,29.11,0.0,0.0,0.0,2155,55336016949
032800,판타지오,-21.33,-8.73,0.0,8.21,-44.32,12.53,144.25,96.42,96.42,40.94,-34.94,-31.58,0.0,0.0,15259393021.0,0.1971,0.0,0.0,0.4997,0.0,42.59,0.0,0.0,0.0,504,7625454545
032820,우리기술,3.53,2.08,0.0,9.7,6.81,48.01,69.7,130.31,130.31,58.93,-5.08,-33.74,0.0,0.0,49494570488.0,0.3055,0.0,0.0,4.5208,0.0,60.46,0.0,0.0,0.0,1295,223755905172
032850,비트컴퓨터,7.8,6.63,0.0,17.49,14.02,61.46,17.68,402.2,402.2,84.98,-3.56,-4.1,0.0,0.0,35134664621.0,0.473,0.0,0.0,2.9053,0.0,18.43,0.0,0.0,0.0,6140,102077500000
032860,더라미,-22.15,-19.79,0.0,-5.08,-8.96,-31.79,11.94,389.44,389.44,89.33,32.39,-505.41,0.0,0.0,62566412210.0,2.2081,0.0,0.0,0.4703,0.0,0.0,0.0,0.0,0.0,3640,29425149700
032940,원익,15.01,10.16,0.0,6.85,35.44,74.05,47.74,62.89,62.89,67.69,14.17,11.48,0.0,0.0,108088691543.0,0.2867,0.0,0.0,0.6663,0.0,26.18,0.0,0.0,0.0,3960,72022500000
032960,동일기연,1.68,1.58,0.0,4.13,3.92,11.02,6.87,2010.99,2010.99,93.58,2.26,1366.05,0.0,0.0,26699392928.0,0.4019,0.0,0.0,8.5356,0.0,210.73,0.0,0.0,0.0,12950,227894607843
032980,바이온,-41.71,-32.96,0.0,-49.95,-73.44,-67.51,26.58,333.87,333.87,79.0,20.26,-24.48,0.0,0.0,13515632660.0,0.4487,0.0,0.0,0.0,0.0,0.0,0.0,0.0,0.0,0,0
033050,제이엠아이,5.87,2.9,0.0,7.28,3.82,47.28,102.38,133.38,133.38,49.41,34.13,218.97,0.0,0.0,64925485182.0,0.7597,0.0,0.0,0.568,0.0,16.94,0.0,0.0,0.0,1160,36877817319
033100,제룡전기,17.62,14.2,0.0,18.57,14.5,159.83,24.09,400.99,400.99,80.59,76.42,13551.64,0.0,0.0,86061155911.0,0.9792,0.0,0.0,2.0998,0.0,12.37,0.0,0.0,0.0,11250,180709779179
033130,디지틀조선,3.35,3.02,0.0,5.94,7.92,20.61,10.74,796.78,796.78,90.3,3.78,-3.16,0.0,0.0,34714775588.0,0.3817,0.0,0.0,3.1221,0.0,56.87,0.0,0.0,0.0,2920,108383618455
033160,엠케이전자,0.31,0.14,0.0,7.85,0.31,802.81,113.28,76.07,76.07,46.89,6.8,-26.02,0.0,0.0,1023209675666.0,0.4715,0.0,0.0,0.2689,0.0,17.78,0.0,0.0,0.0,11200,275123595505
033170,시그네틱스,5.74,3.9,0.0,3.09,2.62,88.85,47.14,158.6,158.6,67.96,6.57,-53.91,0.0,0.0,287600045582.0,1.4885,0.0,0.0,0.0614,0.0,8.95,0.0,0.0,0.0,1030,17650000000
033180,케이에이치필룩스,-18.85,-7.25,0.0,-13.0,-55.01,-213.53,159.83,122.07,122.07,38.49,36.69,-208.57,0.0,0.0,164291828345.0,0.1319,0.0,0.0,0.0,0.0,0.0,0.0,0.0,0.0,0,0
033200,모아텍,-1.96,-1.81,0.0,-5.31,-4.55,-16.47,7.94,1175.79,1175.79,92.64,14.97,9.17,0.0,0.0,31025314527.0,0.3989,0.0,0.0,1.6288,0.0,0.0,0.0,0.0,0.0,5500,50534653465
033230,인성정보,1.12,0.37,0.0,0.93,0.27,29.1,204.14,140.13,140.13,32.88,21.76,46.41,0.0,0.0,314506299406.0,1.3529,0.0,0.0,0.3422,0.0,90.59,0.0,0.0,0.0,2130,107617132867
033240,자화전자,-11.13,-7.55,0.0,-4.02,-13.06,-117.4,47.39,147.77,147.77,67.85,-15.96,-171.96,0.0,0.0,292333491221.0,0.578,0.0,0.0,1.5706,0.0,0.0,0.0,0.0,0.0,21250,459140495867
033250,체시스,-16.39,-6.18,0.0,-22.76,-14.3,-74.7,165.1,58.78,58.78,37.72,-23.51,-352.13,0.0,0.0,32817107181.0,0.4323,0.0,0.0,0.1746,0.0,0.0,0.0,0.0,0.0,896,5729785407
033270,유나이티드,13.4,10.83,0.0,18.37,17.25,482.13,23.69,340.61,340.61,80.85,18.77,45.11,0.0,0.0,262522022556.0,0.6282,0.0,0.0,1.3788,0.0,9.17,0.0,0.0,0.0,22750,361978346456
033290,로젠,13.07,6.08,0.0,8.52,5.44,1016.77,115.1,117.39,117.39,46.49,77.05,10.06,0.0,0.0,1193278977763.0,1.1178,0.0,0.0,0.2073,0.0,8.05,0.0,0.0,0.0,4405,247384338138
033310,엠투엔,3.64,2.78,0.0,-17.03,18.1,-48.44,30.88,128.57,128.57,76.41,2.92,-5.52,0.0,0.0,28450754786.0,0.1537,0.0,0.0,6.4909,0.0,0.0,0.0,0.0,0.0,4620,184672199170
033320,제이씨현시스템,0.34,0.24,0.0,-1.18,0.19,-23.7,42.65,290.91,290.91,70.1,-24.44,-112.85,0.0,0.0,200564472355.0,1.2485,0.0,0.0,0.4888,0.0,0.0,0.0,0.0,0.0,5130,98040000000
033340,좋은사람들,-11.64,-8.43,0.0,-5.36,-7.75,-43.15,38.01,336.9,336.9,72.46,-14.74,13.64,0.0,0.0,80470105663.0,1.0884,0.0,0.0,2.542,0.0,0.0,0.0,0.0,0.0,2110,204557251908
033430,디에스티,21.34,5.42,0.0,14.26,6.74,39.57,294.02,88.37,88.37,25.38,10.4,13.17,0.0,0.0,27750783881.0,0.8035,0.0,0.0,0.0,0.0,0.0,0.0,0.0,0.0,0,0
033500,동성화인텍,5.67,2.45,0.0,3.52,1.94,152.77,131.48,126.49,126.49,43.2,18.93,-49.38,0.0,0.0,434151552353.0,1.262,0.0,0.0,0.7495,0.0,34.09,0.0,0.0,0.0,10850,325379578246
033530,SJG세종,0.05,0.02,0.0,1.73,0.01,320.74,186.35,114.19,114.19,34.92,20.06,1273.43,0.0,0.0,1858856802835.0,1.6172,0.0,0.0,0.0797,0.0,27.94,0.0,0.0,0.0,5480,148217974322
033540,파라텍,-5.71,-2.64,0.0,-0.84,-2.58,-18.06,116.64,175.57,175.57,46.16,89.51,-289.8,0.0,0.0,214050649673.0,1.0211,0.0,0.0,0.0386,0.0,0.0,0.0,0.0,0.0,791,8270638297
033560,블루콤,-0.17,-0.15,0.0,-2.26,-0.45,-13.26,9.35,287.34,287.34,91.45,-18.01,-193.32,0.0,0.0,58618047325.0,0.3343,0.0,0.0,1.0794,0.0,0.0,0.0,0.0,0.0,3700,63271957671
033640,네패스,24.1,8.35,0.0,-1.14,16.08,-67.14,188.52,72.59,72.59,34.66,40.56,59.06,0.0,0.0,588039209962.0,0.5195,0.0,0.0,0.6136,0.0,0.0,0.0,0.0,0.0,15650,360846255506
033780,케이티앤지,10.74,8.17,0.0,21.66,17.18,12676.5,31.45,257.57,257.57,76.08,11.92,-5.28,0.0,0.0,5851406367817.0,0.4757,0.0,0.0,1.6233,0.0,9.81,0.0,0.0,0.0,91500,9498635036496
033790,피노,7.34,6.83,0.0,12.82,15.13,14.63,7.47,856.28,856.28,93.05,1.35,-23.96,0.0,0.0,11406060324.0,0.451,0.0,0.0,6.0561,0.0,48.43,0.0,0.0,0.0,829,69076292993
033830,티비씨,4.05,3.83,0.0,9.54,11.6,40.52,5.88,1284.13,1284.13,94.45,-0.84,-6.42,0.0,0.0,42483287221.0,0.33,0.0,0.0,0.4944,0.0,6.95,0.0,0.0,0.0,1110,21003592814
033920,무학,-2.75,-2.18,0.0,10.24,-8.64,156.43,26.05,52.78,52.78,79.33,20.41,1855.82,0.0,0.0,152832444811.0,0.2523,0.0,0.0,0.9203,0.0,16.99,0.0,0.0,0.0,4935,140653715365
034020,두산에너빌리티,-4.5,-1.97,0.0,7.17,-2.94,11061.21,128.66,100.49,100.49,43.73,40.31,27.23,0.0,0.0,15421058082388.0,0.669,0.0,0.0,0.6397,0.0,20.64,0.0,0.0,0.0,15400,9864642666666
034120,SBS,17.93,11.12,0.0,15.81,13.34,1856.03,61.22,255.59,255.59,62.03,11.89,7.69,0.0,0.0,1173781580894.0,0.8337,0.0,0.0,0.5461,0.0,6.33,0.0,0.0,0.0,34550,640956219312
034220,LG디스플레이,-28.23,-8.95,0.0,-7.97,-12.22,-20850.47,215.27,67.64,67.64,31.72,-12.47,-193.47,0.0,0.0,26151781000000.0,0.7328,0.0,0.0,0.238,0.0,0.0,0.0,0.0,0.0,12450,6225000000000
034230,파라다이스,0.94,0.45,0.0,1.77,2.69,104.13,108.38,59.15,59.15,47.99,41.78,118.85,0.0,0.0,587637410933.0,0.1673,0.0,0.0,2.7742,0.0,331.96,0.0,0.0,0.0,17600,1630243137254
034300,신세계건설,-4.51,-1.22,0.0,-0.84,-0.88,-120.42,268.54,70.91,70.91,27.13,13.98,-131.33,0.0,0.0,1432384948018.0,1.3881,0.0,0.0,0.0,0.0,0.0,0.0,0.0,0.0,0,0
034310,NICE,5.23,2.04,0.0,0.0,0.0,1452.43,155.9,100.94,100.94,39.08,0.0,0.67,0.0,0.0,0.0,0.0,0.0,0.0,0.0,0.0,17.44,0.0,0.0,0.0,12900,474172727272
034590,인천도시가스,6.09,2.88,0.0,1.11,1.67,80.5,111.57,162.47,162.47,47.27,44.48,151.55,0.0,0.0,728489447710.0,1.7216,0.0,0.0,0.1676,0.0,42.88,0.0,0.0,0.0,27900,122069043151
034730,SK,5.52,2.04,0.0,5.95,2.95,80047.1,170.87,103.08,103.08,36.92,38.42,64.71,0.0,0.0,134551641000000.0,0.6918,0.0,0.0,0.1018,0.0,17.04,0.0,0.0,0.0,189000,13703020183486
034810,해성산업,7.65,4.06,0.0,8.31,4.2,2103.87,88.63,127.79,127.79,53.01,35.17,125.22,0.0,0.0,2531646680380.0,0.965,0.0,0.0,0.1235,0.0,7.35,0.0,0.0,0.0,9900,312699029126
034940,조아제약,1.0,0.6,0.0,-0.7,0.75,-4.82,66.59,176.38,176.38,60.03,19.66,93.11,0.0,0.0,68879662118.0,0.8043,0.0,0.0,0.2117,0.0,0.0,0.0,0.0,0.0,2355,14578571428
034950,한국기업평가,20.03,15.8,0.0,29.47,25.09,299.3,26.78,427.65,427.65,78.87,-2.82,-17.36,0.0,0.0,101576018426.0,0.6297,0.0,0.0,3.0843,0.0,11.61,0.0,0.0,0.0,69000,313291907514
035000,HS애드,9.89,3.21,0.0,4.67,3.29,247.87,208.55,136.35,136.35,32.41,15.69,11.41,0.0,0.0,530448053625.0,0.9737,0.0,0.0,0.1802,0.0,18.71,0.0,0.0,0.0,5900,95611197511
035080,그래디언트,38.41,19.15,0.0,0.41,9.45,145.81,100.56,149.83,149.83,49.86,15.05,486.16,0.0,0.0,3584845793132.0,2.026,0.0,0.0,0.0477,0.0,72.56,0.0,0.0,0.0,14950,170875000000
035150,백산,24.92,13.25,0.0,10.57,9.43,502.96,88.1,141.62,141.62,53.16,28.25,116.37,0.0,0.0,475895240622.0,1.4043,0.0,0.0,0.3398,0.0,6.37,0.0,0.0,0.0,8180,161716942909
035200,프럼파스트,3.6,3.25,0.0,5.06,4.38,15.29,10.73,827.52,827.52,90.31,2.25,-34.52,0.0,0.0,30227839370.0,0.7412,0.0,0.0,1.0948,0.0,24.22,0.0,0.0,0.0,3585,33092307692
035250,강원랜드,3.39,2.77,0.0,17.12,9.1,2175.65,22.03,175.44,175.44,81.95,61.17,512.87,0.0,0.0,1270685819109.0,0.3049,0.0,0.0,3.9061,0.0,26.27,0.0,0.0,0.0,23200,4963374744027
035290,골드앤에스,-42.98,-33.4,0.0,-12.06,-65.91,-11.44,28.65,462.8,462.8,77.73,16.59,-280.9,0.0,0.0,9488858046.0,0.5069,0.0,0.0,2.7053,0.0,0.0,0.0,0.0,0.0,5380,25669980119
035420,NAVER,2.87,1.99,0.0,15.87,8.19,13046.64,44.56,117.5,117.5,69.18,20.57,-1.57,0.0,0.0,8220078708810.0,0.2425,0.0,0.0,3.2839,0.0,28.7,0.0,0.0,0.0,177500,26993578341013
035460,기산텔레콤,9.18,4.89,0.0,6.81,5.37,46.16,87.66,208.07,208.07,53.29,9.58,564.99,0.0,0.0,67802637797.0,0.9107,0.0,0.0,0.6402,0.0,16.94,0.0,0.0,0.0,2910,43407500000
035510,신세계I&C,23.1,17.41,0.0,6.29,14.08,375.29,32.7,255.11,255.11,75.36,13.45,5.63,0.0,0.0,596870394817.0,1.2359,0.0,0.0,0.3221,0.0,8.29,0.0,0.0,0.0,13750,192252994011
035600,KG이니시스,11.62,4.84,0.0,9.04,5.98,1065.12,139.9,80.35,80.35,41.68,16.37,-0.13,0.0,0.0,1177624552737.0,0.8105,0.0,0.0,0.2738,0.0,10.98,0.0,0.0,0.0,11700,322390104662
035610,솔본,-22.98,-19.0,0.0,-28.62,-44.68,-268.46,20.97,397.75,397.75,82.67,-6.37,-271.39,0.0,0.0,93816087048.0,0.4251,0.0,0.0,1.0579,0.0,0.0,0.0,0.0,0.0,3630,99248809523
035620,바른손이앤에이,-15.55,-10.4,0.0,0.0,0.0,-42.23,49.5,56.82,56.82,66.89,0.0,-219.38,0.0,0.0,0.0,0.0,0.0,0.0,0.0,0.0,0.0,0.0,0.0,0.0,998,18560801144
035720,카카오,7.89,4.65,0.0,0.0,0.0,5693.56,69.9,148.86,148.86,58.86,0.0,-3.15,0.0,0.0,0.0,0.0,0.0,0.0,0.0,0.0,57.91,0.0,0.0,0.0,53100,23522355677154
035760,CJ ENM,-4.07,-1.71,0.0,2.87,-3.69,1373.76,137.83,72.8,72.8,42.05,34.9,-53.73,0.0,0.0,4792237788876.0,0.4638,0.0,0.0,0.4791,0.0,60.3,0.0,0.0,0.0,104700,2295987610619
035810,이지홀딩스,2.64,1.01,0.0,3.32,0.89,999.23,160.96,108.66,108.66,38.32,51.72,-0.49,0.0,0.0,3010255248617.0,1.1333,0.0,0.0,0.0602,0.0,18.21,0.0,0.0,0.0,2810,181317672413
035890,서희건설,13.24,6.19,0.0,14.33,6.96,2060.68,113.8,144.33,144.33,46.77,8.1,-0.35,0.0,0.0,1437668988542.0,0.8896,0.0,0.0,0.1632,0.0,5.31,0.0,0.0,0.0,1130,234586026200
035900,JYP Ent.,22.17,16.42,0.0,27.94,19.52,966.32,35.02,233.87,233.87,74.07,78.39,66.88,0.0,0.0,345892110215.0,0.8413,0.0,0.0,6.965,0.0,26.03,0.0,0.0,0.0,67800,2409154328732
036000,예림당,-12.28,-10.84,0.0,1.1,-87.09,2.91,13.28,555.39,555.39,88.28,-6.44,-87.29,0.0,0.0,26372507705.0,0.1245,0.0,0.0,1.5811,0.0,228.32,0.0,0.0,0.0,1810,41697952218
036010,아비코전자,8.0,6.35,0.0,6.86,5.68,112.91,26.04,332.71,332.71,79.34,11.52,269.65,0.0,0.0,164696756994.0,1.117,0.0,0.0,0.8151,0.0,14.59,0.0,0.0,0.0,10100,134236879432
036030,케이티알파,5.27,2.99,0.0,3.24,2.59,152.24,76.44,173.75,173.75,56.68,10.84,343.52,0.0,0.0,469573683758.0,1.1514,0.0,0.0,0.5667,0.0,29.09,0.0,0.0,0.0,5430,266122044728
036090,위지트,9.88,8.57,0.0,6.16,38.84,21.69,15.36,161.47,161.47,86.68,13.02,2180.63,0.0,0.0,35218638086.0,0.2206,0.0,0.0,0.7502,0.0,21.98,0.0,0.0,0.0,621,26421573033
036120,서울평가정보,7.71,6.04,0.0,11.2,5.73,45.81,27.7,506.59,506.59,78.31,-18.8,-54.82,0.0,0.0,40899238308.0,1.0536,0.0,0.0,3.4058,0.0,32.24,0.0,0.0,0.0,3960,139296482412
036170,에이치엠넥스,3.78,3.69,0.0,-8.01,31.14,-10.75,2.4,1214.28,1214.28,97.66,-15.39,-181.76,0.0,0.0,13418819175.0,0.1184,0.0,0.0,4.179,0.0,0.0,0.0,0.0,0.0,914,56077292576
036180,지더블유바이텍,-24.89,-13.73,0.0,-13.8,-16.97,-72.51,81.32,129.63,129.63,55.15,-0.09,-302.04,0.0,0.0,52525588335.0,0.8091,0.0,0.0,0.0,0.0,0.0,0.0,0.0,0.0,0,0
036190,금화피에스시,9.33,6.94,0.0,11.23,11.19,279.0,34.38,338.05,338.05,74.41,4.02,8.91,0.0,0.0,248347893901.0,0.6209,0.0,0.0,0.6946,0.0,9.85,0.0,0.0,0.0,28750,172500000000
036200,유니셈,9.82,8.35,0.0,11.47,7.74,290.37,17.7,529.94,529.94,84.97,-14.47,-33.54,0.0,0.0,253229086343.0,1.0788,0.0,0.0,0.6805,0.0,7.15,0.0,0.0,0.0,5620,172330088495
036220,오상헬스케어,20.34,16.32,0.0,25.43,20.97,493.0,24.66,322.3,322.3,80.22,46.53,795.96,0.0,0.0,193893072828.0,0.7781,0.0,0.0,0.0,0.0,0.0,0.0,0.0,0.0,0,0
036420,콘텐트리중앙,-11.52,-3.08,0.0,-8.4,-9.35,-715.91,274.17,56.76,56.76,26.73,25.83,-24.8,0.0,0.0,852050847599.0,0.3292,0.0,0.0,0.646,0.0,0.0,0.0,0.0,0.0,28550,550404228855
036460,한국가스공사,14.38,2.4,0.0,4.76,2.89,24634.22,499.62,81.91,81.91,16.68,87.95,98.71,0.0,0.0,51724286632369.0,0.8286,0.0,0.0,0.0646,0.0,22.47,0.0,0.0,0.0,36200,3341709479305
036480,대성미생물,0.0,0.0,0.0,-1.28,0.0,-3.28,67.65,270.38,270.38,59.65,6.26,-197.16,0.0,0.0,25500064652.0,0.3917,0.0,0.0,1.5357,0.0,0.0,0.0,0.0,0.0,10300,39159744408
036530,SNT홀딩스,6.36,4.52,0.0,8.88,7.09,1446.93,40.86,267.59,267.59,70.99,16.06,15.23,0.0,0.0,1629520924776.0,0.6369,0.0,0.0,0.1571,0.0,6.9,0.0,0.0,0.0,15700,255959651035
036540,SFA반도체,9.39,6.73,0.0,8.99,6.5,628.81,39.46,304.74,304.74,71.7,9.09,-5.44,0.0,0.0,699412110637.0,1.0364,0.0,0.0,0.9041,0.0,13.09,0.0,0.0,0.0,3845,632333859649
036560,KZ정밀,4.55,3.76,0.0,13.44,17.41,119.7,21.04,254.19,254.19,82.62,13.11,40.27,0.0,0.0,89066055501.0,0.2161,0.0,0.0,2.104,0.0,21.64,0.0,0.0,0.0,11900,187398544866
036570,NC,13.63,9.82,0.0,21.74,16.95,5590.06,38.74,522.19,522.19,72.08,11.39,48.98,0.0,0.0,2571792281800.0,0.5795,0.0,0.0,3.7529,0.0,19.48,0.0,0.0,0.0,448000,9651656124721
036580,팜스코,-12.35,-2.81,0.0,0.99,-1.8,187.99,340.23,81.76,81.76,22.72,23.73,-47.97,0.0,0.0,1901506809713.0,1.5546,0.0,0.0,0.0753,0.0,57.9,0.0,0.0,0.0,3900,143230769230
036620,감성코퍼레이션,29.63,17.97,0.0,13.84,12.85,162.48,64.87,304.54,304.54,60.65,139.9,1300.52,0.0,0.0,117401158387.0,1.3991,0.0,0.0,1.4312,0.0,12.37,0.0,0.0,0.0,1870,168027549668
036630,세종텔레콤,-12.11,-8.85,0.0,-1.69,-11.78,-54.82,36.84,318.36,318.36,73.08,9.67,27.24,0.0,0.0,324268447254.0,0.751,0.0,0.0,0.028,0.0,0.0,0.0,0.0,0.0,649,9086000000
036640,HRS,9.43,8.58,0.0,13.29,11.65,114.38,9.79,847.56,847.56,91.08,2.42,-36.25,0.0,0.0,86095840519.0,0.7366,0.0,0.0,0.988,0.0,8.35,0.0,0.0,0.0,5200,85062374245
036670,삼양케이씨아이,18.15,14.47,0.0,19.96,16.26,218.77,25.4,301.15,301.15,79.74,34.48,75.82,0.0,0.0,109605027221.0,0.8902,0.0,0.0,0.8723,0.0,5.51,0.0,0.0,0.0,8890,95606189555
036690,코맥스,-10.74,-5.48,0.0,-3.26,-3.35,-50.8,96.02,146.69,146.69,51.02,10.3,58.31,0.0,0.0,155998634081.0,1.635,0.0,0.0,0.8365,0.0,0.0,0.0,0.0,0.0,2995,130492720970
036710,심텍홀딩스,29.45,13.16,0.0,17.53,10.9,2998.74,123.75,98.29,98.29,44.69,25.2,75.61,0.0,0.0,1710417170744.0,1.2076,0.0,0.0,0.0877,0.0,3.11,0.0,0.0,0.0,2840,150031287605
036800,나이스정보통신,11.58,3.9,0.0,5.97,5.0,480.82,197.04,123.66,123.66,33.67,20.05,2.69,0.0,0.0,804861396536.0,0.7804,0.0,0.0,1.5007,0.0,39.35,0.0,0.0,0.0,26550,1207848000000
036810,에프에스티,16.62,10.35,0.0,2.77,18.28,61.8,60.63,113.4,113.4,62.25,4.56,-72.7,0.0,0.0,223393506783.0,0.5659,0.0,0.0,1.5119,0.0,78.76,0.0,0.0,0.0,15600,337748698884
036830,솔브레인홀딩스,5.04,3.52,0.0,13.01,10.54,734.97,42.94,115.75,115.75,69.96,35.45,35.0,0.0,0.0,565106276036.0,0.3345,0.0,0.0,0.8635,0.0,13.54,0.0,0.0,0.0,23800,487981693363
036890,진성티이씨,21.69,11.28,0.0,12.26,8.4,663.16,92.22,171.3,171.3,52.02,23.43,162.2,0.0,0.0,541014045943.0,1.3436,0.0,0.0,0.5355,0.0,7.28,0.0,0.0,0.0,13150,289706177606
036930,주성엔지니어링,21.91,12.74,0.0,28.29,24.24,1238.84,71.9,228.12,228.12,58.17,16.07,20.73,0.0,0.0,437938720318.0,0.5257,0.0,0.0,1.125,0.0,6.79,0.0,0.0,0.0,10600,492702372881
037030,파워넷,1.82,1.17,0.0,2.69,0.79,56.72,56.21,209.94,209.94,64.02,1.55,3.84,0.0,0.0,211087434269.0,1.4841,0.0,0.0,0.3461,0.0,21.9,0.0,0.0,0.0,2865,73061854103
037070,파세코,8.62,6.14,0.0,7.88,4.58,157.92,40.33,217.09,217.09,71.26,-11.76,-30.93,0.0,0.0,200475253164.0,1.3399,0.0,0.0,1.2969,0.0,19.19,0.0,0.0,0.0,13000,260000000000
037230,한국팩키지,-15.81,-5.71,0.0,0.27,-4.88,5.86,176.7,71.66,71.66,36.14,286.53,127.85,0.0,0.0,217319292042.0,1.1712,0.0,0.0,0.3288,0.0,324.17,0.0,0.0,0.0,2400,71456859971
037270,YG PLUS,10.47,6.92,0.0,7.37,11.9,103.37,51.4,205.31,205.31,66.05,16.55,-53.05,0.0,0.0,140221115585.0,0.5809,0.0,0.0,2.0023,0.0,35.09,0.0,0.0,0.0,4410,280760869565
037330,인지디스플레,-0.68,-0.28,0.0,1.62,-0.19,113.69,140.52,62.64,62.64,41.58,13.57,371.1,0.0,0.0,700955627901.0,1.5047,0.0,0.0,0.103,0.0,30.29,0.0,0.0,0.0,1645,72169220055
037340,에이치씨코퍼레이션,21.41,13.26,0.0,11.62,12.06,24.35,61.39,253.63,253.63,61.96,7.11,-19.56,0.0,0.0,20962845613.0,1.0996,0.0,0.0,0.0,0.0,0.0,0.0,0.0,0.0,0,0
037350,성도이엔지,0.29,0.15,0.0,-0.71,0.1,-49.85,95.78,158.43,158.43,51.08,27.03,-129.53,0.0,0.0,705803485232.0,1.4071,0.0,0.0,0.0961,0.0,0.0,0.0,0.0,0.0,4460,67825435073
037370,EG,-22.27,-7.31,0.0,-12.2,-16.06,-85.62,204.6,183.08,183.08,32.83,-26.65,-212.99,0.0,0.0,70189076829.0,0.4553,0.0,0.0,0.9083,0.0,0.0,0.0,0.0,0.0,7400,63750692520
037400,우리엔터프라이즈,8.48,3.87,0.0,2.52,1.83,347.55,119.26,135.61,135.61,45.61,-12.01,-21.41,0.0,0.0,1379502838155.0,2.1142,0.0,0.0,0.0339,0.0,11.56,0.0,0.0,0.0,1780,46753164556
037440,희림,10.49,3.59,0.0,4.58,3.23,101.27,192.53,136.63,136.63,34.18,4.23,22.25,0.0,0.0,221067225133.0,1.1102,0.0,0.0,0.5163,0.0,24.21,0.0,0.0,0.0,8200,114145539906
037460,삼지전자,15.66,7.85,0.0,3.03,2.67,884.93,99.43,163.45,163.45,50.14,17.66,-6.2,0.0,0.0,2922015004340.0,2.9419,0.0,0.0,0.0465,0.0,7.13,0.0,0.0,0.0,8330,135930454545
037560,LG헬로비전,0.0,-1.82,0.0,4.61,-2.23,538.01,0.0,104.12,104.12,0.0,8.12,20.92,0.0,0.0,1167867997994.0,0.8178,0.0,0.0,0.2918,0.0,21.25,0.0,0.0,0.0,4400,340792199878
037640,지에스엔텍,-30.13,-8.08,0.0,-14.86,-27.09,-176.13,272.87,68.39,68.39,26.82,-9.51,-27.82,0.0,0.0,118513879415.0,0.2983,0.0,0.0,0.0,0.0,0.0,0.0,0.0,0.0,0,0
037710,광주신세계,7.21,6.23,0.0,35.48,30.8,655.85,15.64,265.24,265.24,86.48,8.77,8.24,0.0,0.0,184873955252.0,0.2024,0.0,0.0,1.3203,0.0,5.61,0.0,0.0,0.0,32000,244097035040
037760,쎄니트,9.56,4.8,0.0,6.24,5.93,99.97,99.05,111.41,111.41,50.24,27.01,36.93,0.0,0.0,160097408657.0,0.8101,0.0,0.0,0.3401,0.0,15.28,0.0,0.0,0.0,1610,54450939457
038010,제일테크노스,12.87,5.89,0.0,9.0,5.05,194.12,118.73,111.78,111.78,45.72,20.25,2616.67,0.0,0.0,215637952017.0,1.1663,0.0,0.0,0.2842,0.0,8.33,0.0,0.0,0.0,6810,61277595628
038060,루멘스,16.96,11.55,0.0,0.72,9.55,11.9,46.89,294.94,294.94,68.08,-3.5,50.47,0.0,0.0,166304887331.0,1.2086,0.0,0.0,0.2953,0.0,78.19,0.0,0.0,0.0,1020,49106728538
038070,서린바이오,11.32,7.4,0.0,8.38,9.74,85.8,52.97,186.93,186.93,65.37,27.15,15.15,0.0,0.0,102406218547.0,0.7593,0.0,0.0,1.0571,0.0,18.06,0.0,0.0,0.0,11650,108254566210
038110,에코플라스틱,15.08,2.91,0.0,2.11,1.3,385.17,418.16,71.52,71.52,19.3,20.03,144.17,0.0,0.0,1821519312265.0,2.2462,0.0,0.0,0.0596,0.0,19.81,0.0,0.0,0.0,2635,108492226680
038160,팍스넷,9.37,-10.96,0.0,-114.52,-116.17,-23.27,-185.47,26.26,26.26,-117.01,-58.16,60.08,0.0,0.0,2032381808.0,0.0944,0.0,0.0,0.0,0.0,0.0,0.0,0.0,0.0,0,0
038290,마크로젠,-12.16,-7.86,0.0,3.82,-15.87,52.89,54.8,157.31,157.31,64.6,7.31,-55.15,0.0,0.0,138617489348.0,0.4948,0.0,0.0,1.4977,0.0,58.0,0.0,0.0,0.0,19150,207607476635
038390,레드캡투어,11.02,3.41,0.0,13.86,8.1,363.22,222.66,30.96,30.96,30.99,14.47,77.45,0.0,0.0,262064785478.0,0.4214,0.0,0.0,1.2154,0.0,20.58,0.0,0.0,0.0,19050,318512961116
038460,바이오스마트,-1.28,-0.5,0.0,2.59,-0.3,101.51,156.96,98.83,98.83,38.92,107.11,26.38,0.0,0.0,391821770039.0,1.652,0.0,0.0,0.2148,0.0,22.57,0.0,0.0,0.0,3330,84171586715
038500,삼표시멘트,4.39,2.08,0.0,9.86,4.19,710.98,111.32,97.68,97.68,47.32,26.74,34.98,0.0,0.0,721115587886.0,0.4964,0.0,0.0,0.5021,0.0,15.86,0.0,0.0,0.0,3355,362072978177
038530,케이바이오랩스,-11.48,-9.29,0.0,-0.45,-22.78,-1.53,23.47,326.48,326.48,80.99,285.78,96.81,0.0,0.0,33648094236.0,0.408,0.0,0.0,0.3097,0.0,0.0,0.0,0.0,0.0,402,10422222222
038540,상상인,4.98,0.67,0.0,8.48,5.53,648.51,642.17,148.75,148.75,13.47,34.37,-50.92,0.0,0.0,764621201141.0,0.1213,0.0,0.0,0.4435,0.0,89.31,0.0,0.0,0.0,6130,339144096385
038620,위즈코프,3.32,2.97,0.0,3.51,6.31,14.47,11.68,2651.03,2651.03,89.54,24.15,25.41,0.0,0.0,41213941237.0,0.4709,0.0,0.0,0.2909,0.0,14.61,0.0,0.0,0.0,791,11988593750
038680,에스넷,-5.46,-1.5,0.0,0.57,-1.05,22.28,262.98,114.46,114.46,27.55,21.25,279.16,0.0,0.0,389493924037.0,1.4374,0.0,0.0,0.2409,0.0,130.24,0.0,0.0,0.0,4715,93833168316
038870,에코심플렉스,-6.77,-4.91,0.0,-0.87,-28.01,-1.47,37.9,162.2,162.2,72.52,4.14,-117.82,0.0,0.0,16783759222.0,0.1752,0.0,0.0,3.8804,0.0,0.0,0.0,0.0,0.0,4640,65127252867
038880,아이에이,-0.94,-0.63,0.0,-3.42,-1.42,-25.37,47.47,101.46,101.46,67.81,-8.63,-137.85,0.0,0.0,74214714559.0,0.4481,0.0,0.0,0.0615,0.0,0.0,0.0,0.0,0.0,607,4564797406
038950,파인디지털,-2.28,-2.01,0.0,-4.06,-2.32,-37.03,13.66,1000.79,1000.79,87.98,-9.2,-250.14,0.0,0.0,91100767728.0,0.8667,0.0,0.0,0.5026,0.0,0.0,0.0,0.0,0.0,4485,45788888888
039010,현대에이치티,2.19,1.7,0.0,1.22,1.9,12.8,29.05,201.2,201.2,77.49,9.4,-73.62,0.0,0.0,104942242488.0,0.8941,0.0,0.0,0.5521,0.0,65.92,0.0,0.0,0.0,6720,57940157480
039020,이건홀딩스,1.77,0.77,0.0,4.35,1.08,220.88,128.7,86.14,86.14,43.73,6.88,-42.9,0.0,0.0,507557619792.0,0.7198,0.0,0.0,0.1437,0.0,21.27,0.0,0.0,0.0,3230,72939272727
039030,이오테크닉스,14.33,12.54,0.0,20.75,17.27,927.99,14.24,556.2,556.2,87.54,14.4,18.77,0.0,0.0,447157589742.0,0.7261,0.0,0.0,1.8349,0.0,9.67,0.0,0.0,0.0,66600,820482326732
039130,하나투어,-64.77,-14.18,0.0,-88.01,-56.16,-1011.84,356.79,116.23,116.23,21.89,185.58,20.51,0.0,0.0,114969462998.0,0.2524,0.0,0.0,8.1505,0.0,0.0,0.0,0.0,0.0,60500,937055130168
039200,오스코텍,-22.8,-19.32,0.0,-565.71,-548.63,-286.38,17.99,580.75,580.75,84.75,29.71,-1.93,0.0,0.0,5062376493.0,0.0352,0.0,0.0,130.7375,0.0,0.0,0.0,0.0,0.0,17300,661842225392
039230,제이앤케이인더스트리,-50.64,-38.45,0.0,-756.17,-2640.77,-26.66,31.7,405.63,405.63,75.93,-92.14,39.72,0.0,0.0,352549183.0,0.0146,0.0,0.0,0.0,0.0,0.0,0.0,0.0,0.0,0,0
039240,경남스틸,9.33,5.75,0.0,2.74,2.33,113.96,62.4,182.95,182.95,61.58,21.33,65.21,0.0,0.0,415312784536.0,2.4703,0.0,0.0,0.1895,0.0,12.58,0.0,0.0,0.0,2915,78718572167
039290,인포뱅크,2.01,1.45,0.0,-0.25,0.92,-3.46,38.64,154.08,154.08,72.13,1.14,-108.8,0.0,0.0,140174469340.0,1.5726,0.0,0.0,0.593,0.0,0.0,0.0,0.0,0.0,9560,83130434782
039310,세중,4.15,2.84,0.0,-6.21,8.75,-26.17,46.23,233.63,233.63,68.38,9.79,-80.67,0.0,0.0,42124070429.0,0.3247,0.0,0.0,1.112,0.0,0.0,0.0,0.0,0.0,2580,46841498559
039340,한국경제TV,8.22,7.09,0.0,0.0,0.0,84.36,15.96,663.27,663.27,86.24,0.0,-68.21,0.0,0.0,0.0,0.0,0.0,0.0,0.0,0.0,17.91,0.0,0.0,0.0,5650,124254065040
039420,케이엘넷,14.58,12.26,0.0,15.76,14.81,79.29,18.97,348.13,348.13,84.05,1.35,16.66,0.0,0.0,50302532476.0,0.8278,0.0,0.0,1.1272,0.0,8.37,0.0,0.0,0.0,2470,56698738738
039440,에스티아이,13.61,9.08,0.0,8.23,7.07,347.66,49.98,207.09,207.09,66.68,32.21,35.99,0.0,0.0,422418753947.0,1.2844,0.0,0.0,0.4387,0.0,8.48,0.0,0.0,0.0,11950,185298765432
039560,다산네트웍스,38.87,31.71,0.0,-0.7,184.34,-5.65,22.57,265.55,265.55,81.58,9.39,-203.05,0.0,0.0,80714212760.0,0.172,0.0,0.0,2.1165,0.0,0.0,0.0,0.0,0.0,3985,170832377049
039570,HDC랩스,4.77,3.25,0.0,2.02,2.04,123.08,46.85,266.56,266.56,68.09,122.42,27.33,0.0,0.0,610731077048.0,1.5964,0.0,0.0,0.3231,0.0,25.95,0.0,0.0,0.0,7600,197322916666
039610,화성밸브,3.7,2.41,0.0,4.33,3.48,37.02,53.4,231.98,231.98,65.19,18.85,40.99,0.0,0.0,85525543688.0,0.6926,0.0,0.0,0.5702,0.0,24.78,0.0,0.0,0.0,4685,48770766488
039670,스포츠서울,-27.91,-13.52,0.0,-14.76,-14.76,-13.54,106.5,493.15,493.15,48.43,-7.94,60.87,0.0,0.0,9173178211.0,0.916,0.0,0.0,0.0,0.0,0.0,0.0,0.0,0.0,0,0
039740,한국정보공학,8.32,4.62,0.0,1.74,3.56,18.38,80.23,154.48,154.48,55.48,-38.68,-47.06,0.0,0.0,105375235088.0,1.2957,0.0,0.0,0.2608,0.0,34.65,0.0,0.0,0.0,3425,27486571879
039790,위노바,-53.65,-22.2,0.0,-41.46,-38.95,-27.87,141.7,60.92,60.92,41.37,-22.7,23.73,0.0,0.0,6722760438.0,0.57,0.0,0.0,0.0,0.0,0.0,0.0,0.0,0.0,0,0
039830,오로라,5.62,1.63,0.0,7.92,3.26,183.5,244.99,82.21,82.21,28.99,30.11,73.01,0.0,0.0,231694259743.0,0.4994,0.0,0.0,0.3749,0.0,22.69,0.0,0.0,0.0,8070,86851609260
039840,디오,-12.02,-6.09,0.0,-3.36,-15.31,-44.05,97.5,113.07,113.07,50.63,-12.48,-112.66,0.0,0.0,131306346755.0,0.3975,0.0,0.0,2.0125,0.0,0.0,0.0,0.0,0.0,19700,264255376344
039860,나노엔텍,8.09,7.37,0.0,12.45,13.25,43.81,9.76,836.89,836.89,91.11,-1.63,-16.33,0.0,0.0,35200667312.0,0.5563,0.0,0.0,6.4382,0.0,53.02,0.0,0.0,0.0,5950,226630573248
039980,폴라리스AI,-4.06,-2.88,0.0,-2.92,-3.5,-23.6,40.97,293.73,293.73,70.94,-5.9,-260.69,0.0,0.0,80853888097.0,0.8222,0.0,0.0,0.1525,0.0,0.0,0.0,0.0,0.0,857,12327369402
040160,누리플렉스,0.6,0.31,0.0,8.34,0.38,103.96,93.53,138.79,138.79,51.67,45.73,88.59,0.0,0.0,124719605117.0,0.8109,0.0,0.0,0.4603,0.0,12.67,0.0,0.0,0.0,4760,57404179104
040300,YTN,2.16,1.53,0.0,3.49,3.62,53.1,41.06,652.49,652.49,70.89,4.85,57.67,0.0,0.0,152191296037.0,0.4226,0.0,0.0,1.7476,0.0,69.83,0.0,0.0,0.0,5580,265967855349
040350,크레오에스지,-35.6,-18.64,0.0,-62.77,-133.53,-61.39,90.98,58.25,58.25,52.36,13.27,-35.12,0.0,0.0,9781170888.0,0.1396,0.0,0.0,1.3523,0.0,0.0,0.0,0.0,0.0,666,13227213622
040420,정상제이엘에스,17.1,13.34,0.0,15.1,12.01,167.26,28.15,82.91,82.91,78.03,8.92,-1.53,0.0,0.0,110791763102.0,1.1114,0.0,0.0,1.0105,0.0,8.0,0.0,0.0,0.0,7140,111954216867
040610,SG&G,16.47,13.65,0.0,4.37,120.89,18.69,20.62,78.48,78.48,82.91,19.5,451.57,0.0,0.0,42719402704.0,0.113,0.0,0.0,0.6358,0.0,49.12,0.0,0.0,0.0,1595,27159442724
040910,아이씨디,-3.54,-2.68,0.0,-3.35,-3.59,-50.52,32.14,263.17,263.17,75.68,30.38,-395.31,0.0,0.0,150944906368.0,0.7454,0.0,0.0,1.0681,0.0,0.0,0.0,0.0,0.0,8870,161219560439
041020,폴라리스오피스,19.81,16.86,0.0,0.0,0.0,16.57,17.52,334.77,334.77,85.09,0.0,-29.64,0.0,0.0,0.0,0.0,0.0,0.0,0.0,0.0,45.79,0.0,0.0,0.0,1300,64587646076
041440,현대에버다임,5.99,3.66,0.0,4.19,2.86,156.96,63.39,190.42,190.42,61.2,17.8,16521.02,0.0,0.0,374439995976.0,1.2808,0.0,0.0,0.3917,0.0,16.57,0.0,0.0,0.0,8220,146660790273
041460,한국전자인증,7.46,5.08,0.0,12.88,9.07,49.6,46.66,138.8,138.8,68.18,11.13,-10.23,0.0,0.0,38522794762.0,0.5606,0.0,0.0,2.34,0.0,22.58,0.0,0.0,0.0,4745,90141782729
041510,에스엠,9.26,5.61,0.0,10.7,9.64,910.08,65.1,180.01,180.01,60.57,21.27,34.79,0.0,0.0,850769309133.0,0.5815,0.0,0.0,2.064,0.0,25.63,0.0,0.0,0.0,76700,1755999331550
041520,이엘씨,-2.91,-2.48,0.0,-6.91,-4.2,-95.03,17.2,558.22,558.22,85.33,-26.15,-86.71,0.0,0.0,137571424568.0,0.5908,0.0,0.0,0.4474,0.0,0.0,0.0,0.0,0.0,5050,61552491103
041590,플래스크,-36.15,-20.8,0.0,-34.08,-64.07,-135.21,73.81,98.35,98.35,57.53,64.82,-218.48,0.0,0.0,39672267274.0,0.3246,0.0,0.0,1.3706,0.0,0.0,0.0,0.0,0.0,1110,54375949367
041650,상신브레이크,0.44,0.16,0.0,2.88,0.18,140.81,175.11,108.36,108.36,36.35,23.17,15.4,0.0,0.0,489014822462.0,0.8996,0.0,0.0,0.1327,0.0,29.18,0.0,0.0,0.0,3025,64897577092
041830,인바디,15.66,13.94,0.0,25.44,21.14,407.04,12.32,705.5,705.5,89.03,16.08,13.53,0.0,0.0,160003774093.0,0.6594,0.0,0.0,1.7018,0.0,7.34,0.0,0.0,0.0,20200,272297342192
041910,폴라리스AI파마,-5.48,-5.12,0.0,5.1,-10.26,31.62,7.09,962.57,962.57,93.38,2.71,-24.82,0.0,0.0,62036332957.0,0.499,0.0,0.0,1.5175,0.0,32.38,0.0,0.0,0.0,7090,94139444444
041920,메디아나,11.77,10.24,0.0,15.52,15.51,106.1,14.86,655.43,655.43,87.06,20.32,28.46,0.0,0.0,68346731750.0,0.6607,0.0,0.0,1.4558,0.0,10.64,0.0,0.0,0.0,5350,99496579247
041930,SY동아,10.8,5.54,0.0,4.13,4.39,144.41,94.92,125.94,125.94,51.3,21.08,-10.07,0.0,0.0,349639091506.0,1.2634,0.0,0.0,0.3782,0.0,18.49,0.0,0.0,0.0,8700,132247167868
041960,코미팜,-11.39,-6.69,0.0,-9.56,-18.79,-38.04,70.23,103.85,103.85,58.74,11.03,28.1,0.0,0.0,39800517852.0,0.3562,0.0,0.0,12.9767,0.0,0.0,0.0,0.0,0.0,6990,516479162191
042000,카페24,-29.44,-14.62,0.0,-10.65,-17.85,-297.45,101.38,84.33,84.33,49.66,1.1,-49.13,0.0,0.0,279320775569.0,0.8188,0.0,0.0,0.8535,0.0,0.0,0.0,0.0,0.0,9860,238404237786
042040,케이피엠테크,-12.38,-9.37,0.0,-1.09,-29.19,-4.48,32.18,130.25,130.25,75.65,14.95,94.43,0.0,0.0,41285686236.0,0.3208,0.0,0.0,0.073,0.0,0.0,0.0,0.0,0.0,347,3011848450
042110,에스씨디,6.96,4.97,0.0,5.18,3.79,113.33,39.97,272.32,272.32,71.44,8.28,24.24,0.0,0.0,218908713885.0,1.3111,0.0,0.0,0.4048,0.0,12.02,0.0,0.0,0.0,1835,88603339350
042370,비츠로테크,5.84,3.79,0.0,9.41,5.61,327.28,54.06,217.6,217.6,64.91,7.38,25.51,0.0,0.0,347689372623.0,0.6763,0.0,0.0,0.5056,0.0,10.88,0.0,0.0,0.0,6710,175802000000
042420,네오위즈홀딩스,-9.32,-7.62,0.0,2.35,-20.58,70.05,22.29,288.19,288.19,81.77,10.64,-63.85,0.0,0.0,297977284307.0,0.3704,0.0,0.0,0.6625,0.0,49.11,0.0,0.0,0.0,24250,197407024793
042500,링네트,12.05,6.25,0.0,5.33,4.93,108.77,92.89,179.74,179.74,51.84,-5.02,2.4,0.0,0.0,204003748249.0,1.2678,0.0,0.0,0.4468,0.0,15.5,0.0,0.0,0.0,4090,91153811659
042510,라온시큐어,18.42,10.8,0.0,9.16,17.74,42.91,70.51,180.11,180.11,58.65,8.01,534.1,0.0,0.0,46823337387.0,0.609,0.0,0.0,0.4994,0.0,12.86,0.0,0.0,0.0,2105,23383650615
042520,한스바이오메드,10.37,3.74,0.0,1.74,6.61,12.93,177.5,73.04,73.04,36.04,25.99,106.54,0.0,0.0,74458999045.0,0.5654,0.0,0.0,1.8845,0.0,173.7,0.0,0.0,0.0,9840,140316470588
042600,새로닉스,44.86,26.33,0.0,0.22,41.93,4.72,70.4,72.65,72.65,58.69,13.86,175.01,0.0,0.0,218666962658.0,0.6279,0.0,0.0,0.8492,0.0,697.93,0.0,0.0,0.0,14950,185690201729
042660,한화오션,-234.21,-14.26,0.0,-33.2,-35.9,-16135.65,1542.43,73.3,73.3,6.09,8.33,8.04,0.0,0.0,4860150249534.0,0.3972,0.0,0.0,1.1947,0.0,0.0,0.0,0.0,0.0,18950,5806538409090
042670,에이치디현대인프라코어,14.04,4.85,0.0,6.99,4.83,3325.47,189.7,150.97,150.97,34.52,3.54,25.72,0.0,0.0,4756113501671.0,1.0041,0.0,0.0,0.0,0.0,0.0,0.0,0.0,0.0,0,0
042700,한미반도체,23.65,20.26,0.0,34.15,28.16,1118.59,16.75,422.2,422.2,85.65,-12.21,-8.63,0.0,0.0,327592058714.0,0.7193,0.0,0.0,3.3459,0.0,10.38,0.0,0.0,0.0,11500,1096088208616
042940,상지건설,-12.45,-3.61,0.0,10.04,-15.02,54.03,244.96,124.29,124.29,28.99,113.03,147.62,0.0,0.0,53794404397.0,0.2402,0.0,0.0,0.0635,0.0,30.06,0.0,0.0,0.0,501,3417803660
043090,더테크놀로지,-4.78,-3.64,0.0,-129.8,-67.86,-50.55,31.5,449.99,449.99,76.05,-39.85,-1209.86,0.0,0.0,3894401755.0,0.0536,0.0,0.0,0.0,0.0,0.0,0.0,0.0,0.0,1925,0
043100,알파AI,-30.78,-16.57,0.0,-25.85,-37.46,-60.49,85.77,214.74,214.74,53.83,-2.32,1.87,0.0,0.0,23396367880.0,0.4424,0.0,0.0,0.4039,0.0,0.0,0.0,0.0,0.0,468,9450000000
043150,바텍,21.63,15.38,0.0,20.16,19.9,796.38,40.63,268.03,268.03,71.11,16.54,21.53,0.0,0.0,395055994504.0,0.7729,0.0,0.0,1.2335,0.0,7.97,0.0,0.0,0.0,32800,487289361702
043200,파루,-19.67,-8.59,0.0,-5.75,-11.43,-23.33,128.97,95.2,95.2,43.67,-17.11,32.55,0.0,0.0,40544635509.0,0.7518,0.0,0.0,0.4228,0.0,0.0,0.0,0.0,0.0,821,17143851508
043220,티에스넥스젠,0.0,0.0,0.0,-10.26,0.0,-26.17,56.12,261.49,261.49,64.05,37.57,50.79,0.0,0.0,25502545498.0,0.3419,0.0,0.0,0.5742,0.0,0.0,0.0,0.0,0.0,888,14644210526
043260,성호전자,-5.05,-1.81,0.0,1.33,-2.73,20.46,179.7,155.27,155.27,35.75,15.28,66.27,0.0,0.0,153575649263.0,0.6616,0.0,0.0,0.5666,0.0,115.44,0.0,0.0,0.0,1185,87018639575
043340,에쎈테크,1.54,0.44,0.0,3.15,0.59,19.7,247.62,126.69,126.69,28.77,10.56,460.06,0.0,0.0,62571779539.0,0.7511,0.0,0.0,0.6651,0.0,51.24,0.0,0.0,0.0,875,41615853658
043360,디지아이,1.54,1.44,0.0,1.38,4.28,2.22,6.53,757.72,757.72,93.87,10.2,115.56,0.0,0.0,16077851490.0,0.3377,0.0,0.0,1.6843,0.0,135.35,0.0,0.0,0.0,3015,27079166666
043370,피에이치에이,4.2,2.88,0.0,2.23,2.76,228.72,45.58,207.65,207.65,68.69,10.44,247.39,0.0,0.0,1024435467138.0,1.0455,0.0,0.0,0.1443,0.0,19.88,0.0,0.0,0.0,7040,147821359223
043590,웰킵스하이텍,-2.21,-2.03,0.0,-0.76,-3.54,-1.6,9.02,814.13,814.13,91.72,-36.93,-107.75,0.0,0.0,20896933146.0,0.5736,0.0,0.0,0.6879,0.0,0.0,0.0,0.0,0.0,1060,14375342465
043610,KT지니뮤직,10.32,5.5,0.0,4.83,6.53,138.21,87.72,144.82,144.82,53.27,13.53,31.61,0.0,0.0,286106152010.0,0.8412,0.0,0.0,0.6925,0.0,25.84,0.0,0.0,0.0,3410,198140784982
043650,국순당,-1.95,-1.8,0.0,12.26,-6.12,91.45,8.32,800.88,800.88,92.32,14.41,8.0,0.0,0.0,74619184834.0,0.294,0.0,0.0,1.6089,0.0,15.26,0.0,0.0,0.0,6720,120053932584
043710,코스리거글로벌,-21.21,-16.73,0.0,-65.22,-63.18,-65.92,26.78,697.05,697.05,78.88,-32.05,-331.14,0.0,0.0,10106936539.0,0.2648,0.0,0.0,1.4494,0.0,0.0,0.0,0.0,0.0,846,14648859060
043910,자연과환경,0.14,0.09,0.0,0.63,0.14,4.64,62.56,143.35,143.35,61.52,34.16,107.49,0.0,0.0,73865814434.0,0.6129,0.0,0.0,0.1551,0.0,124.66,0.0,0.0,0.0,1010,11457526881
044060,조광아이엘아이,-16.55,-13.03,0.0,9.14,-49.33,28.08,26.96,116.74,116.74,78.77,-2.36,-44.73,0.0,0.0,30721020817.0,0.2642,0.0,0.0,0.0,0.0,0.0,0.0,0.0,0.0,0,0
044180,KD,-7.86,-0.97,0.0,-2.35,-2.76,-24.29,707.3,298.91,298.91,12.39,419.27,79.0,0.0,0.0,103479533792.0,0.3524,0.0,0.0,0.1913,0.0,0.0,0.0,0.0,0.0,738,19800000000
044340,위닉스,1.08,0.53,0.0,1.14,0.66,37.52,103.41,114.16,114.16,49.16,-17.8,-85.32,0.0,0.0,328990631593.0,0.8003,0.0,0.0,0.6086,0.0,109.06,0.0,0.0,0.0,11200,200232558139
044380,주연테크,-13.59,-10.6,0.0,-9.44,-8.47,-62.94,28.16,606.05,606.05,78.03,-24.45,-1060.83,0.0,0.0,66667583595.0,1.2522,0.0,0.0,0.1681,0.0,0.0,0.0,0.0,0.0,806,11204484304
044450,KSS해운,11.19,2.74,0.0,15.61,10.21,695.11,308.38,21.8,21.8,24.49,37.46,19.66,0.0,0.0,445375789707.0,0.2684,0.0,0.0,0.4689,0.0,21.03,0.0,0.0,0.0,9250,208822937625
044480,빌리언스,-22.74,-14.07,0.0,-11.38,-31.07,-88.83,61.63,137.21,137.21,61.87,202.98,-59.85,0.0,0.0,78060910357.0,0.4529,0.0,0.0,0.6376,0.0,0.0,0.0,0.0,0.0,1495,49772560975
044490,태웅,0.11,0.07,0.0,0.74,0.14,29.28,57.65,308.84,308.84,63.43,22.19,-42.32,0.0,0.0,393866356422.0,0.519,0.0,0.0,0.4978,0.0,161.72,0.0,0.0,0.0,9800,196062720000
044780,에이치케이,7.23,4.96,0.0,7.14,5.25,58.1,45.84,205.62,205.62,68.57,13.37,33.35,0.0,0.0,81378633384.0,0.9439,0.0,0.0,0.4429,0.0,10.87,0.0,0.0,0.0,1945,36039705882
044820,코스맥스비티아이,-6.21,-2.16,0.0,0.55,-3.28,34.0,187.37,66.89,66.89,34.8,7.19,-71.48,0.0,0.0,617403775029.0,0.6595,0.0,0.0,0.138,0.0,204.56,0.0,0.0,0.0,8870,85191716417
044960,이글벳,6.15,4.82,0.0,8.17,6.07,35.55,27.73,319.77,319.77,78.29,7.67,-15.22,0.0,0.0,43539693973.0,0.7936,0.0,0.0,1.5836,0.0,22.75,0.0,0.0,0.0,5460,68950000000
045060,오공,7.27,5.52,0.0,5.05,4.43,86.08,31.75,294.09,294.09,75.9,0.28,-8.2,0.0,0.0,170423569561.0,1.246,0.0,0.0,0.3239,0.0,10.24,0.0,0.0,0.0,3260,55192558139
045100,한양이엔지,14.77,9.54,0.0,6.47,6.0,752.54,54.88,180.55,180.55,64.57,30.51,36.61,0.0,0.0,1162892663583.0,1.5896,0.0,0.0,0.2175,0.0,6.8,0.0,0.0,0.0,14450,252887021630
045300,성우테크론,6.87,5.2,0.0,10.88,10.83,48.33,32.29,187.53,187.53,75.59,1.17,-11.71,0.0,0.0,44409948471.0,0.4796,0.0,0.0,0.9272,0.0,13.19,0.0,0.0,0.0,3900,41174721189
045340,토탈소프트,14.04,9.2,0.0,18.62,19.04,25.84,52.61,373.97,373.97,65.53,-1.52,-14.88,0.0,0.0,13877625991.0,0.4833,0.0,0.0,2.3918,0.0,16.68,0.0,0.0,0.0,3880,33193063583
045390,대아티아이,7.61,4.19,0.0,8.91,7.93,94.01,81.6,145.79,145.79,55.07,-9.21,-2.14,0.0,0.0,105547717079.0,0.5287,0.0,0.0,2.0865,0.0,32.97,0.0,0.0,0.0,3125,220223577235
045510,정원엔시스,2.91,1.26,0.0,0.41,0.72,6.77,131.05,144.93,144.93,43.28,-0.04,-36.38,0.0,0.0,166266658017.0,1.7414,0.0,0.0,0.2445,0.0,140.1,0.0,0.0,0.0,1290,40653169014
045520,크린앤사이언스,-59.98,-17.25,0.0,-12.67,-18.95,-109.0,247.77,119.08,119.08,28.75,-29.28,-305.78,0.0,0.0,86034564156.0,0.9102,0.0,0.0,0.7094,0.0,0.0,0.0,0.0,0.0,9370,61032150313
045660,에이텍,6.03,5.42,0.0,0.98,5.85,8.96,11.11,560.23,560.23,90.0,30.3,-70.6,0.0,0.0,91652072954.0,0.9276,0.0,0.0,0.7752,0.0,90.27,0.0,0.0,0.0,8600,71047325102
045970,코아시아,-18.76,-7.46,0.0,-4.91,-6.66,-225.73,151.55,87.55,87.55,39.75,20.75,-69.12,0.0,0.0,459701513173.0,1.1201,0.0,0.0,0.2778,0.0,0.0,0.0,0.0,0.0,4855,127693150684
046120,오르비텍,-23.41,-11.33,0.0,-19.85,-22.65,-117.52,106.6,143.27,143.27,48.4,-24.25,-215.93,0.0,0.0,59220236561.0,0.5004,0.0,0.0,2.5048,0.0,0.0,0.0,0.0,0.0,4380,148333477321
046140,스튜디오에스,5.48,3.87,0.0,6.12,4.87,120.87,41.44,287.66,287.66,70.7,9.59,9.18,0.0,0.0,197640357676.0,0.7957,0.0,0.0,0.0,0.0,0.0,0.0,0.0,0.0,0,0
046210,HLB파나진,7.07,6.46,0.0,11.14,15.81,15.79,9.42,1833.49,1833.49,91.39,-9.16,-62.08,0.0,0.0,14171271710.0,0.4087,0.0,0.0,13.6292,0.0,124.19,0.0,0.0,0.0,4240,193142857142
046310,백금T&A,13.9,9.46,0.0,10.39,7.63,153.4,46.97,305.77,305.77,68.04,-5.66,54.13,0.0,0.0,147603183932.0,1.2398,0.0,0.0,0.3407,0.0,5.76,0.0,0.0,0.0,3060,50285350318
046390,삼화네트웍스,23.93,16.63,0.0,13.08,16.82,107.67,43.88,240.63,240.63,69.5,150.0,59.5,0.0,0.0,82311425331.0,0.9885,0.0,0.0,0.7113,0.0,7.8,0.0,0.0,0.0,3390,58547294117
046400,휴스토리,70.06,-6.69,0.0,-53.76,-67.79,-11.69,-1147.97,46.26,46.26,-9.54,-20.86,-35.02,0.0,0.0,2174350664.0,0.0986,0.0,0.0,0.0,0.0,0.0,0.0,0.0,0.0,0,0
046440,KG파이낸셜,8.5,5.67,0.0,14.59,9.74,402.91,49.87,266.37,266.37,66.72,-9.9,-15.18,0.0,0.0,276116842169.0,0.5823,0.0,0.0,0.7405,0.0,8.99,0.0,0.0,0.0,5640,204458362989
046890,서울반도체,-7.0,-4.21,0.0,-3.01,-4.9,-334.38,66.31,180.41,180.41,60.13,-14.73,-152.9,0.0,0.0,1109427463605.0,0.8601,0.0,0.0,0.5308,0.0,0.0,0.0,0.0,0.0,10100,588858739837
046940,우원개발,3.6,2.26,0.0,0.29,1.9,5.78,58.99,162.07,162.07,62.9,12.61,46.58,0.0,0.0,196292051694.0,1.189,0.0,0.0,0.3018,0.0,208.49,0.0,0.0,0.0,3280,59244663382
046970,우리로,-9.21,-5.69,0.0,1.36,-3.5,13.46,61.92,217.67,217.67,61.76,-7.8,-64.76,0.0,0.0,99006594857.0,1.6237,0.0,0.0,0.5114,0.0,54.94,0.0,0.0,0.0,1155,50628859737
047040,대우건설,13.64,4.56,0.0,7.29,4.88,7600.07,199.1,148.5,148.5,33.43,19.97,2.94,0.0,0.0,10419213132139.0,0.9353,0.0,0.0,0.1648,0.0,12.02,0.0,0.0,0.0,4180,1717591643760
047050,포스코인터내셔널,13.75,4.83,0.0,2.38,1.59,9025.07,184.58,133.39,133.39,35.14,11.9,54.17,0.0,0.0,37989588330000.0,3.0352,0.0,0.0,0.1047,0.0,13.4,0.0,0.0,0.0,22600,3975874487895
047080,한빛소프트,13.35,7.55,0.0,0.0,0.0,35.37,76.76,220.51,220.51,56.58,0.0,595.97,0.0,0.0,0.0,0.0,0.0,0.0,0.0,0.0,26.71,0.0,0.0,0.0,3040,75389558232
047310,파워로직스,-29.3,-15.75,0.0,-5.26,-6.68,-391.45,86.0,122.75,122.75,53.76,-18.1,-177.97,0.0,0.0,743873288849.0,2.3582,0.0,0.0,0.2158,0.0,0.0,0.0,0.0,0.0,4385,160521044045
047400,유니온머티리얼,-0.26,-0.11,0.0,0.67,-0.17,8.48,143.57,107.45,107.45,41.06,6.67,199.92,0.0,0.0,126146837365.0,0.6179,0.0,0.0,0.8194,0.0,263.7,0.0,0.0,0.0,2460,103361344537
047770,코데즈컴바인,12.26,9.08,0.0,9.88,19.54,38.59,35.01,250.29,250.29,74.07,2.06,-9.56,0.0,0.0,39052752807.0,0.4646,0.0,0.0,1.6906,0.0,22.76,0.0,0.0,0.0,1745,66021652421
047810,한국항공우주,7.98,1.49,0.0,5.08,4.16,1416.18,434.84,106.6,106.6,18.7,8.77,143.08,0.0,0.0,2786888282702.0,0.3586,0.0,0.0,1.7803,0.0,79.66,0.0,0.0,0.0,50900,4961467786259
047820,초록뱀미디어,-15.63,-10.48,0.0,2.9,-26.23,55.88,49.15,124.74,124.74,67.05,29.13,33.35,0.0,0.0,192542189138.0,0.3995,0.0,0.0,1.3533,0.0,75.04,0.0,0.0,0.0,10650,260559808612
047920,HLB제약,-13.71,-8.28,0.0,-5.99,-10.96,-64.36,65.46,113.41,113.41,60.44,71.01,-1423.7,0.0,0.0,107481871523.0,0.756,0.0,0.0,3.2347,0.0,0.0,0.0,0.0,0.0,10600,347668073136
048260,오스템임플란트,39.77,10.51,0.0,22.27,13.69,2345.69,278.52,74.81,74.81,26.42,27.76,63.66,0.0,0.0,1053472241641.0,0.7677,0.0,0.0,0.0,0.0,0.0,0.0,0.0,0.0,0,0
048410,현대바이오,-27.14,-23.48,0.0,-335.65,-201.33,-263.54,15.61,286.4,286.4,86.5,-15.04,-169.74,0.0,0.0,7851578107.0,0.1166,0.0,0.0,336.7762,0.0,0.0,0.0,0.0,0.0,27400,2644224924012
048430,유라테크,0.73,0.6,0.0,-0.23,0.46,-4.39,21.22,382.71,382.71,82.49,3.15,-138.4,0.0,0.0,190072028203.0,1.3246,0.0,0.0,0.4603,0.0,0.0,0.0,0.0,0.0,7590,87497623089
048470,대동스틸,-6.42,-4.81,0.0,-3.33,-2.52,-60.81,33.57,374.99,374.99,74.86,10.3,-134.59,0.0,0.0,182452648537.0,1.9103,0.0,0.0,0.213,0.0,0.0,0.0,0.0,0.0,4025,38862068965
048550,SM C&C,5.0,1.6,0.0,1.27,3.37,20.05,212.79,117.58,117.58,31.97,13.0,62.47,0.0,0.0,157913247222.0,0.4737,0.0,0.0,1.813,0.0,255.92,0.0,0.0,0.0,2960,286302308265
048770,TPC로보틱스,0.69,0.26,0.0,0.96,0.31,9.09,164.63,115.0,115.0,37.79,8.43,-56.87,0.0,0.0,94279860991.0,0.8336,0.0,0.0,0.5381,0.0,133.27,0.0,0.0,0.0,3235,50729380530
048830,엔피케이,3.38,2.04,0.0,2.2,2.27,14.37,65.26,122.71,122.71,60.51,0.98,-39.02,0.0,0.0,65200996343.0,0.9007,0.0,0.0,0.5085,0.0,42.97,0.0,0.0,0.0,1775,33153735632
048870,시너지이노베이션,13.29,10.03,0.0,3.97,75.25,12.04,32.45,209.03,209.03,75.5,-1.26,-1.58,0.0,0.0,30318933142.0,0.1333,0.0,0.0,8.1064,0.0,250.43,0.0,0.0,0.0,2790,245777642770
048910,대원미디어,5.69,3.75,0.0,4.7,2.38,142.7,51.54,174.98,174.98,65.99,1.21,16.47,0.0,0.0,303453855521.0,1.5778,0.0,0.0,0.5745,0.0,16.8,0.0,0.0,0.0,13850,174322899505
049080,기가레인,-13.65,-9.07,0.0,-12.98,-15.2,-71.01,50.52,211.55,211.55,66.44,-23.59,-273.23,0.0,0.0,54726444533.0,0.5966,0.0,0.0,0.2173,0.0,0.0,0.0,0.0,0.0,1400,11891358024
049120,파인디앤씨,-93.36,-23.6,0.0,-6.81,-43.42,-39.71,295.61,57.23,57.23,25.28,97.59,55.87,0.0,0.0,58295915837.0,0.5436,0.0,0.0,0.2911,0.0,0.0,0.0,0.0,0.0,1600,16969696969
049180,셀루메드,-9.77,-5.78,0.0,-2.23,-4.41,-27.28,69.16,193.38,193.38,59.12,22.19,-157.48,0.0,0.0,122085263074.0,1.3091,0.0,0.0,2.9902,0.0,0.0,0.0,0.0,0.0,4385,365054509415
049430,코메론,8.13,7.61,0.0,18.54,19.12,153.38,6.79,747.15,747.15,93.64,6.29,-7.72,0.0,0.0,82710338752.0,0.3982,0.0,0.0,1.0854,0.0,6.71,0.0,0.0,0.0,9920,89777183770
049470,비트플래닛,-15.17,-9.57,0.0,-4.02,-12.74,-22.11,58.42,203.9,203.9,63.12,-3.77,-167.25,0.0,0.0,54959963627.0,0.7513,0.0,0.0,0.3305,0.0,0.0,0.0,0.0,0.0,771,18165227272
049480,오픈베이스,7.7,4.53,0.0,4.13,3.54,79.8,69.95,165.5,165.5,58.84,9.78,47.72,0.0,0.0,193094510460.0,1.281,0.0,0.0,0.438,0.0,18.37,0.0,0.0,0.0,2690,84579533404
049520,유아이엘,4.6,3.27,0.0,1.73,2.05,57.7,40.95,255.86,255.86,70.95,24.89,186.9,0.0,0.0,332931159910.0,1.5921,0.0,0.0,0.3061,0.0,28.19,0.0,0.0,0.0,3305,101900640204
049550,잉크테크,5.66,3.54,0.0,9.46,6.44,58.21,59.94,162.4,162.4,62.52,11.55,-12.97,0.0,0.0,61537390212.0,0.5497,0.0,0.0,1.5622,0.0,23.72,0.0,0.0,0.0,4905,96132378223
049630,재영솔루텍,-17.94,-5.58,0.0,4.55,-9.39,54.44,221.68,56.69,56.69,31.09,28.48,236.71,0.0,0.0,119577087481.0,0.5938,0.0,0.0,0.1061,0.0,27.82,0.0,0.0,0.0,543,12690251748
049720,고려신용정보,26.96,12.14,0.0,8.17,7.22,119.91,122.02,117.53,117.53,45.04,1.06,-3.76,0.0,0.0,146766810274.0,1.6824,0.0,0.0,1.0521,0.0,16.88,0.0,0.0,0.0,10800,154420021762
049770,동원F&B,10.28,4.38,0.0,3.2,2.26,1287.0,134.41,123.44,123.44,42.66,15.27,-1.29,0.0,0.0,4023577593976.0,1.9422,0.0,0.0,0.0,0.0,0.0,0.0,0.0,0.0,0,0
049800,우진플라임,21.26,7.66,0.0,8.88,8.58,226.13,177.52,88.93,88.93,36.03,8.8,36.02,0.0,0.0,254578736012.0,0.8925,0.0,0.0,0.2775,0.0,11.19,0.0,0.0,0.0,3530,70638182801
049830,승일,0.9,0.74,0.0,0.81,0.83,12.87,21.52,314.55,314.55,82.29,7.92,-66.65,0.0,0.0,158939395096.0,0.8988,0.0,0.0,0.4567,0.0,80.75,0.0,0.0,0.0,11850,72592913385
049950,미래컴퍼니,22.04,17.14,0.0,16.48,18.92,255.22,28.65,285.96,285.96,77.73,33.06,455.34,0.0,0.0,154857082271.0,0.9059,0.0,0.0,1.0051,0.0,7.59,0.0,0.0,0.0,17650,155639427516
049960,쎌바이오텍,7.66,7.15,0.0,11.98,16.39,60.51,7.17,1023.9,1023.9,93.31,7.79,-16.61,0.0,0.0,50525748850.0,0.4362,0.0,0.0,2.3629,0.0,21.01,0.0,0.0,0.0,12700,119388012618
050090,비케이홀딩스,-13.74,-10.56,0.0,-11.6,-17.68,-20.05,30.17,388.0,388.0,76.82,83.51,35.25,0.0,0.0,17289421331.0,0.5971,0.0,0.0,0.5529,0.0,0.0,0.0,0.0,0.0,407,9559079903
050110,캠시스,5.88,2.18,0.0,1.78,1.04,130.35,170.16,109.4,109.4,37.02,39.43,157.55,0.0,0.0,733703329797.0,2.0889,0.0,0.0,0.0699,0.0,20.91,0.0,0.0,0.0,1755,51302497687
050120,ES큐브,22.36,20.28,0.0,20.4,32.82,153.43,10.24,482.66,482.66,90.71,45.48,126.06,0.0,0.0,75213651998.0,0.618,0.0,0.0,0.767,0.0,4.5,0.0,0.0,0.0,4250,57692307692
050320,에스에이치엔엘,-284.07,-276.84,0.0,-53.8,-634.22,-5.66,2.61,508.29,508.29,97.46,-87.9,-199.07,0.0,0.0,1052429738.0,0.4365,0.0,0.0,0.0,0.0,0.0,0.0,0.0,0.0,0,0
050540,엠피씨플러스,-3.83,-1.15,0.0,-2.02,-0.59,-11.38,234.33,91.29,91.29,29.91,-25.64,-212.82,0.0,0.0,56476959687.0,1.9543,0.0,0.0,0.0,0.0,0.0,0.0,0.0,0.0,0,0
050760,에스폴리텍,-4.34,-2.61,0.0,-1.93,-3.44,-15.9,66.03,142.75,142.75,60.23,-24.88,-135.84,0.0,0.0,82459528154.0,0.759,0.0,0.0,0.4708,0.0,0.0,0.0,0.0,0.0,2380,38819812126
050860,아세아텍,9.66,7.95,0.0,10.07,8.54,138.65,21.45,413.93,413.93,82.34,29.26,133.71,0.0,0.0,137718679157.0,0.9311,0.0,0.0,0.4095,0.0,5.95,0.0,0.0,0.0,2505,56392180094
050890,쏠리드,13.04,6.87,0.0,10.22,10.67,285.91,89.77,111.28,111.28,52.7,31.81,366.44,0.0,0.0,279785548725.0,0.6442,0.0,0.0,1.2595,0.0,19.51,0.0,0.0,0.0,5800,352376126126
050960,수산아이앤티,1.43,1.24,0.0,13.61,4.6,34.8,15.55,257.17,257.17,86.54,2.18,52.07,0.0,0.0,25563430977.0,0.2695,0.0,0.0,2.8246,0.0,24.42,0.0,0.0,0.0,10700,72207126948
051160,지어소프트,-2.4,-1.51,0.0,-0.68,-0.97,-30.78,59.19,311.83,311.83,62.82,20.08,-146.22,0.0,0.0,454632456423.0,1.5597,0.0,0.0,0.3132,0.0,0.0,0.0,0.0,0.0,9200,142387995712
051360,토비스,-2.61,-1.24,0.0,2.14,-1.51,70.4,109.91,146.29,146.29,47.64,24.61,899.2,0.0,0.0,328219116598.0,0.8216,0.0,0.0,0.2785,0.0,42.7,0.0,0.0,0.0,9480,91420320855
051370,인터플렉스,7.74,5.34,0.0,5.89,3.46,260.74,45.03,147.64,147.64,68.95,-0.96,715.47,0.0,0.0,442709958327.0,1.5432,0.0,0.0,0.4811,0.0,11.58,0.0,0.0,0.0,9130,212983928571
051380,피씨디렉트,-9.24,-4.57,0.0,0.26,-1.33,8.06,102.14,183.0,183.0,49.47,-14.41,-95.71,0.0,0.0,312262587729.0,3.4457,0.0,0.0,0.3909,0.0,208.3,0.0,0.0,0.0,7960,122070287539
051390,YW,3.95,3.1,0.0,15.07,14.93,30.56,27.71,852.31,852.31,78.3,34.8,-2.46,0.0,0.0,20283592154.0,0.2074,0.0,0.0,1.846,0.0,19.2,0.0,0.0,0.0,3300,37443890274
051490,나라엠앤디,9.87,4.04,0.0,4.83,4.37,105.4,144.33,111.29,111.29,40.93,12.05,80.08,0.0,0.0,218222444013.0,0.925,0.0,0.0,0.3894,0.0,21.28,0.0,0.0,0.0,5980,84984786641
051500,CJ프레시웨이,12.93,3.52,0.0,3.56,1.9,978.4,267.46,84.71,84.71,27.21,19.91,75.88,0.0,0.0,2747691651727.0,1.8506,0.0,0.0,0.1383,0.0,14.93,0.0,0.0,0.0,32000,379900826446
051780,큐로홀딩스,-13.47,-6.12,0.0,2.2,-7.25,14.86,120.05,172.84,172.84,45.45,10.71,-26.28,0.0,0.0,67536187305.0,0.8448,0.0,0.0,0.0385,0.0,31.11,0.0,0.0,0.0,411,2600509090
051900,LG생활건강,4.72,3.54,0.0,9.9,3.6,7111.23,33.54,196.46,196.46,74.89,-11.19,-44.86,0.0,0.0,7185759184335.0,0.984,0.0,0.0,1.5047,0.0,17.78,0.0,0.0,0.0,722000,10812238338658
051910,LG화학,5.86,3.23,0.0,5.78,4.23,29956.98,81.35,180.29,180.29,55.14,21.75,-40.4,0.0,0.0,51864888000000.0,0.763,0.0,0.0,0.8167,0.0,24.32,0.0,0.0,0.0,600000,42355500000000
051980,중앙첨단소재,-86.57,-52.44,0.0,-18.67,-62.9,-54.24,65.1,152.2,152.2,60.57,122.96,-16.91,0.0,0.0,29055124597.0,0.8337,0.0,0.0,5.0479,0.0,0.0,0.0,0.0,0.0,1320,146666666666
052020,에스티큐브,-36.88,-30.94,0.0,-300.06,-299.76,-189.11,19.23,1294.21,1294.21,83.87,-20.49,0.21,0.0,0.0,6302336682.0,0.1032,0.0,0.0,154.7818,0.0,0.0,0.0,0.0,0.0,14350,975487288135
052190,세영디앤씨,-27.79,-14.65,0.0,-629.09,-472.09,-7.22,89.63,78.88,78.88,52.73,-70.32,15.92,0.0,0.0,114785226.0,0.031,0.0,0.0,0.0,0.0,0.0,0.0,0.0,0.0,0,0
052220,iMBC,3.09,2.55,0.0,5.39,3.76,25.58,21.33,200.24,200.24,82.42,1.34,9.27,0.0,0.0,47460159206.0,0.6771,0.0,0.0,1.5605,0.0,33.77,0.0,0.0,0.0,3220,74060000000
052260,현대바이오랜드,3.69,2.71,0.0,9.13,4.8,90.55,36.21,154.33,154.33,73.42,-3.55,-15.03,0.0,0.0,99153525127.0,0.5631,0.0,0.0,4.0694,0.0,49.73,0.0,0.0,0.0,13450,403500000000
052300,오션인더블유,-33.1,-21.25,0.0,2.39,-66.19,51.22,55.81,136.74,136.74,64.18,282.33,408.73,0.0,0.0,214716051192.0,0.321,0.0,0.0,0.0386,0.0,48.4,0.0,0.0,0.0,511,8291952506
052330,코텍,8.5,6.16,0.0,6.38,6.78,273.32,38.05,265.2,265.2,72.44,101.29,286.43,0.0,0.0,428553036782.0,0.9086,0.0,0.0,0.3772,0.0,10.67,0.0,0.0,0.0,9100,161640677966
052420,오성첨단소재,1.21,0.86,0.0,11.04,2.06,129.33,40.29,413.74,413.74,71.28,27.12,212.49,0.0,0.0,117107874693.0,0.417,0.0,0.0,0.1356,0.0,7.46,0.0,0.0,0.0,1630,15875046554
052460,아이크래프트,0.97,0.36,0.0,0.22,0.29,2.47,168.44,151.99,151.99,37.25,7.22,-88.23,0.0,0.0,112898330825.0,1.2629,0.0,0.0,0.3073,0.0,367.31,0.0,0.0,0.0,2375,34695945945
052600,한네트,5.48,4.07,0.0,11.34,8.93,24.91,34.69,277.56,277.56,74.25,-4.86,69.97,0.0,0.0,21962274512.0,0.4555,0.0,0.0,2.6577,0.0,28.42,0.0,0.0,0.0,5050,58370129870
052670,제일바이오,-5.17,-4.97,0.0,-9.68,-11.13,-14.85,3.93,2455.9,2455.9,96.22,-9.25,13.96,0.0,0.0,15348596148.0,0.4471,0.0,0.0,0.0,0.0,0.0,0.0,0.0,0.0,0,0
052690,한전기술,3.3,2.2,0.0,2.76,3.55,139.4,50.25,153.77,153.77,66.55,16.66,37.64,0.0,0.0,505290773062.0,0.6188,0.0,0.0,4.1299,0.0,169.29,0.0,0.0,0.0,54600,2086808247422
052710,아모텍,-5.21,-2.4,0.0,-1.98,-4.27,-42.72,117.25,114.5,114.5,46.03,8.63,82.01,0.0,0.0,215714387212.0,0.5618,0.0,0.0,1.9048,0.0,0.0,0.0,0.0,0.0,24200,410888888888
052770,아이톡시,-5.56,-2.88,0.0,2.55,-1.45,7.18,93.39,161.27,161.27,51.71,141.26,113.64,0.0,0.0,28138644556.0,1.9862,0.0,0.0,1.0687,0.0,51.38,0.0,0.0,0.0,2085,30072115384
052790,액토즈소프트,1.24,0.8,0.0,39.7,4.29,234.43,54.63,180.63,180.63,64.67,1.34,-7.65,0.0,0.0,59056348976.0,0.1862,0.0,0.0,1.441,0.0,8.41,0.0,0.0,0.0,7790,85102433090
052860,아이앤씨,2.32,1.57,0.0,6.22,2.61,24.49,47.55,200.01,200.01,67.77,31.53,170.53,0.0,0.0,39384695654.0,0.6022,0.0,0.0,1.1316,0.0,26.8,0.0,0.0,0.0,2495,44567175572
052900,KX하이텍,12.71,7.73,0.0,7.84,9.26,122.66,64.49,123.41,123.41,60.79,49.11,41.75,0.0,0.0,156410515223.0,0.835,0.0,0.0,0.5784,0.0,13.36,0.0,0.0,0.0,1180,90462640736
053030,바이넥스,6.43,4.14,0.0,10.96,7.89,171.79,55.19,110.88,110.88,64.44,16.58,31.05,0.0,0.0,156677024474.0,0.525,0.0,0.0,2.4091,0.0,28.15,0.0,0.0,0.0,11550,377443409742
053050,지에스이,6.66,2.88,0.0,2.68,3.42,46.25,130.95,113.7,113.7,43.3,34.12,-0.09,0.0,0.0,172618318203.0,0.8434,0.0,0.0,0.6622,0.0,49.8,0.0,0.0,0.0,3815,114305570578
053060,세동,43.43,11.28,0.0,7.98,7.93,124.47,284.96,80.64,80.64,25.98,21.5,437.46,0.0,0.0,156051328239.0,1.4234,0.0,0.0,0.159,0.0,8.51,0.0,0.0,0.0,1405,24813842482
053080,케이엔솔,10.05,4.99,0.0,5.65,4.11,219.59,101.42,174.11,174.11,49.65,24.98,60.12,0.0,0.0,388809234312.0,1.2123,0.0,0.0,0.2869,0.0,12.43,0.0,0.0,0.0,8580,111558940397
053110,소리바다,70.99,-20.43,0.0,-56.84,-75.17,-21.74,-447.48,67.64,67.64,-28.78,-65.24,41.55,0.0,0.0,3824677349.0,0.2718,0.0,0.0,0.0,0.0,0.0,0.0,0.0,0.0,0,0
053160,프리엠스,2.32,2.11,0.0,2.22,4.51,6.59,10.15,1084.29,1084.29,90.79,17.6,-18.16,0.0,0.0,29631566510.0,0.4663,0.0,0.0,1.3729,0.0,70.6,0.0,0.0,0.0,6780,40680000000
053210,케이티스카이라이프,2.69,1.7,0.0,0.0,0.0,631.96,58.75,147.95,147.95,62.99,0.0,-13.45,0.0,0.0,0.0,0.0,0.0,0.0,0.0,0.0,14.09,0.0,0.0,0.0,8140,386798540145
053260,금강철강,4.33,3.38,0.0,2.0,2.21,48.91,28.22,353.69,353.69,77.99,3.39,-46.06,0.0,0.0,244220990730.0,1.5272,0.0,0.0,0.483,0.0,31.31,0.0,0.0,0.0,6300,117962476547
053270,구영테크,4.77,1.66,0.0,2.81,1.45,76.96,187.82,74.04,74.04,34.74,34.81,92.65,0.0,0.0,274207754755.0,1.142,0.0,0.0,0.2228,0.0,28.3,0.0,0.0,0.0,2230,61094403892
053280,예스24,0.48,0.23,0.0,2.37,0.13,157.1,111.1,53.64,53.64,47.37,1.54,24.72,0.0,0.0,663771316495.0,1.7123,0.0,0.0,0.186,0.0,20.84,0.0,0.0,0.0,4940,123460979462
053290,NE능률,5.32,4.04,0.0,8.44,5.66,67.7,31.58,340.63,340.63,76.0,3.09,31.87,0.0,0.0,80229930792.0,0.7136,0.0,0.0,0.7754,0.0,13.18,0.0,0.0,0.0,3770,62210495626
053300,한국정보인증,3.13,2.38,0.0,17.89,7.61,157.11,31.38,244.93,244.93,76.12,49.18,34.61,0.0,0.0,87825669753.0,0.3127,0.0,0.0,2.2526,0.0,16.86,0.0,0.0,0.0,4875,197833166332
053350,이니텍,0.17,0.16,0.0,-4.65,0.37,-25.04,5.36,1687.26,1687.26,94.91,7.12,-823.2,0.0,0.0,53834114790.0,0.4378,0.0,0.0,1.4442,0.0,0.0,0.0,0.0,0.0,3530,77746097560
053450,세코닉스,-1.96,-0.72,0.0,1.28,-0.45,61.56,173.86,94.75,94.75,36.52,8.35,-43.11,0.0,0.0,479616173505.0,1.5863,0.0,0.0,0.1656,0.0,44.08,0.0,0.0,0.0,5370,79411930926
053580,웹케시,11.2,8.95,0.0,23.44,13.13,205.98,25.12,179.71,179.71,79.92,7.29,10.3,0.0,0.0,87866522470.0,0.6816,0.0,0.0,2.1382,0.0,10.38,0.0,0.0,0.0,14500,187878571428
053590,한국테크놀로지,-36.0,-5.7,0.0,-4.71,-6.07,-143.95,531.45,89.41,89.41,15.84,-13.35,-354.14,0.0,0.0,305931419880.0,0.94,0.0,0.0,0.0,0.0,0.0,0.0,0.0,0.0,0,0
053610,프로텍,14.33,12.56,0.0,30.22,21.95,600.67,14.11,531.18,531.18,87.64,14.24,19.34,0.0,0.0,198772415105.0,0.572,0.0,0.0,0.9599,0.0,3.89,0.0,0.0,0.0,21200,190800000000
053620,태양,3.79,3.12,0.0,4.27,3.78,74.34,21.62,309.48,309.48,82.22,16.13,194.44,0.0,0.0,174237674427.0,0.8251,0.0,0.0,0.3923,0.0,14.25,0.0,0.0,0.0,7950,68356213872
053660,현진소재,9.19,-10.48,0.0,-263.33,-273.44,-54.78,-187.7,6.7,6.7,-114.02,-84.27,42.39,0.0,0.0,2080274750.0,0.0383,0.0,0.0,0.0,0.0,0.0,0.0,0.0,0.0,0,0
053690,한미글로벌,13.83,7.22,0.0,8.19,7.19,306.51,91.66,150.28,150.28,52.18,38.62,56.08,0.0,0.0,374414323849.0,1.0036,0.0,0.0,0.7873,0.0,15.44,0.0,0.0,0.0,26900,294776703296
053700,삼보모터스,8.1,2.47,0.0,1.91,1.78,229.14,227.73,82.01,82.01,30.51,16.51,37.97,0.0,0.0,1199852985474.0,1.3879,0.0,0.0,0.1114,0.0,32.05,0.0,0.0,0.0,5000,133621755253
053800,안랩,5.47,4.11,0.0,11.84,6.22,269.87,33.03,324.44,324.44,75.17,9.99,17.69,0.0,0.0,227975280500.0,0.6608,0.0,0.0,3.2555,0.0,30.67,0.0,0.0,0.0,66700,742164467005
053950,경남제약,-6.81,-4.7,0.0,-5.75,-11.49,-33.91,44.67,176.2,176.2,69.12,-8.7,56.1,0.0,0.0,59000422763.0,0.4094,0.0,0.0,0.8921,0.0,0.0,0.0,0.0,0.0,2680,52637125748
053980,오상자이엘,11.73,8.47,0.0,3.83,8.8,36.71,38.52,177.43,177.43,72.19,5.93,-32.51,0.0,0.0,95845829750.0,0.9615,0.0,0.0,0.9713,0.0,32.91,0.0,0.0,0.0,4905,93098823529
054040,한국컴퓨터,13.22,10.72,0.0,4.44,3.96,188.25,23.3,324.82,324.82,81.1,117.79,36.74,0.0,0.0,423660370243.0,2.7081,0.0,0.0,0.1556,0.0,5.07,0.0,0.0,0.0,4100,65905701754
054050,NH농우바이오,0.0,0.0,0.0,7.53,6.71,110.12,0.0,275.77,275.77,0.0,10.13,61.38,0.0,0.0,146301268028.0,0.0,0.0,0.0,0.9504,0.0,12.63,0.0,0.0,0.0,8670,139044812680
054090,삼진엘앤디,-1.74,-0.79,0.0,-0.59,-0.63,-15.21,119.07,133.25,133.25,45.65,15.56,-92.24,0.0,0.0,256482274502.0,1.2597,0.0,0.0,0.2451,0.0,0.0,0.0,0.0,0.0,2520,62872727272
054180,메디콕스,-67.39,-38.59,0.0,-56.52,-195.35,-123.32,74.63,98.27,98.27,57.26,25.03,-31.94,0.0,0.0,21817103875.0,0.1976,0.0,0.0,0.856,0.0,0.0,0.0,0.0,0.0,3375,18676470588
054210,이랜텍,21.04,9.01,0.0,8.0,5.48,797.87,133.43,109.45,109.45,42.84,30.98,124.83,0.0,0.0,997936950212.0,1.6439,0.0,0.0,0.2864,0.0,7.93,0.0,0.0,0.0,11300,285795163584
054220,비츠로시스,-20.1,-8.44,0.0,-26.25,-26.49,-23.59,138.03,137.92,137.92,42.01,-46.49,-761.67,0.0,0.0,8988875448.0,0.3187,0.0,0.0,1.7337,0.0,0.0,0.0,0.0,0.0,1235,15584337349
054340,피앤텔,650.19,-30.38,0.0,-34.05,-47.93,-39.43,-2240.52,24.82,24.82,-4.67,-59.64,-149.11,0.0,0.0,11581604327.0,0.6337,0.0,0.0,0.0,0.0,0.0,0.0,0.0,0.0,0,0
054410,케이피티유,5.05,2.45,0.0,3.76,5.48,13.88,106.07,61.29,61.29,48.53,17.1,19.69,0.0,0.0,36870058888.0,0.4473,0.0,0.0,0.7854,0.0,51.44,0.0,0.0,0.0,5060,28956496350
054450,텔레칩스,27.05,14.8,0.0,6.1,30.52,91.8,82.81,117.4,117.4,54.7,10.26,13.65,0.0,0.0,150404311782.0,0.4849,0.0,0.0,1.1126,0.0,33.53,0.0,0.0,0.0,11050,167341563786
054540,삼영엠텍,-13.75,-8.61,0.0,-3.51,-9.62,-31.81,59.71,167.96,167.96,62.61,29.89,-487.26,0.0,0.0,90676947922.0,0.8951,0.0,0.0,0.523,0.0,0.0,0.0,0.0,0.0,3650,47427811550
054620,APS,3.01,1.74,0.0,-37.41,15.66,-152.7,72.92,95.43,95.43,57.83,3.57,-285.25,0.0,0.0,40821934034.0,0.111,0.0,0.0,7.0983,0.0,0.0,0.0,0.0,0.0,15750,289767441860
054630,에이디칩스,-19.87,-6.77,0.0,-0.41,-24.46,-0.98,193.6,27.34,27.34,34.06,-5.46,97.8,0.0,0.0,23766514027.0,0.2767,0.0,0.0,0.0,0.0,0.0,0.0,0.0,0.0,0,0
054670,대한뉴팜,23.62,14.36,0.0,13.93,12.28,275.78,64.49,175.21,175.21,60.79,18.83,3.26,0.0,0.0,197957348852.0,1.1689,0.0,0.0,0.619,0.0,6.85,0.0,0.0,0.0,8540,122543150684
054780,키이스트,-2.82,-1.95,0.0,-3.87,-2.69,-24.03,44.95,131.56,131.56,68.99,33.36,-336.78,0.0,0.0,62044179229.0,0.7246,0.0,0.0,2.9609,0.0,0.0,0.0,0.0,0.0,9350,183707746478
054800,아이디스홀딩스,11.95,8.2,0.0,10.79,10.23,942.75,45.66,303.44,303.44,68.65,60.56,387.53,0.0,0.0,874051270582.0,0.8019,0.0,0.0,0.1491,0.0,5.01,0.0,0.0,0.0,12600,130364705882
054920,한컴위드,4.22,2.7,0.0,-2.4,21.17,-6.89,56.28,57.82,57.82,63.99,9.43,-344.41,0.0,0.0,28706102052.0,0.1276,0.0,0.0,3.2439,0.0,0.0,0.0,0.0,0.0,3300,93120936280
054930,유신,16.7,8.39,0.0,6.88,6.03,209.01,98.92,158.46,158.46,50.27,15.91,161.55,0.0,0.0,303961301436.0,1.3924,0.0,0.0,0.318,0.0,9.82,0.0,0.0,0.0,32200,96651410324
054940,엑사이엔씨,10.79,5.24,0.0,4.09,3.47,93.2,106.03,143.69,143.69,48.54,3.28,332.28,0.0,0.0,228061552193.0,1.5076,0.0,0.0,0.0392,0.0,9.31,0.0,0.0,0.0,1345,8935314685
054950,제이브이엠,9.96,6.8,0.0,15.49,11.1,219.91,46.54,169.95,169.95,68.24,22.58,76.01,0.0,0.0,141977630092.0,0.6127,0.0,0.0,1.7416,0.0,14.59,0.0,0.0,0.0,20450,247274583333
055490,테이팩스,12.8,9.58,0.0,13.96,10.39,254.51,33.53,342.45,342.45,74.89,17.65,19.75,0.0,0.0,182261020089.0,0.9224,0.0,0.0,1.3766,0.0,11.81,0.0,0.0,0.0,52400,250894328358
056000,코원플레이,-22.93,-16.71,0.0,-259.55,-234.0,-47.13,37.23,281.56,281.56,72.87,-73.3,24.03,0.0,0.0,1815756250.0,0.0714,0.0,0.0,0.0,0.0,0.0,0.0,0.0,0.0,0,0
056080,유진로봇,11.07,7.97,0.0,7.2,9.83,35.72,38.81,349.2,349.2,72.04,79.51,155.71,0.0,0.0,49628864302.0,0.8113,0.0,0.0,2.9891,0.0,46.32,0.0,0.0,0.0,3880,148343517753
056090,시지메드텍,-32.61,-13.3,0.0,1.03,-45.69,4.24,145.22,130.45,130.45,40.78,8.18,151.97,0.0,0.0,41168961921.0,0.2911,0.0,0.0,2.9595,0.0,484.88,0.0,0.0,0.0,1180,121838198498
056360,코위버,3.41,2.66,0.0,0.33,5.01,2.97,28.24,309.65,309.65,77.98,4.56,-94.78,0.0,0.0,89638154238.0,0.5307,0.0,0.0,0.7628,0.0,355.68,0.0,0.0,0.0,6980,68372862453
056700,신화인터텍,-9.1,-4.86,0.0,-1.38,-4.18,-27.75,87.09,85.94,85.94,53.45,-18.33,-236.52,0.0,0.0,201246037086.0,1.1645,0.0,0.0,0.4877,0.0,0.0,0.0,0.0,0.0,3365,98155617585
056730,CNT85,6.79,2.76,0.0,4.76,4.29,15.28,146.07,82.25,82.25,40.64,-16.94,811.59,0.0,0.0,32080799484.0,0.643,0.0,0.0,1.4324,0.0,49.46,0.0,0.0,0.0,3100,45952941176
057030,YBM넷,15.52,8.67,0.0,7.64,12.2,47.81,79.01,143.72,143.72,55.86,7.25,31.57,0.0,0.0,62562529887.0,0.7105,0.0,0.0,0.8759,0.0,19.59,0.0,0.0,0.0,3360,54796261682
057050,현대홈쇼핑,4.41,3.1,0.0,5.26,4.11,1106.41,42.03,159.75,159.75,70.41,0.3,-21.03,0.0,0.0,2101667569062.0,0.7554,0.0,0.0,0.0,0.0,0.0,0.0,0.0,0.0,0,0
057500,에스케이엔펄스,4.0,1.95,0.0,7.88,3.32,239.78,105.36,107.73,107.73,48.7,12.02,17.06,0.0,0.0,304365477174.0,0.5862,0.0,0.0,0.0,0.0,0.0,0.0,0.0,0.0,0,0
057540,옴니시스템,0.53,0.43,0.0,1.9,0.47,18.62,22.44,292.6,292.6,81.68,7.63,148.45,0.0,0.0,98047986004.0,0.9129,0.0,0.0,0.9146,0.0,58.71,0.0,0.0,0.0,1510,89671521035
057680,티사이언티픽,-6.54,-4.5,0.0,-28.62,-135.82,-24.88,45.36,101.58,101.58,68.8,-13.78,-348.47,0.0,0.0,8694332588.0,0.0331,0.0,0.0,4.5012,0.0,0.0,0.0,0.0,0.0,2480,39135260115
057880,푸른소나무,522.98,-200.76,0.0,-163.53,-421.23,-148.63,-360.5,37.77,37.77,-38.39,-49.93,19.54,0.0,0.0,9088894752.0,0.4766,0.0,0.0,0.0,0.0,0.0,0.0,0.0,0.0,0,0
058110,멕아이씨에스,-4.18,-3.27,0.0,-6.15,-9.86,-17.69,27.81,385.31,385.31,78.24,-41.67,-116.62,0.0,0.0,28753861806.0,0.3314,0.0,0.0,3.2694,0.0,0.0,0.0,0.0,0.0,5860,94007025761
058400,KNN,3.56,3.31,0.0,10.22,11.19,67.38,7.46,448.78,448.78,93.06,1.51,-31.8,0.0,0.0,65959982382.0,0.2958,0.0,0.0,0.1784,0.0,4.04,0.0,0.0,0.0,889,11768808724
058420,제이웨이,25.73,-113.72,0.0,-105.62,-90.36,-14.68,-122.63,18.18,18.18,-441.87,-57.04,4.44,0.0,0.0,1390105992.0,1.2584,0.0,0.0,0.0,0.0,0.0,0.0,0.0,0.0,0,0
058430,포스코스틸리온,6.68,4.13,0.0,3.18,1.91,382.2,61.59,191.6,191.6,61.89,-10.77,-73.32,0.0,0.0,1202120738755.0,2.1678,0.0,0.0,1.6072,0.0,56.08,0.0,0.0,0.0,32200,1932000000000
058450,한주에이알티,-176.98,-40.55,0.0,-100.46,-143.61,-56.07,336.41,54.62,54.62,22.91,6.07,-23.17,0.0,0.0,5581476636.0,0.2824,0.0,0.0,1.5831,0.0,0.0,0.0,0.0,0.0,1640,8836206896
058470,리노공업,23.19,21.52,0.0,42.38,35.47,1366.35,7.77,1036.26,1036.26,92.79,15.08,16.68,0.0,0.0,322422803089.0,0.6066,0.0,0.0,36.7558,0.0,87.01,0.0,0.0,0.0,155500,11850921171171
058530,헬스커넥트,-1.39,-1.27,0.0,-1.24,-6.4,-1.78,9.01,1112.56,1112.56,91.73,4.37,90.23,0.0,0.0,14330407042.0,0.1992,0.0,0.0,0.0,0.0,0.0,0.0,0.0,0.0,0,0
058610,에스피지,9.22,5.55,0.0,5.78,4.47,254.79,65.97,186.56,186.56,60.25,5.8,8.25,0.0,0.0,440476416653.0,1.2431,0.0,0.0,0.866,0.0,20.5,0.0,0.0,0.0,17200,381441800643
058650,세아홀딩스,5.19,2.64,0.0,2.91,2.31,1961.26,97.03,159.34,159.34,50.75,12.33,-36.36,0.0,0.0,6745801494898.0,1.1395,0.0,0.0,0.0679,0.0,17.2,0.0,0.0,0.0,108000,458129032258
058730,다스코,1.56,0.65,0.0,3.05,0.59,115.49,141.66,162.36,162.36,41.38,4.09,167.77,0.0,0.0,378481455313.0,1.0935,0.0,0.0,0.2435,0.0,25.55,0.0,0.0,0.0,4550,92170000000
058820,CMG제약,-0.21,-0.18,0.0,3.63,-0.47,29.81,15.31,616.69,616.69,86.73,18.31,79.55,0.0,0.0,82197409668.0,0.3854,0.0,0.0,3.873,0.0,116.27,0.0,0.0,0.0,2150,318350877192
058850,KTcs,9.45,4.35,0.0,2.36,1.76,243.27,117.22,158.83,158.83,46.04,6.6,15.64,0.0,0.0,1029466970045.0,2.4738,0.0,0.0,0.0879,0.0,12.95,0.0,0.0,0.0,2185,90451126126
058860,KTis,8.08,4.02,0.0,3.65,2.97,195.45,101.12,98.48,98.48,49.72,14.48,35.68,0.0,0.0,535783305933.0,1.3523,0.0,0.0,0.1568,0.0,14.49,0.0,0.0,0.0,2415,84012162162
058970,엠로,12.92,8.94,0.0,11.06,11.23,64.85,44.55,157.64,157.64,69.18,24.69,-3.66,0.0,0.0,58623051381.0,0.7957,0.0,0.0,2.7736,0.0,28.57,0.0,0.0,0.0,13150,162594765342
059090,미코,-8.3,-4.27,0.0,15.49,-7.53,642.73,94.3,159.83,159.83,51.47,13.5,-7.74,0.0,0.0,414832269255.0,0.5674,0.0,0.0,0.5905,0.0,9.33,0.0,0.0,0.0,7330,244939431524
059100,아이컴포넌트,9.3,5.78,0.0,8.31,9.2,29.35,60.84,171.63,171.63,62.17,0.03,46.63,0.0,0.0,35305746404.0,0.628,0.0,0.0,1.3421,0.0,23.39,0.0,0.0,0.0,6700,47385208012
059120,아진엑스텍,3.74,3.23,0.0,5.77,4.57,20.59,15.51,517.44,517.44,86.57,-14.31,-60.08,0.0,0.0,35691515631.0,0.7081,0.0,0.0,3.9964,0.0,72.55,0.0,0.0,0.0,7790,142637173579
059210,메타바이오메드,5.67,2.97,0.0,7.74,5.22,53.36,90.85,113.74,113.74,52.4,17.29,7.97,0.0,0.0,68941504014.0,0.5694,0.0,0.0,0.9108,0.0,22.57,0.0,0.0,0.0,2310,62792131979
059270,해성에어로보틱스,-2.53,-2.31,0.0,-9.13,-7.38,-12.7,9.07,816.74,816.74,91.68,-8.63,-17.59,0.0,0.0,13913931783.0,0.3137,0.0,0.0,4.3636,0.0,0.0,0.0,0.0,0.0,5440,60714285714
060150,인선이엔티,6.41,3.98,0.0,13.98,9.21,332.3,60.96,116.74,116.74,62.13,-3.57,-20.6,0.0,0.0,237616653525.0,0.4319,0.0,0.0,1.5858,0.0,17.61,0.0,0.0,0.0,8270,376803536977
060230,제이케이시냅스,-15.25,-7.97,0.0,-1.55,-15.24,-11.96,91.25,112.48,112.48,52.29,162.23,-77.52,0.0,0.0,76900157318.0,0.5231,0.0,0.0,0.8062,0.0,0.0,0.0,0.0,0.0,3175,61997041420
060240,스타코링크,-81.18,-70.45,0.0,-60.4,-102.65,-175.68,15.23,537.27,537.27,86.78,-21.03,-74.04,0.0,0.0,29086009233.0,0.6863,0.0,0.0,0.0,0.0,0.0,0.0,0.0,0.0,0,0
060250,NHN KCP,17.55,7.44,0.0,5.37,4.24,442.08,135.8,140.97,140.97,42.41,10.38,2.42,0.0,0.0,822763112832.0,1.7573,0.0,0.0,0.654,0.0,18.27,0.0,0.0,0.0,13400,538111621799
060260,뉴보텍,-15.94,-5.16,0.0,1.55,-5.87,7.15,209.15,62.35,62.35,32.35,-2.1,128.58,0.0,0.0,45983827244.0,0.8779,0.0,0.0,0.2267,0.0,64.16,0.0,0.0,0.0,780,10424299065
060280,큐렉소,-3.72,-3.09,0.0,1.71,-4.68,11.11,20.47,457.85,457.85,83.01,51.87,161.13,0.0,0.0,64990650977.0,0.6605,0.0,0.0,4.2666,0.0,264.7,0.0,0.0,0.0,6720,277286006825
060310,3S,3.06,1.8,0.0,5.36,4.32,14.52,69.87,118.27,118.27,58.87,15.47,203.12,0.0,0.0,27110628415.0,0.4163,0.0,0.0,4.0996,0.0,94.98,0.0,0.0,0.0,2095,111141525423
060370,LS마린솔루션,-10.79,-10.08,0.0,-15.44,-28.34,-66.06,7.02,1169.59,1169.59,93.44,43.21,-28.72,0.0,0.0,42787326607.0,0.3558,0.0,0.0,6.0313,0.0,0.0,0.0,0.0,0.0,4940,258062606060
060380,동양에스텍,7.25,4.06,0.0,2.91,2.5,67.62,78.78,151.41,151.41,55.94,-4.12,-70.34,0.0,0.0,232458876752.0,1.62,0.0,0.0,0.1661,0.0,15.06,0.0,0.0,0.0,1960,38603802281
060480,국일신동,2.1,1.93,0.0,1.43,3.74,3.85,8.88,1508.28,1508.28,91.85,-4.46,-59.46,0.0,0.0,26883136547.0,0.515,0.0,0.0,1.0436,0.0,83.84,0.0,0.0,0.0,2525,28055555555
060540,에스에이티,8.75,5.34,0.0,6.36,5.17,110.94,63.78,139.62,139.62,61.06,6.91,57.01,0.0,0.0,174365922924.0,1.0333,0.0,0.0,0.3087,0.0,10.78,0.0,0.0,0.0,2060,53828352490
060560,HC홈센타,9.01,4.61,0.0,5.47,4.35,236.53,95.14,89.39,89.39,51.24,32.94,42.71,0.0,0.0,432056654804.0,1.0613,0.0,0.0,0.0667,0.0,9.61,0.0,0.0,0.0,1135,28816357250
060570,드림어스컴퍼니,16.25,10.03,0.0,-3.16,9.94,-86.67,62.02,210.98,210.98,61.72,12.36,-278.76,0.0,0.0,274372337086.0,1.0093,0.0,0.0,0.1504,0.0,0.0,0.0,0.0,0.0,2785,41259259259
060590,씨티씨바이오,6.29,3.21,0.0,7.09,3.66,117.17,95.8,120.33,120.33,51.07,17.74,498.82,0.0,0.0,165205513710.0,0.8792,0.0,0.0,0.9216,0.0,20.84,0.0,0.0,0.0,6300,152258481421
060720,KH바텍,10.91,7.25,0.0,8.94,6.87,325.17,50.32,160.24,160.24,66.52,7.08,20.79,0.0,0.0,363915189191.0,1.0556,0.0,0.0,0.9044,0.0,13.67,0.0,0.0,0.0,13900,329127939793
060850,영림원소프트랩,16.35,11.65,0.0,11.15,12.43,64.13,40.32,339.22,339.22,71.27,20.59,47.82,0.0,0.0,57528932353.0,0.9374,0.0,0.0,1.2774,0.0,14.21,0.0,0.0,0.0,9040,73486451612
060900,에이전트AI,-54.11,-25.19,0.0,-8.46,-53.0,-28.37,114.86,97.7,97.7,46.54,53.83,-191.24,0.0,0.0,33536559912.0,0.4752,0.0,0.0,0.0932,0.0,0.0,0.0,0.0,0.0,640,3124965517
060980,HL홀딩스,0.25,0.11,0.0,6.72,0.19,858.47,126.81,96.71,96.71,44.09,22.66,-38.64,0.0,0.0,1277106070054.0,0.5602,0.0,0.0,0.2186,0.0,18.1,0.0,0.0,0.0,30750,279196450428
061040,알에프텍,5.1,3.18,0.0,5.81,3.33,209.37,60.21,208.8,208.8,62.42,10.66,69.91,0.0,0.0,360554334131.0,0.9555,0.0,0.0,0.1348,0.0,9.09,0.0,0.0,0.0,5370,48596280991
061250,화일약품,-3.6,-3.41,0.0,3.61,-4.79,47.72,5.71,1738.7,1738.7,94.6,23.43,11.93,0.0,0.0,132052748929.0,0.7115,0.0,0.0,0.1771,0.0,7.0,0.0,0.0,0.0,2780,23384705882
061970,LB세미콘,11.73,5.83,0.0,10.83,8.52,567.97,101.26,95.83,95.83,49.69,5.72,28.43,0.0,0.0,524605333976.0,0.6839,0.0,0.0,0.8804,0.0,14.93,0.0,0.0,0.0,6590,461842068155
062860,티엘아이,-13.53,-12.37,0.0,-31.35,-40.64,-65.87,9.38,691.86,691.86,91.43,-27.05,-96.02,0.0,0.0,21012864687.0,0.3044,0.0,0.0,0.0,0.0,0.0,0.0,0.0,0.0,0,0
063080,컴투스홀딩스,-24.25,-11.99,0.0,0.0,0.0,-264.29,102.36,23.97,23.97,49.42,0.0,-169.9,0.0,0.0,0.0,0.0,0.0,0.0,0.0,0.0,0.0,0.0,0.0,0.0,38750,255597579425
063160,종근당바이오,-11.3,-5.34,0.0,-9.49,-10.7,-148.1,111.5,151.32,151.32,47.28,9.7,-29.55,0.0,0.0,156042327041.0,0.4992,0.0,0.0,0.8372,0.0,0.0,0.0,0.0,0.0,23800,130643165467
063170,서울옥션,3.66,2.34,0.0,13.98,8.24,77.08,56.52,270.75,270.75,63.89,-30.22,-60.93,0.0,0.0,55137015987.0,0.2837,0.0,0.0,5.692,0.0,49.82,0.0,0.0,0.0,17650,313841761827
063440,SM Life Design,4.76,3.68,0.0,5.02,4.95,25.27,29.47,302.6,302.6,77.24,11.31,1443.39,0.0,0.0,50307368054.0,0.7434,0.0,0.0,2.0257,0.0,46.42,0.0,0.0,0.0,2250,101906779661
063570,NICE인프라,4.93,1.74,0.0,6.54,3.0,188.91,183.25,78.17,78.17,35.3,21.21,32.22,0.0,0.0,288913245504.0,0.5803,0.0,0.0,0.5424,0.0,25.35,0.0,0.0,0.0,4590,156709090909
063760,이엘피,-2.5,-1.9,0.0,-13.64,-6.8,-32.21,31.8,238.35,238.35,75.87,-9.82,-6.22,0.0,0.0,23611630790.0,0.2787,0.0,0.0,1.3519,0.0,0.0,0.0,0.0,0.0,3420,31920000000
064090,인크레더블버즈,-404.53,-173.54,0.0,-45.05,-51.06,-132.29,133.1,174.54,174.54,42.9,-3.08,-61.96,0.0,0.0,29367045498.0,3.3988,0.0,0.0,3.0747,0.0,0.0,0.0,0.0,0.0,1815,90295112781
064240,홈캐스트,-0.76,-0.74,0.0,0.52,-0.99,3.8,2.43,2692.81,2692.81,97.63,329.48,108.34,0.0,0.0,73304174993.0,0.7506,0.0,0.0,2.0909,0.0,409.25,0.0,0.0,0.0,4420,153270413573
064260,다날,-10.17,-4.52,0.0,-0.93,-11.47,-27.56,125.22,271.57,271.57,44.4,3.29,-117.27,0.0,0.0,294948282762.0,0.3936,0.0,0.0,1.2823,0.0,0.0,0.0,0.0,0.0,5000,378207547169
064290,인텍플러스,24.31,14.06,0.0,16.29,13.75,193.63,72.98,179.44,179.44,57.81,-0.69,-29.67,0.0,0.0,118836726448.0,1.0226,0.0,0.0,1.4991,0.0,11.73,0.0,0.0,0.0,13750,178152173913
064350,현대로템,13.04,4.03,0.0,4.66,6.15,1474.87,223.43,128.99,128.99,30.92,10.12,83.86,0.0,0.0,3163343615000.0,0.6558,0.0,0.0,0.9799,0.0,43.61,0.0,0.0,0.0,28400,3099645227606
064480,브리지텍,6.53,4.84,0.0,6.65,5.74,39.2,35.12,269.19,269.19,74.01,8.41,25.03,0.0,0.0,58935626488.0,0.8429,0.0,0.0,0.8161,0.0,16.9,0.0,0.0,0.0,4020,48096428571
064510,유네코,13.98,7.56,0.0,-15.02,11.28,-27.25,84.78,165.22,165.22,54.12,-2.21,4.61,0.0,0.0,18142668345.0,0.6705,0.0,0.0,0.0,0.0,0.0,0.0,0.0,0.0,0,0
064520,테크엘,-11.51,-6.74,0.0,-18.42,-29.18,-38.05,70.72,510.97,510.97,58.58,-51.0,-491.66,0.0,0.0,20655878766.0,0.231,0.0,0.0,6.1425,0.0,0.0,0.0,0.0,0.0,5680,126877922077
064550,바이오니아,6.21,5.06,0.0,5.28,6.92,115.4,22.66,370.02,370.02,81.52,-2.39,-75.48,0.0,0.0,218394453243.0,0.7311,0.0,0.0,3.475,0.0,70.55,0.0,0.0,0.0,29400,758914675767
064760,티씨케이,22.56,19.57,0.0,39.75,29.43,1270.27,15.27,551.34,551.34,86.75,18.02,22.85,0.0,0.0,319562836196.0,0.665,0.0,0.0,3.3094,0.0,8.83,0.0,0.0,0.0,94600,1057574596774
064800,포니링크,-11.42,-9.4,0.0,-1.25,-20.25,-11.98,21.44,538.57,538.57,82.35,-12.82,-169.16,0.0,0.0,95536623105.0,0.4643,0.0,0.0,0.3544,0.0,0.0,0.0,0.0,0.0,1325,33854066985
064820,케이프,-0.23,-0.02,0.0,0.39,-0.09,23.58,884.54,153.04,153.04,10.16,42.56,-95.02,0.0,0.0,609700362459.0,0.2618,0.0,0.0,0.2242,0.0,945.19,0.0,0.0,0.0,4430,136710141206
064850,에프앤가이드,14.16,8.06,0.0,21.36,27.95,60.72,75.62,141.93,141.93,56.94,11.36,18.83,0.0,0.0,28422917679.0,0.2885,0.0,0.0,2.5689,0.0,19.01,0.0,0.0,0.0,6400,73014634146
064960,SNT모티브,9.96,7.14,0.0,10.71,8.38,1119.25,39.41,260.61,260.61,71.73,10.95,22.2,0.0,0.0,1044860611248.0,0.8526,0.0,0.0,1.0669,0.0,13.06,0.0,0.0,0.0,42000,1114733205374
065060,지엔코,-7.62,-4.16,0.0,-2.03,-6.59,-29.02,83.1,126.53,126.53,54.61,5.81,-263.4,0.0,0.0,143276086145.0,0.6313,0.0,0.0,0.0166,0.0,0.0,0.0,0.0,0.0,397,2378450074
065130,탑엔지니어링,-14.39,-8.38,0.0,-3.04,-4.59,-285.05,71.63,139.74,139.74,58.27,-13.68,-39.4,0.0,0.0,936444840669.0,1.8268,0.0,0.0,0.0878,0.0,0.0,0.0,0.0,0.0,5140,82240000000
065150,대산F&B,-17.09,-7.55,0.0,-3.58,-3.72,-53.71,126.37,130.06,130.06,44.18,43.84,-500.49,0.0,0.0,150035748696.0,2.0284,0.0,0.0,0.0453,0.0,0.0,0.0,0.0,0.0,426,6803369272
065170,비엘팜텍,-33.22,-13.16,0.0,-3.44,-16.94,-27.76,152.39,66.58,66.58,39.62,-4.56,19.07,0.0,0.0,80592912885.0,0.7773,0.0,0.0,0.2166,0.0,0.0,0.0,0.0,0.0,625,17454441913
065350,신성델타테크,11.15,3.81,0.0,4.04,3.01,320.55,192.72,93.26,93.26,34.16,7.58,-27.06,0.0,0.0,793424019846.0,1.2637,0.0,0.0,0.2702,0.0,19.58,0.0,0.0,0.0,7800,214369377990
065370,위세아이텍,13.83,7.89,0.0,3.44,10.21,13.05,75.18,103.25,103.25,57.09,11.24,-77.55,0.0,0.0,37892065422.0,0.7729,0.0,0.0,2.1428,0.0,78.36,0.0,0.0,0.0,11000,81195079086
065420,에스아이리소스,-5.45,-4.8,0.0,-48.21,-20.42,-22.74,13.54,1009.44,1009.44,88.08,-77.54,-213.57,0.0,0.0,4717220355.0,0.2353,0.0,0.0,6.8157,0.0,0.0,0.0,0.0,0.0,414,32151063829
065440,이루온,4.07,2.64,0.0,1.66,3.01,9.41,54.33,239.46,239.46,64.79,0.67,-66.63,0.0,0.0,56561772027.0,0.8761,0.0,0.0,1.1955,0.0,95.98,0.0,0.0,0.0,2480,67620014503
065450,빅텍,-0.38,-0.24,0.0,2.22,-0.31,16.53,57.61,309.37,309.37,63.45,-27.42,-76.83,0.0,0.0,74374891497.0,0.773,0.0,0.0,2.2526,0.0,122.65,0.0,0.0,0.0,5680,167539568345
065500,오리엔트정공,-13.32,-5.34,0.0,-1.15,-4.97,-15.39,149.16,100.05,100.05,40.14,16.92,-537.19,0.0,0.0,134303202794.0,1.0744,0.0,0.0,0.329,0.0,0.0,0.0,0.0,0.0,1235,44181397306
065510,휴비츠,15.19,9.38,0.0,17.35,15.2,189.86,61.92,127.33,127.33,61.76,15.16,96.29,0.0,0.0,109422419574.0,0.6175,0.0,0.0,1.019,0.0,9.44,0.0,0.0,0.0,10250,111506276150
065530,와이어블,3.22,1.94,0.0,5.3,3.79,34.05,65.97,120.71,120.71,60.25,-18.11,-7.59,0.0,0.0,64283541128.0,0.5122,0.0,0.0,1.6086,0.0,45.02,0.0,0.0,0.0,2160,103406171809
065560,메티스,-55.39,-21.49,0.0,-6.64,-43.7,-39.39,157.75,73.71,73.71,38.8,284.29,26.07,0.0,0.0,59365177544.0,0.4918,0.0,0.0,0.0,0.0,0.0,0.0,0.0,0.0,0,0
065570,삼영이엔씨,-112.73,-52.07,0.0,-63.15,-130.93,-201.46,116.48,279.36,279.36,46.19,-20.47,-1865.93,0.0,0.0,31901368198.0,0.3977,0.0,0.0,2.271,0.0,0.0,0.0,0.0,0.0,4500,72447643979
065660,안트로젠,-6.4,-5.51,0.0,-70.52,-103.73,-46.48,16.24,415.3,415.3,86.03,-18.85,-77.13,0.0,0.0,6591010796.0,0.0531,0.0,0.0,22.3178,0.0,0.0,0.0,0.0,0.0,14700,147097157964
065690,파커스,-18.44,-8.51,0.0,-20.78,-16.28,-151.92,116.53,179.98,179.98,46.18,-21.95,-1366.38,0.0,0.0,73121511677.0,0.5232,0.0,0.0,0.376,0.0,0.0,0.0,0.0,0.0,2285,27493315508
065710,서호전기,12.54,11.1,0.0,20.72,18.79,124.66,12.94,511.33,511.33,88.54,-19.02,-15.94,0.0,0.0,60170515020.0,0.591,0.0,0.0,1.5237,0.0,8.29,0.0,0.0,0.0,17800,91681659388
065770,CS,-19.16,-10.2,0.0,-11.75,-9.89,-41.34,87.82,183.78,183.78,53.24,-14.38,-1912.36,0.0,0.0,35182635211.0,1.0312,0.0,0.0,0.4477,0.0,0.0,0.0,0.0,0.0,1500,15750000000
065950,웰크론,-0.65,-0.25,0.0,1.41,-0.19,62.97,163.13,107.14,107.14,38.0,14.69,-52.36,0.0,0.0,445710106509.0,1.3139,0.0,0.0,0.1954,0.0,47.23,0.0,0.0,0.0,3090,87107589658
066130,하츠,4.73,3.41,0.0,5.02,3.21,71.83,38.63,365.62,365.62,72.13,4.33,-28.18,0.0,0.0,143130132137.0,1.0632,0.0,0.0,0.4628,0.0,14.44,0.0,0.0,0.0,5170,66247619047
066310,큐에스아이,8.62,8.15,0.0,8.13,30.87,18.45,5.81,1102.39,1102.39,94.51,-22.74,-31.79,0.0,0.0,22699451677.0,0.264,0.0,0.0,3.8528,0.0,49.96,0.0,0.0,0.0,9430,87455645161
066360,체리부로,10.86,3.3,0.0,4.09,2.27,164.76,228.57,60.56,60.56,30.43,10.68,689.55,0.0,0.0,402390021653.0,1.4541,0.0,0.0,0.0644,0.0,13.26,0.0,0.0,0.0,1080,25894736842
066410,버킷스튜디오,-138.58,-59.71,0.0,-16.39,-422.62,-73.19,132.08,47.72,47.72,43.09,69.13,-251.1,0.0,0.0,44648236827.0,0.1413,0.0,0.0,5.0224,0.0,0.0,0.0,0.0,0.0,1620,224242844752
066430,아이로보틱스,1.53,1.02,0.0,0.59,1.54,2.19,49.67,187.58,187.58,66.82,0.29,-47.72,0.0,0.0,37411357602.0,0.6639,0.0,0.0,1.2085,0.0,291.33,0.0,0.0,0.0,1155,45212351543
066570,LG전자,8.28,3.38,0.0,4.25,2.23,35509.72,145.23,123.09,123.09,40.78,12.93,-12.49,0.0,0.0,83467318000000.0,1.5133,0.0,0.0,0.1688,0.0,13.17,0.0,0.0,0.0,86500,14089511547344
066590,스모트로닉,-24.03,-6.31,0.0,0.47,-4.91,16.81,280.7,72.72,72.72,26.27,14.99,335.65,0.0,0.0,356900669345.0,1.2858,0.0,0.0,0.258,0.0,176.58,0.0,0.0,0.0,2380,92093666026
066620,국보디자인,14.32,7.63,0.0,7.6,5.51,287.65,87.67,148.98,148.98,53.29,17.14,11.72,0.0,0.0,378387843965.0,1.3836,0.0,0.0,0.3231,0.0,8.69,0.0,0.0,0.0,16300,122250000000
066670,디티씨,4.32,3.93,0.0,4.46,9.89,30.82,9.79,838.74,838.74,91.09,-49.21,-14.25,0.0,0.0,69066166779.0,0.3974,0.0,0.0,1.2088,0.0,32.12,0.0,0.0,0.0,4465,83488412698
066700,테라젠이텍스,6.95,4.44,0.0,5.35,5.66,103.48,56.37,142.92,142.92,63.95,16.1,239.08,0.0,0.0,193379292710.0,0.7843,0.0,0.0,0.8493,0.0,24.46,0.0,0.0,0.0,4420,164231279620
066790,씨씨에스,2.95,2.29,0.0,3.35,3.79,6.49,28.81,469.99,469.99,77.63,4.43,316.9,0.0,0.0,19355942259.0,0.6031,0.0,0.0,1.1798,0.0,46.26,0.0,0.0,0.0,517,22837097505
066900,디에이피,4.79,2.01,0.0,2.69,1.6,89.72,137.86,90.66,90.66,42.04,8.37,16.63,0.0,0.0,333660003026.0,1.2619,0.0,0.0,0.1869,0.0,24.03,0.0,0.0,0.0,2745,62365155807
066910,손오공,-40.6,-14.59,0.0,-8.98,-11.47,-59.91,178.34,105.08,105.08,35.93,-11.62,-618.95,0.0,0.0,66683494889.0,1.2722,0.0,0.0,0.4152,0.0,0.0,0.0,0.0,0.0,1800,27685088633
066970,엘앤에프,21.09,8.96,0.0,6.85,6.97,2663.21,135.27,178.83,178.83,42.51,300.44,501.83,0.0,0.0,3887293713353.0,1.2855,0.0,0.0,1.8158,0.0,33.03,0.0,0.0,0.0,173500,7058741649625
066980,한성크린텍,-3.34,-1.31,0.0,1.73,-1.22,55.94,155.06,94.32,94.32,39.21,91.66,40.05,0.0,0.0,322542207888.0,1.0702,0.0,0.0,0.599,0.0,67.29,0.0,0.0,0.0,3595,193217337461
067000,조이시티,3.23,1.29,0.0,0.0,0.0,74.01,150.47,85.94,85.94,39.93,0.0,-66.05,0.0,0.0,0.0,0.0,0.0,0.0,0.0,0.0,58.26,0.0,0.0,0.0,4040,282417884780
067010,이씨에스,10.06,7.04,0.0,6.23,6.54,49.97,42.89,328.95,328.95,69.98,7.27,5.16,0.0,0.0,80205503054.0,1.0761,0.0,0.0,0.4669,0.0,11.97,0.0,0.0,0.0,3435,37447695390
067080,대화제약,1.49,0.61,0.0,4.43,0.93,58.48,143.67,61.51,61.51,41.04,12.59,78.08,0.0,0.0,131911692836.0,0.6627,0.0,0.0,1.3263,0.0,49.99,0.0,0.0,0.0,9400,174959031657
067160,SOOP,24.68,12.8,0.0,28.51,20.59,824.19,92.86,170.31,170.31,51.85,10.98,-7.21,0.0,0.0,289087250014.0,0.6215,0.0,0.0,2.8269,0.0,12.63,0.0,0.0,0.0,71100,817232855280
067170,오텍,-27.28,-6.34,0.0,-1.87,-3.8,-190.61,330.17,109.53,109.53,23.25,0.18,-397.63,0.0,0.0,1019469837238.0,1.6673,0.0,0.0,0.1517,0.0,0.0,0.0,0.0,0.0,5630,154623928571
067280,멀티캠퍼스,0.0,0.0,0.0,0.0,0.0,0.0,69.26,237.41,237.41,59.08,15.96,0.0,0.0,0.0,357486847902.0,1.2253,0.0,0.0,0.5854,0.0,0.0,0.0,0.0,0.0,35300,209278571428
067290,JW신약,2.48,1.46,0.0,4.17,1.34,42.87,68.95,89.37,89.37,59.19,1.73,25.14,0.0,0.0,102710439010.0,1.0916,0.0,0.0,1.9807,0.0,56.41,0.0,0.0,0.0,3630,203437826086
067310,하나마이크론,11.93,4.13,0.0,11.58,6.51,1035.48,188.61,86.74,86.74,34.65,33.59,-1.32,0.0,0.0,894395892458.0,0.6348,0.0,0.0,0.6906,0.0,14.86,0.0,0.0,0.0,9290,617713136427
067370,선바이오,3.65,2.03,0.0,2.57,11.72,1.91,79.95,89.34,89.34,55.57,-25.54,-94.35,0.0,0.0,7420394142.0,0.173,0.0,0.0,18.3546,0.0,813.25,0.0,0.0,0.0,11150,136198234349
067390,아스트,-168.34,-7.25,0.0,-6.15,-17.16,-99.68,2222.62,42.26,42.26,4.31,102.95,30.82,0.0,0.0,162125182794.0,0.4223,0.0,0.0,1.0379,0.0,0.0,0.0,0.0,0.0,3995,168275489186
067570,엔브이에이치코리아,2.54,0.71,0.0,4.32,0.62,531.54,256.86,84.87,84.87,28.02,15.08,24.24,0.0,0.0,1230006651563.0,1.1547,0.0,0.0,0.1145,0.0,17.07,0.0,0.0,0.0,3340,140826900584
067630,HLB생명과학,-23.03,-13.2,0.0,-20.24,-54.58,-201.61,74.44,600.26,600.26,57.33,86.17,-9.1,0.0,0.0,99591375508.0,0.2418,0.0,0.0,12.9772,0.0,0.0,0.0,0.0,0.0,10600,1292414814814
067730,로지시스,1.2,0.85,0.0,0.42,0.62,1.37,41.13,269.65,269.65,70.86,-4.01,-87.01,0.0,0.0,32820905268.0,1.3626,0.0,0.0,1.1392,0.0,324.67,0.0,0.0,0.0,3860,37388340807
067770,세진티에스,-1.42,-1.36,0.0,-11.48,-3.88,-18.98,4.31,1821.35,1821.35,95.87,-38.8,-189.21,0.0,0.0,16525057618.0,0.3521,0.0,0.0,1.5522,0.0,0.0,0.0,0.0,0.0,3060,25650000000
067830,세이브존I&C,1.98,1.6,0.0,7.72,7.69,92.19,23.58,160.88,160.88,80.92,-2.31,-16.37,0.0,0.0,119350275142.0,0.2081,0.0,0.0,0.8599,0.0,23.01,0.0,0.0,0.0,2500,102626262626
067900,와이엔텍,12.33,8.76,0.0,27.06,19.9,334.96,40.7,77.52,77.52,71.07,10.75,3.32,0.0,0.0,123802551618.0,0.4404,0.0,0.0,1.241,0.0,7.01,0.0,0.0,0.0,8440,153644151565
067920,이글루,10.68,8.3,0.0,0.0,0.0,80.08,28.71,214.27,214.27,77.7,0.0,41.37,0.0,0.0,0.0,0.0,0.0,0.0,0.0,0.0,10.37,0.0,0.0,0.0,5710,62736928702
067990,도이치모터스,9.75,3.04,0.0,3.31,1.97,648.43,221.4,38.67,38.67,31.11,14.9,15.06,0.0,0.0,1957078960881.0,1.5404,0.0,0.0,0.0847,0.0,16.05,0.0,0.0,0.0,5680,165761713520
068050,팬엔터테인먼트,-0.86,-0.53,0.0,3.66,-2.46,9.27,60.87,106.88,106.88,62.16,-16.72,-37.94,0.0,0.0,25320813537.0,0.2175,0.0,0.0,5.7048,0.0,203.35,0.0,0.0,0.0,5210,144448927038
068060,케이씨더블류,147.77,29.82,0.0,-31.19,50.81,-21.3,395.58,79.71,79.71,20.18,-29.57,13.85,0.0,0.0,6829037165.0,0.5869,0.0,0.0,0.0,0.0,0.0,0.0,0.0,0.0,0,0
068240,다원시스,-73.94,-22.58,0.0,-76.14,-72.63,-1592.66,227.46,93.47,93.47,30.54,-29.2,-999.02,0.0,0.0,209188579520.0,0.3109,0.0,0.0,2.5918,0.0,0.0,0.0,0.0,0.0,14200,542181818181
068270,셀트리온,12.69,9.21,0.0,28.34,23.76,6471.98,37.84,226.4,226.4,72.55,20.63,-13.03,0.0,0.0,2283967480394.0,0.3877,0.0,0.0,16.3466,0.0,60.19,0.0,0.0,0.0,160500,37335069878242
068290,삼성출판사,9.36,7.77,0.0,-1.74,31.82,-9.01,20.44,623.33,623.33,83.03,-8.1,-178.82,0.0,0.0,51665697418.0,0.2443,0.0,0.0,4.684,0.0,0.0,0.0,0.0,0.0,24200,242000000000
068330,일신바이오,7.09,6.53,0.0,25.15,18.67,51.4,8.61,930.6,930.6,92.08,-16.18,-29.95,0.0,0.0,20433366777.0,0.3496,0.0,0.0,3.3655,0.0,14.28,0.0,0.0,0.0,1555,68768050541
068400,에스케이렌터카,4.02,0.62,0.0,7.63,1.66,950.91,547.25,27.58,27.58,15.45,20.22,20.29,0.0,0.0,1246513486761.0,0.373,0.0,0.0,0.0,0.0,0.0,0.0,0.0,0.0,0,0
068420,엔터미디어,3.05,0.84,0.0,-5.37,6.8,-2.52,262.9,67.69,67.69,27.56,-20.14,96.4,0.0,0.0,4689655906.0,0.1238,0.0,0.0,0.0,0.0,0.0,0.0,0.0,0.0,0,0
068760,셀트리온제약,7.28,4.33,0.0,9.89,6.72,381.7,68.09,147.13,147.13,59.49,-3.18,-20.14,0.0,0.0,386039612595.0,0.6437,0.0,0.0,7.6949,0.0,84.19,0.0,0.0,0.0,66900,2970552517985
068790,DMS,9.84,7.62,0.0,16.89,10.25,535.42,29.1,289.93,289.93,77.46,40.66,67.27,0.0,0.0,317047865401.0,0.7437,0.0,0.0,0.44,0.0,4.4,0.0,0.0,0.0,6180,139498755186
068930,디지털대성,12.87,8.66,0.0,13.46,10.08,283.84,48.57,77.31,77.31,67.31,7.07,12.44,0.0,0.0,210817584023.0,0.8592,0.0,0.0,0.877,0.0,9.34,0.0,0.0,0.0,6680,184895612009
068940,셀피글로벌,38.82,22.87,0.0,9.52,26.29,36.05,69.78,189.49,189.49,58.9,36.29,136.44,0.0,0.0,37885603132.0,0.8697,0.0,0.0,1.6169,0.0,21.96,0.0,0.0,0.0,1335,61258997429
069080,웹젠,12.6,11.19,0.0,34.28,29.9,830.05,12.62,583.55,583.55,88.79,-14.97,-19.41,0.0,0.0,242140239949.0,0.3743,0.0,0.0,1.9501,0.0,6.56,0.0,0.0,0.0,15250,472205357142
069140,누리플랜,-27.5,-5.99,0.0,-4.62,-6.51,-60.63,359.27,90.51,90.51,21.77,-1.24,-265.09,0.0,0.0,131152943054.0,0.9205,0.0,0.0,0.5644,0.0,0.0,0.0,0.0,0.0,4905,74027968337
069260,티케이지휴켐스,11.05,8.69,0.0,9.48,6.62,1171.35,27.18,328.37,328.37,78.63,43.5,25.42,0.0,0.0,1235837871097.0,1.3128,0.0,0.0,0.6615,0.0,8.7,0.0,0.0,0.0,20000,817528910529
069330,유아이디,16.5,10.16,0.0,6.19,6.03,38.67,62.36,95.04,95.04,61.59,-15.22,-35.79,0.0,0.0,62484795893.0,1.6847,0.0,0.0,0.4674,0.0,11.24,0.0,0.0,0.0,1720,29204778156
069410,엔텔스,0.22,0.17,0.0,-0.74,0.21,-3.95,26.58,416.82,416.82,79.0,-6.81,-116.15,0.0,0.0,53582322397.0,0.8097,0.0,0.0,0.9427,0.0,0.0,0.0,0.0,0.0,4935,50510126582
069460,대호에이엘,8.13,3.86,0.0,5.37,3.4,93.4,110.68,121.25,121.25,47.47,21.36,413.24,0.0,0.0,174036740741.0,1.1335,0.0,0.0,0.13,0.0,11.06,0.0,0.0,0.0,1300,22627819548
069540,빛과전자,-1.3,-0.8,0.0,2.32,-1.37,12.2,62.41,185.0,185.0,61.57,19.07,127.0,0.0,0.0,52557973659.0,0.5855,0.0,0.0,6.0897,0.0,290.56,0.0,0.0,0.0,2840,320063492063
069620,대웅제약,5.28,2.51,0.0,7.48,3.06,957.97,110.91,116.1,116.1,47.41,11.03,7.97,0.0,0.0,1280091851013.0,0.8188,0.0,0.0,1.4346,0.0,27.75,0.0,0.0,0.0,158500,1836478346456
069640,한세엠케이,-97.77,-16.8,0.0,-7.78,-13.91,-211.31,481.97,95.52,95.52,17.18,30.73,-74.82,0.0,0.0,271479748299.0,1.2076,0.0,0.0,0.2372,0.0,0.0,0.0,0.0,0.0,2965,64385200553
069730,DSR제강,15.8,11.15,0.0,10.08,11.05,263.67,41.67,176.93,176.93,70.58,26.33,514.39,0.0,0.0,261687161748.0,1.0088,0.0,0.0,0.2627,0.0,5.5,0.0,0.0,0.0,4775,68753141831
069920,엑시온그룹,-19.43,-17.96,0.0,-220.71,-202.71,-120.85,8.17,947.96,947.96,92.45,-42.45,-54.98,0.0,0.0,5475493823.0,0.0886,0.0,0.0,20.522,0.0,0.0,0.0,0.0,0.0,7790,112367909238
069960,현대백화점,0.0,1.54,0.0,6.4,3.71,3209.29,0.0,85.12,85.12,0.0,40.36,21.4,0.0,0.0,5014123629000.0,0.4154,0.0,0.0,0.2538,0.0,21.73,0.0,0.0,0.0,59000,1272334381551
070300,퀀텀레일,3.63,3.42,0.0,3.16,8.67,3.25,6.06,1964.26,1964.26,94.28,-6.64,-29.24,0.0,0.0,10275641565.0,0.3949,0.0,0.0,10.3655,0.0,332.58,0.0,0.0,0.0,3000,106511891279
070590,인티큐브,-24.96,-14.58,0.0,-6.72,-9.82,-39.73,71.14,178.15,178.15,58.43,-0.53,-1529.48,0.0,0.0,59146536247.0,1.4855,0.0,0.0,0.3876,0.0,0.0,0.0,0.0,0.0,1650,22926136363
070960,모나용평,-3.21,-1.4,0.0,1.08,-8.46,15.52,129.88,57.43,57.43,43.5,-39.36,-94.95,0.0,0.0,143314957207.0,0.1651,0.0,0.0,1.1854,0.0,425.46,0.0,0.0,0.0,3530,169881250000
071090,하이스틸,7.73,3.94,0.0,5.33,3.64,168.71,96.34,136.32,136.32,50.93,39.91,15.25,0.0,0.0,316413941902.0,1.0819,0.0,0.0,0.2106,0.0,12.46,0.0,0.0,0.0,3300,66644951140
071200,인피니트헬스케어,0.14,0.11,0.0,8.71,0.18,76.89,30.19,391.42,391.42,76.81,12.94,3.67,0.0,0.0,88286336638.0,0.5905,0.0,0.0,1.517,0.0,21.93,0.0,0.0,0.0,5490,133929435483
071280,로체시스템즈,19.39,15.14,0.0,18.29,14.01,264.36,28.05,283.13,283.13,78.1,31.19,98.5,0.0,0.0,144576199490.0,1.0808,0.0,0.0,0.8435,0.0,5.72,0.0,0.0,0.0,7970,121950602409
071320,지역난방공사,-11.04,-2.46,0.0,-9.68,-4.41,-4038.94,348.6,56.08,56.08,22.29,64.5,-1117.72,0.0,0.0,4173027136426.0,0.558,0.0,0.0,0.0791,0.0,0.0,0.0,0.0,0.0,28500,329988219895
071460,위니아,-55.46,-9.36,0.0,-9.41,-9.22,-735.88,492.58,79.38,79.38,16.88,-25.72,-271.93,0.0,0.0,782080416530.0,1.0148,0.0,0.0,0.0,0.0,0.0,0.0,0.0,0.0,0,0
071670,에이테크솔루션,5.65,1.94,0.0,2.59,1.89,64.63,190.66,100.54,100.54,34.4,-4.01,-2.95,0.0,0.0,249523034399.0,1.028,0.0,0.0,0.3242,0.0,37.15,0.0,0.0,0.0,8090,80900000000
071840,롯데하이마트,-40.75,-21.42,0.0,-1.56,-15.82,-520.11,90.24,86.2,86.2,52.56,-13.77,-148.68,0.0,0.0,3336820850782.0,1.3541,0.0,0.0,0.0867,0.0,0.0,0.0,0.0,0.0,12250,289145865834
071850,캐스텍코리아,-6.84,-2.4,0.0,-5.91,-3.4,-107.64,185.47,88.6,88.6,35.03,28.87,38.89,0.0,0.0,182019080085.0,0.7058,0.0,0.0,0.2777,0.0,0.0,0.0,0.0,0.0,2085,50550226586
071950,코아스,-9.31,-2.18,0.0,-0.72,-1.7,-7.05,326.67,60.89,60.89,23.44,-11.63,84.9,0.0,0.0,97886470716.0,1.2838,0.0,0.0,0.1077,0.0,0.0,0.0,0.0,0.0,730,10537834691
071970,HD현대마린엔진,7.36,3.4,0.0,6.32,7.89,113.42,116.66,89.34,89.34,46.15,30.51,241.21,0.0,0.0,179328152621.0,0.4308,0.0,0.0,1.3392,0.0,40.94,0.0,0.0,0.0,7080,240162840690
072020,중앙백신,4.24,3.52,0.0,10.9,10.29,42.83,20.52,297.38,297.38,82.98,-3.95,-5.69,0.0,0.0,39299158624.0,0.3422,0.0,0.0,2.5925,0.0,28.35,0.0,0.0,0.0,11000,101882352941
072130,유엔젤,4.1,3.62,0.0,2.82,7.35,8.46,13.47,680.95,680.95,88.13,1.22,-73.13,0.0,0.0,30044902862.0,0.4923,0.0,0.0,1.2719,0.0,53.74,0.0,0.0,0.0,3010,38213374485
072470,우리산업홀딩스,-9.86,-4.56,0.0,-4.0,-3.69,-198.04,116.46,103.97,103.97,46.2,28.93,-707.78,0.0,0.0,495522375288.0,1.2332,0.0,0.0,0.1624,0.0,0.0,0.0,0.0,0.0,4265,80484677419
072520,제넨바이오,-61.78,-27.98,0.0,-153.24,-408.72,-143.63,120.81,54.1,54.1,45.29,12.74,-26.34,0.0,0.0,9372688241.0,0.0685,0.0,0.0,0.0,0.0,0.0,0.0,0.0,0.0,0,0
072710,농심홀딩스,3.18,2.46,0.0,7.83,5.07,528.13,28.95,100.3,100.3,77.55,5.16,-5.29,0.0,0.0,674579201408.0,0.4856,0.0,0.0,0.4571,0.0,11.74,0.0,0.0,0.0,66500,308381551362
072770,멤레이비티,-0.16,-0.08,0.0,3.0,-0.08,33.61,113.13,164.77,164.77,46.92,23.87,35.57,0.0,0.0,112023615166.0,0.9093,0.0,0.0,0.502,0.0,36.19,0.0,0.0,0.0,1355,56232500000
072870,메가스터디,6.01,5.07,0.0,10.02,16.84,121.86,18.57,464.2,464.2,84.34,-9.0,-23.35,0.0,0.0,121600615468.0,0.3012,0.0,0.0,1.0636,0.0,15.8,0.0,0.0,0.0,10850,129334564254
072950,빛샘전자,3.22,2.63,0.0,2.71,2.36,25.18,22.65,385.57,385.57,81.54,13.73,-37.72,0.0,0.0,93008781370.0,1.1136,0.0,0.0,0.4964,0.0,24.46,0.0,0.0,0.0,5730,46169310344
072990,에이치시티,7.23,4.16,0.0,9.62,8.21,64.58,73.94,106.48,106.48,57.49,6.08,-41.6,0.0,0.0,67114744562.0,0.5062,0.0,0.0,1.7266,0.0,26.67,0.0,0.0,0.0,7990,115881456953
073010,케이에스피,11.65,6.56,0.0,5.47,6.23,34.81,77.48,136.61,136.61,56.35,45.27,72.23,0.0,0.0,63668531914.0,1.0542,0.0,0.0,1.1051,0.0,27.78,0.0,0.0,0.0,1750,70360205831
073110,엘엠에스,0.28,0.12,0.0,1.48,0.27,14.65,136.94,121.56,121.56,42.2,3.31,122.72,0.0,0.0,98900190650.0,0.432,0.0,0.0,0.5986,0.0,130.74,0.0,0.0,0.0,6660,59200000000
073190,듀오백,-17.82,-13.51,0.0,-13.38,-11.61,-42.23,31.91,178.07,178.07,75.81,-18.31,-30.19,0.0,0.0,31570718625.0,1.1634,0.0,0.0,0.7293,0.0,0.0,0.0,0.0,0.0,1925,23024044389
073240,금호타이어,-6.22,-1.65,0.0,0.65,-2.18,231.36,277.24,75.33,75.33,26.51,36.83,155.72,0.0,0.0,3559158461842.0,0.7581,0.0,0.0,0.2244,0.0,183.66,0.0,0.0,0.0,2780,798570108695
073490,LIG아큐버,10.28,7.25,0.0,10.79,10.12,143.4,41.68,261.11,261.11,70.58,46.53,6.82,0.0,0.0,132854144114.0,0.7163,0.0,0.0,1.946,0.0,21.83,0.0,0.0,0.0,34000,258534653465
073540,에프알텍,14.34,7.14,0.0,-24.06,43.19,-44.86,100.75,170.12,170.12,49.81,-13.75,-47.43,0.0,0.0,18648483465.0,0.1654,0.0,0.0,1.7508,0.0,0.0,0.0,0.0,0.0,2860,32648988764
073560,우리손에프앤지,10.12,5.55,0.0,9.93,9.24,284.73,82.2,113.75,113.75,54.89,13.01,-25.03,0.0,0.0,286864964322.0,0.6011,0.0,0.0,0.4331,0.0,11.92,0.0,0.0,0.0,1795,124232894736
073570,리튬포어스,48.19,36.2,0.0,-18.1,432.37,-37.5,33.11,72.68,72.68,75.12,15.69,30.21,0.0,0.0,20721222981.0,0.0837,0.0,0.0,8.5722,0.0,0.0,0.0,0.0,0.0,14750,177626918536
073640,테라사이언스,35.94,26.49,0.0,-4.03,126.0,-9.19,35.67,305.95,305.95,73.71,3.72,56.74,0.0,0.0,22809072889.0,0.2103,0.0,0.0,9.4888,0.0,0.0,0.0,0.0,0.0,1860,216431192660
074430,아미노로직스,-14.17,-13.1,0.0,25.73,-26.64,70.35,8.13,1270.75,1270.75,92.48,19.64,71.41,0.0,0.0,27336928096.0,0.4918,0.0,0.0,5.9022,0.0,23.53,0.0,0.0,0.0,1830,161347940403
074600,원익QnC,12.39,4.57,0.0,14.7,7.44,1151.27,171.18,145.44,145.44,36.88,25.49,32.71,0.0,0.0,783178805875.0,0.6146,0.0,0.0,0.7855,0.0,12.33,0.0,0.0,0.0,23400,615174857142
074610,이엔플러스,-55.96,-30.13,0.0,-48.99,-134.81,-131.75,85.73,104.41,104.41,53.84,-51.45,-587.49,0.0,0.0,26895279587.0,0.2235,0.0,0.0,1.5402,0.0,0.0,0.0,0.0,0.0,4725,41424657534
075130,플랜티넷,-2.21,-1.87,0.0,3.15,-5.35,10.06,18.16,387.78,387.78,84.63,11.8,73.22,0.0,0.0,31926438817.0,0.3493,0.0,0.0,1.2026,0.0,52.15,0.0,0.0,0.0,2380,38394339622
075180,새론오토모티브,-2.59,-2.32,0.0,-2.24,-4.31,-30.96,11.41,661.66,661.66,89.76,8.18,-1049.2,0.0,0.0,138037550411.0,0.5388,0.0,0.0,0.7033,0.0,0.0,0.0,0.0,0.0,5060,97076400679
075580,세진중공업,6.38,2.42,0.0,6.07,3.26,249.0,163.61,62.95,62.95,37.94,63.77,570.2,0.0,0.0,410053666579.0,0.7431,0.0,0.0,0.714,0.0,25.51,0.0,0.0,0.0,5150,292776011560
075970,동국알앤에스,4.77,3.0,0.0,3.56,3.33,42.06,59.26,166.08,166.08,62.79,13.48,51.82,0.0,0.0,118181742675.0,0.9,0.0,0.0,0.4977,0.0,25.6,0.0,0.0,0.0,3195,58823455233
076080,웰크론한텍,-3.99,-1.28,0.0,0.41,-0.79,13.51,210.39,115.83,115.83,32.22,21.39,640.74,0.0,0.0,326740331841.0,1.6261,0.0,0.0,0.335,0.0,181.81,0.0,0.0,0.0,4840,109460490463
076610,해성옵틱스,-47.57,-22.34,0.0,-3.13,-10.61,-51.19,112.96,96.67,96.67,46.96,16.3,55.27,0.0,0.0,163806220242.0,2.1058,0.0,0.0,0.1663,0.0,0.0,0.0,0.0,0.0,460,27241009946
077360,덕산하이메탈,2.01,1.68,0.0,-1.59,3.56,-27.35,19.54,224.14,224.14,83.66,84.97,-145.64,0.0,0.0,171513497434.0,0.4718,0.0,0.0,1.2688,0.0,0.0,0.0,0.0,0.0,4790,217622596153
077500,유니퀘스트,12.67,7.22,0.0,5.53,5.96,409.13,75.58,153.03,153.03,56.96,25.12,66.66,0.0,0.0,739459798297.0,1.2108,0.0,0.0,0.241,0.0,10.78,0.0,0.0,0.0,8250,178179245283
077970,STX엔진,-10.25,-3.13,0.0,-1.62,-4.9,-88.16,227.92,86.77,86.77,30.5,10.25,-341.93,0.0,0.0,544021000000.0,0.6375,0.0,0.0,0.9926,0.0,0.0,0.0,0.0,0.0,13450,539990600000
078000,텔코웨어,3.47,2.93,0.0,6.71,9.09,28.55,18.43,493.91,493.91,84.44,22.25,147.35,0.0,0.0,42568934878.0,0.3223,0.0,0.0,1.9,0.0,35.52,0.0,0.0,0.0,8750,80879080118
078070,유비쿼스홀딩스,8.28,7.34,0.0,18.08,17.67,274.09,12.8,777.65,777.65,88.66,0.39,-16.75,0.0,0.0,151583235829.0,0.4154,0.0,0.0,1.8515,0.0,11.75,0.0,0.0,0.0,16450,280650975889
078130,국일제지,-37.83,-14.16,0.0,-9.82,-16.48,-110.5,167.1,79.34,79.34,37.44,17.86,-76.11,0.0,0.0,112499512605.0,0.8595,0.0,0.0,2.2247,0.0,0.0,0.0,0.0,0.0,2220,250277094972
078140,대봉엘에스,7.95,6.34,0.0,8.74,12.61,81.74,25.39,373.77,373.77,79.75,12.71,-15.6,0.0,0.0,93504353114.0,0.5023,0.0,0.0,0.9477,0.0,15.45,0.0,0.0,0.0,7990,88616363636
078150,HB테크놀러지,13.19,8.8,0.0,4.63,18.38,68.59,49.93,119.03,119.03,66.7,-6.82,130.55,0.0,0.0,148054514258.0,0.4788,0.0,0.0,1.231,0.0,41.58,0.0,0.0,0.0,1920,182254317111
078160,메디포스트,1.15,0.53,0.0,-27.13,3.28,-174.16,117.87,98.2,98.2,45.9,17.03,-234.24,0.0,0.0,64200627638.0,0.1614,0.0,0.0,9.0993,0.0,0.0,0.0,0.0,0.0,14900,584179888268
078350,한양디지텍,30.51,15.91,0.0,10.9,7.67,528.23,91.82,119.19,119.19,52.13,59.78,75.98,0.0,0.0,484769790412.0,2.0739,0.0,0.0,0.382,0.0,5.62,0.0,0.0,0.0,12150,185199029126
078520,에이블씨엔씨,0.93,0.55,0.0,4.02,0.43,99.76,68.37,201.58,201.58,59.39,-5.73,144.58,0.0,0.0,247873188440.0,1.2683,0.0,0.0,0.5499,0.0,21.62,0.0,0.0,0.0,5240,136296824167
078590,휴림에이텍,28.05,22.11,0.0,5.95,22.36,25.89,26.88,464.9,464.9,78.82,2.18,87.89,0.0,0.0,43538763389.0,0.989,0.0,0.0,0.5458,0.0,12.78,0.0,0.0,0.0,2380,23761300813
078600,대주전자재료,0.66,0.24,0.0,6.88,0.46,119.71,171.68,65.34,65.34,36.81,-12.38,-31.97,0.0,0.0,174098407326.0,0.531,0.0,0.0,6.4043,0.0,110.45,0.0,0.0,0.0,71000,1114977223427
078650,지나인제약,118.12,-729.63,0.0,-1135.82,-5683.53,-77.18,-116.19,7.12,7.12,-617.72,-97.15,64.59,0.0,0.0,679488812.0,0.1284,0.0,0.0,0.0,0.0,0.0,0.0,0.0,0.0,0,0
078860,아이오케이이엔엠,-59.41,-43.03,0.0,-57.01,-307.87,-108.14,38.06,87.01,87.01,72.43,-11.34,-29.65,0.0,0.0,18966224254.0,0.1398,0.0,0.0,0.1326,0.0,0.0,0.0,0.0,0.0,408,2514418604
078890,가온그룹,5.86,2.55,0.0,2.35,1.8,143.55,129.76,180.33,180.33,43.52,14.65,-49.42,0.0,0.0,611235272392.0,1.4145,0.0,0.0,0.2313,0.0,26.85,0.0,0.0,0.0,7670,141382488479
078930,GS,15.06,7.32,0.0,17.39,8.63,50051.27,105.74,91.59,91.59,48.6,42.71,88.78,0.0,0.0,28777048000000.0,0.8483,0.0,0.0,0.1414,0.0,4.3,0.0,0.0,0.0,43800,4068816679779
078940,퀀타피아,-47.45,-25.55,0.0,-280.67,-254.46,-122.4,85.7,105.07,105.07,53.85,-67.4,-178.77,0.0,0.0,4360977295.0,0.1004,0.0,0.0,0.0,0.0,0.0,0.0,0.0,0.0,0,0
079000,와토스코리아,6.82,6.41,0.0,0.7,27.23,1.37,6.31,1835.99,1835.99,94.07,-2.58,-66.21,0.0,0.0,19511073058.0,0.2356,0.0,0.0,1.9489,0.0,313.84,0.0,0.0,0.0,5290,38025916870
079160,CJ CGV,-54.57,-5.96,0.0,-5.99,-16.74,-767.66,816.2,55.12,55.12,10.91,74.02,68.21,0.0,0.0,1281306043785.0,0.3558,0.0,0.0,2.1905,0.0,0.0,0.0,0.0,0.0,16950,2806720588235
079170,한창산업,9.9,8.15,0.0,7.16,6.16,71.07,21.45,795.66,795.66,82.34,34.66,118.99,0.0,0.0,99300011205.0,1.3229,0.0,0.0,0.4597,0.0,8.29,0.0,0.0,0.0,8780,45643868739
079190,케스피온,-70.41,-21.02,0.0,-6.81,-19.54,-37.83,234.98,79.6,79.6,29.85,42.68,6.38,0.0,0.0,55573936751.0,1.0758,0.0,0.0,0.202,0.0,0.0,0.0,0.0,0.0,1175,11225446428
079370,제우스,12.61,5.75,0.0,9.1,6.92,462.99,119.32,166.54,166.54,45.6,27.01,85.84,0.0,0.0,509015893148.0,0.8314,0.0,0.0,1.5691,0.0,24.45,0.0,0.0,0.0,25750,798699127906
079430,현대리바트,-11.58,-5.94,0.0,-1.87,-3.39,-278.95,94.78,120.56,120.56,51.34,6.33,-237.82,0.0,0.0,1495701107465.0,1.7511,0.0,0.0,0.1155,0.0,0.0,0.0,0.0,0.0,8590,172795529801
079550,LIG디펜스앤에어로스페이스,13.15,4.08,0.0,8.07,5.54,1791.12,222.16,95.97,95.97,31.04,21.87,84.27,0.0,0.0,2220751868438.0,0.7371,0.0,0.0,0.9134,0.0,22.92,0.0,0.0,0.0,92200,2028400000000
079650,서산,1.2,1.13,0.0,-1.0,2.56,-4.91,6.56,1167.71,1167.71,93.84,-12.34,-111.01,0.0,0.0,49163419144.0,0.4404,0.0,0.0,0.7729,0.0,0.0,0.0,0.0,0.0,1900,38000000000
079810,APS이노베이션,-23.77,-6.26,0.0,-9.05,-11.11,-45.38,279.71,85.57,85.57,26.34,18.69,-480.88,0.0,0.0,50156594629.0,0.5632,0.0,0.0,4.1151,0.0,0.0,0.0,0.0,0.0,9590,206398950131
079940,가비아,17.14,11.29,0.0,17.23,17.39,412.06,51.81,278.94,278.94,65.87,19.9,22.53,0.0,0.0,239153945319.0,0.6493,0.0,0.0,0.5696,0.0,6.36,0.0,0.0,0.0,10150,136210769230
079950,인베니아,-1.93,-0.89,0.0,-22.31,-1.78,-126.84,116.72,110.96,110.96,46.14,-57.67,-236.72,0.0,0.0,56861987347.0,0.5002,0.0,0.0,0.3593,0.0,0.0,0.0,0.0,0.0,1485,20430184804
079960,동양이엔피,8.24,5.95,0.0,4.96,4.1,277.51,38.56,270.37,270.37,72.17,7.78,87.29,0.0,0.0,559811298016.0,1.4498,0.0,0.0,0.2023,0.0,7.95,0.0,0.0,0.0,15000,113241758241
079970,투비소프트,-34.83,-14.91,0.0,-8.85,-36.24,-38.24,133.64,150.71,150.71,42.8,14.34,40.41,0.0,0.0,43214170891.0,0.4114,0.0,0.0,0.2685,0.0,0.0,0.0,0.0,0.0,910,11604026845
079980,휴비스,-21.37,-10.26,0.0,-8.12,-7.97,-830.09,108.19,96.75,96.75,48.03,-5.62,-1378.92,0.0,0.0,1021725981973.0,1.2872,0.0,0.0,0.1649,0.0,0.0,0.0,0.0,0.0,4885,168448275862
080000,에스엔유프리시젼,5.54,4.09,0.0,5.32,6.08,66.19,35.41,264.82,264.82,73.85,9.12,7.98,0.0,0.0,124441676661.0,0.6733,0.0,0.0,0.0,0.0,0.0,0.0,0.0,0.0,0,0
080010,이상네트웍스,9.48,7.26,0.0,19.01,17.04,133.02,30.48,243.42,243.42,76.64,22.41,32.02,0.0,0.0,69962205388.0,0.4262,0.0,0.0,0.7278,0.0,6.71,0.0,0.0,0.0,5180,50916272965
080160,모두투어,-13.53,-4.45,0.0,-34.22,-25.21,-163.45,203.89,61.88,61.88,32.91,247.12,29.96,0.0,0.0,47764852619.0,0.1766,0.0,0.0,6.747,0.0,0.0,0.0,0.0,0.0,17050,322267937219
080220,제주반도체,17.31,14.04,0.0,16.12,14.12,282.16,23.33,404.11,404.11,81.08,-9.46,40.67,0.0,0.0,175023554084.0,0.9945,0.0,0.0,0.7045,0.0,5.55,0.0,0.0,0.0,3580,123303989769
080420,모다이노칩,-0.1,-0.04,0.0,5.63,-0.09,231.51,166.34,68.11,68.11,37.55,2.95,-23.22,0.0,0.0,411288014985.0,0.4082,0.0,0.0,0.5698,0.0,37.31,0.0,0.0,0.0,2940,234350391330
080470,성창오토텍,5.28,2.08,0.0,3.76,1.4,69.55,153.3,103.33,103.33,39.48,27.81,54.86,0.0,0.0,184784543631.0,1.4917,0.0,0.0,0.2717,0.0,18.0,0.0,0.0,0.0,6890,50198571428
080520,오디텍,-3.28,-2.99,0.0,-8.35,-10.04,-33.72,9.79,584.1,584.1,91.08,-13.88,-227.97,0.0,0.0,40389289878.0,0.2979,0.0,0.0,1.2283,0.0,0.0,0.0,0.0,0.0,4385,49611313868
080530,코디,-53.66,-21.61,0.0,-9.42,-23.47,-52.0,148.32,61.14,61.14,40.27,12.08,-138.32,0.0,0.0,55200192117.0,0.9208,0.0,0.0,0.2683,0.0,0.0,0.0,0.0,0.0,1340,14809072164
080580,오킨스전자,9.12,3.64,0.0,4.07,4.69,26.09,150.38,90.22,90.22,39.94,8.22,1.14,0.0,0.0,64176500340.0,0.7773,0.0,0.0,6.0468,0.0,167.73,0.0,0.0,0.0,18400,388064761904
080720,한국유니온제약,-1.92,-0.83,0.0,2.07,-1.52,12.71,131.47,92.5,92.5,43.2,26.89,111.98,0.0,0.0,61293490389.0,0.5447,0.0,0.0,2.304,0.0,161.34,0.0,0.0,0.0,7120,141218257261
081000,일진다이아,-0.73,-0.64,0.0,1.75,-2.06,32.72,13.51,1068.15,1068.15,88.1,-0.44,-64.02,0.0,0.0,186836814030.0,0.3118,0.0,0.0,1.262,0.0,93.86,0.0,0.0,0.0,16600,235780241935
081150,티플랙스,9.85,6.58,0.0,8.26,6.07,212.95,49.74,192.54,192.54,66.78,35.98,26.59,0.0,0.0,257740285760.0,1.0833,0.0,0.0,0.3533,0.0,7.99,0.0,0.0,0.0,3750,91071428571
081580,성우전자,3.01,2.06,0.0,1.69,1.99,28.05,46.29,206.14,206.14,68.36,15.56,186.07,0.0,0.0,165924786547.0,1.0353,0.0,0.0,0.2415,0.0,32.37,0.0,0.0,0.0,2585,40073144104
081660,미스토홀딩스,18.16,9.7,0.0,10.31,11.07,4350.72,87.29,209.88,209.88,53.39,11.28,-11.72,0.0,0.0,4221750126628.0,0.8756,0.0,0.0,0.4181,0.0,9.22,0.0,0.0,0.0,33250,1765308841099
082210,옵트론텍,-257.13,-28.77,0.0,-24.52,-39.24,-489.07,793.73,34.71,34.71,11.19,-0.7,-873.24,0.0,0.0,199490325328.0,0.7333,0.0,0.0,0.6427,0.0,0.0,0.0,0.0,0.0,3665,128210247349
082270,젬백스,0.0,-12.97,0.0,-5.2,-25.86,-39.45,0.0,380.02,380.02,0.0,25.56,-8.74,0.0,0.0,75804115614.0,0.5015,0.0,0.0,6.9202,0.0,0.0,0.0,0.0,0.0,11850,524576719576
082660,코스나인,-46.03,-22.36,0.0,-85.5,-119.67,-76.94,105.88,69.13,69.13,48.57,-28.27,-46.18,0.0,0.0,8998368517.0,0.1868,0.0,0.0,6.6733,0.0,0.0,0.0,0.0,0.0,603,60048750000
082740,한화엔진,-18.17,-4.21,0.0,-3.86,-5.27,-295.34,331.46,94.45,94.45,23.18,27.59,25.75,0.0,0.0,764242847008.0,0.7992,0.0,0.0,0.8102,0.0,0.0,0.0,0.0,0.0,7420,619182971548
082800,비보존 제약,-37.07,-20.97,0.0,-31.39,-66.42,-185.42,76.76,61.12,61.12,56.58,2.62,-5.37,0.0,0.0,59067279099.0,0.3157,0.0,0.0,0.6548,0.0,0.0,0.0,0.0,0.0,637,38675678092
082850,우리바이오,11.08,4.5,0.0,2.54,1.85,343.83,146.52,135.71,135.71,40.56,-12.2,-19.73,0.0,0.0,1355056482797.0,2.4243,0.0,0.0,0.1074,0.0,13.89,0.0,0.0,0.0,3000,145484949832
082920,비츠로셀,12.45,9.74,0.0,20.45,16.39,288.25,27.72,295.92,295.92,78.3,24.49,65.45,0.0,0.0,140980940372.0,0.5944,0.0,0.0,4.0823,0.0,21.75,0.0,0.0,0.0,12750,575529069767
083310,엘오티베큠,10.44,6.82,0.0,7.97,5.9,298.2,53.02,190.68,190.68,65.35,44.15,13.12,0.0,0.0,374197462933.0,1.1561,0.0,0.0,0.538,0.0,10.51,0.0,0.0,0.0,11300,201302395209
083420,그린케미칼,2.34,1.46,0.0,5.3,0.88,172.2,60.56,137.8,137.8,62.28,13.52,-17.41,0.0,0.0,324927356354.0,1.6524,0.0,0.0,0.7066,0.0,17.64,0.0,0.0,0.0,9570,229602036659
083450,GST,23.64,18.9,0.0,18.2,15.22,569.41,25.07,413.59,413.59,79.95,2.75,22.7,0.0,0.0,312847806399.0,1.2423,0.0,0.0,1.1546,0.0,7.23,0.0,0.0,0.0,19600,361225339366
083470,이엠앤아이,-0.98,-0.62,0.0,2.0,-0.36,6.89,56.98,207.57,207.57,63.7,43.29,215.47,0.0,0.0,34472979660.0,1.759,0.0,0.0,3.231,0.0,172.08,0.0,0.0,0.0,5210,111382617382
083500,에프엔에스테크,6.33,4.38,0.0,8.6,5.99,58.16,44.35,177.05,177.05,69.27,2.35,146.81,0.0,0.0,67642003556.0,0.7323,0.0,0.0,0.8526,0.0,14.8,0.0,0.0,0.0,6940,57674614065
083550,케이엠,5.78,4.16,0.0,4.56,5.07,69.16,38.91,221.57,221.57,71.99,5.87,-16.86,0.0,0.0,151648508473.0,0.8208,0.0,0.0,0.5455,0.0,19.45,0.0,0.0,0.0,6110,82731677018
083640,인콘,3.31,2.77,0.0,1.92,6.42,10.61,19.45,412.29,412.29,83.72,-2.08,132.48,0.0,0.0,55309108266.0,0.4312,0.0,0.0,0.4553,0.0,43.43,0.0,0.0,0.0,1095,25183992640
083650,비에이치아이,-38.59,-4.25,0.0,2.46,-5.79,81.08,807.12,65.26,65.26,11.02,40.58,126.49,0.0,0.0,330197109400.0,0.7348,0.0,0.0,0.6082,0.0,74.08,0.0,0.0,0.0,6490,200828296178
083660,CSA 코스믹,-420.48,-35.39,0.0,-15.14,-20.02,-92.66,1088.26,89.06,89.06,8.42,1.5,-563.36,0.0,0.0,61199059267.0,1.7675,0.0,0.0,0.2278,0.0,0.0,0.0,0.0,0.0,980,13943089430
083790,CG인바이츠,-13.22,-7.93,0.0,-62.28,-66.17,-240.68,66.79,122.29,122.29,59.96,-8.81,-376.59,0.0,0.0,38642040604.0,0.1198,0.0,0.0,6.9657,0.0,0.0,0.0,0.0,0.0,3500,269168591224
083930,아바코,10.73,6.5,0.0,6.25,8.33,135.71,64.94,181.0,181.0,60.63,20.83,38.33,0.0,0.0,217264065504.0,0.7803,0.0,0.0,0.8649,0.0,21.92,0.0,0.0,0.0,12800,187914893617
084010,대한제강,17.23,11.27,0.0,10.06,6.43,2153.8,52.86,191.02,191.02,65.42,5.48,6.73,0.0,0.0,2141616301745.0,1.7547,0.0,0.0,0.1741,0.0,3.69,0.0,0.0,0.0,10850,372889344262
084110,휴온스글로벌,-4.26,-2.69,0.0,13.02,-5.04,864.76,58.18,166.29,166.29,63.22,15.61,16.38,0.0,0.0,664364718200.0,0.5344,0.0,0.0,0.3573,0.0,8.03,0.0,0.0,0.0,18750,237380038387
084180,수성웹툰,0.0,0.0,0.0,-8.26,0.0,-43.22,97.03,105.15,105.15,50.75,45.63,-802.03,0.0,0.0,52344332244.0,0.5299,0.0,0.0,0.5382,0.0,0.0,0.0,0.0,0.0,1565,28170000000
084370,유진테크,12.29,9.81,0.0,17.27,13.71,536.41,25.18,383.27,383.27,79.88,-4.3,-27.43,0.0,0.0,310632917779.0,0.7157,0.0,0.0,1.634,0.0,11.09,0.0,0.0,0.0,22150,507588934733
084670,동양고속,-17.0,-7.73,0.0,-10.74,-12.25,-112.17,119.95,22.7,22.7,45.46,28.65,49.07,0.0,0.0,104429014786.0,0.631,0.0,0.0,0.3842,0.0,0.0,0.0,0.0,0.0,13850,40121031746
084680,이월드,2.29,1.3,0.0,11.55,4.45,146.1,75.24,37.83,37.83,57.06,0.54,655.35,0.0,0.0,126461962948.0,0.2929,0.0,0.0,1.6926,0.0,27.34,0.0,0.0,0.0,1510,214054945054
084690,대상홀딩스,5.02,1.94,0.0,2.75,1.49,1438.09,158.2,159.95,159.95,38.73,24.27,-11.79,0.0,0.0,5226659820074.0,1.3017,0.0,0.0,0.0536,0.0,19.06,0.0,0.0,0.0,7740,280297882938
084730,팅크웨어,2.45,1.3,0.0,1.33,1.34,44.62,88.55,173.6,173.6,53.04,49.39,-64.25,0.0,0.0,336709080088.0,0.9676,0.0,0.0,0.4188,0.0,68.23,0.0,0.0,0.0,12700,141004531722
084850,아이티엠반도체,-10.79,-3.26,0.0,-2.55,-3.37,-161.57,231.05,66.41,66.41,30.21,23.6,-401.13,0.0,0.0,633477432853.0,0.9675,0.0,0.0,0.9381,0.0,0.0,0.0,0.0,0.0,26200,594256983240
084870,티비에이치글로벌,8.19,4.39,0.0,0.96,2.43,19.58,86.65,180.41,180.41,53.58,7.98,-63.32,0.0,0.0,203091521251.0,1.808,0.0,0.0,0.1654,0.0,43.79,0.0,0.0,0.0,1640,33584347826
084990,헬릭스미스,-19.89,-16.95,0.0,-1878.09,-1538.24,-525.79,17.36,328.99,328.99,85.21,20.87,-8.37,0.0,0.0,2799607474.0,0.011,0.0,0.0,173.7104,0.0,0.0,0.0,0.0,0.0,10550,486320967741
085310,엔케이,8.33,5.75,0.0,1.13,13.93,8.7,44.85,209.21,209.21,69.04,10.99,-54.91,0.0,0.0,76687877838.0,0.4129,0.0,0.0,0.0841,0.0,73.49,0.0,0.0,0.0,870,6450641025
085370,루트로닉,28.08,20.76,0.0,20.97,17.11,553.97,35.24,326.54,326.54,73.94,52.12,85.98,0.0,0.0,264153517211.0,1.213,0.0,0.0,0.0,0.0,0.0,0.0,0.0,0.0,0,0
085660,차바이오텍,-10.68,-4.33,0.0,-5.57,-8.25,-470.76,146.5,108.9,108.9,40.57,16.1,-710.35,0.0,0.0,844582867317.0,0.5256,0.0,0.0,1.4311,0.0,0.0,0.0,0.0,0.0,13000,1208661710037
085670,뉴프렉스,21.59,8.23,0.0,6.88,5.54,178.99,162.28,76.51,76.51,38.13,51.63,1065.31,0.0,0.0,260296708056.0,1.4865,0.0,0.0,0.6992,0.0,16.22,0.0,0.0,0.0,7430,182004297520
085810,알티캐스트,-38.51,-25.92,0.0,0.0,0.0,-88.89,48.58,77.85,77.85,67.3,0.0,-422.96,0.0,0.0,0.0,0.0,0.0,0.0,0.0,0.0,0.0,0.0,0.0,0.0,1760,24861683343
085910,네오티스,8.62,4.64,0.0,14.53,8.36,116.82,85.76,116.74,116.74,53.83,21.81,21.04,0.0,0.0,80372128697.0,0.5552,0.0,0.0,0.7921,0.0,11.17,0.0,0.0,0.0,4615,63664759036
086040,바이오톡스텍,3.41,1.2,0.0,2.15,4.05,8.0,183.32,82.53,82.53,35.3,13.98,-82.73,0.0,0.0,37291741895.0,0.2967,0.0,0.0,3.4837,0.0,264.04,0.0,0.0,0.0,8140,129914400000
086060,진바이오텍,3.33,2.38,0.0,2.02,1.84,16.7,40.05,290.64,290.64,71.4,31.75,902.55,0.0,0.0,82758506105.0,1.2923,0.0,0.0,0.4152,0.0,31.53,0.0,0.0,0.0,3990,34358333333
086220,광동헬스바이오,3.97,1.26,0.0,2.45,1.1,15.65,216.4,57.81,57.81,31.61,10.63,84.49,0.0,0.0,63917218053.0,1.1448,0.0,0.0,0.0,0.0,0.0,0.0,0.0,0.0,2195,0
086250,화신테크,-28.44,-13.48,0.0,-12455.22,-26888.76,-23.83,111.0,199.6,199.6,47.39,-98.66,33.1,0.0,0.0,19133000.0,0.0005,0.0,0.0,0.0,0.0,0.0,0.0,0.0,0.0,0,0
086280,현대글로비스,17.34,8.6,0.0,6.67,4.42,17985.17,101.72,188.36,188.36,49.57,23.89,59.69,0.0,0.0,26981880971123.0,1.9442,0.0,0.0,0.4545,0.0,10.71,0.0,0.0,0.0,163500,12262500000000
086390,유니테스트,-4.34,-3.28,0.0,-4.84,-5.02,-59.92,32.52,317.61,317.61,75.46,8.03,33.79,0.0,0.0,123779966545.0,0.6525,0.0,0.0,1.7929,0.0,0.0,0.0,0.0,0.0,10500,221923076923
086450,동국제약,10.31,7.13,0.0,10.98,8.28,726.54,44.68,194.08,194.08,69.12,11.35,14.92,0.0,0.0,661647492300.0,0.8612,0.0,0.0,1.1348,0.0,13.6,0.0,0.0,0.0,16600,750842247191
086520,에코프로,8.75,4.13,0.0,10.87,3.91,6132.26,111.98,151.85,151.85,47.17,274.94,613.41,0.0,0.0,5639741327318.0,1.055,0.0,0.0,2.4797,0.0,27.41,0.0,0.0,0.0,103000,13984985761226
086670,비엠티,14.02,6.27,0.0,16.21,10.5,230.31,123.67,156.81,156.81,44.71,31.63,398.67,0.0,0.0,142089682435.0,0.5973,0.0,0.0,1.0406,0.0,12.13,0.0,0.0,0.0,14900,147857900943
086710,선진뷰티사이언스,30.07,14.83,0.0,8.27,31.25,53.21,102.75,174.29,174.29,49.32,32.09,43.73,0.0,0.0,64332226652.0,0.4745,0.0,0.0,1.276,0.0,28.34,0.0,0.0,0.0,6730,82087515605
086820,바이오솔루션,-18.47,-8.82,0.0,-52.36,-80.06,-52.89,109.55,172.64,172.64,47.72,-14.41,-236.44,0.0,0.0,10101642600.0,0.1101,0.0,0.0,27.2009,0.0,0.0,0.0,0.0,0.0,10600,274773613193
086900,메디톡스,8.44,6.14,0.0,23.92,18.76,466.64,37.52,99.91,99.91,72.72,5.53,35.29,0.0,0.0,195096220132.0,0.3272,0.0,0.0,4.7888,0.0,23.51,0.0,0.0,0.0,128000,934269956458
086960,MDS테크,-6.63,-4.47,0.0,5.31,-4.64,81.54,48.28,245.71,245.71,67.44,2.8,60.48,0.0,0.0,153521746198.0,0.9627,0.0,0.0,2.0621,0.0,45.19,0.0,0.0,0.0,7440,316572000000
086980,쇼박스,-1.57,-1.3,0.0,-5.64,-3.75,-31.94,0.0,396.66,396.66,82.83,11.29,-265.99,0.0,0.0,56684307302.0,0.3474,0.0,0.0,4.0476,0.0,0.0,0.0,0.0,0.0,3675,229436724565
087010,펩트론,-28.36,-22.06,0.0,-261.9,-259.08,-152.27,28.55,216.15,216.15,77.79,-12.24,2.76,0.0,0.0,5813995537.0,0.0852,0.0,0.0,30.6805,0.0,0.0,0.0,0.0,0.0,7650,178376118995
087260,모바일어플라이언스,4.58,2.93,0.0,-1.37,4.02,-7.17,56.43,191.22,191.22,63.93,9.83,-131.27,0.0,0.0,52471269387.0,0.7282,0.0,0.0,1.716,0.0,0.0,0.0,0.0,0.0,2780,90040485829
087600,픽셀플러스,0.29,0.26,0.0,4.62,0.39,29.05,12.07,1047.61,1047.61,89.23,24.22,-13.29,0.0,0.0,62862344389.0,0.6623,0.0,0.0,1.0002,0.0,25.16,0.0,0.0,0.0,7690,62872962483
087730,이엠네트웍스,-66.48,-55.26,0.0,-4.34,-25.86,-4.77,20.31,1328.67,1328.67,83.12,-29.6,86.0,0.0,0.0,10983475349.0,2.1366,0.0,0.0,0.0,0.0,0.0,0.0,0.0,0.0,0,0
088130,동아엘텍,0.01,0.0,0.0,6.17,0.01,131.96,44.94,225.72,225.72,69.0,23.08,135.61,0.0,0.0,213773717730.0,0.6978,0.0,0.0,0.5261,0.0,15.72,0.0,0.0,0.0,6430,112466545454
088260,이리츠코크렙,3.86,1.35,0.0,77.0,43.04,166.86,186.76,487.12,487.12,34.87,1.59,1.98,0.0,0.0,21669192172.0,0.0313,0.0,0.0,15.1982,0.0,46.78,0.0,0.0,0.0,5200,329333333333
088290,이원컴포텍,-19.47,-9.85,0.0,3.57,-20.19,17.04,97.63,58.29,58.29,50.6,25.53,47.32,0.0,0.0,47777326424.0,0.4881,0.0,0.0,1.1826,0.0,61.53,0.0,0.0,0.0,7070,56502049180
088390,이녹스,5.93,4.52,0.0,26.91,16.96,216.43,31.0,138.89,138.89,76.34,7.03,-10.54,0.0,0.0,80422380010.0,0.2667,0.0,0.0,2.5668,0.0,12.83,0.0,0.0,0.0,22000,206426735218
088790,진도,4.39,3.54,0.0,9.61,7.21,60.94,24.02,315.08,315.08,80.63,7.56,61.39,0.0,0.0,63417016273.0,0.4908,0.0,0.0,0.5176,0.0,9.49,0.0,0.0,0.0,2635,32827446300
088800,에이스테크,-44.53,-7.96,0.0,-8.34,-12.56,-200.59,459.69,98.39,98.39,17.87,3.28,43.44,0.0,0.0,240405466099.0,0.6334,0.0,0.0,2.1007,0.0,0.0,0.0,0.0,0.0,6690,505008116883
088910,동우팜투테이블,8.34,5.63,0.0,3.54,4.8,119.31,48.21,187.34,187.34,67.47,13.92,539.14,0.0,0.0,336847473051.0,1.173,0.0,0.0,0.2062,0.0,13.65,0.0,0.0,0.0,2700,69447115384
089010,켐트로닉스,4.15,1.32,0.0,3.62,0.99,224.61,215.38,94.56,94.56,31.71,10.22,-41.72,0.0,0.0,620963393855.0,1.3225,0.0,0.0,0.3578,0.0,24.17,0.0,0.0,0.0,13250,222192307692
089030,테크윙,13.54,6.81,0.0,21.56,12.43,576.73,98.83,102.47,102.47,50.29,4.52,59.23,0.0,0.0,267491091324.0,0.5479,0.0,0.0,0.7813,0.0,7.83,0.0,0.0,0.0,5640,208987016129
089140,넥스턴앤롤코리아,-4.33,-2.34,0.0,-11.86,-16.17,-34.38,84.95,223.15,223.15,54.07,70.81,-43.88,0.0,0.0,28990439048.0,0.1448,0.0,0.0,0.8945,0.0,0.0,0.0,0.0,0.0,1695,25933093525
089150,케이씨티,1.94,1.26,0.0,7.53,4.64,10.96,54.25,25.12,25.12,64.83,5.72,178.02,0.0,0.0,14566711259.0,0.2716,0.0,0.0,3.7931,0.0,67.6,0.0,0.0,0.0,3220,55253431890
089230,THE E&M,-36.54,-21.7,0.0,-4.95,-48.49,-23.09,68.39,109.08,109.08,59.38,-13.51,-151.32,0.0,0.0,46601511930.0,0.4475,0.0,0.0,0.2666,0.0,0.0,0.0,0.0,0.0,315,12425000000
089470,HDC현대EP,3.32,1.73,0.0,1.95,1.0,203.87,92.47,191.74,191.74,51.96,21.65,-28.14,0.0,0.0,1045880003604.0,1.7335,0.0,0.0,0.1207,0.0,20.41,0.0,0.0,0.0,3955,126200000000
089530,에이티세미콘,-127.05,-93.65,0.0,-42.11,-537.08,-71.79,35.66,192.06,192.06,73.71,-2.88,24.77,0.0,0.0,17047250133.0,0.1744,0.0,0.0,0.0,0.0,0.0,0.0,0.0,0.0,0,0
089590,제주항공,-56.7,-10.45,0.0,-25.27,-24.75,-1775.02,442.57,65.98,65.98,18.43,157.25,44.03,0.0,0.0,702503275808.0,0.4223,0.0,0.0,1.7105,0.0,0.0,0.0,0.0,0.0,14900,1201645089285
089600,KT나스미디어,11.93,5.58,0.0,21.69,18.98,330.53,113.67,166.56,166.56,46.8,22.74,0.54,0.0,0.0,152393542122.0,0.2942,0.0,0.0,1.8981,0.0,17.09,0.0,0.0,0.0,25000,289256198347
089790,제이티,27.54,18.6,0.0,18.41,18.37,150.71,48.05,230.39,230.39,67.55,24.7,34.61,0.0,0.0,81858814170.0,1.0126,0.0,0.0,0.8586,0.0,6.4,0.0,0.0,0.0,6810,70285925925
089850,유비벨록스,1.32,0.64,0.0,3.29,0.63,147.83,107.04,150.59,150.59,48.3,38.99,-39.43,0.0,0.0,449332240723.0,1.0148,0.0,0.0,0.3868,0.0,27.24,0.0,0.0,0.0,11800,173802955665
089860,롯데렌탈,0.0,1.28,0.0,0.0,0.0,27389.4,0.0,47.79,47.79,0.0,0.0,13.06,0.0,0.0,0.0,0.0,0.0,0.0,0.0,0.0,0.37,0.0,0.0,0.0,27650,1003925659978
089890,코세스,13.15,10.58,0.0,11.72,10.81,85.46,24.3,272.32,272.32,80.45,-5.51,-38.28,0.0,0.0,72931360641.0,0.9787,0.0,0.0,2.2967,0.0,21.3,0.0,0.0,0.0,10100,167500639658
089970,브이엠,23.64,17.8,0.0,21.88,19.72,309.32,32.84,389.38,389.38,75.28,-20.59,-42.74,0.0,0.0,141385258259.0,0.9026,0.0,0.0,1.9738,0.0,10.27,0.0,0.0,0.0,10600,279070796460
089980,상아프론테크,4.01,2.21,0.0,7.12,4.1,129.06,81.61,118.29,118.29,55.06,1.5,7.85,0.0,0.0,181155503171.0,0.5392,0.0,0.0,2.3919,0.0,45.27,0.0,0.0,0.0,27100,433313984168
090080,평화산업,14.68,2.57,0.0,1.1,1.17,57.34,471.05,97.78,97.78,17.51,22.59,-3.08,0.0,0.0,519932246828.0,2.1975,0.0,0.0,0.1241,0.0,45.29,0.0,0.0,0.0,1175,64533678756
090120,잘만테크,8.95,6.04,0.0,-1.23,3.8,-4.46,48.2,365.11,365.11,67.48,1.21,-171.14,0.0,0.0,36304486483.0,1.589,0.0,0.0,0.0,0.0,0.0,0.0,0.0,0.0,0,0
090150,아이윈,-4.6,-2.02,0.0,2.39,-3.84,22.59,128.11,68.99,68.99,43.84,4.19,-9.27,0.0,0.0,94425491702.0,0.5254,0.0,0.0,0.0558,0.0,47.02,0.0,0.0,0.0,1260,5269090909
090350,노루페인트,3.27,1.73,0.0,3.47,1.53,261.0,89.46,141.81,141.81,52.78,3.05,2.25,0.0,0.0,753255209887.0,1.1273,0.0,0.0,0.2055,0.0,18.02,0.0,0.0,0.0,7740,154800000000
090360,로보스타,3.65,2.41,0.0,1.25,2.29,17.94,51.76,204.72,204.72,65.89,0.54,700.88,0.0,0.0,143240218469.0,1.0498,0.0,0.0,1.2694,0.0,127.27,0.0,0.0,0.0,18650,181825575447
090370,메타랩스,-5.26,-4.61,0.0,-9.03,-18.3,-20.47,14.11,334.03,334.03,87.64,-22.78,3.18,0.0,0.0,22659042216.0,0.2517,0.0,0.0,2.9419,0.0,0.0,0.0,0.0,0.0,2445,66661684782
090410,덕신이피씨,11.18,7.3,0.0,10.02,5.04,201.95,53.1,175.98,175.98,65.32,31.87,398.88,0.0,0.0,201608200221.0,1.4492,0.0,0.0,0.086,0.0,3.25,0.0,0.0,0.0,1880,17343504171
090430,아모레퍼시픽,2.7,2.23,0.0,5.18,3.13,2142.33,21.39,208.76,208.76,82.38,-14.97,-37.61,0.0,0.0,4134932512111.0,0.7127,0.0,0.0,1.9451,0.0,42.31,0.0,0.0,0.0,137500,8042722486413
090460,비에이치,24.34,13.96,0.0,7.81,8.37,1312.68,74.28,128.44,128.44,57.38,62.11,84.66,0.0,0.0,1681053919767.0,1.6688,0.0,0.0,0.4502,0.0,9.04,0.0,0.0,0.0,22450,756871640153
090470,제이스로보틱스,18.52,14.61,0.0,26.05,19.31,374.94,26.81,256.81,256.81,78.86,75.88,2625.97,0.0,0.0,143939697377.0,0.7563,0.0,0.0,0.9368,0.0,4.67,0.0,0.0,0.0,7720,134842666666
090710,휴림로봇,-14.75,-10.43,0.0,-13.46,-21.52,-74.68,41.42,172.71,172.71,70.71,103.08,-151.12,0.0,0.0,55474362631.0,0.4846,0.0,0.0,3.6961,0.0,0.0,0.0,0.0,0.0,1715,205040687022
090850,현대이지웰,16.49,7.51,0.0,16.46,13.49,185.14,119.44,127.54,127.54,45.57,16.51,16.19,0.0,0.0,112460358280.0,0.557,0.0,0.0,1.365,0.0,14.23,0.0,0.0,0.0,6830,153505940594
091120,이엠텍,12.53,7.96,0.0,8.16,7.92,339.35,57.49,304.39,304.39,63.5,3.9,-8.57,0.0,0.0,415827231872.0,1.0044,0.0,0.0,0.8877,0.0,15.33,0.0,0.0,0.0,21550,369119477911
091340,S&K폴리텍,-1.41,-0.65,0.0,0.06,-0.51,1.94,118.15,127.38,127.38,45.84,1.54,-97.13,0.0,0.0,336087453599.0,1.2621,0.0,0.0,0.125,0.0,962.1,0.0,0.0,0.0,3590,42017488789
091440,한울소재과학,-89.05,-33.52,0.0,-40.6,-65.1,-93.58,165.68,89.18,89.18,37.64,-33.38,-96.09,0.0,0.0,23045775227.0,0.5148,0.0,0.0,3.0278,0.0,0.0,0.0,0.0,0.0,2015,69778703703
091580,상신이디피,20.01,10.02,0.0,11.26,8.42,327.56,99.69,117.63,117.63,50.08,47.24,66.68,0.0,0.0,290811126688.0,1.1895,0.0,0.0,0.6828,0.0,9.79,0.0,0.0,0.0,14900,198558695652
091700,파트론,8.57,6.26,0.0,4.65,3.51,568.02,36.83,189.48,189.48,73.08,-6.91,-27.83,0.0,0.0,1221910786963.0,1.7822,0.0,0.0,0.3314,0.0,10.38,0.0,0.0,0.0,8100,405000000000
091810,트리니티항공,-199.78,-11.38,0.0,-19.77,-22.57,-1039.3,1654.96,58.5,58.5,5.7,145.26,29.93,0.0,0.0,525821186068.0,0.5044,0.0,0.0,0.4806,0.0,0.0,0.0,0.0,0.0,2475,252706176961
091970,LSK아이로봇,-61.14,-36.48,0.0,-4.87,-34.19,-24.45,67.6,140.01,140.01,59.67,6.58,76.68,0.0,0.0,50163614732.0,1.0669,0.0,0.0,0.2422,0.0,0.0,0.0,0.0,0.0,1610,12148004836
091990,셀트리온헬스케어,7.14,3.3,0.0,11.61,7.46,2288.87,116.05,190.46,190.46,46.28,9.29,14.77,0.0,0.0,1972188076381.0,0.4427,0.0,0.0,0.0,0.0,0.0,0.0,0.0,0.0,0,0
092040,아미코젠,-26.97,-10.66,0.0,-3.4,-31.73,-48.99,153.07,70.16,70.16,39.52,15.55,-6.19,0.0,0.0,144295727345.0,0.3358,0.0,0.0,9.501,0.0,0.0,0.0,0.0,0.0,19400,1370960334029
092070,디엔에프,3.68,3.04,0.0,12.06,4.29,163.06,20.78,275.2,275.2,82.8,6.39,46.39,0.0,0.0,135178646771.0,0.7094,0.0,0.0,1.1297,0.0,11.38,0.0,0.0,0.0,13200,152705882352
092130,이크레더블,33.86,27.68,0.0,40.92,33.23,192.87,22.31,494.42,494.42,81.76,3.12,5.84,0.0,0.0,47130065587.0,0.8332,0.0,0.0,4.1021,0.0,10.56,0.0,0.0,0.0,16050,193332066344
092190,서울바이오시스,-55.93,-12.39,0.0,-14.16,-21.35,-621.18,351.31,73.29,73.29,22.16,-10.21,-378.93,0.0,0.0,438791591285.0,0.5804,0.0,0.0,0.5237,0.0,0.0,0.0,0.0,0.0,5010,229776818181
092200,디아이씨,3.3,0.73,0.0,4.5,0.68,312.87,351.57,59.4,59.4,22.15,17.92,14.63,0.0,0.0,695890221570.0,1.0735,0.0,0.0,0.1884,0.0,20.32,0.0,0.0,0.0,3370,131079870129
092220,KEC,7.31,5.55,0.0,7.04,8.69,180.28,31.67,216.36,216.36,75.95,-4.23,-32.03,0.0,0.0,256171262590.0,0.6386,0.0,0.0,0.3064,0.0,9.71,0.0,0.0,0.0,1955,78478291814
092230,KPX홀딩스,2.74,2.06,0.0,4.48,3.02,555.29,32.75,184.98,184.98,75.33,0.14,2.56,0.0,0.0,1240447444718.0,0.6816,0.0,0.0,0.1839,0.0,12.19,0.0,0.0,0.0,54000,228104347826
092300,현우산업,5.05,2.3,0.0,3.97,2.22,83.25,119.58,111.28,111.28,45.54,13.88,102.1,0.0,0.0,209867814847.0,1.0362,0.0,0.0,0.4225,0.0,23.9,0.0,0.0,0.0,4400,88670476190
092440,기신정기,3.39,3.2,0.0,7.34,6.47,96.42,5.93,970.81,970.81,94.4,2.23,-15.09,0.0,0.0,131329892496.0,0.4955,0.0,0.0,0.7628,0.0,11.93,0.0,0.0,0.0,3430,100183168316
092460,한라IMS,8.3,4.51,0.0,8.94,8.18,88.15,84.07,123.3,123.3,54.33,74.52,5671.03,0.0,0.0,98637116561.0,0.5515,0.0,0.0,1.0042,0.0,20.5,0.0,0.0,0.0,5790,99048220436
092600,앤씨앤,-49.01,-31.63,0.0,-34.65,-39.22,-320.86,54.92,304.64,304.64,64.55,-19.26,-110.62,0.0,0.0,92593551509.0,0.8065,0.0,0.0,0.0827,0.0,0.0,0.0,0.0,0.0,1520,7661126005
092730,네오팜,11.97,10.96,0.0,25.21,20.02,214.39,9.24,999.27,999.27,91.54,-3.3,-4.42,0.0,0.0,85033138232.0,0.5474,0.0,0.0,3.619,0.0,14.97,0.0,0.0,0.0,19200,307736526946
092780,DYP,2.31,0.77,0.0,1.87,0.72,74.38,200.55,108.22,108.22,33.27,12.21,-27.89,0.0,0.0,397883097756.0,1.0631,0.0,0.0,0.1586,0.0,42.06,0.0,0.0,0.0,4795,63111195158
092870,엑시콘,10.51,8.97,0.0,11.25,16.69,102.52,17.15,350.82,350.82,85.36,37.73,63.23,0.0,0.0,91157419461.0,0.5374,0.0,0.0,1.3013,0.0,13.99,0.0,0.0,0.0,9090,118624500000
093050,LF,10.7,6.86,0.0,9.41,9.01,1851.61,55.96,181.18,181.18,64.12,9.78,16.55,0.0,0.0,1968540364635.0,0.7618,0.0,0.0,0.2362,0.0,7.52,0.0,0.0,0.0,15900,464895483870
093190,빅솔론,5.0,4.22,0.0,18.63,7.62,251.37,18.45,476.37,476.37,84.42,34.37,79.39,0.0,0.0,134893966814.0,0.5537,0.0,0.0,0.9984,0.0,6.87,0.0,0.0,0.0,7000,134678362573
093240,형지엘리트,11.93,7.4,0.0,2.87,5.89,39.4,61.24,245.57,245.57,62.02,1.47,1615.82,0.0,0.0,137271368719.0,1.2568,0.0,0.0,0.5867,0.0,30.97,0.0,0.0,0.0,1310,80538265306
093320,케이아이엔엑스,17.12,13.85,0.0,23.32,24.64,258.66,23.68,440.7,440.7,80.86,31.34,31.07,0.0,0.0,110928475556.0,0.5618,0.0,0.0,2.4021,0.0,11.76,0.0,0.0,0.0,54600,266457024793
093370,후성,27.07,12.04,0.0,17.26,18.42,1053.7,124.84,90.56,90.56,44.48,60.15,81.24,0.0,0.0,610564329261.0,0.6539,0.0,0.0,1.8797,0.0,15.81,0.0,0.0,0.0,10700,1147662604722
093380,풍강,6.28,4.88,0.0,3.61,5.21,30.12,28.73,261.72,261.72,77.68,8.62,-28.62,0.0,0.0,83422538833.0,0.935,0.0,0.0,0.4236,0.0,18.34,0.0,0.0,0.0,3580,35335064935
093520,매커스,23.82,7.76,0.0,16.23,11.48,314.52,206.94,142.36,142.36,32.58,37.69,20.88,0.0,0.0,193763490633.0,0.6762,0.0,0.0,0.4853,0.0,9.13,0.0,0.0,0.0,7900,94036431226
093640,케이알엠,-19.58,-14.5,0.0,1.43,-70.67,1.84,35.04,348.85,348.85,74.05,13.3,-75.03,0.0,0.0,12880116767.0,0.2052,0.0,0.0,12.0744,0.0,931.24,0.0,0.0,0.0,4735,155519365426
093920,서원인텍,11.73,9.7,0.0,7.12,7.32,225.6,20.92,477.8,477.8,82.7,9.79,67.67,0.0,0.0,316789922430.0,1.3251,0.0,0.0,0.3369,0.0,6.56,0.0,0.0,0.0,5740,106741810783
094170,동운아나텍,-39.75,-13.34,0.0,-12.48,-16.77,-62.6,198.0,180.28,180.28,33.56,-1.03,60.37,0.0,0.0,50138173079.0,0.7953,0.0,0.0,4.1247,0.0,0.0,0.0,0.0,0.0,9890,206803501400
094190,이엘케이,-52.86,175.82,0.0,-20.0,208.41,-7.66,-130.06,27.52,27.52,-332.64,-46.53,82.64,0.0,0.0,3828314863.0,0.8436,0.0,0.0,0.0,0.0,0.0,0.0,0.0,0.0,0,0
094280,효성 ITX,22.69,8.44,0.0,4.37,2.92,223.23,168.93,96.75,96.75,37.18,7.43,10.03,0.0,0.0,511266620347.0,2.8915,0.0,0.0,0.3063,0.0,11.99,0.0,0.0,0.0,13550,156622719734
094360,칩스앤미디어,23.74,15.8,0.0,30.31,41.35,73.03,50.28,219.72,219.72,66.54,20.59,40.46,0.0,0.0,24092742406.0,0.382,0.0,0.0,12.4978,0.0,44.12,0.0,0.0,0.0,14100,301107476635
094480,갤럭시아머니트리,4.71,1.6,0.0,7.66,4.82,85.98,193.67,133.66,133.66,34.05,18.87,9.19,0.0,0.0,112286441928.0,0.3322,0.0,0.0,1.4496,0.0,44.86,0.0,0.0,0.0,4150,162770695364
094820,일진파워,12.5,8.23,0.0,9.13,8.0,179.03,51.93,237.38,237.38,65.82,5.44,-4.82,0.0,0.0,196015491303.0,1.0286,0.0,0.0,0.9233,0.0,13.75,0.0,0.0,0.0,12000,180973526900
094840,슈프리마에이치큐,7.03,6.71,0.0,20.39,42.33,66.06,4.83,1537.67,1537.67,95.39,4.98,-0.93,0.0,0.0,32403093199.0,0.1584,0.0,0.0,1.634,0.0,9.44,0.0,0.0,0.0,5400,52945154019
094850,참좋은여행,-15.88,-11.11,0.0,0.0,0.0,-157.94,42.9,222.7,222.7,69.98,0.0,15.55,0.0,0.0,0.0,0.0,0.0,0.0,0.0,0.0,0.0,0.0,0.0,0.0,11000,153899082568
094860,네오리진,-6.24,-5.03,0.0,-6.47,-6.61,-23.74,24.12,295.93,295.93,80.57,77.73,3.3,0.0,0.0,36692244482.0,0.7608,0.0,0.0,0.8202,0.0,0.0,0.0,0.0,0.0,567,30095541401
094940,푸른로보틱스,0.59,0.45,0.0,3.0,0.56,10.24,30.24,427.93,427.93,76.78,10.55,1200.43,0.0,0.0,34082924527.0,0.8027,0.0,0.0,1.508,0.0,59.82,0.0,0.0,0.0,6150,51395734597
094970,제이엠티,28.42,21.27,0.0,22.08,32.47,200.07,33.62,313.71,313.71,74.84,14.16,22.42,0.0,0.0,90599833501.0,0.6549,0.0,0.0,0.5705,0.0,4.32,0.0,0.0,0.0,3085,51691622103
095190,신화프리텍,-11.76,-5.46,0.0,-2.39,-9.9,-22.85,115.43,98.44,98.44,46.42,-2.55,-140.26,0.0,0.0,95528614343.0,0.5513,0.0,0.0,2.0639,0.0,0.0,0.0,0.0,0.0,3020,197158958001
095270,웨이브일렉트로,-12.89,-9.23,0.0,-10.03,-14.97,-59.37,39.66,310.86,310.86,71.6,24.67,-690.18,0.0,0.0,59176828811.0,0.6169,0.0,0.0,1.0251,0.0,0.0,0.0,0.0,0.0,4220,60659231722
095340,ISC,16.39,12.26,0.0,31.24,24.56,558.82,33.73,198.74,198.74,74.78,23.64,48.95,0.0,0.0,178871264564.0,0.499,0.0,0.0,3.7151,0.0,13.51,0.0,0.0,0.0,31350,664527522123
095500,미래나노텍,-2.99,-1.47,0.0,1.98,-1.46,97.0,103.86,136.88,136.88,49.05,7.0,-58.97,0.0,0.0,490327663439.0,1.0048,0.0,0.0,0.9487,0.0,73.58,0.0,0.0,0.0,15000,465187239944
095570,AJ네트웍스,2.42,0.59,0.0,6.24,0.73,754.47,309.37,37.02,37.02,24.43,23.06,56.95,0.0,0.0,1208367577386.0,0.8157,0.0,0.0,0.2142,0.0,18.27,0.0,0.0,0.0,5720,258823529411
095610,테스,15.25,13.9,0.0,15.61,13.06,558.99,9.73,680.01,680.01,91.13,-4.58,-10.11,0.0,0.0,357991682573.0,1.0638,0.0,0.0,0.849,0.0,5.97,0.0,0.0,0.0,15700,303952000000
095660,네오위즈,2.88,2.36,0.0,6.64,4.48,195.59,22.09,290.31,290.31,81.91,12.77,-7.95,0.0,0.0,294567075580.0,0.5259,0.0,0.0,2.7144,0.0,46.06,0.0,0.0,0.0,36950,799563741721
095700,제넥신,-20.49,-14.62,0.0,-208.68,-352.13,-336.79,40.15,66.37,66.37,71.35,-56.18,-73.84,0.0,0.0,16139032166.0,0.0415,0.0,0.0,52.7868,0.0,0.0,0.0,0.0,0.0,18700,851928166351
095720,웅진씽크빅,0.85,0.39,0.0,2.95,0.33,275.52,116.7,114.27,114.27,46.15,14.67,2.85,0.0,0.0,933284596402.0,1.1802,0.0,0.0,0.1462,0.0,20.41,0.0,0.0,0.0,2400,136470588235
095910,에스에너지,-19.4,-6.34,0.0,-4.27,-10.62,-89.08,205.97,139.14,139.14,32.68,-15.19,51.83,0.0,0.0,208744895034.0,0.5972,0.0,0.0,0.5298,0.0,0.0,0.0,0.0,0.0,3040,110588976377
096040,이트론,-67.54,-26.21,0.0,-1.01,-64.2,-7.2,157.71,85.25,85.25,38.8,78.83,81.1,0.0,0.0,71563653517.0,0.4082,0.0,0.0,0.0,0.0,0.0,0.0,0.0,0.0,0,0
096240,크레버스,10.29,2.15,0.0,11.28,2.12,256.53,377.79,55.44,55.44,20.93,7.95,-17.76,0.0,0.0,227499581732.0,1.0149,0.0,0.0,0.8165,0.0,14.15,0.0,0.0,0.0,18150,185755568581
096350,대창솔루션,-27.04,-6.3,0.0,-8.99,-14.84,-47.41,329.07,40.51,40.51,23.31,7.15,42.33,0.0,0.0,52756099362.0,0.4248,0.0,0.0,0.2123,0.0,0.0,0.0,0.0,0.0,304,11198301486
096530,씨젠,15.86,13.12,0.0,23.02,21.37,1964.92,20.91,530.28,530.28,82.71,-37.73,-70.53,0.0,0.0,853561091243.0,0.6137,0.0,0.0,1.6643,0.0,8.45,0.0,0.0,0.0,27200,1420552380952
096610,알에프세미,-45.47,-17.74,0.0,-31.57,-41.29,-104.93,156.29,119.77,119.77,39.02,-9.64,4.85,0.0,0.0,33238398440.0,0.4296,0.0,0.0,1.2056,0.0,0.0,0.0,0.0,0.0,2310,40071428571
096630,에스코넥,5.74,1.63,0.0,2.91,1.35,58.23,251.7,92.14,92.14,28.43,10.48,164.94,0.0,0.0,200357859731.0,1.2065,0.0,0.0,0.0748,0.0,22.98,0.0,0.0,0.0,943,14993961218
096640,멜파스,-52.27,-28.43,0.0,-87.76,-140.45,-92.37,83.83,732.92,732.92,54.4,-56.15,-1095.28,0.0,0.0,10524579463.0,0.2025,0.0,0.0,0.0,0.0,0.0,0.0,0.0,0.0,0,0
096690,에이루트,4.17,3.12,0.0,0.53,9.42,3.47,33.69,264.03,264.03,74.8,41.4,107.25,0.0,0.0,64887675060.0,0.3308,0.0,0.0,0.0258,0.0,147.36,0.0,0.0,0.0,417,1677065217
096760,JW홀딩스,13.95,4.02,0.0,11.94,5.38,1032.57,247.35,71.02,71.02,28.79,9.58,50.24,0.0,0.0,864536430725.0,0.7468,0.0,0.0,0.2548,0.0,10.12,0.0,0.0,0.0,2980,220289104116
096770,SK이노베이션,8.15,2.82,0.0,5.02,2.43,39173.41,189.21,116.0,116.0,34.58,66.6,124.92,0.0,0.0,78056939448000.0,1.1612,0.0,0.0,0.3335,0.0,17.87,0.0,0.0,0.0,154000,26034098804780
096870,엘디티,12.68,11.37,0.0,12.65,16.66,14.84,11.47,803.62,803.62,89.71,-5.29,-20.2,0.0,0.0,11730311728.0,0.6827,0.0,0.0,2.4591,0.0,20.63,0.0,0.0,0.0,3460,28845788336
097230,HJ중공업,-13.03,-1.95,0.0,0.37,-2.81,66.25,566.95,100.85,100.85,14.99,4.78,106.08,0.0,0.0,1788163000000.0,0.6964,0.0,0.0,0.1977,0.0,382.83,0.0,0.0,0.0,3915,353513793103
097520,엠씨넥스,7.43,4.26,0.0,0.97,2.07,107.02,74.36,125.08,125.08,57.35,9.85,-55.18,0.0,0.0,1108637950325.0,2.0573,0.0,0.0,0.4379,0.0,66.84,0.0,0.0,0.0,27900,485513397129
097780,에코볼트,-26.92,-20.94,0.0,-5.68,-36.25,-98.84,28.53,252.3,252.3,77.81,54.47,49.83,0.0,0.0,174079044422.0,0.5778,0.0,0.0,0.1611,0.0,0.0,0.0,0.0,0.0,1380,28038095238
097800,윈팩,-2.06,-0.88,0.0,1.26,-1.03,19.24,134.46,40.78,40.78,42.65,50.47,129.85,0.0,0.0,152635430740.0,0.8549,0.0,0.0,0.2137,0.0,70.17,0.0,0.0,0.0,1195,32617866004
097870,효성오앤비,5.26,4.53,0.0,12.5,11.26,42.52,16.12,338.89,338.89,86.12,12.88,167.35,0.0,0.0,34026098710.0,0.4021,0.0,0.0,1.9406,0.0,18.29,0.0,0.0,0.0,7780,66032644178
097950,CJ제일제당,6.96,2.67,0.0,5.53,2.67,16647.08,160.33,100.1,100.1,38.41,14.42,9.2,0.0,0.0,30079513121000.0,1.0022,0.0,0.0,0.1904,0.0,14.54,0.0,0.0,0.0,380500,5728106166219
098120,마이크로컨텍솔,14.37,12.29,0.0,12.93,11.54,78.94,16.96,475.41,475.41,85.5,-0.53,-0.49,0.0,0.0,61054715702.0,1.0646,0.0,0.0,0.7093,0.0,6.54,0.0,0.0,0.0,5210,43304220623
098460,고영,12.87,10.03,0.0,16.07,14.27,442.59,28.35,491.39,491.39,77.91,11.35,7.03,0.0,0.0,275359587202.0,0.703,0.0,0.0,3.158,0.0,21.6,0.0,0.0,0.0,12750,869599297012
098660,에스티오,5.35,2.65,0.0,4.16,2.19,30.47,101.95,129.42,129.42,49.52,13.45,919.66,0.0,0.0,73162090467.0,1.211,0.0,0.0,0.4132,0.0,19.93,0.0,0.0,0.0,2420,30232340922
099190,아이센스,5.22,3.54,0.0,7.48,6.01,198.07,47.52,291.28,291.28,67.79,13.7,-43.13,0.0,0.0,264837131105.0,0.5891,0.0,0.0,3.5725,0.0,55.08,0.0,0.0,0.0,32900,946125901275
099220,SDN,0.74,0.43,0.0,0.27,0.73,2.82,73.86,144.11,144.11,57.52,12.56,-94.7,0.0,0.0,104471108041.0,0.5882,0.0,0.0,1.0344,0.0,651.39,0.0,0.0,0.0,1715,108068493150
099320,쎄트렉아이,-2.32,-1.09,0.0,-8.46,-3.08,-77.28,113.58,306.53,306.53,46.82,24.38,-708.89,0.0,0.0,91357563655.0,0.353,0.0,0.0,3.596,0.0,0.0,0.0,0.0,0.0,30000,328522571819
099390,브레인즈컴퍼니,11.68,10.67,0.0,26.2,27.61,47.82,9.51,1224.41,1224.41,91.32,3.17,-9.91,0.0,0.0,18252937748.0,0.3864,0.0,0.0,3.0315,0.0,12.43,0.0,0.0,0.0,6740,55333503836
099430,바이오플러스,18.01,14.13,0.0,44.56,36.51,252.71,27.45,1119.1,1119.1,78.46,51.58,38.65,0.0,0.0,56718818557.0,0.3871,0.0,0.0,7.5436,0.0,18.18,0.0,0.0,0.0,6940,427866086956
099440,스맥,12.94,5.0,0.0,7.37,6.07,117.46,158.74,109.66,109.66,38.65,24.1,206.87,0.0,0.0,159473204075.0,0.8238,0.0,0.0,0.7445,0.0,20.22,0.0,0.0,0.0,1740,118726753246
099520,DGI,6.12,4.95,0.0,1.12,4.41,2.89,23.56,597.37,597.37,80.93,-5.67,104.28,0.0,0.0,25873130375.0,1.1216,0.0,0.0,4.4946,0.0,418.27,0.0,0.0,0.0,2570,116290498442
099750,이지케어텍,-10.08,-5.76,0.0,0.64,-3.47,5.91,75.14,151.04,151.04,57.1,19.72,114.91,0.0,0.0,92072127032.0,1.6616,0.0,0.0,2.9078,0.0,493.11,0.0,0.0,0.0,19600,267728915662
100030,인지소프트,8.6,7.07,0.0,20.63,18.29,48.62,21.79,306.51,306.51,82.11,11.65,9.26,0.0,0.0,23560257909.0,0.3863,0.0,0.0,2.4808,0.0,14.27,0.0,0.0,0.0,17800,58449038461
100090,SK오션플랜트,5.33,2.3,0.0,10.4,4.05,719.41,131.96,92.51,92.51,43.11,37.52,172.17,0.0,0.0,691830139228.0,0.5671,0.0,0.0,1.8152,0.0,27.1,0.0,0.0,0.0,20100,1255813043478
100120,뷰웍스,12.64,9.17,0.0,18.35,11.12,436.58,37.78,249.08,249.08,72.58,23.19,25.42,0.0,0.0,237928812618.0,0.825,0.0,0.0,1.137,0.0,8.01,0.0,0.0,0.0,30150,270517127071
100130,동국S&C,-2.97,-1.66,0.0,-2.39,-1.75,-113.96,79.63,101.25,101.25,55.67,25.97,-162.11,0.0,0.0,477142893660.0,0.9486,0.0,0.0,0.547,0.0,0.0,0.0,0.0,0.0,4565,260992723492
100220,비상교육,-0.52,-0.33,0.0,1.4,-0.4,35.46,56.8,167.9,167.9,63.78,17.37,-54.19,0.0,0.0,253028639290.0,0.8183,0.0,0.0,0.3004,0.0,53.02,0.0,0.0,0.0,5850,76020304568
100250,진양홀딩스,6.93,4.67,0.0,2.23,11.89,52.32,48.3,114.42,114.42,67.43,4.34,-23.72,0.0,0.0,234557602802.0,0.3928,0.0,0.0,0.8239,0.0,74.11,0.0,0.0,0.0,3025,193255924170
100590,머큐리,0.59,0.39,0.0,2.99,0.33,48.84,51.3,201.99,201.99,66.09,34.1,-13.45,0.0,0.0,163074227992.0,1.1942,0.0,0.0,0.5778,0.0,28.77,0.0,0.0,0.0,5500,94220055710
100660,서암기계공업,3.4,2.88,0.0,3.2,4.32,16.11,17.95,470.28,470.28,84.78,12.35,184.67,0.0,0.0,50418205177.0,0.6665,0.0,0.0,1.4627,0.0,52.93,0.0,0.0,0.0,5850,73744299674
100700,세운메디칼,8.51,8.03,0.0,20.27,17.7,121.87,5.96,1367.55,1367.55,94.37,-3.94,-20.79,0.0,0.0,60116115365.0,0.4538,0.0,0.0,2.1276,0.0,11.11,0.0,0.0,0.0,2920,127900826446
100840,SNT에너지,5.91,3.51,0.0,1.76,7.44,35.61,68.25,253.91,253.91,59.43,18.58,-73.18,0.0,0.0,202878635272.0,0.4721,0.0,0.0,1.9011,0.0,157.25,0.0,0.0,0.0,18650,385697872340
101000,KS인더스트리,-125.94,-25.6,0.0,-19.55,-18.64,-145.52,391.91,62.95,62.95,20.33,45.5,-309.12,0.0,0.0,74429394553.0,1.3738,0.0,0.0,0.0721,0.0,0.0,0.0,0.0,0.0,540,5365161290
101140,인바이오젠,-109.67,-81.24,0.0,-55.53,-1027.89,-63.33,34.99,46.02,46.02,74.08,8.81,20.16,0.0,0.0,11403730922.0,0.079,0.0,0.0,0.6821,0.0,0.0,0.0,0.0,0.0,775,7778130671
101160,월덱스,22.32,15.85,0.0,19.81,16.21,507.02,40.83,336.49,336.49,71.01,34.66,25.81,0.0,0.0,255929775545.0,0.9776,0.0,0.0,1.2,0.0,7.55,0.0,0.0,0.0,18600,307104568527
101170,우림피티에스,5.91,5.35,0.0,7.87,7.46,53.8,10.49,545.1,545.1,90.51,12.85,165.32,0.0,0.0,68321538257.0,0.7175,0.0,0.0,1.148,0.0,16.26,0.0,0.0,0.0,5810,78431470230
101240,씨큐브,8.3,6.23,0.0,14.06,11.63,65.06,33.19,363.0,363.0,75.08,15.71,59.2,0.0,0.0,46284761435.0,0.5359,0.0,0.0,1.6621,0.0,15.13,0.0,0.0,0.0,6770,76927665317
101330,모베이스,5.99,2.46,0.0,5.32,1.84,706.24,143.61,110.71,110.71,41.05,13.23,385.58,0.0,0.0,1326886043820.0,1.3372,0.0,0.0,0.0501,0.0,9.22,0.0,0.0,0.0,2875,66514830508
101360,에코앤드림,0.12,0.07,0.0,3.72,0.16,22.53,75.36,221.74,221.74,57.03,-21.85,-70.51,0.0,0.0,60522326102.0,0.434,0.0,0.0,7.0952,0.0,217.22,0.0,0.0,0.0,24150,429419614147
101390,아이엠,-15.99,-9.01,0.0,-8.35,-5.57,-98.01,77.5,147.32,147.32,56.34,-23.21,-982.93,0.0,0.0,117379641039.0,1.6185,0.0,0.0,0.0,0.0,0.0,0.0,0.0,0.0,0,0
101400,엔시트론,-0.75,-0.59,0.0,-0.71,-0.88,-1.75,27.93,346.56,346.56,78.16,57.31,-126.88,0.0,0.0,24846936261.0,0.6679,0.0,0.0,0.334,0.0,0.0,0.0,0.0,0.0,706,8299133261
101490,에스앤에스텍,9.17,7.7,0.0,12.97,14.14,160.13,19.1,309.09,309.09,83.97,24.95,26.98,0.0,0.0,123506695451.0,0.5447,0.0,0.0,4.5518,0.0,37.38,0.0,0.0,0.0,26350,562175662650
101530,해태제과식품,-0.89,-0.33,0.0,3.93,-0.38,231.71,172.29,48.03,48.03,36.73,3.97,-10.96,0.0,0.0,590266473598.0,0.8539,0.0,0.0,0.3251,0.0,27.16,0.0,0.0,0.0,6590,191919298245
101670,하이드로리튬,-6.3,-2.47,0.0,-33.2,-30.27,-38.11,154.54,1405.62,1405.62,39.29,-36.05,-2104.58,0.0,0.0,11480886438.0,0.0817,0.0,0.0,113.27,0.0,0.0,0.0,0.0,0.0,22900,1300439770554
101680,한국정밀기계,1.05,0.56,0.0,3.59,1.22,15.17,88.15,198.6,198.6,53.15,186.1,113.91,0.0,0.0,42292335646.0,0.4585,0.0,0.0,0.2858,0.0,36.45,0.0,0.0,0.0,1440,12087046632
101730,위메이드맥스,28.31,18.38,0.0,29.32,26.16,252.82,54.08,319.53,319.53,64.9,142.77,8570.06,0.0,0.0,86235273013.0,0.7024,0.0,0.0,9.3089,0.0,33.46,0.0,0.0,0.0,9580,802757159487
101930,인화정공,-6.32,-3.16,0.0,6.66,-7.26,98.85,100.01,54.11,54.11,50.0,34.32,172.32,0.0,0.0,148389679600.0,0.4355,0.0,0.0,3.8806,0.0,75.49,0.0,0.0,0.0,12600,575840472673
102120,어보브반도체,7.31,3.82,0.0,10.65,5.22,258.25,91.56,99.78,99.78,52.2,44.82,46.55,0.0,0.0,242576796583.0,0.7317,0.0,0.0,0.5935,0.0,11.71,0.0,0.0,0.0,8100,143974965229
102210,트레스,7.31,6.08,0.0,7.23,21.87,23.34,20.37,397.9,397.9,83.08,2.76,292.57,0.0,0.0,32267949966.0,0.2778,0.0,0.0,0.0,0.0,0.0,0.0,0.0,0.0,0,0
102260,동성케미컬,9.58,5.21,0.0,4.86,4.11,553.7,83.95,130.15,130.15,54.36,23.13,22.18,0.0,0.0,1140123619934.0,1.2675,0.0,0.0,0.2102,0.0,11.74,0.0,0.0,0.0,4730,239636604774
102280,쌍방울,-69.23,-57.22,0.0,0.62,-92.95,6.42,20.98,484.53,484.53,82.66,6.46,127.84,0.0,0.0,103274971913.0,0.6157,0.0,0.0,0.0,0.0,0.0,0.0,0.0,0.0,0,0
102370,케이옥션,3.19,1.85,0.0,21.0,14.53,58.2,72.42,486.1,486.1,58.0,-27.63,-57.29,0.0,0.0,27716194318.0,0.1274,0.0,0.0,4.2991,0.0,36.18,0.0,0.0,0.0,4605,119155251141
102460,이연제약,3.0,1.53,0.0,6.25,4.83,96.33,95.63,227.33,227.33,51.12,7.87,157.62,0.0,0.0,154038839268.0,0.3178,0.0,0.0,2.612,0.0,66.36,0.0,0.0,0.0,21650,402350903614
102710,이엔에프테크놀로지,11.49,6.8,0.0,9.5,6.62,646.45,69.09,138.14,138.14,59.14,30.36,148.6,0.0,0.0,680206980850.0,1.0271,0.0,0.0,0.4243,0.0,8.65,0.0,0.0,0.0,20200,288610337078
102940,코오롱생명과학,1.27,0.68,0.0,0.85,1.11,16.29,87.28,100.55,100.55,53.4,16.27,-57.94,0.0,0.0,192401642486.0,0.6125,0.0,0.0,1.8645,0.0,310.02,0.0,0.0,0.0,27400,358723684210
103140,풍산,9.51,5.16,0.0,5.3,4.01,2316.2,84.3,180.08,180.08,54.26,24.6,-26.27,0.0,0.0,4372982501228.0,1.288,0.0,0.0,0.2156,0.0,10.78,0.0,0.0,0.0,33650,943021733821
103160,풀무원식품,-5.68,-1.66,0.0,0.84,-0.99,187.14,242.86,91.26,91.26,29.17,9.5,-57.78,0.0,0.0,2225793956761.0,1.6717,0.0,0.0,0.0,0.0,0.0,0.0,0.0,0.0,0,0
103230,에스앤더블류,5.47,3.75,0.0,6.94,6.46,25.0,45.87,286.32,286.32,68.55,20.2,917.19,0.0,0.0,36015871826.0,0.5806,0.0,0.0,0.5017,0.0,15.03,0.0,0.0,0.0,2505,18068852459
103590,일진전기,0.0,0.0,0.0,2.7,0.0,314.91,143.41,112.13,112.13,41.08,24.92,54.35,0.0,0.0,1164706090212.0,1.3874,0.0,0.0,0.2174,0.0,23.75,0.0,0.0,0.0,5310,253209438202
103840,우양,-7.48,-1.99,0.0,0.06,-1.84,0.96,276.91,83.88,83.88,26.53,17.42,-95.34,0.0,0.0,163412927036.0,1.082,0.0,0.0,0.2608,0.0,1601.92,0.0,0.0,0.0,2605,42624484991
104040,디에스엠,-5.97,-3.85,0.0,-8.52,-11.32,-23.23,54.96,102.78,102.78,64.53,-17.03,-316.9,0.0,0.0,27255182909.0,0.3403,0.0,0.0,1.5504,0.0,0.0,0.0,0.0,0.0,1575,42257547169
104200,NHN벅스,3.42,2.7,0.0,3.16,3.84,20.82,26.9,149.05,149.05,78.8,1.37,-62.71,0.0,0.0,65845522202.0,0.7028,0.0,0.0,1.2846,0.0,50.16,0.0,0.0,0.0,5700,84587570621
104460,디와이피엔에프,-10.48,-5.33,0.0,-10.42,-9.9,-117.85,96.74,120.85,120.85,50.83,13.53,-411.42,0.0,0.0,113114608120.0,0.538,0.0,0.0,3.7844,0.0,0.0,0.0,0.0,0.0,40700,428069444444
104480,티케이케미칼,29.03,19.23,0.0,0.06,36.53,4.81,51.01,65.61,65.61,66.22,8.57,-99.28,0.0,0.0,753347492398.0,0.5263,0.0,0.0,0.3414,0.0,1540.65,0.0,0.0,0.0,2830,257228799089
104540,코렌텍,3.52,1.54,0.0,9.15,4.15,58.45,128.31,172.46,172.46,43.8,43.2,54.69,0.0,0.0,63908978499.0,0.372,0.0,0.0,2.267,0.0,41.31,0.0,0.0,0.0,10800,144884520884
104620,노랑풍선,0.0,0.0,0.0,-95.03,0.0,-209.12,184.56,62.53,62.53,35.14,651.41,-42.09,0.0,0.0,22004644714.0,0.2366,0.0,0.0,5.749,0.0,0.0,0.0,0.0,0.0,7520,126504672897
104700,한국철강,10.09,8.5,0.0,11.42,7.5,1214.98,18.68,491.51,491.51,84.26,20.02,17.63,0.0,0.0,1064176509409.0,1.1337,0.0,0.0,0.2086,0.0,3.04,0.0,0.0,0.0,6090,222005976095
104830,원익머트리얼즈,12.96,9.9,0.0,15.28,9.93,887.98,30.91,181.07,181.07,76.39,87.06,75.8,0.0,0.0,581258025083.0,0.997,0.0,0.0,0.616,0.0,5.58,0.0,0.0,0.0,28400,358038239757
105330,케이엔더블유,23.02,12.65,0.0,15.35,18.14,152.89,82.01,114.9,114.9,54.94,38.63,98.02,0.0,0.0,99581713544.0,0.6973,0.0,0.0,1.3034,0.0,12.7,0.0,0.0,0.0,8100,129790868924
105550,엣지파운드리,-7.96,-4.75,0.0,-5.69,-15.05,-20.47,67.65,78.6,78.6,59.65,-9.18,-131.8,0.0,0.0,36001329061.0,0.3153,0.0,0.0,0.9538,0.0,0.0,0.0,0.0,0.0,2190,34338349514
105630,한세실업,15.94,6.91,0.0,8.15,3.88,1795.86,130.73,124.44,124.44,43.34,31.86,68.32,0.0,0.0,2204761177310.0,1.7792,0.0,0.0,0.2794,0.0,7.34,0.0,0.0,0.0,15400,616000000000
105740,디케이락,5.19,3.38,0.0,10.39,5.32,114.19,53.33,163.37,163.37,65.22,28.51,36.65,0.0,0.0,109938203104.0,0.636,0.0,0.0,1.0402,0.0,15.28,0.0,0.0,0.0,11250,114353612167
105840,우진,6.67,5.19,0.0,9.59,9.5,118.94,28.59,272.17,272.17,77.77,15.24,42.11,0.0,0.0,124056658737.0,0.5464,0.0,0.0,1.3643,0.0,18.47,0.0,0.0,0.0,8380,169244377358
106080,케이이엠텍,5.06,4.24,0.0,2.38,2.73,6.88,19.34,615.61,615.61,83.8,577.28,122.94,0.0,0.0,28916370019.0,1.553,0.0,0.0,1.1071,0.0,50.88,0.0,0.0,0.0,5560,32012121212
106190,하이텍팜,5.88,4.44,0.0,4.79,5.7,49.27,32.28,163.97,163.97,75.6,40.47,1295.88,0.0,0.0,102947209339.0,0.7787,0.0,0.0,1.1254,0.0,30.06,0.0,0.0,0.0,10900,115855970829
106240,파인테크닉스,241.17,153.71,0.0,1.41,488.54,7.24,56.9,137.51,137.51,63.74,2.19,-74.48,0.0,0.0,51459059482.0,0.3146,0.0,0.0,1.0368,0.0,155.54,0.0,0.0,0.0,2010,53355091383
106520,노블엠앤비,-301.1,-136.78,0.0,-37.4,-434.89,-55.92,120.13,126.47,126.47,45.43,-27.33,65.74,0.0,0.0,14950055919.0,0.3145,0.0,0.0,0.0,0.0,0.0,0.0,0.0,0.0,0,0
107590,미원홀딩스,10.38,5.48,0.0,4.57,5.33,228.41,89.57,114.77,114.77,52.75,18.49,-23.16,0.0,0.0,499293421104.0,1.0276,0.0,0.0,0.5111,0.0,21.22,0.0,0.0,0.0,110000,255200000000
107600,새빗켐,12.2,8.6,0.0,21.19,16.0,101.99,41.88,633.8,633.8,70.48,44.14,84.11,0.0,0.0,48126170903.0,0.5372,0.0,0.0,8.9541,0.0,44.84,0.0,0.0,0.0,76300,430924179104
107640,한중엔시에스,-71.6,-17.25,0.0,-15.73,-22.89,-139.25,315.06,84.72,84.72,24.09,-1.17,-924.58,0.0,0.0,88517278283.0,0.7536,0.0,0.0,1.0445,0.0,0.0,0.0,0.0,0.0,10200,92458851674
108230,톱텍,1.81,1.25,0.0,6.04,1.73,208.44,45.06,222.0,222.0,68.94,109.23,123.52,0.0,0.0,344978629562.0,0.7215,0.0,0.0,0.7195,0.0,19.03,0.0,0.0,0.0,6530,248218674698
108320,LX세미콘,24.59,18.12,0.0,14.66,11.03,3106.24,35.7,311.23,311.23,73.69,11.61,-15.96,0.0,0.0,2119345363613.0,1.6434,0.0,0.0,0.5503,0.0,4.85,0.0,0.0,0.0,71700,1166202459016
108380,대양전기공업,-3.43,-2.87,0.0,-7.58,-5.75,-98.86,19.52,307.34,307.34,83.67,-4.55,-236.18,0.0,0.0,130396027254.0,0.4994,0.0,0.0,0.8805,0.0,0.0,0.0,0.0,0.0,12000,114813614262
108490,로보티즈,-0.26,-0.18,0.0,-8.36,-0.87,-21.61,45.05,550.78,550.78,68.94,15.65,-132.57,0.0,0.0,25856449323.0,0.2106,0.0,0.0,12.7632,0.0,0.0,0.0,0.0,0.0,22500,330011650485
108670,LX하우시스,-15.09,-4.74,0.0,0.41,-3.26,149.4,218.45,101.72,101.72,31.4,4.37,-78.79,0.0,0.0,3611151000000.0,1.4539,0.0,0.0,0.0776,0.0,132.8,0.0,0.0,0.0,31250,280259365994
108860,셀바스AI,10.8,7.25,0.0,9.81,15.19,49.91,48.99,246.78,246.78,67.12,4.72,-10.78,0.0,0.0,50869207977.0,0.4773,0.0,0.0,3.5551,0.0,43.25,0.0,0.0,0.0,6720,180844924406
109070,주성코퍼레이션,-66.94,-30.05,0.0,-16.72,-34.42,-48.12,122.75,195.17,195.17,44.89,-27.98,-241.6,0.0,0.0,28771235340.0,0.8731,0.0,0.0,7.5297,0.0,0.0,0.0,0.0,0.0,4100,216638709677
109080,옵티시스,14.47,13.03,0.0,26.95,25.76,77.36,11.09,883.68,883.68,90.02,18.78,82.29,0.0,0.0,28704721599.0,0.5057,0.0,0.0,2.3177,0.0,9.33,0.0,0.0,0.0,11800,66529002320
109610,에스와이,4.25,1.92,0.0,2.61,1.5,140.16,121.15,113.58,113.58,45.22,26.67,-0.67,0.0,0.0,537202459035.0,1.2839,0.0,0.0,0.3567,0.0,30.03,0.0,0.0,0.0,3920,191625929861
109740,디에스케이,-6.54,-4.96,0.0,-27.21,-19.94,-131.24,31.81,225.29,225.29,75.87,-3.13,-103.15,0.0,0.0,48231988775.0,0.2488,0.0,0.0,2.7137,0.0,0.0,0.0,0.0,0.0,5090,130885714285
109820,진매트릭스,-33.54,-25.43,0.0,-13.58,-72.33,-15.23,31.91,425.05,425.05,75.81,-7.37,-24.32,0.0,0.0,11214478726.0,0.3515,0.0,0.0,7.3828,0.0,0.0,0.0,0.0,0.0,4055,82794626865
109860,동일금속,9.13,7.92,0.0,12.5,12.59,139.32,15.36,401.73,401.73,86.69,60.61,598.18,0.0,0.0,111439113384.0,0.629,0.0,0.0,1.4892,0.0,13.6,0.0,0.0,0.0,18250,165953991880
109960,앱토크롬,-2.81,-2.63,0.0,-9.69,-58.41,-9.3,7.0,899.53,899.53,93.46,14.04,63.93,0.0,0.0,9597995160.0,0.045,0.0,0.0,0.5903,0.0,0.0,0.0,0.0,0.0,375,5665322580
110020,전진바이오팜,-33.18,-17.65,0.0,-40.76,-40.47,-31.77,87.91,59.13,59.13,53.22,142.48,-4.87,0.0,0.0,7794175890.0,0.4362,0.0,0.0,4.3426,0.0,0.0,0.0,0.0,0.0,3740,33847000000
110790,크리스에프앤씨,8.34,4.38,0.0,20.6,6.92,784.88,90.29,136.26,136.26,52.55,1.32,-9.89,0.0,0.0,380916686435.0,0.6335,0.0,0.0,1.268,0.0,9.79,0.0,0.0,0.0,20600,483010238907
110990,디아이티,5.21,3.64,0.0,4.17,6.98,55.34,43.35,262.9,262.9,69.76,74.62,193.88,0.0,0.0,132874920170.0,0.5214,0.0,0.0,0.7609,0.0,32.19,0.0,0.0,0.0,5350,101103405572
111110,호전실업,19.75,8.47,0.0,8.46,5.58,405.84,133.26,131.56,131.56,42.87,39.18,96.83,0.0,0.0,479999576039.0,1.5185,0.0,0.0,0.1533,0.0,6.26,0.0,0.0,0.0,8110,73567492260
111710,남화산업,12.25,11.3,0.0,58.23,67.83,177.21,8.4,1385.23,1385.23,92.25,17.54,28.15,0.0,0.0,30435802726.0,0.1666,0.0,0.0,5.6176,0.0,10.45,0.0,0.0,0.0,8300,170974763406
111770,영원무역,23.86,16.46,0.0,21.04,19.0,8230.27,44.93,342.95,342.95,69.0,40.05,85.99,0.0,0.0,3910960903824.0,0.8665,0.0,0.0,0.5319,0.0,4.23,0.0,0.0,0.0,46950,2080410995850
111870,케이에이치미래물산,-65.17,-47.4,0.0,-35.13,-859.26,-43.97,37.48,42.44,42.44,72.74,-37.47,-236.15,0.0,0.0,12515813972.0,0.0552,0.0,0.0,0.0,0.0,0.0,0.0,0.0,0.0,0,0
112040,위메이드,-34.76,-12.99,0.0,-18.33,-40.08,-849.38,167.59,56.09,56.09,37.37,38.36,-187.25,0.0,0.0,463491566220.0,0.3242,0.0,0.0,2.3108,0.0,0.0,0.0,0.0,0.0,31550,1071028476821
112290,와이씨켐,6.17,3.59,0.0,6.45,5.06,53.15,71.86,142.19,142.19,58.19,23.97,137.68,0.0,0.0,82350140227.0,0.7094,0.0,0.0,2.8112,0.0,52.69,0.0,0.0,0.0,11450,231499007936
112610,씨에스윈드,-1.06,-0.55,0.0,3.06,-0.71,421.22,92.45,161.24,161.24,51.96,15.05,-58.35,0.0,0.0,1374893317788.0,0.7726,0.0,0.0,2.1103,0.0,89.18,0.0,0.0,0.0,68800,2901418404907
113810,디젠스,-12.89,-3.78,0.0,0.34,-3.23,2.18,240.85,100.69,100.69,29.34,0.16,-91.92,0.0,0.0,64951916649.0,1.1698,0.0,0.0,0.0958,0.0,208.79,0.0,0.0,0.0,954,6223789126
114090,GKL,-5.95,-3.73,0.0,-5.31,-8.68,-139.17,59.37,163.08,163.08,62.75,208.05,90.46,0.0,0.0,262110551065.0,0.43,0.0,0.0,4.4599,0.0,0.0,0.0,0.0,0.0,18900,1168985522233
114120,크루셜텍,-301.24,-31.26,0.0,-21.39,-25.3,-61.99,863.79,137.34,137.34,10.38,-30.54,57.03,0.0,0.0,28989657882.0,1.2354,0.0,0.0,0.0,0.0,0.0,0.0,0.0,0.0,0,0
114190,강원에너지,10.69,4.09,0.0,3.67,4.84,26.18,161.28,108.12,108.12,38.27,61.63,36.63,0.0,0.0,71379940397.0,0.8453,0.0,0.0,3.2207,0.0,107.7,0.0,0.0,0.0,8800,229895196506
114450,그린생명과학,-6.7,-5.65,0.0,-10.84,-9.66,-39.58,18.6,280.22,280.22,84.31,44.07,14.85,0.0,0.0,36504906975.0,0.5847,0.0,0.0,3.2489,0.0,0.0,0.0,0.0,0.0,5930,118600000000
114630,폴라리스우노,4.27,3.31,0.0,7.71,3.82,74.79,28.93,337.79,337.79,77.56,44.94,28.08,0.0,0.0,97046339631.0,0.8677,0.0,0.0,0.1436,0.0,5.22,0.0,0.0,0.0,808,13936644295
114810,한솔아이원스,18.76,12.44,0.0,22.01,17.26,360.73,50.76,140.88,140.88,66.33,0.15,-6.21,0.0,0.0,163912364523.0,0.7209,0.0,0.0,1.1383,0.0,7.29,0.0,0.0,0.0,6630,186587142857
114840,아이패밀리에스씨,15.22,10.56,0.0,11.14,8.95,95.08,44.08,397.15,397.15,69.41,19.15,69.81,0.0,0.0,85335168954.0,1.1797,0.0,0.0,2.434,0.0,24.17,0.0,0.0,0.0,12450,207706057596
115160,휴맥스,-15.84,-5.07,0.0,-0.76,-7.41,-52.64,212.41,106.66,106.66,32.01,7.08,89.53,0.0,0.0,689475252984.0,0.6843,0.0,0.0,0.0206,0.0,0.0,0.0,0.0,0.0,3300,14213483146
115180,큐리언트,-77.18,-70.6,0.0,-324.43,-320.22,-274.75,9.32,1159.53,1159.53,91.47,73.33,-13.33,0.0,0.0,8468552823.0,0.2205,0.0,0.0,46.9795,0.0,0.0,0.0,0.0,0.0,10600,397848175182
115310,인포바인,5.89,5.45,0.0,32.81,28.75,68.59,8.02,999.01,999.01,92.57,7.29,7.67,0.0,0.0,20905709137.0,0.1897,0.0,0.0,15.1103,0.0,47.25,0.0,0.0,0.0,21300,315891803278
115390,락앤락,-2.56,-2.17,0.0,0.44,-2.95,23.04,17.68,641.51,641.51,84.98,-4.02,-92.91,0.0,0.0,521216116746.0,0.7357,0.0,0.0,0.0,0.0,0.0,0.0,0.0,0.0,0,0
115440,우리넷,-16.35,-8.7,0.0,-11.16,-15.66,-69.48,87.97,160.44,160.44,53.2,3.07,-393.51,0.0,0.0,62265973516.0,0.5555,0.0,0.0,1.4471,0.0,0.0,0.0,0.0,0.0,8350,90103887399
115450,HLB테라퓨틱스,-9.45,-6.45,0.0,-16.37,-25.15,-78.77,46.46,136.47,136.47,68.28,10.43,28.95,0.0,0.0,48132199520.0,0.2565,0.0,0.0,20.613,0.0,0.0,0.0,0.0,0.0,11200,992150943396
115480,씨유메디칼,15.58,10.42,0.0,22.97,19.55,107.88,49.47,288.84,288.84,66.9,32.64,50.16,0.0,0.0,46957359252.0,0.5331,0.0,0.0,0.3367,0.0,4.17,0.0,0.0,0.0,1305,15811618257
115500,케이씨에스,4.53,2.12,0.0,1.31,1.99,5.45,113.57,139.42,139.42,46.82,5.41,-86.91,0.0,0.0,41688296303.0,1.0678,0.0,0.0,1.5086,0.0,153.49,0.0,0.0,0.0,5240,62891529152
115530,씨엔플러스,14.96,4.98,0.0,3.21,4.04,13.83,200.74,109.53,109.53,33.25,36.12,1083.73,0.0,0.0,43042658055.0,1.233,0.0,0.0,0.0995,0.0,19.95,0.0,0.0,0.0,500,4283387622
115570,스타플렉스,8.39,5.63,0.0,3.81,6.28,39.64,49.03,137.7,137.7,67.1,22.45,205.66,0.0,0.0,104072501016.0,0.8968,0.0,0.0,0.3836,0.0,19.7,0.0,0.0,0.0,4990,39920000000
115610,이미지스,17.18,10.9,0.0,7.08,8.24,15.51,57.65,299.05,299.05,63.43,2.8,176.73,0.0,0.0,21917076908.0,1.3225,0.0,0.0,0.9574,0.0,17.43,0.0,0.0,0.0,1780,20983255190
115960,연우,0.15,0.13,0.0,0.55,0.16,12.83,18.75,262.18,262.18,84.21,-18.24,-95.71,0.0,0.0,234737945885.0,0.7994,0.0,0.0,0.0,0.0,0.0,0.0,0.0,0.0,0,0
117580,대성에너지,-0.24,-0.09,0.0,0.09,-0.07,9.39,165.94,88.26,88.26,37.6,32.51,-94.15,0.0,0.0,1020936453937.0,1.2234,0.0,0.0,0.2463,0.0,822.5,0.0,0.0,0.0,9140,251416231884
117670,알파칩스,-103.89,-59.85,0.0,-3.43,-58.42,-30.89,73.59,91.47,91.47,57.61,20.93,38.26,0.0,0.0,90031247780.0,1.0245,0.0,0.0,0.0865,0.0,0.0,0.0,0.0,0.0,1170,7790346534
117730,티로보틱스,-5.44,-1.5,0.0,-4.12,-2.31,-23.4,262.55,102.87,102.87,27.58,28.57,64.39,0.0,0.0,56729389196.0,0.6482,0.0,0.0,2.3862,0.0,0.0,0.0,0.0,0.0,6000,135365853658
118000,메타케어,-38.24,-26.1,0.0,-1.57,-259.47,-3.0,46.52,151.65,151.65,68.25,2.61,83.17,0.0,0.0,19098326977.0,0.1006,0.0,0.0,0.6001,0.0,0.0,0.0,0.0,0.0,520,11460392156
118990,모트렉스,21.87,7.58,0.0,10.35,6.77,588.15,188.32,153.6,153.6,34.68,30.18,66.53,0.0,0.0,568500868925.0,1.1198,0.0,0.0,0.5869,0.0,11.31,0.0,0.0,0.0,13600,333672082717
119500,포메탈,3.58,2.57,0.0,2.9,2.48,20.18,39.19,157.07,157.07,71.85,12.1,-4.31,0.0,0.0,69599538303.0,1.0366,0.0,0.0,0.5808,0.0,29.4,0.0,0.0,0.0,3410,40425000000
119610,인터로조,10.39,7.18,0.0,20.52,15.81,241.74,44.62,181.92,181.92,69.15,9.57,6.77,0.0,0.0,117822392382.0,0.4544,0.0,0.0,2.7314,0.0,16.62,0.0,0.0,0.0,28200,321823655913
119650,KC코트렐,-38.99,-6.84,0.0,0.86,-5.25,36.3,469.95,115.26,115.26,17.55,18.74,-21.9,0.0,0.0,421583746860.0,1.3033,0.0,0.0,0.474,0.0,128.53,0.0,0.0,0.0,1820,199843137254
119830,아이텍,15.29,12.1,0.0,0.94,28.26,7.18,26.33,378.78,378.78,79.16,18.4,-77.54,0.0,0.0,76653831108.0,0.4282,0.0,0.0,2.313,0.0,298.97,0.0,0.0,0.0,6680,177300934579
119850,지엔씨에너지,22.21,15.22,0.0,4.1,17.5,60.93,45.9,192.94,192.94,68.54,21.27,-11.84,0.0,0.0,148546394356.0,0.8699,0.0,0.0,0.3959,0.0,18.47,0.0,0.0,0.0,3575,58805260303
119860,커넥트웨이브,3.48,2.17,0.0,0.0,0.0,323.98,60.27,236.22,236.22,62.4,0.0,86.1,0.0,0.0,0.0,0.0,0.0,0.0,0.0,0.0,0.0,0.0,0.0,0.0,0,0
120030,조선선재,7.74,7.25,0.0,14.09,15.71,94.35,6.81,1332.69,1332.69,93.63,-1.73,-33.26,0.0,0.0,66976160497.0,0.4615,0.0,0.0,1.8719,0.0,14.27,0.0,0.0,0.0,99700,125371257485
120110,코오롱인더,6.92,3.15,0.0,4.52,3.52,2424.96,119.66,92.67,92.67,45.53,15.13,-4.04,0.0,0.0,5367473556072.0,0.8941,0.0,0.0,0.2296,0.0,18.57,0.0,0.0,0.0,41150,1232286890756
120240,대정화금,9.37,7.91,0.0,12.0,14.22,115.92,18.53,321.37,321.37,84.37,8.64,46.76,0.0,0.0,96607882674.0,0.5559,0.0,0.0,1.1947,0.0,12.3,0.0,0.0,0.0,16050,115419322709
121440,골프존홀딩스,12.84,8.72,0.0,19.32,18.01,944.46,47.21,105.65,105.65,67.93,17.01,29.04,0.0,0.0,488754684014.0,0.4845,0.0,0.0,0.4032,0.0,5.51,0.0,0.0,0.0,4600,197061021170
121600,나노신소재,9.64,8.97,0.0,21.05,24.0,168.23,7.47,1356.05,1356.05,93.05,30.86,194.02,0.0,0.0,79912146327.0,0.3738,0.0,0.0,11.8926,0.0,57.38,0.0,0.0,0.0,77500,950362745098
121800,비덴트,-27.35,-20.91,0.0,-17.11,-1020.74,-27.12,30.77,97.55,97.55,76.47,-10.41,-451.05,0.0,0.0,15845457360.0,0.0205,0.0,0.0,15.0301,0.0,0.0,0.0,0.0,0.0,3085,238158283132
121850,코이즈,-46.88,-22.16,0.0,-74.31,-92.54,-72.1,111.55,143.4,143.4,47.27,-40.06,23.39,0.0,0.0,9702666379.0,0.2395,0.0,0.0,1.4115,0.0,0.0,0.0,0.0,0.0,2730,13695652173
121890,에스디시스템,-6.43,-4.52,0.0,-3.25,-2.68,-7.3,42.25,215.2,215.2,70.3,5.04,-143.7,0.0,0.0,22496607372.0,1.6866,0.0,0.0,0.4368,0.0,0.0,0.0,0.0,0.0,739,9826845878
122310,제노레이,15.8,13.09,0.0,18.06,16.83,149.18,20.73,391.73,391.73,82.83,11.19,-0.33,0.0,0.0,82604106563.0,0.7778,0.0,0.0,1.3637,0.0,8.77,0.0,0.0,0.0,7740,112645688350
122350,삼기,-22.89,-5.76,0.0,2.19,-5.27,114.68,297.11,87.76,87.76,25.18,3.89,376.51,0.0,0.0,524145243101.0,1.0943,0.0,0.0,0.2468,0.0,42.53,0.0,0.0,0.0,3375,129385171790
122450,KX,11.17,4.31,0.0,24.1,11.62,786.32,158.85,109.93,109.93,38.63,12.91,6.09,0.0,0.0,326266098023.0,0.3712,0.0,0.0,0.7146,0.0,9.83,0.0,0.0,0.0,5200,233136531365
122640,예스티,-6.38,-2.76,0.0,-22.21,-6.88,-168.82,131.42,61.9,61.9,43.21,4.96,-52.06,0.0,0.0,75993760726.0,0.4005,0.0,0.0,2.0514,0.0,0.0,0.0,0.0,0.0,7200,155894594594
122690,서진오토모티브,11.04,2.24,0.0,2.21,1.12,463.59,392.76,75.16,75.16,20.29,18.85,114.13,0.0,0.0,2093667836219.0,1.9993,0.0,0.0,0.0299,0.0,19.35,0.0,0.0,0.0,2710,62550673696
122870,와이지엔터테인먼트,8.89,6.56,0.0,11.92,11.96,466.39,35.45,216.28,216.28,73.83,21.62,-0.78,0.0,0.0,391174512956.0,0.5487,0.0,0.0,2.0951,0.0,21.57,0.0,0.0,0.0,43850,819563426488
122900,아이마켓코리아,7.1,2.38,0.0,1.57,0.81,562.99,198.64,122.39,122.39,33.48,14.55,23.95,0.0,0.0,3588174695943.0,2.9292,0.0,0.0,0.0941,0.0,20.47,0.0,0.0,0.0,10100,337684401451
122990,와이솔,-4.31,-3.68,0.0,-3.75,-4.27,-129.71,17.2,342.66,342.66,85.33,-6.75,-193.17,0.0,0.0,345885430881.0,0.8617,0.0,0.0,0.5168,0.0,0.0,0.0,0.0,0.0,6710,178751785714
123010,MSDI,-9.52,-6.57,0.0,-30.16,-32.17,-49.24,44.89,206.45,206.45,69.02,80.11,-54.79,0.0,0.0,16329169908.0,0.2042,0.0,0.0,2.7751,0.0,0.0,0.0,0.0,0.0,2240,45314942528
123040,엠에스오토텍,24.47,7.33,0.0,7.36,5.58,1490.63,233.88,101.25,101.25,29.95,33.08,190.67,0.0,0.0,2025136904795.0,1.3131,0.0,0.0,0.13,0.0,9.01,0.0,0.0,0.0,4205,263299189814
123330,제닉,-20.95,-11.0,0.0,-10.09,-10.62,-31.73,90.41,108.41,108.41,52.52,-18.12,19.54,0.0,0.0,31448829338.0,1.036,0.0,0.0,1.1147,0.0,0.0,0.0,0.0,0.0,4400,35056910569
123410,코리아에프티,5.56,2.1,0.0,3.47,1.47,194.47,164.73,111.3,111.3,37.77,20.48,104.85,0.0,0.0,561043636760.0,1.4236,0.0,0.0,0.1184,0.0,16.03,0.0,0.0,0.0,2385,66399667774
123690,한국화장품,1.87,0.95,0.0,-0.03,0.63,-0.23,95.93,144.13,144.13,51.04,-1.37,99.28,0.0,0.0,66046677154.0,1.504,0.0,0.0,1.9811,0.0,0.0,0.0,0.0,0.0,8140,130847462686
123700,에스제이엠,2.51,1.93,0.0,3.93,2.61,70.87,29.96,424.21,424.21,76.94,23.68,-8.41,0.0,0.0,180237704926.0,0.7409,0.0,0.0,0.3638,0.0,17.17,0.0,0.0,0.0,4200,65578947368
123750,알톤,-2.61,-1.7,0.0,4.07,-1.38,20.86,53.67,237.49,237.49,65.08,2.65,-57.79,0.0,0.0,51317871455.0,1.2329,0.0,0.0,1.0525,0.0,32.86,0.0,0.0,0.0,3905,54012654502
123840,뉴온,-161.43,-98.7,0.0,-115.18,-879.25,-79.56,63.55,54.77,54.77,61.14,-31.51,-7.25,0.0,0.0,6907587085.0,0.1123,0.0,0.0,1.0578,0.0,0.0,0.0,0.0,0.0,470,7306600863
123860,아나패스,-34.67,-12.71,0.0,-16.2,-30.3,-70.15,172.78,148.35,148.35,36.66,-10.52,-189.81,0.0,0.0,43291922796.0,0.4195,0.0,0.0,6.7752,0.0,0.0,0.0,0.0,0.0,24200,293311278195
124500,아이티센글로벌,11.36,3.75,0.0,1.16,1.19,304.45,202.61,116.8,116.8,33.05,-20.11,-3.47,0.0,0.0,2621054378127.0,3.156,0.0,0.0,0.0318,0.0,21.0,0.0,0.0,0.0,3590,83300000000
124560,태웅로직스,44.74,24.97,0.0,8.78,7.06,1165.85,79.19,183.76,183.76,55.81,41.45,47.03,0.0,0.0,1328207332062.0,3.5386,0.0,0.0,0.1278,0.0,2.88,0.0,0.0,0.0,4385,169769876543
125210,아모그린텍,20.42,7.97,0.0,6.22,8.03,88.35,156.1,106.25,106.25,39.05,16.43,400.63,0.0,0.0,142128437632.0,0.9929,0.0,0.0,1.3694,0.0,31.9,0.0,0.0,0.0,11800,194628670120
126340,비나텍,19.14,8.75,0.0,13.23,16.52,93.51,118.65,124.35,124.35,45.73,44.32,66.23,0.0,0.0,70656753558.0,0.53,0.0,0.0,4.0649,0.0,38.45,0.0,0.0,0.0,40000,287214170692
126560,현대퓨처넷,-0.33,-0.3,0.0,6.17,-1.81,95.17,8.32,720.65,720.65,92.32,12.81,28.41,0.0,0.0,154213235046.0,0.1685,0.0,0.0,1.7739,0.0,36.13,0.0,0.0,0.0,2505,273553533834
126600,BGF에코머티리얼즈,14.3,8.2,0.0,6.05,10.97,159.25,74.38,214.99,214.99,57.35,29.42,-28.48,0.0,0.0,263301590668.0,0.7477,0.0,0.0,1.1454,0.0,28.37,0.0,0.0,0.0,4805,301588701517
126640,화신정공,6.96,4.39,0.0,2.92,2.23,92.95,58.76,133.48,133.48,62.99,24.81,70.48,0.0,0.0,317941978708.0,1.9702,0.0,0.0,0.1615,0.0,11.95,0.0,0.0,0.0,1465,51347207009
126700,하이비젼시스템,11.03,7.95,0.0,12.69,12.45,250.87,38.65,264.08,264.08,72.12,-27.56,-42.31,0.0,0.0,197677984273.0,0.639,0.0,0.0,1.3758,0.0,14.28,0.0,0.0,0.0,18200,271965909090
126720,수산인더스트리,9.05,7.26,0.0,16.67,13.8,505.94,24.65,565.76,565.76,80.22,3.21,-1.39,0.0,0.0,303539437938.0,0.5259,0.0,0.0,1.0354,0.0,8.47,0.0,0.0,0.0,22000,314271028037
126870,앤에스,-20.69,-9.74,0.0,-11.63,-22.22,-47.95,112.52,139.29,139.29,47.05,-22.4,-393.8,0.0,0.0,41231180813.0,0.4382,0.0,0.0,0.0,0.0,0.0,0.0,0.0,0.0,0,0
126880,제이엔케이글로벌,6.53,3.09,0.0,3.51,3.75,69.27,111.62,153.36,153.36,47.25,50.16,416.5,0.0,0.0,197104167668.0,0.8231,0.0,0.0,0.6037,0.0,35.41,0.0,0.0,0.0,5140,118988976377
127120,제이에스링크,-28.96,-18.57,0.0,-30.31,-47.57,-51.47,55.99,178.05,178.05,64.11,-26.14,0.1,0.0,0.0,16981077512.0,0.3903,0.0,0.0,8.1229,0.0,0.0,0.0,0.0,0.0,3765,137935909090
127710,아시아경제,9.19,2.43,0.0,-1.34,20.49,-11.44,278.91,75.71,75.71,26.39,98.97,-126.56,0.0,0.0,85242477459.0,0.1184,0.0,0.0,0.8573,0.0,0.0,0.0,0.0,0.0,1660,73078717201
127980,화인써키트,11.48,7.17,0.0,6.39,5.57,41.16,59.97,180.45,180.45,62.51,-2.56,-12.45,0.0,0.0,64370929731.0,1.2875,0.0,0.0,0.0,0.0,0.0,0.0,0.0,0.0,0,0
128540,에코캡,-3.64,-2.1,0.0,-1.58,-2.65,-19.24,73.61,182.58,182.58,57.6,42.49,84.31,0.0,0.0,121663336913.0,0.7912,0.0,0.0,0.8447,0.0,0.0,0.0,0.0,0.0,3850,102770161290
128660,피제이메탈,9.47,5.11,0.0,3.86,2.15,103.73,85.23,148.73,148.73,53.99,9.29,-58.81,0.0,0.0,269048598652.0,2.379,0.0,0.0,0.3033,0.0,12.88,0.0,0.0,0.0,3290,81596357615
128820,대성산업,-1.54,-0.53,0.0,2.58,-0.52,483.01,190.96,145.75,145.75,34.37,65.73,161.24,0.0,0.0,1871305784976.0,1.0256,0.0,0.0,0.0931,0.0,28.4,0.0,0.0,0.0,3850,174155609167
128940,한미약품,10.06,5.28,0.0,11.87,7.63,1580.9,90.7,102.57,102.57,52.44,10.67,26.05,0.0,0.0,1331546600126.0,0.6919,0.0,0.0,2.8671,0.0,29.94,0.0,0.0,0.0,298000,3817667411167
129260,인터지스,12.31,7.23,0.0,4.92,4.35,354.09,70.24,126.46,126.46,58.74,22.26,77.1,0.0,0.0,719983672710.0,1.6621,0.0,0.0,0.1157,0.0,7.4,0.0,0.0,0.0,2800,83286531461
129890,앱코,-31.4,-17.68,0.0,-18.74,-21.33,-154.95,77.64,341.23,341.23,56.29,-18.82,-68.11,0.0,0.0,82663362781.0,0.8289,0.0,0.0,3.3255,0.0,0.0,0.0,0.0,0.0,6030,274897058823
129920,대성하이텍,3.14,1.37,0.0,8.94,1.67,114.78,129.55,159.32,159.32,43.56,14.03,-4.54,0.0,0.0,128372242344.0,0.8202,0.0,0.0,1.0681,0.0,19.64,0.0,0.0,0.0,8440,137113494809
130500,GH신소재,5.32,3.37,0.0,3.71,5.08,32.22,58.06,84.78,84.78,63.27,30.21,46.17,0.0,0.0,86852635796.0,0.6623,0.0,0.0,0.6832,0.0,33.37,0.0,0.0,0.0,4080,59341502397
130580,나이스디앤비,17.0,13.38,0.0,16.81,15.47,154.96,27.05,344.25,344.25,78.71,3.95,-8.51,0.0,0.0,92189888726.0,0.8649,0.0,0.0,1.2857,0.0,9.11,0.0,0.0,0.0,7700,118525000000
130660,한전산업,16.97,10.32,0.0,5.39,4.71,186.51,64.45,174.29,174.29,60.81,7.78,6.49,0.0,0.0,346042225300.0,2.1932,0.0,0.0,0.8016,0.0,18.19,0.0,0.0,0.0,8510,277393939393
130740,티피씨글로벌,2.71,1.87,0.0,-1.98,2.72,-16.09,45.11,185.96,185.96,68.91,1.18,-437.35,0.0,0.0,81344275889.0,0.6859,0.0,0.0,0.4006,0.0,0.0,0.0,0.0,0.0,2895,32586231884
131030,옵투스제약,4.03,3.68,0.0,8.96,8.54,52.58,9.46,833.85,833.85,91.36,2.34,-49.79,0.0,0.0,58657537976.0,0.4305,0.0,0.0,1.892,0.0,23.35,0.0,0.0,0.0,6290,110980628272
131090,시큐브,11.56,10.32,0.0,38.71,35.22,53.04,11.94,862.86,862.86,89.33,3.82,-3.52,0.0,0.0,13702794762.0,0.2931,0.0,0.0,0.5704,0.0,2.41,0.0,0.0,0.0,1020,7816370106
131100,티엔엔터테인먼트,-3.09,-1.67,0.0,4.52,-3.31,32.5,85.49,49.71,49.71,53.91,22.41,267.72,0.0,0.0,71907402901.0,0.5036,0.0,0.0,0.2166,0.0,25.04,0.0,0.0,0.0,2420,15575809935
131180,딜리,4.49,3.74,0.0,6.13,7.05,22.79,20.12,353.33,353.33,83.25,5.39,11.86,0.0,0.0,37178543017.0,0.5301,0.0,0.0,0.2151,0.0,8.66,0.0,0.0,0.0,1365,7995955882
131220,대한과학,14.05,10.5,0.0,10.0,8.64,72.24,33.82,326.81,326.81,74.73,9.05,23.19,0.0,0.0,72279688057.0,1.2157,0.0,0.0,0.7047,0.0,9.13,0.0,0.0,0.0,6840,50932258064
131290,티에스이,16.13,12.24,0.0,16.69,15.73,566.26,31.76,318.85,318.85,75.89,10.27,3.63,0.0,0.0,339264169508.0,0.7784,0.0,0.0,1.2047,0.0,9.07,0.0,0.0,0.0,36950,408726244725
131370,알서포트,4.91,4.38,0.0,14.91,8.67,72.47,11.92,515.08,515.08,89.35,-7.38,-58.49,0.0,0.0,48599235514.0,0.5054,0.0,0.0,4.6351,0.0,32.5,0.0,0.0,0.0,4230,225262948207
131400,이브이첨단소재,-15.08,-8.87,0.0,-4.93,-18.42,-28.61,69.94,74.39,74.39,58.84,-8.56,-224.51,0.0,0.0,58070355128.0,0.4817,0.0,0.0,0.9772,0.0,0.0,0.0,0.0,0.0,953,56744489247
131760,파인텍,17.1,7.61,0.0,8.19,7.26,66.67,124.69,113.69,113.69,44.5,22.29,260.14,0.0,0.0,81411384326.0,1.048,0.0,0.0,0.124,0.0,7.98,0.0,0.0,0.0,1160,10095034703
131970,두산테스나,16.89,6.82,0.0,24.19,18.85,671.69,147.56,39.15,39.15,40.39,33.76,24.24,0.0,0.0,277655937555.0,0.362,0.0,0.0,1.9142,0.0,14.72,0.0,0.0,0.0,27500,531483790523
133750,메가엠디,3.21,2.26,0.0,3.1,3.28,20.01,42.3,228.36,228.36,70.27,-18.84,-73.99,0.0,0.0,64468046391.0,0.6891,0.0,0.0,0.9613,0.0,44.88,0.0,0.0,0.0,2645,61975634178
133820,화인베스틸,-3.32,-1.45,0.0,0.52,-1.86,7.19,129.51,79.93,79.93,43.57,12.51,-87.01,0.0,0.0,139604226438.0,0.7772,0.0,0.0,0.556,0.0,248.9,0.0,0.0,0.0,2090,77616182572
134060,이퓨쳐,13.2,11.71,0.0,16.43,25.75,18.24,12.7,1589.79,1589.79,88.73,2.39,33.49,0.0,0.0,11104511185.0,0.4549,0.0,0.0,2.4273,0.0,16.28,0.0,0.0,0.0,5650,26954128440
134380,미원화학,12.25,11.0,0.0,8.07,6.91,189.83,11.42,925.17,925.17,89.75,19.09,48.63,0.0,0.0,235165568356.0,1.5904,0.0,0.0,6.4241,0.0,80.38,0.0,0.0,0.0,68700,1510736231884
134580,탑코미디어,-8.62,-5.15,0.0,1.51,-13.39,3.41,67.49,166.74,166.74,59.7,1.61,107.07,0.0,0.0,22615183360.0,0.3842,0.0,0.0,10.7889,0.0,784.85,0.0,0.0,0.0,4950,243992125984
134780,에스엠화진,2.48,0.8,0.0,-17.82,1.25,-56.79,209.77,58.9,58.9,32.28,9.24,27.07,0.0,0.0,31874049539.0,0.6378,0.0,0.0,0.0,0.0,0.0,0.0,0.0,0.0,0,0
134790,시디즈,4.01,2.99,0.0,0.02,1.05,0.41,34.11,242.51,242.51,74.57,-3.42,-99.68,0.0,0.0,243320658371.0,2.8605,0.0,0.0,0.3229,0.0,2451.1,0.0,0.0,0.0,39250,78579574252
136410,아셈스,12.31,7.3,0.0,16.37,13.67,86.86,68.61,227.63,227.63,59.31,26.23,42.18,0.0,0.0,53052773971.0,0.5343,0.0,0.0,2.0441,0.0,17.14,0.0,0.0,0.0,9850,108444711538
136480,하림,1.66,0.55,0.0,3.49,0.37,468.19,202.17,74.88,74.88,33.09,20.11,45.96,0.0,0.0,1342909403482.0,1.476,0.0,0.0,0.2147,0.0,19.16,0.0,0.0,0.0,2715,288386592178
136490,선진,5.21,1.72,0.0,3.77,1.23,706.03,202.67,91.61,91.61,33.04,22.37,-15.39,0.0,0.0,1870781185636.0,1.4028,0.0,0.0,0.1182,0.0,15.78,0.0,0.0,0.0,9300,221149606299
136510,스마트솔루션즈,0.0,-268.93,0.0,14.83,-649.95,17.35,0.0,22.51,22.51,0.0,46.08,144.89,0.0,0.0,11700288696.0,0.4138,0.0,0.0,0.0,0.0,0.0,0.0,0.0,0.0,0,0
136540,윈스테크넷,10.9,9.36,0.0,21.67,18.97,219.79,16.52,539.17,539.17,85.82,5.18,4.82,0.0,0.0,101423912391.0,0.4933,0.0,0.0,1.538,0.0,8.42,0.0,0.0,0.0,12700,155994339622
137080,나래나노텍,2.34,1.36,0.0,2.22,2.86,19.56,71.76,112.21,112.21,58.22,-34.86,-91.54,0.0,0.0,88040460887.0,0.4748,0.0,0.0,0.8681,0.0,78.68,0.0,0.0,0.0,7140,76429709035
137310,에스디바이오센서,30.84,27.86,0.0,39.11,31.0,11466.24,10.69,847.62,847.62,90.34,0.07,-17.37,0.0,0.0,2932001440304.0,0.8989,0.0,0.0,1.2417,0.0,3.45,0.0,0.0,0.0,30150,3640661764705
137400,피엔티,25.59,5.49,0.0,18.61,14.28,777.65,366.52,113.15,113.15,21.44,10.61,42.93,0.0,0.0,417814489256.0,0.3841,0.0,0.0,2.458,0.0,24.2,0.0,0.0,0.0,43350,1026973640856
137940,넥스트아이,-4.05,-3.16,0.0,-14.6,-12.69,-46.99,28.18,301.41,301.41,78.02,12.21,59.23,0.0,0.0,32196308607.0,0.2493,0.0,0.0,0.174,0.0,0.0,0.0,0.0,0.0,572,5601615345
137950,제이씨케미칼,13.41,6.23,0.0,8.34,3.75,426.49,115.24,100.74,100.74,46.46,30.22,7.22,0.0,0.0,511666317990.0,1.661,0.0,0.0,0.289,0.0,7.33,0.0,0.0,0.0,6640,147850666666
138070,신진에스엠,5.79,4.01,0.0,10.13,6.71,67.18,44.29,289.28,289.28,69.31,8.58,62.58,0.0,0.0,66325154097.0,0.5976,0.0,0.0,0.7009,0.0,11.99,0.0,0.0,0.0,2655,46484262295
138080,오이솔루션,-4.05,-3.18,0.0,-11.31,-7.77,-87.05,27.27,255.05,255.05,78.57,-22.02,-626.03,0.0,0.0,76953984689.0,0.4095,0.0,0.0,2.8309,0.0,0.0,0.0,0.0,0.0,17600,217847210300
138360,앤로보틱스,-15.38,-11.63,0.0,6.01,-40.54,8.99,32.28,321.93,321.93,75.6,73.91,30.94,0.0,0.0,14954069869.0,0.2869,0.0,0.0,26.3525,0.0,452.62,0.0,0.0,0.0,4480,394076440387
138490,코오롱이앤피,13.96,9.22,0.0,8.89,6.89,460.42,51.35,162.74,162.74,66.07,27.83,66.33,0.0,0.0,518075861606.0,1.3385,0.0,0.0,0.0,0.0,0.0,0.0,0.0,0.0,0,0
138580,비즈니스온커뮤니케이션,9.86,6.19,0.0,27.47,13.59,120.61,59.1,103.78,103.78,62.85,30.98,34.14,0.0,0.0,43914433774.0,0.4557,0.0,0.0,0.0,0.0,0.0,0.0,0.0,0.0,0,0
138610,나이벡,-11.39,-5.3,0.0,2.98,-17.38,6.46,114.66,319.85,319.85,46.59,59.04,130.63,0.0,0.0,21670439547.0,0.3053,0.0,0.0,9.9429,0.0,392.44,0.0,0.0,0.0,18950,215467176545
138690,엘아이에스,-3977.49,-31.67,0.0,-207.38,-298.27,-206.92,12457.27,13.36,13.36,0.8,-81.86,65.63,0.0,0.0,9977650694.0,0.1062,0.0,0.0,0.0,0.0,0.0,0.0,0.0,0.0,0,0
139050,비에프랩스,-54.44,-28.6,0.0,-21.42,-68.09,-60.73,90.31,138.22,138.22,52.55,2.0,-46.88,0.0,0.0,28355416058.0,0.4201,0.0,0.0,0.0,0.0,0.0,0.0,0.0,0.0,0,0
139480,이마트,7.47,3.04,0.0,0.46,3.44,1356.52,146.24,58.83,58.83,40.61,17.65,-57.18,0.0,0.0,29332413845888.0,0.8835,0.0,0.0,0.0922,0.0,165.3,0.0,0.0,0.0,98000,2704430686406
139670,키네마스터,-160.95,-94.0,0.0,-83.51,-78.34,-163.59,71.22,1351.28,1351.28,58.4,-17.05,-1220.75,0.0,0.0,19589994929.0,1.2,0.0,0.0,6.1672,0.0,0.0,0.0,0.0,0.0,8570,120816097560
139990,아주스틸,-1.73,-0.54,0.0,0.44,-0.39,45.99,220.12,93.63,93.63,31.24,13.15,-91.69,0.0,0.0,1056170390159.0,1.3893,0.0,0.0,0.3409,0.0,191.95,0.0,0.0,0.0,9290,360039111111
140070,서플러스글로벌,13.85,7.01,0.0,13.58,10.99,319.05,97.5,186.07,186.07,50.63,13.69,3.75,0.0,0.0,234921237463.0,0.6378,0.0,0.0,0.5497,0.0,9.75,0.0,0.0,0.0,3490,129138574938
140410,메지온,0.0,0.0,0.0,0.0,0.0,-233.31,105.88,175.99,175.99,48.57,0.0,-38.9,0.0,0.0,0.0,0.0,0.0,0.0,0.0,0.0,0.0,0.0,0.0,0.0,13000,398088483146
140520,대창스틸,37.38,26.0,0.0,1.27,15.65,50.7,43.76,270.48,270.48,69.56,34.54,-48.56,0.0,0.0,398516324784.0,1.6611,0.0,0.0,0.1514,0.0,26.3,0.0,0.0,0.0,2860,60338154613
140670,알에스오토메이션,2.08,0.97,0.0,1.87,0.85,19.17,114.34,153.6,153.6,46.65,-9.68,-31.57,0.0,0.0,102448802469.0,1.1431,0.0,0.0,1.4788,0.0,104.0,0.0,0.0,0.0,11800,151500487804
140860,파크시스템스,23.43,16.75,0.0,26.22,22.47,326.48,39.83,318.25,318.25,71.51,46.07,85.7,0.0,0.0,124522011401.0,0.7454,0.0,0.0,6.405,0.0,25.89,0.0,0.0,0.0,113900,797560342857
140910,에이자기관리부동산투자회사,-4.1,-1.54,0.0,-243.58,-173.64,-19.25,166.67,145.45,145.45,37.5,-89.19,-142.0,0.0,0.0,790391095.0,0.0089,0.0,0.0,0.0,0.0,0.0,0.0,0.0,0.0,0,0
141000,비아트론,0.0,0.0,0.0,19.68,0.0,139.67,15.37,425.18,425.18,86.68,-11.13,21.88,0.0,0.0,70975044017.0,0.3631,0.0,0.0,1.4737,0.0,9.35,0.0,0.0,0.0,8630,104594450610
141020,디에스앤엘,-1046.25,-76.19,0.0,-17.98,-33.23,-71.54,1273.3,95.92,95.92,7.28,0.0,-622.34,0.0,0.0,39792076236.0,2.2928,0.0,0.0,0.0,0.0,0.0,0.0,0.0,0.0,0,0
141080,리가켐바이오,-20.53,-17.86,0.0,0.0,0.0,-503.75,15.0,669.93,669.93,86.96,0.0,-81.82,0.0,0.0,0.0,0.0,0.0,0.0,0.0,0.0,0.0,0.0,0.0,0.0,42850,1586293678756
142210,유니트론텍,14.03,5.23,0.0,5.88,2.57,308.71,167.96,160.35,160.35,37.32,38.75,75.47,0.0,0.0,525048561043.0,2.0354,0.0,0.0,0.1492,0.0,7.77,0.0,0.0,0.0,3775,78312500000
142280,녹십자엠에스,-8.58,-3.17,0.0,-1.12,-2.7,-12.63,170.6,126.97,126.97,36.95,11.25,93.74,0.0,0.0,113109118702.0,1.1725,0.0,0.0,1.2244,0.0,0.0,0.0,0.0,0.0,5780,138492962356
142760,모아라이프플러스,-50.12,-22.73,0.0,-14.56,-33.6,-146.17,120.46,110.47,110.47,45.36,-0.75,-0.94,0.0,0.0,100412981979.0,0.6766,0.0,0.0,0.7487,0.0,0.0,0.0,0.0,0.0,3570,75178610804
143160,아이디스,5.57,4.32,0.0,10.32,5.29,278.44,28.85,358.82,358.82,77.61,32.28,52.53,0.0,0.0,269923346993.0,0.8167,0.0,0.0,0.8792,0.0,11.18,0.0,0.0,0.0,22150,237311692307
143210,핸즈코퍼레이션,-39.95,-9.02,0.0,-8.57,-10.0,-667.25,342.96,61.9,61.9,22.58,38.43,-33.11,0.0,0.0,778254509174.0,0.9022,0.0,0.0,0.119,0.0,0.0,0.0,0.0,0.0,3305,92617180984
143240,사람인,16.96,13.93,0.0,0.0,0.0,405.88,21.76,196.93,196.93,82.13,0.0,3.84,0.0,0.0,0.0,0.0,0.0,0.0,0.0,0.0,7.91,0.0,0.0,0.0,26400,283295184135
143540,영우디에스피,-63.83,-31.29,0.0,-33.05,-51.86,-163.73,104.03,183.16,183.16,49.01,-37.8,-292.99,0.0,0.0,49532401438.0,0.6032,0.0,0.0,1.1212,0.0,0.0,0.0,0.0,0.0,1245,55536764705
144510,지씨셀,4.43,3.57,0.0,18.75,10.24,442.82,23.96,105.91,105.91,80.67,40.29,21.84,0.0,0.0,236120072863.0,0.349,0.0,0.0,3.155,0.0,19.78,0.0,0.0,0.0,47150,744970000000
144960,뉴파워프라즈마,7.62,3.2,0.0,4.0,5.74,141.25,138.16,118.88,118.88,41.99,13.81,-42.26,0.0,0.0,352878764242.0,0.5572,0.0,0.0,0.4383,0.0,36.96,0.0,0.0,0.0,3540,154662032085
145020,휴젤,7.14,5.78,0.0,35.99,21.54,1013.78,23.58,348.46,348.46,80.92,21.49,6.03,0.0,0.0,281675135067.0,0.2683,0.0,0.0,5.9937,0.0,18.63,0.0,0.0,0.0,134900,1688284206349
145210,다이나믹디자인,-132.44,-66.11,0.0,-12.43,-111.15,-72.32,100.33,123.73,123.73,49.92,10.53,56.74,0.0,0.0,58198972428.0,0.5948,0.0,0.0,0.2616,0.0,0.0,0.0,0.0,0.0,3590,15225446428
145270,케이탑리츠,10.35,3.66,0.0,81.07,45.78,175.37,182.56,4.27,4.27,35.39,-32.29,-2.42,0.0,0.0,21632033146.0,0.08,0.0,0.0,1.9667,0.0,12.38,0.0,0.0,0.0,885,42543701799
145720,덴티움,23.08,12.77,0.0,35.32,24.21,1257.03,80.77,132.46,132.46,55.32,22.07,79.88,0.0,0.0,355865975045.0,0.5275,0.0,0.0,2.4231,0.0,9.26,0.0,0.0,0.0,100000,862299465240
145990,삼양사,5.37,2.79,0.0,3.09,3.1,820.16,92.66,219.58,219.58,51.9,11.24,-0.65,0.0,0.0,2652439000000.0,0.8992,0.0,0.0,0.1499,0.0,22.14,0.0,0.0,0.0,38550,397580957562
146320,비씨엔씨,13.82,9.14,0.0,14.11,12.34,115.79,51.25,135.03,135.03,66.11,27.65,25.42,0.0,0.0,82050451303.0,0.7403,0.0,0.0,2.3547,0.0,19.93,0.0,0.0,0.0,15100,193200203252
147760,피엠티,-7.4,-6.24,0.0,-13.67,-10.25,-52.29,18.68,263.42,263.42,84.26,-36.79,-151.06,0.0,0.0,38244471105.0,0.6083,0.0,0.0,2.3794,0.0,0.0,0.0,0.0,0.0,4550,91000000000
147830,제룡산업,12.38,11.01,0.0,16.2,15.39,96.08,12.36,872.28,872.28,89.0,58.51,41.24,0.0,0.0,59307568567.0,0.7159,0.0,0.0,1.0791,0.0,7.61,0.0,0.0,0.0,3200,64000000000
148140,비디아이,75.15,-135.25,0.0,-467.68,-532.13,-605.59,-155.56,33.87,33.87,-179.99,-69.24,7.36,0.0,0.0,12948837740.0,0.2542,0.0,0.0,0.0,0.0,0.0,0.0,0.0,0.0,0,0
148150,세경하이테크,0.0,0.0,0.0,3.07,0.0,79.99,19.87,239.34,239.34,83.42,-2.86,-53.9,0.0,0.0,260647147230.0,1.2483,0.0,0.0,1.6162,0.0,57.0,0.0,0.0,0.0,11850,421268232385
148250,알엔투테크놀로지,-0.28,-0.19,0.0,0.14,-0.5,0.33,42.46,196.12,196.12,70.19,-5.84,-98.23,0.0,0.0,23741515912.0,0.3862,0.0,0.0,5.4548,0.0,4523.03,0.0,0.0,0.0,9530,129505789152
148780,비큐AI,-0.39,-0.28,0.0,-6.94,-0.28,-11.29,37.74,371.71,371.71,72.6,-4.46,-19.76,0.0,0.0,16258637264.0,0.9915,0.0,0.0,0.3456,0.0,0.0,0.0,0.0,0.0,894,5619428571
148930,에이치와이티씨,3.57,2.91,0.0,5.78,5.75,19.79,22.51,843.19,843.19,81.62,-4.29,-73.11,0.0,0.0,34213303589.0,0.5068,0.0,0.0,2.7076,0.0,53.08,0.0,0.0,0.0,9110,92634609494
149950,아바텍,-3.16,-2.88,0.0,-7.31,-5.9,-53.51,9.6,440.07,440.07,91.24,-9.37,-123.77,0.0,0.0,73183893397.0,0.4883,0.0,0.0,2.8006,0.0,0.0,0.0,0.0,0.0,15000,204955456570
149980,하이로닉,4.99,4.34,0.0,12.99,10.63,35.81,15.02,1164.51,1164.51,86.94,26.57,-22.67,0.0,0.0,27567596629.0,0.4083,0.0,0.0,5.3127,0.0,43.36,0.0,0.0,0.0,8520,146458139534
150440,피노텍,86.36,-145.01,0.0,-26.44,-96.68,-27.57,-159.55,7.06,7.06,-167.92,-18.91,-83.31,0.0,0.0,10428760414.0,1.5,0.0,0.0,0.0,0.0,0.0,0.0,0.0,0.0,0,0
150900,파수AI,16.28,10.21,0.0,11.78,11.95,51.97,59.46,283.94,283.94,62.71,4.62,22.88,0.0,0.0,44123812663.0,0.8541,0.0,0.0,2.4158,0.0,24.22,0.0,0.0,0.0,9100,106592696629
151860,KG에코솔루션,34.95,17.77,0.0,7.2,18.3,3561.89,96.64,140.1,140.1,50.85,44.89,16.17,0.0,0.0,4944241256184.0,0.971,0.0,0.0,0.0921,0.0,8.3,0.0,0.0,0.0,9570,455511565836
153460,네이블,16.18,14.41,0.0,18.37,28.84,33.62,12.26,796.55,796.55,89.08,12.51,35.85,0.0,0.0,18298809095.0,0.4996,0.0,0.0,2.6469,0.0,15.6,0.0,0.0,0.0,7410,48435483870
153490,우리이앤엘하루틴,7.02,4.87,0.0,2.02,3.89,27.44,44.27,270.22,270.22,69.31,-12.57,-79.69,0.0,0.0,136162092611.0,1.2511,0.0,0.0,0.0764,0.0,15.96,0.0,0.0,0.0,1010,10397573656
153710,옵티팜,-7.05,-4.96,0.0,-21.1,-12.77,-33.77,41.95,232.61,232.61,70.45,12.27,25.03,0.0,0.0,16008196853.0,0.3887,0.0,0.0,6.4237,0.0,0.0,0.0,0.0,0.0,7010,102832644628
154030,아시아종묘,-2.44,-1.39,0.0,-6.64,-2.52,-15.96,75.77,183.12,183.12,56.89,-1.36,-172.08,0.0,0.0,24047390439.0,0.5525,0.0,0.0,1.6287,0.0,0.0,0.0,0.0,0.0,3245,39167169583
154040,다산솔루에타,10.03,2.66,0.0,3.59,2.55,56.69,277.19,73.35,73.35,26.51,17.33,348.53,0.0,0.0,157872423305.0,1.0431,0.0,0.0,0.334,0.0,28.92,0.0,0.0,0.0,2440,52725912067
155650,와이엠씨,17.73,14.42,0.0,9.8,8.7,230.76,22.99,317.98,317.98,81.31,31.42,64.34,0.0,0.0,235381355565.0,1.6566,0.0,0.0,0.4553,0.0,5.8,0.0,0.0,0.0,5650,107173437500
155660,DSR,12.13,6.73,0.0,9.74,6.68,357.75,80.26,126.22,126.22,55.48,34.89,165.9,0.0,0.0,367456836231.0,1.0075,0.0,0.0,0.2409,0.0,7.01,0.0,0.0,0.0,5530,88505107832
155900,바다로19호선박투자회사,23.98,21.83,0.0,62.73,97.42,72.84,9.86,517.59,517.59,91.03,1.7,-5.67,0.0,0.0,11611677102.0,0.2241,0.0,0.0,0.0,0.0,0.0,0.0,0.0,0.0,0,0
156100,엘앤케이바이오,-150.84,-30.82,0.0,-66.06,-82.12,-130.58,389.36,95.17,95.17,20.43,28.59,15.2,0.0,0.0,19767459566.0,0.3754,0.0,0.0,9.0583,0.0,0.0,0.0,0.0,0.0,8010,179058736059
158310,참존글로벌,-34.34,-29.28,0.0,18.99,-176.93,7.33,17.28,165.46,165.46,85.27,10.31,279.66,0.0,0.0,3859971981.0,0.1655,0.0,0.0,0.0,0.0,0.0,0.0,0.0,0.0,0,0
158430,아톤,24.36,14.48,0.0,17.98,38.53,80.47,68.2,148.47,148.47,59.45,3.38,-11.98,0.0,0.0,44743476684.0,0.3759,0.0,0.0,11.8155,0.0,71.7,0.0,0.0,0.0,21600,528668094218
159010,아스플로,16.79,8.13,0.0,11.85,10.21,105.03,106.5,121.85,121.85,48.43,50.53,164.93,0.0,0.0,88655767575.0,0.7961,0.0,0.0,1.4425,0.0,17.64,0.0,0.0,0.0,9590,127881534883
159580,제로투세븐,5.19,4.15,0.0,10.33,4.57,93.35,24.93,275.31,275.31,80.05,4.65,29.91,0.0,0.0,90391450843.0,0.9095,0.0,0.0,1.5235,0.0,16.88,0.0,0.0,0.0,6870,137711564625
159910,에코글로우,-36.76,-28.58,0.0,-29.25,-47.16,-62.61,28.65,328.33,328.33,77.73,-22.47,-753.16,0.0,0.0,21406338794.0,0.6059,0.0,0.0,0.1207,0.0,0.0,0.0,0.0,0.0,247,2582803149
160550,NEW,-12.98,-6.34,0.0,4.64,-13.57,72.15,104.56,141.69,141.69,48.89,9.96,309.69,0.0,0.0,155617110146.0,0.4674,0.0,0.0,1.4591,0.0,55.05,0.0,0.0,0.0,8150,227064676616
160600,이큐셀,12.72,4.58,0.0,5.48,9.66,32.56,177.78,118.26,118.26,36.0,284.87,512.22,0.0,0.0,59426814033.0,0.474,0.0,0.0,0.0,0.0,0.0,0.0,0.0,0.0,0,0
160980,싸이맥스,5.07,3.45,0.0,10.85,4.0,211.61,46.69,211.6,211.6,68.17,-19.48,-34.71,0.0,0.0,195055846091.0,0.8629,0.0,0.0,0.6497,0.0,9.39,0.0,0.0,0.0,11600,126737190082
161000,애경케미칼,8.15,4.81,0.0,4.37,2.73,950.87,69.48,124.86,124.86,59.0,38.62,1.96,0.0,0.0,2176436882799.0,1.7636,0.0,0.0,0.1983,0.0,9.86,0.0,0.0,0.0,8870,431506987295
161390,한국타이어앤테크놀로지,7.95,5.61,0.0,8.41,8.41,7058.18,41.75,222.94,222.94,70.55,17.55,9.91,0.0,0.0,8394203036511.0,0.6672,0.0,0.0,0.4597,0.0,10.72,0.0,0.0,0.0,31150,3858717942942
161570,더미동,-27.18,-16.94,0.0,-30.02,-69.42,-22.64,60.48,47.96,47.96,62.31,-28.35,27.61,0.0,0.0,7540386531.0,0.244,0.0,0.0,0.0,0.0,0.0,0.0,0.0,0.0,0,0
161580,필옵틱스,-6.32,-1.59,0.0,5.95,-1.7,180.85,296.33,113.33,113.33,25.23,31.72,271.83,0.0,0.0,303987727889.0,0.9401,0.0,0.0,0.5398,0.0,22.44,0.0,0.0,0.0,7000,164102564102
161890,한국콜마,-0.28,-0.14,0.0,3.93,-0.22,732.8,99.62,94.03,94.03,50.1,17.61,-13.04,0.0,0.0,1865731523035.0,0.6361,0.0,0.0,0.539,0.0,33.7,0.0,0.0,0.0,42600,1005583510306
162300,신스틸,9.36,3.64,0.0,4.16,1.55,158.69,156.74,142.88,142.88,38.95,10.98,-33.49,0.0,0.0,381031986592.0,2.3582,0.0,0.0,0.9501,0.0,29.03,0.0,0.0,0.0,8730,362027322404
163560,동일고무벨트,3.16,1.81,0.0,2.07,1.77,80.79,74.87,156.73,156.73,57.18,40.69,826.93,0.0,0.0,390439849813.0,1.0242,0.0,0.0,0.2206,0.0,30.87,0.0,0.0,0.0,6200,86147368421
163730,핑거,4.22,3.12,0.0,5.99,2.13,53.99,35.08,356.09,356.09,74.03,-4.94,-27.28,0.0,0.0,90102336029.0,1.4688,0.0,0.0,1.4203,0.0,26.65,0.0,0.0,0.0,10650,127970912738
164060,이루다,16.5,9.32,0.0,17.87,15.81,82.71,77.04,146.75,146.75,56.48,50.8,104.19,0.0,0.0,46283191745.0,0.5893,0.0,0.0,0.0,0.0,0.0,0.0,0.0,0.0,0,0
166090,하나머티리얼즈,26.93,16.71,0.0,30.5,26.08,937.39,61.18,143.51,143.51,62.04,13.36,13.94,0.0,0.0,307324400689.0,0.6408,0.0,0.0,2.1044,0.0,8.84,0.0,0.0,0.0,32700,646740347490
168330,내츄럴엔도텍,-29.23,-26.86,0.0,-60.48,-76.64,-84.37,8.83,533.31,533.31,91.89,-5.07,-42.72,0.0,0.0,13950826981.0,0.3504,0.0,0.0,7.4006,0.0,0.0,0.0,0.0,0.0,3250,103244186046
168360,펨트론,20.05,7.2,0.0,10.39,8.57,63.53,178.35,107.97,107.97,35.93,5.68,56.88,0.0,0.0,61158301940.0,0.8405,0.0,0.0,2.0356,0.0,26.94,0.0,0.0,0.0,5560,124492968171
169330,엠브레인,20.52,13.26,0.0,14.43,11.81,73.96,54.74,247.98,247.98,64.63,17.15,18.36,0.0,0.0,51268071630.0,1.1233,0.0,0.0,0.9979,0.0,9.1,0.0,0.0,0.0,2790,51160839160
170030,현대공업,8.35,5.52,0.0,5.41,4.09,150.55,51.28,188.83,188.83,66.1,11.7,14.6,0.0,0.0,278495503526.0,1.3487,0.0,0.0,0.3323,0.0,10.8,0.0,0.0,0.0,6030,92550614754
170790,파이오링크,16.74,12.82,0.0,18.5,19.7,114.06,30.56,692.69,692.69,76.59,13.44,4.21,0.0,0.0,61637231707.0,0.6506,0.0,0.0,1.2565,0.0,8.73,0.0,0.0,0.0,12100,77445768772
170900,동아에스티,1.85,1.1,0.0,2.62,2.01,166.73,67.76,275.22,275.22,59.61,7.11,6.75,0.0,0.0,635392682732.0,0.5488,0.0,0.0,0.931,0.0,63.52,0.0,0.0,0.0,60800,591520000000
170920,엘티씨,3.24,1.11,0.0,4.91,1.38,107.82,191.02,136.4,136.4,34.36,180.29,228.43,0.0,0.0,219427343415.0,0.8083,0.0,0.0,0.4814,0.0,26.32,0.0,0.0,0.0,10000,105641791044
171010,램테크놀러지,11.74,7.32,0.0,10.3,9.04,69.04,60.27,122.85,122.85,62.4,37.96,54.38,0.0,0.0,67022778731.0,0.8102,0.0,0.0,1.1582,0.0,15.75,0.0,0.0,0.0,5430,77627436823
171090,선익시스템,-4.08,-2.59,0.0,5.99,-4.37,44.35,57.46,188.95,188.95,63.51,60.19,162.32,0.0,0.0,74052657060.0,0.593,0.0,0.0,3.0293,0.0,60.86,0.0,0.0,0.0,22150,224326998597
171120,라이온켐텍,7.22,5.83,0.0,7.23,5.82,109.86,23.9,267.52,267.52,80.71,1.05,16.5,0.0,0.0,152000680610.0,1.0011,0.0,0.0,1.6557,0.0,25.57,0.0,0.0,0.0,7010,251667654320
172670,에이엘티,20.56,7.76,0.0,18.11,32.18,80.26,165.14,21.54,21.54,37.72,5.92,43.53,0.0,0.0,44318854365.0,0.241,0.0,0.0,0.0,0.0,0.0,0.0,0.0,0.0,0,0
173130,오파스넷,17.18,5.09,0.0,5.0,3.56,85.24,237.66,135.42,135.42,29.62,40.1,47.05,0.0,0.0,170585406981.0,1.43,0.0,0.0,0.6505,0.0,22.87,0.0,0.0,0.0,8510,110960777385
173940,에프엔씨엔터,-39.63,-18.4,0.0,-20.04,-26.75,-131.83,115.35,112.4,112.4,46.44,-11.33,-214.47,0.0,0.0,65786471717.0,0.6879,0.0,0.0,1.262,0.0,0.0,0.0,0.0,0.0,5400,83022026431
174880,장원테크,-41.05,-33.23,0.0,-4.02,-41.93,-26.79,23.54,149.46,149.46,80.94,-10.81,71.89,0.0,0.0,66612962565.0,0.7925,0.0,0.0,0.0,0.0,0.0,0.0,0.0,0.0,0,0
174900,앱클론,-25.28,-17.12,0.0,-256.86,-271.66,-87.5,47.69,285.58,285.58,67.71,12.87,14.46,0.0,0.0,3406445731.0,0.063,0.0,0.0,74.9683,0.0,0.0,0.0,0.0,0.0,12800,255375609756
175140,아고스,-24.78,-14.62,0.0,-18.62,-28.85,-66.16,69.46,190.42,190.42,59.01,-23.86,-149.45,0.0,0.0,35536737811.0,0.507,0.0,0.0,3.9519,0.0,0.0,0.0,0.0,0.0,5630,140436059479
175250,아이큐어,-46.32,-18.98,0.0,-45.09,-71.67,-267.71,143.98,73.38,73.38,40.99,-7.65,5.35,0.0,0.0,59367111183.0,0.2649,0.0,0.0,1.6164,0.0,0.0,0.0,0.0,0.0,2555,95959677419
177350,베셀,-45.77,-16.61,0.0,-14.9,-31.85,-65.76,175.62,75.58,75.58,36.28,79.13,11.87,0.0,0.0,44128091436.0,0.5214,0.0,0.0,1.6328,0.0,0.0,0.0,0.0,0.0,7280,72053333333
177830,파버나인,9.47,5.11,0.0,9.45,6.18,111.53,85.3,103.46,103.46,53.97,-6.52,89.61,0.0,0.0,118037938315.0,0.8275,0.0,0.0,0.3575,0.0,9.67,0.0,0.0,0.0,3730,42199576271
178320,서진시스템,0.3,0.12,0.0,5.64,0.2,443.98,156.65,109.9,109.9,38.96,29.94,-23.45,0.0,0.0,787598942942.0,0.5687,0.0,0.0,1.4143,0.0,44.13,0.0,0.0,0.0,17500,1113897435897
178780,일월지엠엘,-64.57,-34.09,0.0,-24.33,-31.09,-31.93,89.44,196.21,196.21,52.79,-25.13,67.48,0.0,0.0,13122276435.0,1.0966,0.0,0.0,2.4558,0.0,0.0,0.0,0.0,0.0,1730,32226195426
178920,PI첨단소재,13.39,9.16,0.0,18.86,16.54,521.35,46.14,204.04,204.04,68.43,-8.42,-31.27,0.0,0.0,276440430491.0,0.554,0.0,0.0,3.0702,0.0,19.3,0.0,0.0,0.0,28900,848739800995
179290,엠아이텍,22.92,20.36,0.0,33.51,31.56,203.3,12.57,863.76,863.76,88.83,20.7,53.9,0.0,0.0,60662419171.0,0.645,0.0,0.0,5.9239,0.0,18.19,0.0,0.0,0.0,11100,359357142857
179530,애드바이오텍,16.66,8.69,0.0,-46.45,25.36,-49.38,91.64,119.76,119.76,52.18,-10.21,-217.66,0.0,0.0,10631575436.0,0.3428,0.0,0.0,8.5746,0.0,0.0,0.0,0.0,0.0,3360,91161752988
179900,유티아이,-25.48,-10.46,0.0,-12.73,-33.07,-46.41,143.68,304.99,304.99,41.04,-19.37,-108.91,0.0,0.0,36443362536.0,0.3161,0.0,0.0,14.0165,0.0,0.0,0.0,0.0,0.0,25800,510808853118
180400,DXVX,-2.82,-1.13,0.0,8.18,-3.01,26.34,150.22,122.11,122.11,39.97,330.83,170.95,0.0,0.0,32184379157.0,0.3745,0.0,0.0,23.6687,0.0,308.76,0.0,0.0,0.0,7740,761762845849
180640,한진칼,25.6,16.85,0.0,7.23,329.23,144.87,51.98,54.96,54.96,65.8,34.97,245.93,0.0,0.0,200336082220.0,0.0512,0.0,0.0,12.4803,0.0,265.01,0.0,0.0,0.0,37450,2500252105263
181340,이즈미디어,-23.07,-10.5,0.0,-2.24,-12.8,-11.28,119.81,100.51,100.51,45.49,12.99,92.71,0.0,0.0,50453824936.0,0.8202,0.0,0.0,0.0,0.0,0.0,0.0,0.0,0.0,0,0
182360,큐브엔터,15.55,5.77,0.0,5.74,5.06,69.28,169.51,116.21,116.21,37.1,67.68,485.92,0.0,0.0,120637928352.0,1.139,0.0,0.0,2.0876,0.0,45.97,0.0,0.0,0.0,16200,251844020797
182400,엔케이젠바이오텍코리아,-66.82,-32.77,0.0,-440.86,-493.73,-496.53,103.91,34.98,34.98,49.04,-13.5,-4.66,0.0,0.0,11262689377.0,0.0664,0.0,0.0,87.9988,0.0,0.0,0.0,0.0,0.0,13700,991103542234
183190,아세아시멘트,6.53,3.13,0.0,11.34,6.14,1179.71,108.44,120.77,120.77,47.97,16.53,-8.3,0.0,0.0,1040145906143.0,0.5099,0.0,0.0,0.3203,0.0,11.82,0.0,0.0,0.0,9260,333133158355
183300,코미코,16.29,10.82,0.0,19.21,14.55,553.98,50.5,165.17,165.17,66.44,12.19,-5.84,0.0,0.0,288376003971.0,0.7436,0.0,0.0,7.6769,0.0,42.31,0.0,0.0,0.0,43100,2213824574669
183490,엔지켐생명과학,-12.44,-10.14,0.0,-55.04,-94.2,-146.62,22.71,521.03,521.03,81.49,15.94,29.35,0.0,0.0,26637631236.0,0.1076,0.0,0.0,5.2591,0.0,0.0,0.0,0.0,0.0,1655,140089898989
184230,SGA솔루션즈,8.45,5.08,0.0,10.29,12.92,38.41,66.31,130.74,130.74,60.13,70.13,15.91,0.0,0.0,37323741652.0,0.3933,0.0,0.0,0.4161,0.0,13.9,0.0,0.0,0.0,823,15529911871
185490,아이진,-38.42,-32.95,0.0,-455.07,-500.42,-240.89,16.57,1399.12,1399.12,85.79,63.27,31.18,0.0,0.0,5293453594.0,0.0659,0.0,0.0,41.087,0.0,0.0,0.0,0.0,0.0,5030,217492138364
185750,종근당,12.87,7.11,0.0,7.38,5.37,1099.06,81.06,190.7,190.7,55.23,10.78,15.99,0.0,0.0,1488344728646.0,1.3231,0.0,0.0,0.7614,0.0,14.89,0.0,0.0,0.0,82100,1133196052631
186230,그린플러스,-5.79,-3.32,0.0,4.33,-4.24,35.97,74.53,155.66,155.66,57.3,-0.28,-29.41,0.0,0.0,83007100959.0,0.7833,0.0,0.0,1.3543,0.0,43.84,0.0,0.0,0.0,10300,112417142857
187220,디티앤씨,2.11,1.21,0.0,4.11,2.49,45.43,74.16,88.99,88.99,57.42,13.03,124.01,0.0,0.0,110535011703.0,0.4864,0.0,0.0,0.4876,0.0,33.16,0.0,0.0,0.0,4670,53893994778
187270,신화콘텍,8.15,5.04,0.0,8.79,10.36,39.51,61.6,157.0,157.0,61.88,2.44,67.63,0.0,0.0,44947291912.0,0.4865,0.0,0.0,0.9345,0.0,19.55,0.0,0.0,0.0,4140,42003889789
187420,HLB제넥스,-49.39,-9.99,0.0,-22.39,-48.1,-62.24,394.61,59.06,59.06,20.22,7.45,-62.33,0.0,0.0,27801755545.0,0.2076,0.0,0.0,6.395,0.0,0.0,0.0,0.0,0.0,5450,177791363163
187660,페니트리움바이오,-0.19,-0.13,0.0,-5.07,-0.4,-7.55,50.74,285.7,285.7,66.34,6.47,-136.1,0.0,0.0,14882555787.0,0.3215,0.0,0.0,8.8531,0.0,0.0,0.0,0.0,0.0,2060,131756767676
187790,나노,-1244.18,-22.53,0.0,-5.31,-23.59,-35.49,5421.63,66.16,66.16,1.81,30.3,-504.81,0.0,0.0,66804959543.0,0.9554,0.0,0.0,0.4756,0.0,0.0,0.0,0.0,0.0,1030,31769480519
187870,디바이스,8.03,6.42,0.0,18.32,14.85,133.23,25.23,771.89,771.89,79.85,-41.84,-62.79,0.0,0.0,72739749682.0,0.4321,0.0,0.0,2.6392,0.0,16.96,0.0,0.0,0.0,13850,191976388888
189300,인텔리안테크,8.97,4.33,0.0,6.41,6.69,153.43,107.26,159.07,159.07,48.25,73.53,588.0,0.0,0.0,239465349593.0,0.6465,0.0,0.0,3.0493,0.0,60.09,0.0,0.0,0.0,68000,730190476190
189330,씨이랩,-21.92,-15.78,0.0,-49.78,-45.92,-49.26,38.94,411.47,411.47,71.97,71.29,-145.55,0.0,0.0,9896926397.0,0.3436,0.0,0.0,12.703,0.0,0.0,0.0,0.0,0.0,13400,125720325203
189690,포시에스,9.9,9.34,0.0,22.48,22.17,66.57,6.0,717.72,717.72,94.34,24.93,40.63,0.0,0.0,29613557712.0,0.4212,0.0,0.0,6.1733,0.0,28.06,0.0,0.0,0.0,6690,182813237221
189860,서전기전,-9.36,-6.26,0.0,-5.74,-6.3,-29.1,49.61,127.06,127.06,66.84,-3.33,-11.97,0.0,0.0,50705101233.0,0.994,0.0,0.0,1.1373,0.0,0.0,0.0,0.0,0.0,5950,57668187001
189980,흥국에프엔비,12.8,5.65,0.0,10.78,12.23,104.82,126.57,146.96,146.96,44.14,35.96,56.57,0.0,0.0,97251566947.0,0.4619,0.0,0.0,1.1028,0.0,21.45,0.0,0.0,0.0,2670,107250632911
190510,나무가,25.17,14.3,0.0,6.23,6.03,323.77,75.97,151.31,151.31,56.83,3.27,40.97,0.0,0.0,519342981244.0,2.3704,0.0,0.0,0.4666,0.0,10.41,0.0,0.0,0.0,17200,242312905551
191420,테고사이언스,0.53,0.5,0.0,2.73,3.33,2.1,5.95,1052.92,1052.92,94.39,-7.49,313.9,0.0,0.0,7678386222.0,0.1495,0.0,0.0,12.8805,0.0,485.55,0.0,0.0,0.0,12200,98901333333
192250,케이사인,8.44,4.22,0.0,0.0,0.0,91.64,99.8,267.35,267.35,50.05,0.0,42.56,0.0,0.0,0.0,0.0,0.0,0.0,0.0,0.0,8.81,0.0,0.0,0.0,1590,11230952380
192390,윈하이텍,10.1,4.31,0.0,8.33,5.39,97.3,134.24,90.4,90.4,42.69,23.58,409.94,0.0,0.0,116775846633.0,0.8,0.0,0.0,0.3332,0.0,12.6,0.0,0.0,0.0,3250,38907193849
192400,쿠쿠홀딩스,12.06,10.15,0.0,11.63,15.44,878.8,18.78,341.61,341.61,84.19,10.3,-17.86,0.0,0.0,755648437744.0,0.6574,0.0,0.0,0.7741,0.0,8.72,0.0,0.0,0.0,16450,584973750000
192410,오늘이엔엠,0.0,0.0,0.0,-76.01,0.0,-160.39,20.21,552.46,552.46,83.19,-18.8,-592.96,0.0,0.0,21100099144.0,0.3009,0.0,0.0,0.9286,0.0,0.0,0.0,0.0,0.0,778,19593514563
192440,슈피겐코리아,7.71,6.91,0.0,11.66,7.35,519.87,11.55,598.16,598.16,89.64,15.59,16.61,0.0,0.0,445896426301.0,0.9408,0.0,0.0,0.4614,0.0,4.9,0.0,0.0,0.0,33100,205744688026
192650,드림텍,16.95,10.3,0.0,7.06,6.21,966.66,64.53,151.01,151.01,60.78,11.13,0.58,0.0,0.0,1368643532370.0,1.6582,0.0,0.0,0.4381,0.0,9.55,0.0,0.0,0.0,9100,599622183708
192820,코스맥스,-3.7,-1.18,0.0,3.32,-1.03,531.01,214.34,90.79,90.79,31.81,0.54,-56.69,0.0,0.0,1600125770194.0,1.1459,0.0,0.0,0.5256,0.0,33.77,0.0,0.0,0.0,74100,841010300000
193250,링크드,7.44,6.58,0.0,-8.04,20.64,-24.3,13.04,308.47,308.47,88.46,-21.25,-7.0,0.0,0.0,30233618983.0,0.3187,0.0,0.0,0.5487,0.0,0.0,0.0,0.0,0.0,1240,16587719298
194370,제이에스코퍼레이션,25.28,12.1,0.0,8.36,6.62,814.75,108.93,132.77,132.77,47.86,-1.21,33.63,0.0,0.0,975066240993.0,1.8268,0.0,0.0,0.3987,0.0,8.19,0.0,0.0,0.0,13400,388780695528
194480,데브시스터즈,-3.69,-2.23,0.0,0.0,0.0,-199.11,65.76,578.39,578.39,60.33,0.0,-135.14,0.0,0.0,0.0,0.0,0.0,0.0,0.0,0.0,0.0,0.0,0.0,0.0,55900,677950799507
194700,노바렉스,11.0,7.37,0.0,8.94,7.08,251.86,49.19,178.51,178.51,67.03,1.04,-16.08,0.0,0.0,281675201330.0,1.041,0.0,0.0,0.6579,0.0,10.9,0.0,0.0,0.0,10150,185324538258
195500,마니커에프앤지,-0.4,-0.25,0.0,-1.93,-0.29,-17.22,59.56,161.93,161.93,62.67,5.22,-3707.18,0.0,0.0,89362824959.0,0.8641,0.0,0.0,0.5375,0.0,0.0,0.0,0.0,0.0,3005,48034097108
195870,해성디에스,35.64,24.17,0.0,24.35,18.99,2044.16,47.47,189.0,189.0,67.81,28.07,136.78,0.0,0.0,839357973218.0,1.2725,0.0,0.0,0.7261,0.0,4.02,0.0,0.0,0.0,35850,609450000000
195940,HK이노엔,3.28,2.11,0.0,6.2,4.5,525.26,54.88,94.51,94.51,64.57,9.97,4.38,0.0,0.0,846521700634.0,0.4695,0.0,0.0,1.2399,0.0,32.15,0.0,0.0,0.0,37050,1049620905923
195990,루트K,-5.81,-5.2,0.0,-38.91,-36.83,-86.03,11.73,286.04,286.04,89.5,-32.82,-105.38,0.0,0.0,22112070761.0,0.1412,0.0,0.0,0.3108,0.0,0.0,0.0,0.0,0.0,422,6871946706
196170,알테오젠,-6.93,-4.11,0.0,-101.97,-34.99,-293.74,68.86,153.85,153.85,59.22,-25.65,-93.35,0.0,0.0,28806344498.0,0.1173,0.0,0.0,92.4905,0.0,0.0,0.0,0.0,0.0,38250,2664314634146
196300,HLB펩,-46.32,-23.97,0.0,-49.93,-71.63,-43.25,93.25,72.13,72.13,51.75,-15.63,-1245.65,0.0,0.0,8662260143.0,0.3346,0.0,0.0,8.1311,0.0,0.0,0.0,0.0,0.0,7410,70433371691
196450,코아시아씨엠,-6.28,-2.82,0.0,-1.15,-1.33,-44.25,122.47,110.22,110.22,44.95,113.7,66.45,0.0,0.0,383202956785.0,2.1177,0.0,0.0,0.1709,0.0,0.0,0.0,0.0,0.0,1445,65482278481
196490,디에이테크놀로지,-31.47,-18.99,0.0,-33.31,-46.9,-177.23,65.7,170.47,170.47,60.35,17.19,-39.41,0.0,0.0,53205792749.0,0.4049,0.0,0.0,0.7336,0.0,0.0,0.0,0.0,0.0,3440,39031855500
196700,웹스,-25.33,-13.81,0.0,-3.23,-24.97,-10.99,83.46,126.83,126.83,54.51,-2.91,-219.35,0.0,0.0,34028733040.0,0.5529,0.0,0.0,1.4366,0.0,0.0,0.0,0.0,0.0,3400,48885693745
197140,디지캡,1.74,1.48,0.0,2.64,3.07,6.82,17.61,459.22,459.22,85.02,-9.92,140.94,0.0,0.0,25792993514.0,0.4807,0.0,0.0,2.0096,0.0,87.84,0.0,0.0,0.0,3980,51832558139
198080,캐프,-1.57,-0.7,0.0,0.49,-0.45,15.54,124.32,130.76,130.76,44.58,3.68,-80.45,0.0,0.0,316140318689.0,1.5402,0.0,0.0,0.1323,0.0,100.12,0.0,0.0,0.0,1940,41811872146
198440,강동씨앤엘,-7.1,-5.66,0.0,-18.07,-11.1,-126.31,25.45,402.39,402.39,79.71,6.44,-441.6,0.0,0.0,69904737333.0,0.5096,0.0,0.0,2.0749,0.0,0.0,0.0,0.0,0.0,2380,145048387096
198940,한주라이트메탈,0.24,0.05,0.0,2.26,0.04,52.55,380.82,79.91,79.91,20.8,23.0,-25.73,0.0,0.0,232496846795.0,1.2385,0.0,0.0,0.0,0.0,0.0,0.0,0.0,0.0,0,0
199730,바이오인프라,34.83,19.14,0.0,17.95,17.61,63.6,81.97,201.85,201.85,54.96,15.94,-14.77,0.0,0.0,35427367537.0,1.0871,0.0,0.0,0.0,0.0,0.0,0.0,0.0,0.0,0,0
199800,툴젠,-25.79,-24.1,0.0,-2607.47,-2444.93,-193.86,7.04,1468.56,1468.56,93.42,-53.45,6.49,0.0,0.0,743463618.0,0.0099,0.0,0.0,664.3823,0.0,0.0,0.0,0.0,0.0,54900,493944034090
199820,제일일렉트릭,6.16,4.36,0.0,5.59,5.59,73.9,41.09,208.99,208.99,70.88,-10.24,-42.52,0.0,0.0,132154640946.0,0.7798,0.0,0.0,1.5921,0.0,35.15,0.0,0.0,0.0,9470,210402523240
200130,콜마비앤에이치,10.03,6.55,0.0,10.61,7.01,611.24,53.2,155.88,155.88,65.27,-2.9,-33.3,0.0,0.0,575902994059.0,0.9335,0.0,0.0,1.4455,0.0,17.12,0.0,0.0,0.0,28300,832494167550
200230,텔콘RF제약,-50.06,-35.32,0.0,-14.6,-151.34,-40.63,41.74,67.37,67.37,70.55,-26.46,-48.21,0.0,0.0,27829999169.0,0.2334,0.0,0.0,0.3464,0.0,0.0,0.0,0.0,0.0,1015,9639168490
200350,아티스트스튜디오,-15.12,-8.88,0.0,-14.08,-14.33,-62.53,70.21,224.28,224.28,58.75,8.28,-298.27,0.0,0.0,44422278789.0,0.6201,0.0,0.0,4.7724,0.0,0.0,0.0,0.0,0.0,21200,212000000000
200470,에이팩트,2.69,1.44,0.0,6.23,4.2,45.86,86.58,88.32,88.32,53.6,55.97,14.09,0.0,0.0,73646384263.0,0.3439,0.0,0.0,1.4726,0.0,45.32,0.0,0.0,0.0,2475,108453688524
200670,휴메딕스,15.21,9.31,0.0,21.14,17.17,260.43,63.28,165.8,165.8,61.24,10.97,62.87,0.0,0.0,123172789865.0,0.5423,0.0,0.0,2.5258,0.0,15.33,0.0,0.0,0.0,27700,311108604206
200710,에이디테크놀로지,3.35,2.4,0.0,2.68,3.42,43.98,39.63,259.59,259.59,71.62,-49.0,-61.38,0.0,0.0,164248769577.0,0.7018,0.0,0.0,1.0082,0.0,52.76,0.0,0.0,0.0,12300,165588142292
200780,비씨월드제약,0.08,0.03,0.0,2.56,0.08,18.62,136.13,51.79,51.79,42.35,17.11,221.39,0.0,0.0,72702521723.0,0.3972,0.0,0.0,1.2419,0.0,105.19,0.0,0.0,0.0,8470,90290759075
200880,서연이화,7.99,3.13,0.0,5.3,2.13,1506.82,155.04,98.25,98.25,39.21,30.51,128.41,0.0,0.0,2845253369954.0,1.474,0.0,0.0,0.0747,0.0,9.2,0.0,0.0,0.0,7860,212463621533
201490,미투온,10.88,9.35,0.0,24.13,18.42,270.25,16.35,336.12,336.12,85.95,2.08,-21.7,0.0,0.0,112012049143.0,0.5076,0.0,0.0,1.1359,0.0,5.86,0.0,0.0,0.0,3890,127238645418
203400,에이비온,-131.95,-82.53,0.0,-1004.06,-794.94,-251.67,59.89,244.0,244.0,62.54,52.98,-135.83,0.0,0.0,2506519185.0,0.1038,0.0,0.0,241.8882,0.0,0.0,0.0,0.0,0.0,6730,606297337278
203450,유니온바이오메트릭스,5.83,3.84,0.0,2.89,4.66,13.37,52.01,269.47,269.47,65.78,18.53,298.21,0.0,0.0,46253418625.0,0.8236,0.0,0.0,0.9388,0.0,46.85,0.0,0.0,0.0,3085,43423061630
203650,드림시큐리티,11.33,2.48,0.0,11.26,4.32,252.5,357.74,53.42,53.42,21.85,18.3,42.87,0.0,0.0,224194724198.0,0.5736,0.0,0.0,1.2474,0.0,23.17,0.0,0.0,0.0,2750,279658823529
203690,아크솔루션스,-44.64,-11.14,0.0,-27.6,-23.92,-73.34,300.74,33.8,33.8,24.95,-19.07,-34.16,0.0,0.0,26575597422.0,0.4657,0.0,0.0,0.0,0.0,0.0,0.0,0.0,0.0,0,0
204020,그리티,2.69,2.08,0.0,2.01,1.28,28.74,29.49,412.77,412.77,77.23,31.66,138.03,0.0,0.0,143116381797.0,1.6171,0.0,0.0,0.4062,0.0,27.24,0.0,0.0,0.0,2990,58129967776
204210,제이케이리버스톤자기관리부동산투자회사,19.47,10.17,0.0,48.22,198.77,25.47,91.43,67.35,67.35,52.24,-13.47,-24.25,0.0,0.0,5282772757.0,0.0512,0.0,0.0,0.0,0.0,0.0,0.0,0.0,0.0,0,0
204270,제이앤티씨,-17.55,-11.24,0.0,-27.48,-36.42,-443.29,56.06,88.11,88.11,64.08,-20.37,-44.19,0.0,0.0,161325172108.0,0.3088,0.0,0.0,2.1121,0.0,0.0,0.0,0.0,0.0,5890,340736500000
204320,HL만도,5.2,2.02,0.0,3.3,1.57,2481.02,157.1,138.57,138.57,38.9,22.27,6.8,0.0,0.0,7516163841233.0,1.2857,0.0,0.0,0.2518,0.0,22.03,0.0,0.0,0.0,40300,1892388416988
204610,티쓰리,11.22,8.83,0.0,0.0,0.0,128.22,26.97,430.89,430.89,78.76,0.0,40.45,0.0,0.0,0.0,0.0,0.0,0.0,0.0,0.0,9.95,0.0,0.0,0.0,1750,97533333333
204620,글로벌텍스프리,-13.5,-9.8,0.0,-5.5,-28.87,-27.17,37.64,293.89,293.89,72.65,29.4,80.27,0.0,0.0,49359709950.0,0.3396,0.0,0.0,4.3569,0.0,0.0,0.0,0.0,0.0,3060,215052961672
204630,로아앤코홀딩스,-50.17,-27.39,0.0,-21.37,-178.3,-39.49,83.17,115.84,115.84,54.59,-46.47,-279.97,0.0,0.0,18481103877.0,0.1536,0.0,0.0,0.0,0.0,0.0,0.0,0.0,0.0,0,0
204840,지엘팜텍,-4.91,-1.93,0.0,-19.46,-4.72,-32.55,153.9,123.55,123.55,39.39,34.63,-20.8,0.0,0.0,16728502971.0,0.4095,0.0,0.0,0.6953,0.0,0.0,0.0,0.0,0.0,750,11632016632
205470,휴마시스,52.67,39.06,0.0,45.56,38.75,2147.22,34.84,0.0,0.0,74.16,46.44,10.91,0.0,0.0,471272761022.0,1.008,0.0,0.0,0.7463,0.0,2.2,0.0,0.0,0.0,14250,351722408026
205500,넥써쓰,-60.18,-41.99,0.0,-262.43,-320.86,-151.15,43.33,570.71,570.71,69.77,2.51,-105.4,0.0,0.0,5759731909.0,0.1309,0.0,0.0,45.0174,0.0,0.0,0.0,0.0,0.0,3185,259288346883
206400,베노티앤알,-31.23,-21.58,0.0,-8.77,-100.28,-19.11,44.69,164.74,164.74,69.11,3.4,-567.72,0.0,0.0,21796866525.0,0.2152,0.0,0.0,4.1335,0.0,0.0,0.0,0.0,0.0,2400,90097087378
206560,덱스터,-10.71,-6.72,0.0,0.0,0.0,-25.12,59.49,204.96,204.96,62.7,0.0,-340.96,0.0,0.0,0.0,0.0,0.0,0.0,0.0,0.0,0.0,0.0,0.0,0.0,12700,323373231773
206640,바디텍메드,14.46,12.92,0.0,20.89,21.41,246.71,11.91,727.66,727.66,89.36,-25.13,-52.5,0.0,0.0,118076842537.0,0.6035,0.0,0.0,1.9015,0.0,9.94,0.0,0.0,0.0,10250,224528627838
206650,유바이오로직스,-2.88,-2.12,0.0,-6.79,-6.2,-37.69,35.69,167.07,167.07,73.7,40.83,47.87,0.0,0.0,55466694236.0,0.3422,0.0,0.0,5.8969,0.0,0.0,0.0,0.0,0.0,8900,327082327113
207760,미스터블루,4.59,2.3,0.0,9.64,4.06,74.41,99.87,113.79,113.79,50.03,25.55,9.94,0.0,0.0,77157401313.0,0.5656,0.0,0.0,3.5315,0.0,45.78,0.0,0.0,0.0,3280,272479166666
207940,삼성바이오로직스,8.88,4.81,0.0,32.77,26.59,9836.27,84.56,154.43,154.43,54.18,91.41,83.07,0.0,0.0,3001295197683.0,0.181,0.0,0.0,12.6628,0.0,46.36,0.0,0.0,0.0,821000,38004890447957
208140,정다운,16.3,9.03,0.0,10.1,8.39,184.39,80.5,150.28,150.28,55.4,18.9,-8.59,0.0,0.0,182649074204.0,1.0763,0.0,0.0,0.382,0.0,7.89,0.0,0.0,0.0,2135,69771241830
208350,지란지교시큐리티,3.0,1.85,0.0,2.85,3.5,18.64,61.91,232.9,232.9,61.76,14.04,2483.47,0.0,0.0,65382543444.0,0.5289,0.0,0.0,0.5122,0.0,43.33,0.0,0.0,0.0,4125,33486088379
208370,셀바스헬스케어,8.06,5.88,0.0,8.38,9.57,23.19,37.13,235.66,235.66,72.93,-4.82,-32.03,0.0,0.0,27685710222.0,0.6138,0.0,0.0,1.9438,0.0,28.47,0.0,0.0,0.0,2090,53815384615
208640,썸에이지,-62.31,-44.74,0.0,-131.63,-171.34,-164.79,39.26,2078.06,2078.06,71.81,-65.45,-677.03,0.0,0.0,12519373509.0,0.2611,0.0,0.0,0.6782,0.0,0.0,0.0,0.0,0.0,610,8490166414
208860,다산디엠씨,-14.16,-2.8,0.0,-150.14,-27.09,-52.46,406.47,16.28,16.28,19.74,-26.97,-96.19,0.0,0.0,3493950585.0,0.1032,0.0,0.0,21.4051,0.0,0.0,0.0,0.0,0.0,2205,74788490853
210120,캔버스엔,10.57,5.1,0.0,5.36,4.12,17.29,107.12,86.04,86.04,48.28,52.01,190.36,0.0,0.0,32229780456.0,1.2388,0.0,0.0,4.3358,0.0,88.62,0.0,0.0,0.0,14450,139741244119
210540,디와이파워,7.43,5.45,0.0,6.44,4.26,269.68,36.26,247.72,247.72,73.39,-4.15,-36.03,0.0,0.0,419018706092.0,1.2794,0.0,0.0,0.3229,0.0,8.25,0.0,0.0,0.0,12250,135289042277
210980,SK디앤디,10.93,3.48,0.0,11.42,13.53,643.46,214.4,268.9,268.9,31.81,-36.11,-69.34,0.0,0.0,563436566175.0,0.2571,0.0,0.0,0.6626,0.0,29.03,0.0,0.0,0.0,20050,373328087167
211050,인카금융서비스,28.32,7.12,0.0,6.82,5.18,273.92,297.68,122.64,122.64,25.15,27.6,29.61,0.0,0.0,401448586391.0,1.3751,0.0,0.0,0.8271,0.0,20.1,0.0,0.0,0.0,6740,332046883720
211270,AP위성,4.78,3.73,0.0,8.38,7.61,44.94,28.06,412.02,412.02,78.09,33.34,433.64,0.0,0.0,53604126086.0,0.4904,0.0,0.0,2.827,0.0,39.05,0.0,0.0,0.0,10050,151539903264
212560,네오오토,8.11,5.07,0.0,4.86,4.79,79.7,59.74,129.74,129.74,62.6,15.22,34.55,0.0,0.0,164034089080.0,1.0601,0.0,0.0,0.5426,0.0,18.43,0.0,0.0,0.0,6600,88997787610
213420,덕산네오룩스,12.15,10.77,0.0,25.39,22.03,448.67,12.86,1171.06,1171.06,88.6,-7.67,-11.98,0.0,0.0,176677173188.0,0.4887,0.0,0.0,5.4955,0.0,22.56,0.0,0.0,0.0,39100,970935766423
213500,한솔제지,9.94,3.34,0.0,5.3,3.0,1302.26,197.63,93.11,93.11,33.6,34.01,114.44,0.0,0.0,2457952593665.0,1.1122,0.0,0.0,0.1283,0.0,13.69,0.0,0.0,0.0,13250,315336161879
214150,클래시스,32.84,22.74,0.0,48.57,53.16,688.76,44.37,407.97,407.97,69.27,40.96,33.19,0.0,0.0,141803242402.0,0.4279,0.0,0.0,8.4647,0.0,18.91,0.0,0.0,0.0,18400,1200321418020
214180,헥토이노베이션,11.39,6.11,0.0,13.55,12.24,356.44,86.41,168.04,168.04,53.64,18.97,-4.89,0.0,0.0,262967082265.0,0.4992,0.0,0.0,0.5954,0.0,11.24,0.0,0.0,0.0,12050,156559645535
214260,라파스,-19.6,-8.98,0.0,-27.71,-36.5,-65.5,118.25,110.53,110.53,45.82,16.22,-219.87,0.0,0.0,23638746585.0,0.2461,0.0,0.0,5.998,0.0,0.0,0.0,0.0,0.0,15900,141784671532
214310,로아앤코,-23.19,-14.59,0.0,-7.45,-51.91,-23.82,58.97,79.1,79.1,62.9,45.71,67.49,0.0,0.0,31951698832.0,0.281,0.0,0.0,0.0,0.0,0.0,0.0,0.0,0.0,0,0
214320,이노션,10.27,3.92,0.0,7.82,5.13,1368.92,162.04,147.59,147.59,38.16,16.54,0.85,0.0,0.0,1750407624440.0,0.7643,0.0,0.0,0.9404,0.0,22.37,0.0,0.0,0.0,41150,1646000000000
214330,금호에이치티,-6.95,-5.31,0.0,3.35,-8.15,92.92,30.95,233.38,233.38,76.37,18.71,42.38,0.0,0.0,277770353237.0,0.6511,0.0,0.0,0.0336,0.0,11.86,0.0,0.0,0.0,892,9331692307
214370,케어젠,12.6,11.63,0.0,48.66,39.39,336.26,8.38,1515.0,1515.0,92.27,16.94,19.22,0.0,0.0,69097674884.0,0.2952,0.0,0.0,106.5787,0.0,219.55,0.0,0.0,0.0,137100,7364342441860
214390,경보제약,0.42,0.25,0.0,0.71,0.31,13.93,67.39,121.72,121.72,59.74,15.0,121.02,0.0,0.0,196264902088.0,0.8159,0.0,0.0,1.2182,0.0,241.21,0.0,0.0,0.0,10000,239082568807
214420,토니모리,-2.44,-1.19,0.0,-5.73,-1.88,-72.58,104.41,88.49,88.49,48.92,10.55,46.35,0.0,0.0,126745016191.0,0.6367,0.0,0.0,0.8343,0.0,0.0,0.0,0.0,0.0,4395,105744946808
214430,아이쓰리시스템,7.86,5.46,0.0,6.78,7.37,56.87,44.07,232.59,232.59,69.41,5.17,303.09,0.0,0.0,83845591819.0,0.7399,0.0,0.0,1.6165,0.0,29.93,0.0,0.0,0.0,18550,135538666666
214450,파마리서치,11.69,9.09,0.0,33.85,22.3,659.16,28.63,455.91,455.91,77.74,26.4,25.58,0.0,0.0,194758643934.0,0.4074,0.0,0.0,3.7289,0.0,12.63,0.0,0.0,0.0,69900,726238028169
214610,롤링스톤,-220.64,-67.67,0.0,-160.76,-241.56,-259.0,226.04,133.18,133.18,30.67,-46.83,-137.73,0.0,0.0,16111429183.0,0.2801,0.0,0.0,2.4979,0.0,0.0,0.0,0.0,0.0,4800,40244541484
214680,디알텍,9.94,4.93,0.0,5.49,6.65,49.15,101.84,151.81,151.81,49.54,27.33,108.64,0.0,0.0,89481004311.0,0.7409,0.0,0.0,1.2915,0.0,35.91,0.0,0.0,0.0,1385,115560937500
214870,한울비앤씨,331.27,-240.29,0.0,-134.06,-331.43,-291.06,-237.86,44.15,44.15,-72.54,-26.04,-3.75,0.0,0.0,21710751822.0,0.725,0.0,0.0,0.0,0.0,0.0,0.0,0.0,0.0,0,0
215000,골프존,29.9,18.92,0.0,24.08,18.07,1486.79,57.98,195.12,195.12,63.3,40.25,38.09,0.0,0.0,617513986929.0,1.0475,0.0,0.0,1.1465,0.0,6.22,0.0,0.0,0.0,112800,707960220994
215090,솔디펜스,0.0,0.0,0.0,-18.21,0.0,-28.51,40.07,318.68,318.68,71.39,85.34,71.84,0.0,0.0,15656058286.0,0.2985,0.0,0.0,2.2245,0.0,0.0,0.0,0.0,0.0,1505,34826446280
215100,로보로보,-1.19,-1.11,0.0,-1.53,-2.95,-1.82,7.19,764.64,764.64,93.29,55.69,88.06,0.0,0.0,11863068045.0,0.3746,0.0,0.0,11.4006,0.0,0.0,0.0,0.0,0.0,6650,135246079613
215200,메가스터디교육,22.96,11.0,0.0,16.2,11.91,1353.9,108.6,33.4,33.4,47.94,18.77,36.75,0.0,0.0,835952852633.0,0.924,0.0,0.0,0.9869,0.0,9.57,0.0,0.0,0.0,79600,824965555555
215360,우리산업,-20.94,-7.54,0.0,-6.77,-4.93,-246.87,177.83,99.97,99.97,35.99,28.27,-236.68,0.0,0.0,364601945122.0,1.5305,0.0,0.0,0.3291,0.0,0.0,0.0,0.0,0.0,13150,119986175115
215380,콜마바이오텍,-6.33,-1.98,0.0,-5.37,-4.01,-25.21,219.65,30.69,30.69,31.28,50.2,28.5,0.0,0.0,46917852697.0,0.4939,0.0,0.0,1.072,0.0,0.0,0.0,0.0,0.0,2985,50295205479
215480,토박스코리아,12.75,9.99,0.0,9.74,8.11,49.88,27.6,358.59,358.59,78.37,41.8,71.52,0.0,0.0,51232869329.0,1.2321,0.0,0.0,0.8771,0.0,10.81,0.0,0.0,0.0,4180,44937119675
215600,신라젠,-31.15,-23.77,0.0,-488.22,-490.55,-244.76,31.04,446.73,446.73,76.31,1870.95,-20.28,0.0,0.0,5013362991.0,0.0485,0.0,0.0,192.6421,0.0,0.0,0.0,0.0,0.0,6970,965784854368
215790,이노인스트루먼트,5.76,4.38,0.0,5.86,11.28,29.19,31.44,274.74,274.74,76.08,5.53,-60.58,0.0,0.0,49851253116.0,0.3885,0.0,0.0,1.016,0.0,27.87,0.0,0.0,0.0,1255,50646884272
216050,인크로스,14.54,6.5,0.0,36.83,28.9,196.32,123.58,172.5,172.5,44.73,2.91,-8.27,0.0,0.0,53308042480.0,0.225,0.0,0.0,3.4771,0.0,16.11,0.0,0.0,0.0,15200,185358778625
216080,제테마,2.56,0.77,0.0,8.71,3.16,40.06,230.75,57.76,57.76,30.23,38.44,75.77,0.0,0.0,45993818218.0,0.2442,0.0,0.0,10.6207,0.0,154.75,0.0,0.0,0.0,13100,488488794023
217190,제너셈,30.32,15.4,0.0,14.29,20.45,85.19,96.96,138.37,138.37,50.77,-0.21,51.22,0.0,0.0,59602938075.0,0.7528,0.0,0.0,1.1252,0.0,12.45,0.0,0.0,0.0,5100,67062992125
217270,넵튠,-44.91,-39.99,0.0,-97.29,-578.58,-286.69,12.28,235.2,235.2,89.06,45.25,-16.51,0.0,0.0,29467097300.0,0.0691,0.0,0.0,16.6579,0.0,0.0,0.0,0.0,0.0,10500,490858895705
217330,싸이토젠,-331.87,-45.54,0.0,-1511.28,-2467.37,-114.97,628.76,57.14,57.14,13.72,118.71,10.6,0.0,0.0,760777445.0,0.0185,0.0,0.0,492.2335,0.0,0.0,0.0,0.0,0.0,16200,374480127186
217480,에스디생명공학,-1552.86,-77.74,0.0,-44.18,-80.74,-410.29,1897.53,56.59,56.59,5.01,-25.52,-17.82,0.0,0.0,92860030035.0,0.9629,0.0,0.0,1.5019,0.0,0.0,0.0,0.0,0.0,1270,139470941883
217500,러셀,6.89,4.88,0.0,10.74,9.13,45.01,41.32,479.91,479.91,70.76,-27.41,-20.31,0.0,0.0,41926139186.0,0.5346,0.0,0.0,2.0035,0.0,23.76,0.0,0.0,0.0,2640,84000000000
217620,선샤인푸드,-84.0,-12.21,0.0,-8.71,-14.43,-53.01,587.84,81.6,81.6,14.54,-1.57,12.43,0.0,0.0,60863892675.0,0.8466,0.0,0.0,0.0,0.0,0.0,0.0,0.0,0.0,0,0
217730,강스템바이오텍,-42.69,-25.04,0.0,-126.12,-123.78,-205.58,70.53,232.93,232.93,58.64,31.41,9.58,0.0,0.0,16300572670.0,0.2023,0.0,0.0,16.7071,0.0,0.0,0.0,0.0,0.0,2895,272335490605
217820,원익피앤이,0.03,0.01,0.0,1.37,0.01,39.48,259.22,90.94,90.94,27.84,63.73,-73.61,0.0,0.0,288843655010.0,0.7015,0.0,0.0,1.2252,0.0,164.92,0.0,0.0,0.0,7460,353899516908
217950,파마리서치바이오,33.74,12.59,0.0,20.06,59.32,25.09,167.92,219.19,219.19,37.33,18.22,-4.43,0.0,0.0,12505984894.0,0.2123,0.0,0.0,0.0,0.0,0.0,0.0,0.0,0.0,26900,0
218150,미래생명자원,2.15,1.57,0.0,2.09,1.16,15.83,37.37,280.92,280.92,72.8,13.45,-14.68,0.0,0.0,75635321633.0,1.3483,0.0,0.0,1.0397,0.0,59.32,0.0,0.0,0.0,3850,78634433962
218410,RFHIC,1.58,1.03,0.0,0.74,4.5,8.03,53.76,359.08,359.08,65.04,6.37,-81.6,0.0,0.0,108032898603.0,0.2282,0.0,0.0,5.5226,0.0,949.12,0.0,0.0,0.0,22450,596624307036
219130,타이거일렉,6.48,4.94,0.0,5.36,6.18,31.14,31.06,227.28,227.28,76.3,15.41,35.18,0.0,0.0,58072250651.0,0.7991,0.0,0.0,2.1801,0.0,46.18,0.0,0.0,0.0,20050,126603238546
219420,링크제니시스,4.36,4.01,0.0,21.09,11.03,36.41,8.58,1384.22,1384.22,92.09,7.72,-7.72,0.0,0.0,17267914388.0,0.3639,0.0,0.0,3.9224,0.0,19.63,0.0,0.0,0.0,5900,67730941704
219550,디와이디,2.02,1.91,0.0,2.46,4.33,5.13,5.74,552.29,552.29,94.58,48.34,105.45,0.0,0.0,20838794897.0,0.4407,0.0,0.0,2.4619,0.0,105.08,0.0,0.0,0.0,1240,51303352412
219750,한국비티비,-403.74,-36.44,0.0,-134.18,-225.45,-76.08,1007.95,16.55,16.55,9.03,-57.27,32.6,0.0,0.0,5669831641.0,0.1616,0.0,0.0,3.2836,0.0,0.0,0.0,0.0,0.0,1425,18617647058
220100,퓨쳐켐,-19.93,-15.79,0.0,-102.87,-111.43,-129.34,26.23,329.17,329.17,79.22,6.39,-63.84,0.0,0.0,12573624103.0,0.1417,0.0,0.0,17.1409,0.0,0.0,0.0,0.0,0.0,9610,215522871664
220180,폴라리스AI핸디,0.2,0.17,0.0,1.4,0.39,4.65,18.27,569.48,569.48,84.55,94.28,-59.35,0.0,0.0,33114803766.0,0.4232,0.0,0.0,2.1836,0.0,181.62,0.0,0.0,0.0,3020,72309859154
220260,켐트로스,6.47,3.91,0.0,7.79,6.68,44.42,65.33,309.93,309.93,60.49,18.08,15.78,0.0,0.0,57025284590.0,0.5851,0.0,0.0,3.9194,0.0,58.98,0.0,0.0,0.0,6970,223502295918
220630,맘스터치앤컴퍼니,35.0,23.28,0.0,15.77,9.64,524.37,50.33,198.97,198.97,66.52,10.47,32.9,0.0,0.0,332504054849.0,2.4143,0.0,0.0,0.0,0.0,0.0,0.0,0.0,0.0,0,0
221840,하이즈항공,-20.36,-9.0,0.0,-14.37,-20.95,-84.49,126.22,111.33,111.33,44.2,-6.08,30.15,0.0,0.0,58776316282.0,0.4296,0.0,0.0,0.9452,0.0,0.0,0.0,0.0,0.0,2970,55553956834
222040,코스맥스엔비티,-27.33,-4.25,0.0,0.68,-3.94,22.4,543.27,88.73,88.73,15.55,13.43,-65.18,0.0,0.0,328207413005.0,1.0797,0.0,0.0,0.2697,0.0,154.09,0.0,0.0,0.0,4290,88504565217
222110,팬젠,-26.1,-21.74,0.0,-70.62,-69.13,-45.91,20.06,759.29,759.29,83.29,-18.08,-39.6,0.0,0.0,6500657968.0,0.3144,0.0,0.0,13.5127,0.0,0.0,0.0,0.0,0.0,6500,87841365461
222160,엔피엑스,1.78,1.46,0.0,21.56,1.89,48.1,21.88,457.44,457.44,82.04,38.41,60.86,0.0,0.0,22304735526.0,0.7731,0.0,0.0,0.0,0.0,0.0,0.0,0.0,0.0,0,0
222800,심텍,40.17,19.43,0.0,20.76,14.5,3523.54,106.71,106.4,106.4,48.38,24.28,102.13,0.0,0.0,1697452348000.0,1.3404,0.0,0.0,0.5917,0.0,4.71,0.0,0.0,0.0,26450,1004424941995
222810,세토피아,-139.03,-54.86,0.0,-10.13,-34.93,-118.02,153.42,88.1,88.1,39.46,51.69,-719.64,0.0,0.0,116534962309.0,1.5708,0.0,0.0,0.0,0.0,0.0,0.0,0.0,0.0,1045,0
222980,한국맥널티,-7.26,-3.38,0.0,-0.95,-4.3,-6.7,114.79,156.38,156.38,46.56,31.46,-141.46,0.0,0.0,70214592825.0,0.787,0.0,0.0,0.785,0.0,0.0,0.0,0.0,0.0,4995,55117241379
223250,드림씨아이에스,8.97,5.8,0.0,14.97,11.63,58.18,54.56,175.03,175.03,64.7,48.64,60.85,0.0,0.0,38873659888.0,0.4986,0.0,0.0,6.7723,0.0,49.98,0.0,0.0,0.0,10700,263263929618
223310,사토시홀딩스,-9.47,-8.22,0.0,2.05,-10.93,4.24,15.22,698.8,698.8,86.79,24.28,109.55,0.0,0.0,20726718540.0,0.752,0.0,0.0,0.8317,0.0,49.23,0.0,0.0,0.0,3320,17238461538
224060,더코디,-61.88,-25.09,0.0,-44.85,-116.83,-90.2,146.62,352.36,352.36,40.55,-55.66,-34.22,0.0,0.0,20111858404.0,0.2148,0.0,0.0,2.4334,0.0,0.0,0.0,0.0,0.0,9470,48940568475
225190,LK삼양,22.6,16.44,0.0,20.03,15.03,110.07,37.43,362.4,362.4,72.77,-4.73,-10.05,0.0,0.0,54947071178.0,1.0943,0.0,0.0,12.7142,0.0,64.71,0.0,0.0,0.0,9910,698605940594
225220,제놀루션,15.42,12.76,0.0,38.69,38.34,147.37,20.86,1174.57,1174.57,82.74,-47.71,-64.3,0.0,0.0,38084568962.0,0.3328,0.0,0.0,4.5373,0.0,13.07,0.0,0.0,0.0,9000,172800000000
225430,케이엠제약,-10.8,-7.65,0.0,-7.97,-25.11,-12.47,41.16,50.77,50.77,70.84,-31.15,-243.92,0.0,0.0,15631451503.0,0.3048,0.0,0.0,0.6591,0.0,0.0,0.0,0.0,0.0,1590,10302375809
225530,HC보광산업,13.58,8.27,0.0,17.57,13.8,153.72,64.16,227.26,227.26,60.92,21.66,16.33,0.0,0.0,87471227933.0,0.5992,0.0,0.0,2.3584,0.0,17.13,0.0,0.0,0.0,5680,206295399515
225570,넥슨게임즈,2.55,1.86,0.0,3.89,4.57,51.55,37.33,341.9,341.9,72.81,109.84,229.74,0.0,0.0,132374925965.0,0.4066,0.0,0.0,6.4427,0.0,182.6,0.0,0.0,0.0,12950,852853339350
225590,패션플랫폼,14.37,9.95,0.0,10.89,8.84,119.75,44.5,375.43,375.43,69.2,27.28,100.62,0.0,0.0,109942797767.0,1.1249,0.0,0.0,0.077,0.0,3.22,0.0,0.0,0.0,1655,8466255778
226320,잇츠한불,0.73,0.68,0.0,3.68,2.54,48.09,6.63,1247.96,1247.96,93.78,-6.75,537.14,0.0,0.0,130714132788.0,0.2689,0.0,0.0,2.995,0.0,87.7,0.0,0.0,0.0,17850,391486583184
226330,신테카바이오,-14.32,-8.09,0.0,-4832.99,-1846.96,-117.92,77.01,168.49,168.49,56.49,-22.95,-32.62,0.0,0.0,243991568.0,0.0044,0.0,0.0,853.8254,0.0,0.0,0.0,0.0,0.0,8580,208326199261
226340,본느,0.15,0.05,0.0,1.21,0.08,7.35,181.99,73.92,73.92,35.46,12.85,170.25,0.0,0.0,60720302228.0,0.7264,0.0,0.0,0.2295,0.0,92.33,0.0,0.0,0.0,1660,13933939393
226350,아이엠텍,1627.15,-16.42,0.0,-22.71,-21.54,-27.82,-10012.45,53.21,53.21,-1.01,-33.55,-217.11,0.0,0.0,12249596000.0,0.7621,0.0,0.0,0.0,0.0,0.0,0.0,0.0,0.0,0,0
226360,케이에이치건설,-72.63,-40.82,0.0,3.58,-145.7,20.09,77.92,82.5,82.5,56.21,14.12,292.81,0.0,0.0,56082241851.0,0.2802,0.0,0.0,0.0,0.0,0.0,0.0,0.0,0.0,0,0
226400,오스테오닉,2.29,1.36,0.0,12.73,4.21,25.26,68.56,190.1,190.1,59.33,27.19,335.99,0.0,0.0,19838547123.0,0.3224,0.0,0.0,3.2969,0.0,35.8,0.0,0.0,0.0,3165,65405160550
226440,시스네오텍,-92.79,-38.89,0.0,-46.37,-76.25,-128.34,138.57,72.32,72.32,41.92,-6.49,-3250.6,0.0,0.0,27680229422.0,0.5101,0.0,0.0,0.0,0.0,0.0,0.0,0.0,0.0,0,0
226950,올릭스,-33.06,-16.5,0.0,0.0,0.0,-223.76,100.37,164.49,164.49,49.91,0.0,7.65,0.0,0.0,0.0,0.0,0.0,0.0,0.0,0.0,0.0,0.0,0.0,0.0,20350,428629255319
227100,프로브잇,-19.18,-8.76,0.0,-59.83,-60.07,-76.93,119.07,145.06,145.06,45.65,-2.84,16.85,0.0,0.0,12858944859.0,0.1457,0.0,0.0,0.0,0.0,0.0,0.0,0.0,0.0,0,0
227610,아우딘퓨쳐스,-201.15,-29.53,0.0,-27.66,-49.24,-96.93,581.2,64.58,64.58,14.68,-20.19,-25.53,0.0,0.0,35044593341.0,0.5997,0.0,0.0,2.498,0.0,0.0,0.0,0.0,0.0,4510,87540540540
227840,현대코퍼레이션홀딩스,14.87,11.26,0.0,8.69,20.29,142.77,32.1,423.94,423.94,75.7,25.99,75.26,0.0,0.0,164345780796.0,0.555,0.0,0.0,0.5732,0.0,11.64,0.0,0.0,0.0,10350,94198400609
227950,엔투텍,1.01,0.9,0.0,-9.03,4.6,-19.34,12.33,343.25,343.25,89.02,-27.6,-241.56,0.0,0.0,21405514240.0,0.196,0.0,0.0,1.1581,0.0,0.0,0.0,0.0,0.0,719,24789402985
228340,동양파일,3.99,3.79,0.0,7.26,6.76,52.73,5.29,1127.33,1127.33,94.98,4.39,-35.6,0.0,0.0,72584619200.0,0.5609,0.0,0.0,0.8459,0.0,12.88,0.0,0.0,0.0,3070,61400000000
228670,레이,6.84,3.58,0.0,12.56,6.17,162.06,91.04,161.77,161.77,52.34,42.8,378.41,0.0,0.0,128997854042.0,0.5806,0.0,0.0,2.897,0.0,29.59,0.0,0.0,0.0,23900,373709090909
228760,지노믹트리,0.0,0.0,0.0,8.05,0.0,24.05,51.46,220.8,220.8,66.02,481.09,124.41,0.0,0.0,29865674706.0,0.1833,0.0,0.0,7.3175,0.0,113.87,0.0,0.0,0.0,8790,218543224092
228850,레이언스,9.69,8.34,0.0,17.23,14.85,253.57,16.19,698.75,698.75,86.07,9.36,5.35,0.0,0.0,147160763834.0,0.5617,0.0,0.0,1.2397,0.0,8.63,0.0,0.0,0.0,11000,182431693989
229000,젠큐릭스,-448.62,-68.35,0.0,-430.05,-994.38,-110.07,556.4,30.97,30.97,15.23,-16.0,13.64,0.0,0.0,2559487184.0,0.0687,0.0,0.0,63.3587,0.0,0.0,0.0,0.0,0.0,6920,162165656565
229640,LS에코에너지,-5.78,-1.8,0.0,3.35,-1.12,274.52,220.59,117.66,117.66,31.19,9.04,-2.65,0.0,0.0,818494728195.0,1.6152,0.0,0.0,0.2728,0.0,20.83,0.0,0.0,0.0,7290,223254273318
230240,에치에프알,38.56,22.06,0.0,24.62,18.72,901.87,74.85,238.28,238.28,57.19,77.5,313.22,0.0,0.0,366282666520.0,1.178,0.0,0.0,1.3448,0.0,6.94,0.0,0.0,0.0,37000,492567882079
230360,에코마케팅,21.15,14.58,0.0,16.04,12.8,565.9,45.01,281.37,281.37,68.96,53.6,41.25,0.0,0.0,352756160978.0,1.1391,0.0,0.0,0.0,0.0,0.0,0.0,0.0,0.0,0,0
230980,비유테크놀러지,-70.45,-43.48,0.0,-46.19,-117.38,-67.95,62.03,132.05,132.05,61.72,57.69,-101.02,0.0,0.0,14710415718.0,0.3704,0.0,0.0,0.0,0.0,0.0,0.0,0.0,0.0,0,0
232140,와이씨,9.69,6.62,0.0,12.76,12.04,364.09,46.38,364.49,364.49,68.32,-8.35,-33.34,0.0,0.0,285267759686.0,0.5495,0.0,0.0,0.8067,0.0,10.84,0.0,0.0,0.0,2805,230134551341
232680,라온로보틱스,26.6,16.14,0.0,15.05,12.58,89.43,64.77,263.59,263.59,60.69,61.24,70.46,0.0,0.0,59431713088.0,1.2834,0.0,0.0,1.9522,0.0,15.01,0.0,0.0,0.0,8750,116020569620
234080,JW생명과학,10.66,5.91,0.0,14.34,7.92,270.89,80.24,131.19,131.19,55.48,11.26,-4.67,0.0,0.0,188931165241.0,0.7469,0.0,0.0,1.0182,0.0,11.26,0.0,0.0,0.0,12150,192375000000
234100,폴라리스세원,1.89,1.49,0.0,4.89,2.21,86.39,26.3,338.51,338.51,79.18,81.2,557.88,0.0,0.0,176741126444.0,0.6752,0.0,0.0,0.1525,0.0,9.43,0.0,0.0,0.0,1845,26955319148
234300,에스트래픽,47.28,18.1,0.0,7.27,24.52,95.95,161.3,141.93,141.93,38.27,3.5,162.86,0.0,0.0,132069703100.0,0.738,0.0,0.0,0.7878,0.0,22.36,0.0,0.0,0.0,3825,104040000000
234340,헥토파이낸셜,8.4,3.58,0.0,9.94,9.31,128.46,134.79,140.1,140.1,42.59,17.1,-15.98,0.0,0.0,129250551413.0,0.384,0.0,0.0,2.0859,0.0,36.03,0.0,0.0,0.0,19300,269600886917
234690,녹십자웰빙,8.32,5.33,0.0,7.65,7.29,83.96,56.24,106.82,106.82,64.01,20.62,8.03,0.0,0.0,109729116676.0,0.7303,0.0,0.0,1.347,0.0,24.05,0.0,0.0,0.0,8230,147804081632
234920,자이글,-8.96,-6.12,0.0,-17.7,-24.91,-26.54,46.36,64.91,64.91,68.33,-25.94,47.63,0.0,0.0,14993012303.0,0.2456,0.0,0.0,4.9061,0.0,0.0,0.0,0.0,0.0,5440,73557815442
235980,메드팩토,-110.61,-33.2,0.0,0.0,0.0,-371.93,233.16,137.82,137.82,30.02,0.0,-26.25,0.0,0.0,0.0,0.0,0.0,0.0,0.0,0.0,0.0,0.0,0.0,0.0,22250,762971274685
236200,슈프리마,9.83,9.22,0.0,19.98,19.99,178.59,6.59,994.11,994.11,93.81,23.18,10.02,0.0,0.0,89397131101.0,0.4613,0.0,0.0,1.6892,0.0,9.13,0.0,0.0,0.0,21650,151010676156
236810,엔비티,-1.26,-0.56,0.0,0.0,0.0,22.79,124.07,171.46,171.46,44.63,0.0,-27.48,0.0,0.0,0.0,0.0,0.0,0.0,0.0,0.0,60.88,0.0,0.0,0.0,5460,92610128126
237690,에스티팜,5.14,3.03,0.0,7.16,7.03,178.51,67.3,151.35,151.35,58.95,50.52,220.06,0.0,0.0,249321677973.0,0.4308,0.0,0.0,7.335,0.0,115.3,0.0,0.0,0.0,87600,1828774904942
237750,피앤씨테크,4.29,3.79,0.0,10.84,13.39,23.85,13.12,572.16,572.16,88.4,1.33,21.04,0.0,0.0,21997928858.0,0.283,0.0,0.0,1.5247,0.0,17.84,0.0,0.0,0.0,5160,33540000000
237820,플레이디,6.27,3.05,0.0,12.73,11.27,55.97,105.82,179.03,179.03,48.59,26.73,67.63,0.0,0.0,43952147282.0,0.2702,0.0,0.0,1.5018,0.0,26.73,0.0,0.0,0.0,5140,66008421052
237880,클리오,5.32,4.15,0.0,6.56,3.72,178.82,28.11,294.38,294.38,78.06,17.06,28.62,0.0,0.0,272455447001.0,1.1171,0.0,0.0,1.0747,0.0,19.37,0.0,0.0,0.0,16200,292808955223
238090,앤디포스,-15.36,-12.44,0.0,-1.53,-24.02,-13.75,23.41,335.5,335.5,81.03,41.53,-169.5,0.0,0.0,89607677912.0,0.5179,0.0,0.0,1.6615,0.0,0.0,0.0,0.0,0.0,4880,148881355932
238120,얼라인드,8.09,6.32,0.0,20.72,16.96,28.49,27.91,1466.54,1466.54,78.18,16.92,30.75,0.0,0.0,13752579320.0,0.3727,0.0,0.0,7.7807,0.0,40.39,0.0,0.0,0.0,7530,107005263157
238170,엔에스엠,0.3,0.2,0.0,0.59,0.17,2.96,44.78,203.19,203.19,69.07,-5.71,-77.45,0.0,0.0,50147693762.0,1.216,0.0,0.0,0.0,0.0,0.0,0.0,0.0,0.0,0,0
238200,비피도,2.94,2.81,0.0,8.66,10.6,12.63,4.66,1261.75,1261.75,95.54,20.32,224.15,0.0,0.0,14578593937.0,0.2654,0.0,0.0,4.7647,0.0,56.93,0.0,0.0,0.0,8500,69462365591
238490,힘스,-13.96,-10.87,0.0,0.0,0.0,-132.75,28.4,194.17,194.17,77.88,0.0,-203.7,0.0,0.0,0.0,0.0,0.0,0.0,0.0,0.0,0.0,0.0,0.0,0.0,6060,68436206896
238500,솔루믹스,-105.5,-77.8,0.0,-188.61,-310.76,-25.78,35.59,223.97,223.97,73.75,1409.42,-76.24,0.0,0.0,1366815332.0,0.2504,0.0,0.0,0.0,0.0,0.0,0.0,0.0,0.0,600,0
239340,이스트에이드,-7.79,-5.44,0.0,0.0,0.0,-7.26,43.09,939.67,939.67,69.89,0.0,-110.77,0.0,0.0,0.0,0.0,0.0,0.0,0.0,0.0,0.0,0.0,0.0,0.0,3145,84865079365
239610,에이치엘사이언스,1.47,1.41,0.0,-1.14,2.9,-6.04,4.33,969.09,969.09,95.85,-49.45,-104.09,0.0,0.0,52758204961.0,0.4848,0.0,0.0,1.9004,0.0,0.0,0.0,0.0,0.0,18600,100260223048
239890,피엔에이치테크,26.59,12.09,0.0,13.71,21.58,48.03,119.88,149.42,149.42,45.48,45.66,31.47,0.0,0.0,35043741542.0,0.5602,0.0,0.0,4.4964,0.0,39.91,0.0,0.0,0.0,15850,157570381231
240810,원익IPS,10.28,7.97,0.0,9.64,8.84,975.55,28.97,239.46,239.46,77.54,-17.92,-40.56,0.0,0.0,1011484981702.0,0.9018,0.0,0.0,1.201,0.0,15.04,0.0,0.0,0.0,24750,1214836547085
241560,두산밥캣,12.82,6.96,0.0,12.43,7.47,10716.07,84.07,150.11,150.11,54.33,48.24,80.0,0.0,0.0,8621911872000.0,0.9323,0.0,0.0,0.3847,0.0,7.04,0.0,0.0,0.0,34600,3316601605136
241590,화승엔터프라이즈,-1.28,-0.51,0.0,3.19,-0.46,528.01,149.64,97.34,97.34,40.06,45.27,643.77,0.0,0.0,1654029582447.0,1.1207,0.0,0.0,0.3382,0.0,27.35,0.0,0.0,0.0,9230,559365829145
241690,유니테크노,4.17,3.14,0.0,7.43,5.92,61.19,32.95,0.0,0.0,75.22,3.14,-17.73,0.0,0.0,82372227506.0,0.5297,0.0,0.0,1.0397,0.0,20.29,0.0,0.0,0.0,3500,85643939393
241710,코스메카코리아,2.9,1.53,0.0,2.6,1.5,103.67,89.72,130.61,130.61,52.71,0.74,-48.43,0.0,0.0,399399237901.0,1.0169,0.0,0.0,0.2741,0.0,28.47,0.0,0.0,0.0,10250,109472463284
241770,메카로,22.73,20.02,0.0,4.73,80.93,25.54,13.54,641.26,641.26,88.07,10.11,2.23,0.0,0.0,53990901173.0,0.2474,0.0,0.0,2.0389,0.0,53.3,0.0,0.0,0.0,10800,110082959048
241790,티이엠씨씨엔에스,15.24,11.47,0.0,13.82,9.57,227.91,32.87,235.24,235.24,75.26,75.61,42.25,0.0,0.0,164969267191.0,1.1988,0.0,0.0,0.8062,0.0,7.33,0.0,0.0,0.0,13300,133000000000
241820,피씨엘,-11.92,-4.56,0.0,-22.15,-10.78,-82.45,161.38,121.4,121.4,38.26,-19.35,68.0,0.0,0.0,37217226663.0,0.4232,0.0,0.0,1.1173,0.0,0.0,0.0,0.0,0.0,14950,41582781456
241840,에이스토리,6.98,4.03,0.0,11.86,5.7,85.0,73.12,229.62,229.62,57.76,21.78,22.69,0.0,0.0,71680277467.0,0.7077,0.0,0.0,3.3695,0.0,33.45,0.0,0.0,0.0,25350,241527720739
242040,나무에이엑스,1.43,0.61,0.0,2.05,0.59,21.78,133.28,129.41,129.41,42.87,12.44,102.24,0.0,0.0,106218514270.0,1.039,0.0,0.0,0.6483,0.0,58.42,0.0,0.0,0.0,1990,68865299684
243070,휴온스,7.86,4.78,0.0,8.3,4.59,408.67,64.38,238.77,238.77,60.83,12.7,-9.75,0.0,0.0,492386810765.0,1.0418,0.0,0.0,0.7093,0.0,13.08,0.0,0.0,0.0,29150,349255140186
243840,신흥에스이씨,6.37,2.99,0.0,6.49,4.1,310.15,113.2,94.48,94.48,46.9,30.46,-0.17,0.0,0.0,477824689682.0,0.728,0.0,0.0,3.3333,0.0,62.59,0.0,0.0,0.0,41300,1592711256117
244460,올리패스,-268.28,-99.24,0.0,-1050.94,-1078.04,-241.3,170.34,115.22,115.22,36.99,169.56,3.99,0.0,0.0,2296028350.0,0.0921,0.0,0.0,21.5277,0.0,0.0,0.0,0.0,0.0,6090,49428225317
244920,에이플러스에셋,35.2,18.97,0.0,0.5,24.2,13.56,85.5,261.84,261.84,53.91,4.92,-76.37,0.0,0.0,270723518058.0,0.784,0.0,0.0,0.4042,0.0,198.13,0.0,0.0,0.0,4840,109435897435
245620,EDGC,-90.95,-15.55,0.0,-10.1,-31.69,-95.2,484.77,38.37,38.37,17.1,5.56,38.98,0.0,0.0,94243692888.0,0.4908,0.0,0.0,4.4745,0.0,0.0,0.0,0.0,0.0,1870,421696356275
246250,에스엘에스바이오,42.15,24.05,0.0,22.54,26.28,24.24,75.28,296.48,296.48,57.05,30.44,468.64,0.0,0.0,10751900430.0,0.9148,0.0,0.0,7.0969,0.0,33.56,0.0,0.0,0.0,4975,76305231081
246710,티앤알바이오팹,-26.33,-13.61,0.0,-224.13,-179.63,-128.98,93.41,160.93,160.93,51.7,77.9,-25.82,0.0,0.0,5754646263.0,0.0758,0.0,0.0,94.8729,0.0,0.0,0.0,0.0,0.0,11450,545960264900
246720,아스타,-38.68,-25.6,0.0,-83.07,-83.68,-27.79,51.11,715.0,715.0,66.18,30.48,20.55,0.0,0.0,3345404074.0,0.3059,0.0,0.0,19.2861,0.0,0.0,0.0,0.0,0.0,3940,64519934102
246960,SCL사이언스,-45.35,-19.38,0.0,-1245.36,-1615.02,-46.05,133.99,221.84,221.84,42.74,-27.11,-1.48,0.0,0.0,369776482.0,0.012,0.0,0.0,787.0701,0.0,0.0,0.0,0.0,0.0,8560,291040000000
247540,에코프로비엠,18.32,8.08,0.0,7.11,5.09,3806.77,126.73,146.93,146.93,44.11,260.63,230.93,0.0,0.0,5357607238956.0,1.5878,0.0,0.0,1.6818,0.0,28.62,0.0,0.0,0.0,92100,9010170447019
247660,나노씨엠에스,0.67,0.39,0.0,7.49,2.79,5.55,68.97,145.27,145.27,59.18,81.47,156.48,0.0,0.0,7409764202.0,0.1414,0.0,0.0,11.1066,0.0,186.83,0.0,0.0,0.0,18900,82297297297
248070,솔루엠,15.67,4.39,0.0,4.46,2.68,756.05,256.66,126.02,126.02,28.04,46.94,185.12,0.0,0.0,1694543907800.0,1.6383,0.0,0.0,0.491,0.0,20.85,0.0,0.0,0.0,17400,832055265123
248170,샘표식품,5.76,3.74,0.0,3.0,3.53,111.31,54.07,174.1,174.1,64.91,6.45,-52.65,0.0,0.0,371198280962.0,1.0597,0.0,0.0,0.4276,0.0,25.3,0.0,0.0,0.0,34750,158708955223
249420,일동제약,-71.72,-21.68,0.0,-11.52,-22.29,-734.81,230.84,89.17,89.17,30.23,13.85,-32.31,0.0,0.0,637714489814.0,0.9724,0.0,0.0,1.4164,0.0,0.0,0.0,0.0,0.0,28550,903277928232
250000,보라티알,22.66,16.73,0.0,15.27,24.92,106.05,35.45,228.99,228.99,73.83,14.13,52.66,0.0,0.0,69472275173.0,0.6712,0.0,0.0,1.0397,0.0,9.37,0.0,0.0,0.0,10700,72229480737
250030,진코스텍,-79.23,-14.14,0.0,-18.15,-26.46,-31.95,460.15,45.07,45.07,17.85,18.23,-16.25,0.0,0.0,17600848507.0,0.5346,0.0,0.0,0.0,0.0,0.0,0.0,0.0,0.0,3700,0
250060,모비스,-13.92,-8.02,0.0,-20.42,-31.5,-40.15,73.6,186.06,186.06,57.61,29.25,-201.37,0.0,0.0,19665103949.0,0.2545,0.0,0.0,2.6835,0.0,0.0,0.0,0.0,0.0,1640,52772277227
250930,예선테크,-27.99,-14.43,0.0,-15.07,-17.15,-80.15,93.99,191.93,191.93,51.55,-19.35,-398.41,0.0,0.0,53167628119.0,0.8415,0.0,0.0,0.1386,0.0,0.0,0.0,0.0,0.0,1115,7368377935
251120,바이오에프디엔씨,8.18,7.34,0.0,30.78,27.34,48.81,11.44,750.58,750.58,89.74,32.43,55.56,0.0,0.0,15855322578.0,0.2686,0.0,0.0,9.3224,0.0,31.53,0.0,0.0,0.0,17000,147809734513
251270,넷마블,-15.77,-9.92,0.0,-4.07,-33.15,-1086.89,58.94,43.48,43.48,62.91,6.64,-171.97,0.0,0.0,2673408275832.0,0.2992,0.0,0.0,1.8788,0.0,0.0,0.0,0.0,0.0,60400,5022812732095
251630,브이원텍,-4.1,-2.28,0.0,0.06,-6.68,0.38,80.38,213.37,213.37,55.44,17.01,-99.23,0.0,0.0,59783165596.0,0.3408,0.0,0.0,1.6706,0.0,4684.25,0.0,0.0,0.0,6260,99874643874
251970,펌텍코리아,7.77,6.3,0.0,11.19,8.47,264.8,23.46,291.71,291.71,81.0,6.58,1.46,0.0,0.0,236643004231.0,0.7436,0.0,0.0,0.862,0.0,9.99,0.0,0.0,0.0,16450,203980000000
252500,세화피앤씨,3.55,3.24,0.0,2.18,3.48,8.25,9.62,858.27,858.27,91.22,-4.39,-84.83,0.0,0.0,37918740286.0,0.9313,0.0,0.0,1.4003,0.0,68.69,0.0,0.0,0.0,1280,53098196392
252990,샘씨엔에스,13.52,7.56,0.0,29.73,30.2,148.99,78.88,642.19,642.19,55.9,5.35,9.33,0.0,0.0,50118586232.0,0.2503,0.0,0.0,4.7579,0.0,21.93,0.0,0.0,0.0,3960,238459534883
253450,스튜디오드래곤,7.65,4.64,0.0,9.34,7.24,652.19,65.07,96.12,96.12,60.58,43.28,24.05,0.0,0.0,697945822981.0,0.6399,0.0,0.0,3.7037,0.0,46.23,0.0,0.0,0.0,86000,2584991071428
253590,네오셈,16.05,7.64,0.0,11.2,13.39,83.65,110.04,154.39,154.39,47.61,100.86,72.5,0.0,0.0,74673208045.0,0.5708,0.0,0.0,1.9768,0.0,25.84,0.0,0.0,0.0,3365,147617652582
253840,수젠텍,18.98,15.39,0.0,24.63,26.31,249.71,23.28,416.39,416.39,81.12,31.34,-28.27,0.0,0.0,101399255833.0,0.5851,0.0,0.0,1.6755,0.0,8.11,0.0,0.0,0.0,10150,169889763779
254120,자비스,2.59,0.92,0.0,-0.06,1.17,-0.13,180.56,87.13,87.13,35.64,38.87,99.66,0.0,0.0,22322811534.0,0.7875,0.0,0.0,2.2314,0.0,0.0,0.0,0.0,0.0,1620,49810344827
254490,미래반도체,27.62,13.12,0.0,4.02,2.73,221.02,110.61,447.26,447.26,47.48,67.71,12.72,0.0,0.0,550152694771.0,4.8062,0.0,0.0,0.0,0.0,0.0,0.0,0.0,0.0,0,0
255220,SG,3.22,1.25,0.0,0.63,2.68,5.66,158.01,100.12,100.12,38.76,28.18,125.09,0.0,0.0,89858217245.0,0.4644,0.0,0.0,1.4324,0.0,436.61,0.0,0.0,0.0,1175,128708881578
255440,야스,-0.79,-0.58,0.0,-8.81,-2.3,-48.31,35.75,216.4,216.4,73.67,10.3,-422.13,0.0,0.0,54812295302.0,0.2529,0.0,0.0,1.8673,0.0,0.0,0.0,0.0,0.0,7840,102352624495
256150,한독크린텍,9.47,8.57,0.0,8.58,8.56,50.73,10.59,659.99,659.99,90.42,12.33,4.31,0.0,0.0,59149129432.0,1.0002,0.0,0.0,1.0299,0.0,13.12,0.0,0.0,0.0,7250,60918049792
256840,한국비엔씨,-23.43,-19.16,0.0,-23.87,-105.29,-100.97,22.32,997.41,997.41,81.76,67.55,10.13,0.0,0.0,42303378385.0,0.1819,0.0,0.0,7.5161,0.0,0.0,0.0,0.0,0.0,4650,317954716981
256940,킵스파마,-23.04,-14.07,0.0,-58.94,-82.37,-86.15,63.69,135.1,135.1,61.09,243.08,30.0,0.0,0.0,14617273604.0,0.1708,0.0,0.0,9.3647,0.0,0.0,0.0,0.0,0.0,6820,136886274509
257370,피엔티엠에스,-44.92,-14.64,0.0,-95.13,-114.99,-59.14,206.88,82.54,82.54,32.59,-46.19,-29.58,0.0,0.0,6217222081.0,0.1273,0.0,0.0,18.5266,0.0,0.0,0.0,0.0,0.0,9210,115184008200
257990,나우코스,-7.68,-3.14,0.0,-3.48,-2.92,-14.73,144.64,116.8,116.8,40.88,-0.27,-585.84,0.0,0.0,42348411765.0,1.0751,0.0,0.0,0.0,0.0,0.0,0.0,0.0,0.0,0,0
258610,케일럼,-35.26,-16.83,0.0,-4.12,-25.22,-35.46,109.55,73.15,73.15,47.72,62.51,45.04,0.0,0.0,86003347816.0,0.6674,0.0,0.0,1.526,0.0,0.0,0.0,0.0,0.0,3600,131240506329
258790,소프트캠프,3.86,1.99,0.0,7.06,3.41,13.42,94.08,156.42,156.42,51.52,-7.52,18.44,0.0,0.0,19017389288.0,0.5826,0.0,0.0,0.4386,0.0,18.01,0.0,0.0,0.0,1670,8341201264
258830,세종메디칼,0.0,0.0,0.0,-11.19,0.0,-18.0,418.21,37.66,37.66,19.3,-6.72,15.89,0.0,0.0,16082925282.0,0.1164,0.0,0.0,13.4902,0.0,0.0,0.0,0.0,0.0,2865,216961165048
259630,엠플러스,-26.98,-4.74,0.0,-8.45,-13.06,-98.57,469.27,117.43,117.43,17.57,52.47,29.69,0.0,0.0,116611603644.0,0.3629,0.0,0.0,1.0105,0.0,0.0,0.0,0.0,0.0,9640,117833617021
259960,크래프톤,9.78,8.29,0.0,0.0,0.0,7516.07,17.94,946.68,946.68,84.79,0.0,15.52,0.0,0.0,0.0,0.0,0.0,0.0,0.0,0.0,11.45,0.0,0.0,0.0,168000,7685666960352
260660,알리코제약,9.07,5.23,0.0,5.88,4.79,98.64,73.4,143.43,143.43,57.67,19.68,105.75,0.0,0.0,167737121788.0,1.0925,0.0,0.0,0.598,0.0,16.76,0.0,0.0,0.0,6550,100305439330
260930,씨티케이,-14.02,-11.85,0.0,-21.94,-30.52,-152.17,18.33,356.01,356.01,84.51,-39.07,-27.64,0.0,0.0,69361422438.0,0.3881,0.0,0.0,1.5024,0.0,0.0,0.0,0.0,0.0,5390,104206666666
260970,에스앤디,12.61,10.55,0.0,14.93,13.43,109.46,19.5,514.63,514.63,83.68,19.41,19.26,0.0,0.0,73317425404.0,0.7855,0.0,0.0,0.6235,0.0,5.57,0.0,0.0,0.0,15800,45716838487
261200,덴티스,0.94,0.23,0.0,6.41,0.35,55.86,306.42,93.84,93.84,24.61,32.47,1091.82,0.0,0.0,87087135928.0,0.6644,0.0,0.0,1.4772,0.0,40.72,0.0,0.0,0.0,8130,128643373493
261780,아리바이오LAB,-20.13,-11.0,0.0,-3604.36,-3741.36,-64.69,83.03,219.93,219.93,54.64,-64.1,-6.32,0.0,0.0,179484500.0,0.0029,0.0,0.0,804.2186,0.0,0.0,0.0,0.0,0.0,4985,144344779116
262260,에이프로,-2.81,-1.2,0.0,-3.17,-2.12,-25.15,134.06,132.15,132.15,42.72,29.03,47.91,0.0,0.0,79393169579.0,0.5661,0.0,0.0,2.05,0.0,0.0,0.0,0.0,0.0,10800,162752089136
262840,아이퀘스트,5.85,4.89,0.0,16.5,11.0,43.51,19.6,295.85,295.85,83.61,68.18,20.57,0.0,0.0,26366936666.0,0.445,0.0,0.0,2.6523,0.0,18.3,0.0,0.0,0.0,6610,69931884057
263020,디케이앤디,11.89,6.7,0.0,10.37,6.74,114.68,77.27,140.36,140.36,56.41,46.91,329.2,0.0,0.0,110628048360.0,0.9941,0.0,0.0,0.3498,0.0,7.6,0.0,0.0,0.0,2795,38700000000
263050,유틸렉스,-37.93,-33.0,0.0,0.0,0.0,-367.33,14.96,585.75,585.75,86.98,0.0,-9.46,0.0,0.0,0.0,0.0,0.0,0.0,0.0,0.0,0.0,0.0,0.0,0.0,6640,244412930135
263540,어스앤에어로스페이스,11.1,2.57,0.0,7.53,2.64,25.42,332.27,117.82,117.82,23.13,66.49,185.93,0.0,0.0,33756124842.0,0.9721,0.0,0.0,0.0,0.0,0.0,0.0,0.0,0.0,0,0
263600,덕우전자,11.4,6.19,0.0,9.06,6.23,189.27,84.3,89.44,89.44,54.26,18.95,264.95,0.0,0.0,208968711857.0,0.9931,0.0,0.0,0.5225,0.0,10.85,0.0,0.0,0.0,6850,109189373297
263690,디알젬,19.55,11.36,0.0,15.39,13.06,169.59,72.08,178.5,178.5,58.11,28.47,36.89,0.0,0.0,110165018342.0,0.8695,0.0,0.0,1.0905,0.0,10.21,0.0,0.0,0.0,10600,120133333333
263700,케어랩스,-28.82,-14.61,0.0,0.0,0.0,-63.85,97.28,326.51,326.51,50.69,0.0,-294.81,0.0,0.0,0.0,0.0,0.0,0.0,0.0,0.0,0.0,0.0,0.0,0.0,6610,128238170347
263720,디앤씨미디어,8.04,6.54,0.0,9.57,10.03,58.6,22.95,353.4,353.4,81.33,-9.21,-61.31,0.0,0.0,61214379663.0,0.6516,0.0,0.0,4.5827,0.0,50.87,0.0,0.0,0.0,22600,280529986052
263750,펄어비스,-6.15,-3.52,0.0,0.0,0.0,163.78,74.82,235.6,235.6,57.2,0.0,-61.9,0.0,0.0,0.0,0.0,0.0,0.0,0.0,0.0,192.91,0.0,0.0,0.0,41950,2636345094936
263770,유에스티,18.07,14.27,0.0,16.22,12.54,162.06,26.58,318.86,318.86,79.0,51.19,121.27,0.0,0.0,99891130805.0,1.138,0.0,0.0,0.7398,0.0,5.7,0.0,0.0,0.0,3120,73894736842
263800,데이타솔루션,7.65,3.45,0.0,2.68,2.42,26.57,121.94,146.61,146.61,45.06,-1.36,157.68,0.0,0.0,99118758717.0,1.4249,0.0,0.0,0.8949,0.0,47.77,0.0,0.0,0.0,5470,88702702702
263810,상신전자,2.73,1.49,0.0,0.76,1.01,8.41,83.7,184.83,184.83,54.44,8.14,-38.23,0.0,0.0,111344599957.0,1.4724,0.0,0.0,0.4426,0.0,99.58,0.0,0.0,0.0,3095,49281923076
263860,지니언스,14.92,11.97,0.0,18.0,18.58,69.2,24.62,438.0,438.0,80.25,20.47,17.16,0.0,0.0,38452577834.0,0.6442,0.0,0.0,1.9414,0.0,12.49,0.0,0.0,0.0,8220,74652014218
263920,휴엠앤씨,2.64,1.71,0.0,4.96,2.24,17.66,54.29,168.59,168.59,64.81,184.07,191.57,0.0,0.0,35630099179.0,0.7633,0.0,0.0,0.2735,0.0,14.81,0.0,0.0,0.0,992,9743382789
264450,유비쿼스,15.04,11.83,0.0,18.35,16.07,245.42,27.12,469.44,469.44,78.66,-3.86,-22.95,0.0,0.0,133722826313.0,0.7363,0.0,0.0,1.6124,0.0,10.36,0.0,0.0,0.0,14700,215609184629
264660,씨앤지하이테크,18.06,10.9,0.0,13.19,8.74,254.28,65.69,280.39,280.39,60.35,90.11,247.06,0.0,0.0,192780700293.0,1.2462,0.0,0.0,0.5923,0.0,6.9,0.0,0.0,0.0,11750,114190140845
264850,이랜시스,12.11,8.43,0.0,6.62,6.26,54.69,43.69,186.11,186.11,69.59,5.51,-20.59,0.0,0.0,82595000694.0,1.3461,0.0,0.0,0.8804,0.0,16.71,0.0,0.0,0.0,2400,72717047451
264900,크라운제과,14.07,8.2,0.0,4.25,6.54,175.88,71.72,155.21,155.21,58.23,8.51,10.78,0.0,0.0,413638464749.0,1.2528,0.0,0.0,0.2574,0.0,13.89,0.0,0.0,0.0,8500,106458333333
265520,AP시스템,30.44,15.0,0.0,18.6,16.9,904.85,102.86,178.25,178.25,49.3,-7.97,40.71,0.0,0.0,486607636185.0,0.8878,0.0,0.0,0.5676,0.0,6.12,0.0,0.0,0.0,18350,276201763485
265560,영화테크,8.48,5.93,0.0,3.97,10.06,19.06,42.8,522.66,522.66,70.03,18.02,-17.85,0.0,0.0,47944605467.0,0.5897,0.0,0.0,1.9958,0.0,63.0,0.0,0.0,0.0,8950,95685472496
265740,엔에프씨,3.27,2.55,0.0,7.22,5.95,22.72,28.19,174.72,174.72,78.01,-22.11,-60.58,0.0,0.0,31478132683.0,0.4288,0.0,0.0,4.964,0.0,75.87,0.0,0.0,0.0,8750,156258366800
267250,HD현대,9.61,3.41,0.0,5.57,3.67,33870.08,181.86,114.68,114.68,35.48,114.61,226.75,0.0,0.0,60849668073000.0,0.928,0.0,0.0,0.0741,0.0,13.82,0.0,0.0,0.0,57100,4510508904109
267260,HD현대일렉트릭,19.49,6.65,0.0,6.32,7.7,1330.41,192.96,109.72,109.72,34.13,16.53,1266.43,0.0,0.0,2104499487335.0,0.8643,0.0,0.0,0.728,0.0,23.57,0.0,0.0,0.0,42500,1532002560819
267270,HD건설기계,5.96,2.88,0.0,4.85,2.83,1706.1,106.84,171.11,171.11,48.35,7.04,6.16,0.0,0.0,3515611921000.0,1.0194,0.0,0.0,0.8479,0.0,27.91,0.0,0.0,0.0,62200,2980747186796
267290,경동도시가스,6.13,2.27,0.0,1.1,1.05,252.71,170.29,115.35,115.35,37.0,58.18,-6.86,0.0,0.0,2304945009655.0,2.159,0.0,0.0,0.0647,0.0,32.52,0.0,0.0,0.0,25300,149124597701
267320,나인테크,1.45,0.29,0.0,5.88,0.47,52.25,396.11,104.29,104.29,20.16,40.8,168.44,0.0,0.0,88818411489.0,0.6186,0.0,0.0,1.8876,0.0,54.03,0.0,0.0,0.0,2920,167656124721
267790,배럴,-19.39,-12.4,0.0,-11.39,-15.54,-43.33,56.39,205.32,205.32,63.94,76.66,43.84,0.0,0.0,38031771170.0,0.798,0.0,0.0,1.4133,0.0,0.0,0.0,0.0,0.0,7000,53751824817
267850,아시아나IDT,5.37,4.18,0.0,5.64,4.74,102.37,28.53,301.69,301.69,77.81,3.8,40.44,0.0,0.0,181365956561.0,0.8822,0.0,0.0,0.973,0.0,21.7,0.0,0.0,0.0,15900,176476293103
267980,매일유업,2.9,1.48,0.0,3.6,0.86,606.88,96.2,225.46,225.46,50.97,8.62,-30.88,0.0,0.0,1685644029927.0,1.7293,0.0,0.0,0.24,0.0,14.54,0.0,0.0,0.0,52800,404573390557
268280,미원에스씨,17.11,13.63,0.0,13.22,10.6,808.53,25.57,359.37,359.37,79.64,15.11,-14.92,0.0,0.0,611649824176.0,1.2857,0.0,0.0,1.2589,0.0,10.72,0.0,0.0,0.0,154000,770000000000
269620,시스웍,14.17,-1.8,0.0,-48.95,-2.17,-129.92,-887.42,61.78,61.78,-12.7,56.39,-22.73,0.0,0.0,26538567314.0,0.8304,0.0,0.0,0.0,0.0,0.0,0.0,0.0,0.0,889,0
270520,앱튼,-7.67,-4.91,0.0,-17.84,-18.49,-31.33,56.13,248.6,248.6,64.05,-30.12,-179.63,0.0,0.0,17563145101.0,0.2655,0.0,0.0,4.6881,0.0,0.0,0.0,0.0,0.0,3555,82337370753
270660,에브리봇,11.16,8.0,0.0,11.66,13.11,61.79,39.55,749.02,749.02,71.66,3.71,-38.97,0.0,0.0,53006504474.0,0.6102,0.0,0.0,3.5308,0.0,34.27,0.0,0.0,0.0,14750,187156075418
270870,뉴트리,4.81,3.24,0.0,2.29,2.39,45.41,48.48,240.47,240.47,67.35,-19.56,-78.53,0.0,0.0,198647246993.0,1.3543,0.0,0.0,0.4981,0.0,32.34,0.0,0.0,0.0,11000,98943298969
271560,오리온,15.09,11.81,0.0,16.24,13.86,4666.55,27.75,264.38,264.38,78.28,21.98,25.14,0.0,0.0,2873246771346.0,0.8522,0.0,0.0,1.7609,0.0,12.41,0.0,0.0,0.0,128000,5059643076923
271830,팸텍,37.63,23.21,0.0,24.11,16.57,245.55,62.1,166.06,166.06,61.69,80.53,124.48,0.0,0.0,101855488115.0,1.4008,0.0,0.0,0.0,0.0,0.0,0.0,0.0,0.0,0,0
271940,일진하이솔루스,2.24,2.06,0.0,2.54,6.46,27.73,8.83,1240.28,1240.28,91.89,-7.32,-71.71,0.0,0.0,109080826437.0,0.3185,0.0,0.0,9.937,0.0,400.91,0.0,0.0,0.0,29850,1083940073193
271980,제일약품,-9.65,-3.29,0.0,-1.87,-2.08,-135.04,193.64,108.56,108.56,34.06,3.07,-28.24,0.0,0.0,722229924460.0,1.5807,0.0,0.0,0.4274,0.0,0.0,0.0,0.0,0.0,21000,308707865168
272110,케이엔제이,18.51,9.21,0.0,21.32,15.97,132.87,100.99,173.81,173.81,49.75,33.98,202.48,0.0,0.0,62314404181.0,0.5765,0.0,0.0,1.6549,0.0,11.85,0.0,0.0,0.0,12850,103121250000
272210,한화시스템,-4.0,-2.05,0.0,1.1,-3.69,240.22,95.43,143.76,143.76,51.17,4.71,-78.56,0.0,0.0,2188002345349.0,0.5545,0.0,0.0,0.9109,0.0,163.17,0.0,0.0,0.0,10550,1993099658469
272290,이녹스첨단소재,22.45,18.4,0.0,19.85,17.44,971.14,22.0,346.74,346.74,81.97,0.42,0.4,0.0,0.0,489352939422.0,1.0548,0.0,0.0,1.2346,0.0,7.08,0.0,0.0,0.0,30300,604150704225
272450,진에어,-45.31,-6.4,0.0,-11.34,-8.33,-672.8,607.87,70.12,70.12,14.13,140.07,63.68,0.0,0.0,593428498296.0,0.7688,0.0,0.0,1.4472,0.0,0.0,0.0,0.0,0.0,16450,858833043478
272550,삼양패키징,3.35,1.88,0.0,5.82,2.97,236.96,77.96,218.68,218.68,56.19,3.93,-48.65,0.0,0.0,407353000000.0,0.634,0.0,0.0,0.69,0.0,23.74,0.0,0.0,0.0,18650,281055500000
273060,와이즈버즈,4.89,2.97,0.0,16.27,14.19,25.66,64.64,224.93,224.93,60.74,28.64,42.54,0.0,0.0,15773791755.0,0.2094,0.0,0.0,3.8981,0.0,35.49,0.0,0.0,0.0,1250,61487268518
274090,켄코아에어로스페이스,8.5,2.5,0.0,10.53,4.28,79.86,240.11,92.24,92.24,29.4,38.72,158.01,0.0,0.0,75855078822.0,0.5846,0.0,0.0,2.1965,0.0,32.33,0.0,0.0,0.0,12100,166613188976
275630,에스에스알,6.82,6.02,0.0,19.08,15.17,23.86,13.25,828.66,828.66,88.3,17.27,46.57,0.0,0.0,12509384182.0,0.3968,0.0,0.0,2.5044,0.0,14.68,0.0,0.0,0.0,5960,31328205128
276040,스코넥,-17.46,-14.97,0.0,0.0,0.0,-46.35,16.65,741.84,741.84,85.73,0.0,-42.45,0.0,0.0,0.0,0.0,0.0,0.0,0.0,0.0,0.0,0.0,0.0,0.0,15250,331116207951
276730,한울앤제주,-72.1,-39.97,0.0,-48.45,-103.31,-116.13,80.36,160.33,160.33,55.45,-16.88,-60.2,0.0,0.0,23969942752.0,0.3869,0.0,0.0,1.2991,0.0,0.0,0.0,0.0,0.0,1320,31138461538
277070,린드먼아시아,6.4,5.28,0.0,45.38,35.74,44.37,21.12,15972.35,15972.35,82.57,-39.61,-38.58,0.0,0.0,9778298115.0,0.1478,0.0,0.0,5.6266,0.0,15.0,0.0,0.0,0.0,4015,55018140929
277410,인산가,7.25,4.34,0.0,14.03,11.32,47.05,67.22,224.96,224.96,59.8,-12.45,-42.83,0.0,0.0,33537795922.0,0.383,0.0,0.0,0.2043,0.0,8.94,0.0,0.0,0.0,1780,6850966608
277810,레인보우로보틱스,9.39,7.58,0.0,9.55,42.41,13.01,23.82,1949.51,1949.51,80.76,51.8,226.21,0.0,0.0,13615411936.0,0.1788,0.0,0.0,49.0857,0.0,525.01,0.0,0.0,0.0,34450,668322519001
277880,티에스아이,6.93,1.34,0.0,3.31,2.1,49.28,416.36,120.46,120.46,19.37,121.01,3931.33,0.0,0.0,148783063129.0,0.6388,0.0,0.0,1.1864,0.0,73.93,0.0,0.0,0.0,8900,176516666666
278280,천보,10.85,5.23,0.0,17.17,13.03,564.73,107.34,296.07,296.07,48.23,21.09,11.54,0.0,0.0,328858944972.0,0.4017,0.0,0.0,8.1342,0.0,54.87,0.0,0.0,0.0,218300,2675016607354
278470,에이피알,29.88,16.27,0.0,9.86,7.53,392.28,83.65,179.66,179.66,54.45,53.46,174.84,0.0,0.0,397698119336.0,2.16,0.0,0.0,0.0,0.0,0.0,0.0,0.0,0.0,0,0
278650,HLB바이오스텝,-4.09,-1.69,0.0,7.43,-3.33,64.14,142.4,880.01,880.01,41.25,33.96,-34.7,0.0,0.0,86277023446.0,0.5069,0.0,0.0,0.9406,0.0,28.24,0.0,0.0,0.0,4650,81152866242
278990,EMB,-3.68,-1.43,0.0,7.48,-1.98,18.16,157.88,139.73,139.73,38.78,4.28,26.32,0.0,0.0,24281641358.0,0.7197,0.0,0.0,0.0,0.0,0.0,0.0,0.0,0.0,4100,0
279600,미디어젠,-11.24,-6.05,0.0,-11.75,-10.73,-20.39,85.66,414.35,414.35,53.86,15.74,-2885.68,0.0,0.0,17355905657.0,0.564,0.0,0.0,3.3034,0.0,0.0,0.0,0.0,0.0,12250,57333759590
280360,롯데웰푸드,2.08,1.07,0.0,3.51,1.37,1123.85,94.41,157.31,157.31,51.44,49.31,3.61,0.0,0.0,3203264461054.0,0.7803,0.0,0.0,0.352,0.0,27.77,0.0,0.0,0.0,122500,1127554907343
281740,레이크머티리얼즈,31.3,12.72,0.0,26.91,20.65,353.91,146.03,112.35,112.35,40.65,60.66,71.08,0.0,0.0,131506715480.0,0.6159,0.0,0.0,2.1841,0.0,11.7,0.0,0.0,0.0,4370,287227532679
281820,케이씨텍,13.0,11.46,0.0,15.95,14.64,603.37,13.46,673.87,673.87,88.14,9.77,15.81,0.0,0.0,378192950172.0,0.7825,0.0,0.0,0.7748,0.0,5.81,0.0,0.0,0.0,14800,293014035087
282330,BGF리테일,20.11,6.57,0.0,3.31,2.54,2524.08,206.06,80.74,80.74,32.67,12.31,26.56,0.0,0.0,7615769467741.0,2.5849,0.0,0.0,0.4777,0.0,22.27,0.0,0.0,0.0,210500,3638317320703
282690,동아타이어공업,6.35,5.06,0.0,10.88,11.66,223.78,25.56,181.92,181.92,79.64,14.59,55.52,0.0,0.0,205744147552.0,0.4337,0.0,0.0,0.0,0.0,0.0,0.0,0.0,0.0,0,0
282720,금양그린파워,12.45,6.38,0.0,4.64,3.27,107.09,95.11,199.51,199.51,51.25,33.28,-9.19,0.0,0.0,230598444583.0,1.9485,0.0,0.0,0.0,0.0,0.0,0.0,0.0,0.0,0,0
282880,코윈테크,4.0,2.23,0.0,7.35,3.8,147.82,79.81,225.98,225.98,55.62,89.14,123.41,0.0,0.0,201154916332.0,0.5864,0.0,0.0,1.337,0.0,28.5,0.0,0.0,0.0,23000,268940594059
283100,노보믹스,237.87,-69.77,0.0,-2574.77,-1659.01,-53.05,-440.93,309.25,309.25,-29.33,-32.13,-4.42,0.0,0.0,206034055.0,0.0421,0.0,0.0,0.0,0.0,0.0,0.0,0.0,0.0,0,0
284620,카이노스메드,-53.19,-40.82,0.0,-12425.09,-12239.19,-161.56,30.3,359.96,359.96,76.74,-92.18,-44.0,0.0,0.0,130024441.0,0.0033,0.0,0.0,1044.3157,0.0,0.0,0.0,0.0,0.0,4100,135786568537
284740,쿠쿠홈시스,14.42,11.26,0.0,12.79,12.21,1199.44,27.99,216.49,216.49,78.13,11.11,-26.92,0.0,0.0,938072669980.0,0.9224,0.0,0.0,0.7032,0.0,7.35,0.0,0.0,0.0,29400,659674105263
285130,SK케미칼,8.54,5.87,0.0,12.6,12.65,2304.81,45.66,237.88,237.88,68.65,-12.46,-58.49,0.0,0.0,1829191322924.0,0.4636,0.0,0.0,0.6923,0.0,10.86,0.0,0.0,0.0,73200,1266277443609
285490,노바텍,10.74,9.8,0.0,23.96,12.91,264.71,9.59,1167.29,1167.29,91.25,22.09,-19.66,0.0,0.0,110494315651.0,0.7589,0.0,0.0,1.9617,0.0,8.67,0.0,0.0,0.0,20500,216758104738
286750,나노실리칸첨단소재,-23.65,-8.53,0.0,-50.34,-33.6,-35.94,177.36,95.5,95.5,36.05,1.92,-119.81,0.0,0.0,7139299058.0,0.2537,0.0,0.0,2.9695,0.0,0.0,0.0,0.0,0.0,1325,21200000000
286940,롯데이노베이트,6.25,3.26,0.0,3.27,2.71,342.51,92.08,131.84,131.84,52.06,12.66,-14.3,0.0,0.0,1047704877833.0,1.2016,0.0,0.0,0.3393,0.0,22.58,0.0,0.0,0.0,23500,355535522066
287410,제이시스메디칼,33.78,22.87,0.0,29.2,23.18,340.35,47.73,280.19,280.19,67.69,43.36,44.19,0.0,0.0,116549559691.0,0.9867,0.0,0.0,0.0,0.0,0.0,0.0,0.0,0.0,0,0
288330,파라택시스코리아,-80.4,-67.85,0.0,0.0,0.0,-435.01,18.49,733.31,733.31,84.39,0.0,-64.83,0.0,0.0,0.0,0.0,0.0,0.0,0.0,0.0,0.0,0.0,0.0,0.0,11600,1229711538461
288620,에스프리즘,1.07,0.49,0.0,2.55,1.61,11.92,117.47,237.79,237.79,45.98,-1.12,-47.23,0.0,0.0,46776298869.0,0.3055,0.0,0.0,3.0245,0.0,188.12,0.0,0.0,0.0,20300,141476635514
288980,모아데이타,4.84,3.22,0.0,4.97,8.26,10.79,50.53,182.38,182.38,66.43,10.54,-60.2,0.0,0.0,21713748176.0,0.3891,0.0,0.0,3.8685,0.0,95.25,0.0,0.0,0.0,2310,84000000000
289010,아이스크림에듀,1.22,0.88,0.0,1.56,0.61,20.93,37.85,238.23,238.23,72.54,4.1,130.33,0.0,0.0,133842491685.0,1.444,0.0,0.0,0.4193,0.0,38.97,0.0,0.0,0.0,4010,56115423901
289220,자이언트스텝,-10.31,-8.67,0.0,-43.97,-31.21,-178.61,18.97,586.37,586.37,84.06,22.51,-514.07,0.0,0.0,40619850156.0,0.2777,0.0,0.0,9.5835,0.0,0.0,0.0,0.0,0.0,17450,389282250242
289860,지슨,-80.98,-24.53,0.0,-25.23,-32.68,-23.7,230.19,172.41,172.41,30.29,-0.85,-899.71,0.0,0.0,9394291741.0,0.7504,0.0,0.0,0.0,0.0,0.0,0.0,0.0,0.0,0,0
290090,트윔,-8.08,-7.28,0.0,-33.04,-27.25,-64.62,11.02,668.36,668.36,90.07,-9.45,-609.92,0.0,0.0,19561616492.0,0.267,0.0,0.0,5.86,0.0,0.0,0.0,0.0,0.0,15400,114630202140
290270,휴네시온,-13.93,-11.76,0.0,11.24,-16.45,34.19,18.46,328.17,328.17,84.42,14.62,18.71,0.0,0.0,30423152330.0,0.7148,0.0,0.0,1.3418,0.0,13.88,0.0,0.0,0.0,4245,40822996515
290380,대유,-16.53,-12.37,0.0,12.26,-49.81,43.36,33.65,150.3,150.3,74.82,-2.68,-32.65,0.0,0.0,35354061535.0,0.2483,0.0,0.0,0.0,0.0,0.0,0.0,0.0,0.0,0,0
290520,신도기연,-0.65,-0.55,0.0,-17.11,-1.84,-37.33,17.64,413.73,413.73,85.0,-45.18,-33.42,0.0,0.0,21815309134.0,0.3012,0.0,0.0,3.6784,0.0,0.0,0.0,0.0,0.0,5090,80246254071
290550,디케이티,19.48,9.82,0.0,5.83,5.4,211.85,98.47,196.28,196.28,50.39,15.32,16.83,0.0,0.0,363542945233.0,1.8173,0.0,0.0,0.4423,0.0,12.28,0.0,0.0,0.0,8040,160800000000
290650,엘앤씨바이오,5.28,2.85,0.0,18.04,10.83,94.84,85.24,343.07,343.07,53.98,15.1,-27.99,0.0,0.0,52572492155.0,0.2632,0.0,0.0,11.8504,0.0,75.38,0.0,0.0,0.0,23100,623003954802
290660,다이나믹솔루션,-100.5,-19.1,0.0,-28.77,-36.72,-75.37,426.13,44.06,44.06,19.01,13.14,1.68,0.0,0.0,26201602583.0,0.5202,0.0,0.0,2.2813,0.0,0.0,0.0,0.0,0.0,1395,59774624373
290670,대보마그네틱,27.48,21.68,0.0,24.42,20.16,265.08,26.75,355.39,355.39,78.9,152.94,360.25,0.0,0.0,108560097334.0,1.0754,0.0,0.0,4.6088,0.0,19.68,0.0,0.0,0.0,63600,500336594911
290690,아리바이오홀딩스,-9.99,-6.33,0.0,-7.73,-7.75,-43.21,57.85,124.3,124.3,63.35,-20.16,-185.48,0.0,0.0,55896292167.0,0.8171,0.0,0.0,6.0639,0.0,0.0,0.0,0.0,0.0,6400,338951456310
290720,푸드나무,-6.99,-3.16,0.0,-0.96,-1.54,-20.86,121.28,109.61,109.61,45.19,13.6,-239.63,0.0,0.0,217202243524.0,2.0504,0.0,0.0,1.809,0.0,0.0,0.0,0.0,0.0,10300,392925925925
290740,액트로,-14.66,-10.14,0.0,-4.34,-7.02,-57.7,44.61,183.99,183.99,69.15,44.03,-167.54,0.0,0.0,132980435155.0,1.4452,0.0,0.0,0.4535,0.0,0.0,0.0,0.0,0.0,5990,60305414551
291230,컴투스엔,-3.84,-2.42,0.0,-2.41,-3.32,-9.6,58.67,59.59,59.59,63.03,60.2,-205.95,0.0,0.0,39844510664.0,0.7297,0.0,0.0,3.309,0.0,0.0,0.0,0.0,0.0,5490,131847316103
291650,츌립앤사이언스,-24.35,-15.59,0.0,-2322.35,-1986.19,-83.2,56.2,1496.0,1496.0,64.02,33.04,-104.57,0.0,0.0,358252888.0,0.0078,0.0,0.0,745.3558,0.0,0.0,0.0,0.0,0.0,8750,267025862068
291810,핀텔,-18.19,-13.89,0.0,-41.73,-42.95,-36.58,30.92,445.07,445.07,76.39,6.77,-328.66,0.0,0.0,8765256298.0,0.3235,0.0,0.0,8.7412,0.0,0.0,0.0,0.0,0.0,6730,76618461538
293480,하나제약,9.06,7.03,0.0,14.78,11.53,311.71,28.9,231.58,231.58,77.58,7.35,-13.44,0.0,0.0,210844992166.0,0.6094,0.0,0.0,1.5388,0.0,12.9,0.0,0.0,0.0,18250,324444444444
293780,압타바이오,-20.17,-18.83,0.0,-19661.23,-21849.25,-95.07,7.15,1963.34,1963.34,93.33,-78.38,16.37,0.0,0.0,48352850.0,0.0009,0.0,0.0,6187.8139,0.0,0.0,0.0,0.0,0.0,10650,299198437500
293940,신한알파리츠,1.27,0.32,0.0,0.0,0.0,264.56,297.08,13.2,13.2,25.18,0.0,-8.06,0.0,0.0,0.0,0.0,0.0,0.0,0.0,0.0,84.58,0.0,0.0,0.0,6570,794589130434
294090,이오플로우,-31.7,-20.56,0.0,-510.97,-466.58,-342.75,54.21,265.87,265.87,64.85,867.57,-27.46,0.0,0.0,6707876186.0,0.0441,0.0,0.0,93.4992,0.0,0.0,0.0,0.0,0.0,15000,627181208053
294140,레몬,-138.66,-58.94,0.0,-16.71,-41.13,-66.47,135.24,101.0,101.0,42.51,19.01,49.08,0.0,0.0,39769236730.0,1.433,0.0,0.0,2.0181,0.0,0.0,0.0,0.0,0.0,3220,80258672376
294570,쿠콘,0.0,0.0,0.0,31.03,0.0,200.24,40.8,172.23,172.23,71.02,5.01,19.01,0.0,0.0,64522541912.0,0.3541,0.0,0.0,5.1221,0.0,19.14,0.0,0.0,0.0,32750,330492970123
294630,서남,-26.76,-11.98,0.0,-37.71,-33.23,-24.0,123.46,103.05,103.05,44.75,459.69,33.93,0.0,0.0,6364610272.0,0.3603,0.0,0.0,8.6399,0.0,0.0,0.0,0.0,0.0,2075,54989342806
294870,IPARK현대산업개발,1.73,0.68,0.0,3.53,1.52,1163.8,152.81,157.34,157.34,39.55,-1.95,-57.44,0.0,0.0,3298299641730.0,0.4496,0.0,0.0,0.1998,0.0,43.77,0.0,0.0,0.0,10000,659059829059
296640,이노에이엑스,6.85,6.19,0.0,7.94,13.24,12.88,10.82,775.42,775.42,90.23,-1.06,-58.56,0.0,0.0,16231490364.0,0.4673,0.0,0.0,3.0614,0.0,41.2,0.0,0.0,0.0,9610,49690731707
297090,씨에스베어링,-19.95,-11.15,0.0,-18.01,-35.47,-88.27,78.93,127.24,127.24,55.89,-48.72,-1868.55,0.0,0.0,49006656971.0,0.3144,0.0,0.0,4.5062,0.0,0.0,0.0,0.0,0.0,8100,220835820895
297570,아틀라스링크,19.47,14.63,0.0,14.95,21.17,42.98,33.1,390.53,390.53,75.13,-21.62,-38.21,0.0,0.0,28744200269.0,0.691,0.0,0.0,1.7834,0.0,14.34,0.0,0.0,0.0,1480,51263521288
297890,HB솔루션,30.48,20.32,0.0,14.46,23.24,271.25,50.03,168.71,168.71,66.65,301.09,3962.06,0.0,0.0,187600280055.0,0.8744,0.0,0.0,4.7381,0.0,35.41,0.0,0.0,0.0,12150,888868421052
298000,효성화학,-356.72,-13.06,0.0,-11.7,-14.2,-3367.27,2631.81,47.79,47.79,3.66,14.23,-346.55,0.0,0.0,2878558180595.0,0.9193,0.0,0.0,0.1337,0.0,0.0,0.0,0.0,0.0,101500,384825000000
298020,효성티앤씨,1.27,0.44,0.0,1.39,0.22,1235.94,185.04,98.08,98.08,35.08,3.34,-91.32,0.0,0.0,8882729665188.0,2.0562,0.0,0.0,0.1705,0.0,34.95,0.0,0.0,0.0,350000,1514697609001
298040,효성중공업,2.64,0.62,0.0,4.08,0.83,1432.49,325.44,88.69,88.69,23.51,13.42,19.31,0.0,0.0,3510143917637.0,0.7479,0.0,0.0,0.2072,0.0,30.14,0.0,0.0,0.0,78000,727313803577
298050,HS효성첨단소재,20.04,5.46,0.0,8.2,4.17,3150.7,267.04,81.93,81.93,27.24,6.77,-27.95,0.0,0.0,3841372825700.0,1.3089,0.0,0.0,0.3889,0.0,11.52,0.0,0.0,0.0,333500,1494072580645
298060,풍전약품,-93.55,-69.44,0.0,-3176.64,-5790.66,-125.79,34.72,220.06,220.06,74.23,-9.85,-3.49,0.0,0.0,395982302.0,0.012,0.0,0.0,351.6188,0.0,0.0,0.0,0.0,0.0,14450,139234817813
298380,에이비엘바이오,4.62,1.73,0.0,1.35,4.77,9.08,166.4,111.59,111.59,37.54,1162.19,101.74,0.0,0.0,67300799414.0,0.3634,0.0,0.0,19.1337,0.0,1545.58,0.0,0.0,0.0,23000,1287715268225
298540,더네이쳐홀딩스,21.69,12.22,0.0,18.23,13.92,907.83,77.51,110.49,110.49,56.34,34.44,31.76,0.0,0.0,497852449325.0,0.8778,0.0,0.0,0.9298,0.0,7.83,0.0,0.0,0.0,31950,462883116883
298690,에어부산,-118.74,-12.25,0.0,-20.08,-37.14,-813.08,869.44,56.68,56.68,10.32,129.46,60.14,0.0,0.0,404992920145.0,0.3298,0.0,0.0,1.0963,0.0,0.0,0.0,0.0,0.0,2725,444008452535
299030,하나기술,2.08,0.65,0.0,9.83,1.32,111.91,219.71,140.28,140.28,31.28,0.76,325.54,0.0,0.0,113857990967.0,0.4903,0.0,0.0,3.8,0.0,52.92,0.0,0.0,0.0,54100,432659297789
299170,더블유에스아이,11.33,7.51,0.0,13.58,15.9,36.84,50.89,234.73,234.73,66.27,-2.33,-38.69,0.0,0.0,27128845288.0,0.4721,0.0,0.0,2.862,0.0,26.34,0.0,0.0,0.0,1870,77642400000
299660,셀리드,-101.9,-49.86,0.0,-3106.53,-4763.45,-149.11,104.37,102.14,102.14,48.93,-47.2,-14.61,0.0,0.0,480000000.0,0.0105,0.0,0.0,721.8674,0.0,0.0,0.0,0.0,0.0,11750,346496350364
299900,위지윅스튜디오,-11.07,-7.03,0.0,-13.37,-14.59,-249.13,57.39,115.33,115.33,63.54,54.92,-529.96,0.0,0.0,186344639061.0,0.4821,0.0,0.0,0.0,0.0,0.0,0.0,0.0,0.0,17250,0
299910,애닉,50.1,-319.09,0.0,-137.24,-85.8,-75.19,-115.7,9.21,9.21,-636.85,-87.94,82.96,0.0,0.0,5478776497.0,3.719,0.0,0.0,0.0,0.0,0.0,0.0,0.0,0.0,0,0
300080,플리토,-48.94,-23.69,0.0,-48.35,-43.02,-65.95,106.55,203.12,203.12,48.42,46.06,-7.35,0.0,0.0,13639437063.0,0.5507,0.0,0.0,31.1036,0.0,0.0,0.0,0.0,0.0,25700,424235817575
300120,라온피플,-0.93,-0.58,0.0,9.03,-1.91,23.93,60.77,221.05,221.05,62.2,34.11,135.17,0.0,0.0,26489529720.0,0.3008,0.0,0.0,1.8228,0.0,34.09,0.0,0.0,0.0,4885,48286346153
300720,한일시멘트,5.56,3.56,0.0,7.93,5.89,1179.84,56.24,129.86,129.86,64.0,16.96,-2.0,0.0,0.0,1487574712514.0,0.6045,0.0,0.0,0.576,0.0,14.77,0.0,0.0,0.0,11650,856798941798
301300,바이브컴퍼니,-178.92,-24.18,0.0,-49.78,-62.61,-182.08,639.83,55.44,55.44,13.52,-18.02,-99.09,0.0,0.0,36578891442.0,0.3863,0.0,0.0,6.7603,0.0,0.0,0.0,0.0,0.0,18800,247283170591
302430,이노메트리,4.82,3.36,0.0,4.98,3.55,37.71,43.52,251.55,251.55,69.67,62.92,49.92,0.0,0.0,75710472632.0,0.9462,0.0,0.0,1.6683,0.0,39.93,0.0,0.0,0.0,12850,126306097560
302550,리메드,13.17,5.06,0.0,7.78,18.5,16.61,160.4,97.21,97.21,38.4,5.79,47.89,0.0,0.0,21363454119.0,0.2735,0.0,0.0,17.872,0.0,258.83,0.0,0.0,0.0,12350,381807899461
303030,지니틱스,-41.45,-29.3,0.0,-18.94,-32.83,-52.29,41.45,310.08,310.08,70.7,-28.9,-425.37,0.0,0.0,27611138913.0,0.8926,0.0,0.0,0.444,0.0,0.0,0.0,0.0,0.0,1340,12258880778
303530,이노뎁,1.43,1.01,0.0,0.54,0.74,4.13,41.51,274.11,274.11,70.67,27.28,127.27,0.0,0.0,76416490550.0,1.3754,0.0,0.0,1.1913,0.0,259.88,0.0,0.0,0.0,12400,91032590051
304100,솔트룩스,-20.84,-11.9,0.0,0.0,0.0,-19.59,75.18,146.99,146.99,57.08,0.0,49.48,0.0,0.0,0.0,0.0,0.0,0.0,0.0,0.0,0.0,0.0,0.0,0.0,14750,185730529595
304840,피플바이오,0.0,0.0,0.0,-263.16,0.0,-116.97,614.32,89.36,89.36,14.0,670.22,-61.66,0.0,0.0,4444833582.0,0.105,0.0,0.0,86.447,0.0,0.0,0.0,0.0,0.0,15850,384242424242
305090,마이크로디지탈,-172.24,-32.96,0.0,-89.52,-105.41,-79.53,422.52,101.96,101.96,19.14,106.38,-23.64,0.0,0.0,8883698808.0,0.3127,0.0,0.0,7.2757,0.0,0.0,0.0,0.0,0.0,3445,64634971282
306040,에스제이그룹,22.72,14.79,0.0,18.1,14.69,358.13,53.65,255.3,255.3,65.08,32.15,23.02,0.0,0.0,197862796824.0,1.0068,0.0,0.0,0.7713,0.0,6.18,0.0,0.0,0.0,16400,152618296529
306200,세아제강,19.22,10.87,0.0,11.94,8.84,2151.66,76.73,199.83,199.83,56.58,20.33,63.07,0.0,0.0,1801835090460.0,1.2298,0.0,0.0,0.2038,0.0,4.66,0.0,0.0,0.0,129500,367258273381
306620,지아이에스,-17.87,-8.9,0.0,-7.11,-15.23,-37.59,100.84,112.54,112.54,49.79,6.03,-29.68,0.0,0.0,52890474671.0,0.5843,0.0,0.0,3.0276,0.0,0.0,0.0,0.0,0.0,3340,160132222800
307180,아이엘,8.97,2.87,0.0,-1.51,4.24,-7.44,212.96,78.1,78.1,31.95,1.09,-129.0,0.0,0.0,49164956238.0,0.6755,0.0,0.0,2.1102,0.0,0.0,0.0,0.0,0.0,2810,103750000000
307280,원바이오젠,12.2,8.41,0.0,19.26,12.23,51.5,45.13,157.16,157.16,68.9,50.94,152.5,0.0,0.0,26747721812.0,0.687,0.0,0.0,0.4428,0.0,4.65,0.0,0.0,0.0,1670,11843780290
307750,국전,9.62,4.53,0.0,3.38,8.56,35.09,112.4,202.14,202.14,47.08,21.51,-42.8,0.0,0.0,103710827977.0,0.5289,0.0,0.0,3.4449,0.0,131.38,0.0,0.0,0.0,6620,357274501108
307870,비투엔,-12.9,-5.58,0.0,-8.08,-8.18,-21.88,131.07,170.69,170.69,43.28,5.07,-197.36,0.0,0.0,27082999573.0,0.6824,0.0,0.0,5.4295,0.0,0.0,0.0,0.0,0.0,1980,147047778709
307950,현대오토에버,7.79,4.43,0.0,5.17,4.22,1423.62,75.76,191.9,191.9,56.9,33.04,48.13,0.0,0.0,2754508002996.0,1.0516,0.0,0.0,0.9508,0.0,26.33,0.0,0.0,0.0,95500,2618988374851
308080,바이젠셀,-19.4,-17.5,0.0,0.0,0.0,-182.14,10.85,836.72,836.72,90.21,0.0,-38.66,0.0,0.0,0.0,0.0,0.0,0.0,0.0,0.0,0.0,0.0,0.0,0.0,7120,145930578512
308100,형지글로벌,-15.21,-7.79,0.0,-15.18,-15.0,-93.76,95.19,133.06,133.06,51.23,-17.29,-116.27,0.0,0.0,61760652447.0,0.5195,0.0,0.0,2.3214,0.0,0.0,0.0,0.0,0.0,5530,143370370370
309930,조이웍스앤코,5.35,3.58,0.0,4.91,4.64,15.92,49.58,469.45,469.45,66.86,0.25,-56.56,0.0,0.0,32410293762.0,0.772,0.0,0.0,1.4412,0.0,38.08,0.0,0.0,0.0,2430,46710000000
310200,애니플러스,6.76,3.85,0.0,16.56,9.37,96.27,75.77,125.84,125.84,56.89,18.55,-26.0,0.0,0.0,58131424584.0,0.4107,0.0,0.0,4.2551,0.0,32.03,0.0,0.0,0.0,4740,247354368932
310210,보로노이,-58.09,-31.12,0.0,-182.88,-203.73,-178.63,86.67,355.81,355.81,53.57,-33.93,-65.09,0.0,0.0,9767826850.0,0.1527,0.0,0.0,64.7618,0.0,0.0,0.0,0.0,0.0,34150,632582181818
310870,디와이씨,9.24,3.64,0.0,7.92,3.56,95.61,153.89,129.93,129.93,39.39,38.25,2322.44,0.0,0.0,120652617749.0,1.0223,0.0,0.0,0.2794,0.0,11.01,0.0,0.0,0.0,1540,33713196033
311060,엘에이티,20.95,7.38,0.0,10.09,6.72,17.04,183.77,142.04,142.04,35.24,83.63,254.22,0.0,0.0,16887886334.0,1.0991,0.0,0.0,0.0,0.0,0.0,0.0,0.0,0.0,4800,0
311320,지오엘리먼트,13.67,12.58,0.0,25.46,23.34,72.92,8.66,1166.48,1166.48,92.03,31.95,19.19,0.0,0.0,28636133638.0,0.5392,0.0,0.0,8.636,0.0,34.5,0.0,0.0,0.0,19600,247300469483
311390,네오크레마,-3.85,-2.38,0.0,5.32,-6.88,14204.51,62.13,135.68,135.68,61.68,-10.65,3.78,0.0,0.0,26702893112000.0,0.3454,0.0,0.0,0.0035,0.0,20.93,0.0,0.0,0.0,7370,93140551181
311690,CJ 바이오사이언스,-70.31,-38.2,0.0,-815.61,-856.84,-332.33,84.05,145.61,145.61,54.33,-6.61,-228.78,0.0,0.0,4074661697.0,0.0446,0.0,0.0,93.0301,0.0,0.0,0.0,0.0,0.0,29000,379066339066
311960,인터로이드,-6.08,-3.64,0.0,-18.44,-13.47,-13.42,66.84,134.44,134.44,59.94,-13.52,-220.67,0.0,0.0,7278033368.0,0.2704,0.0,0.0,0.0,0.0,0.0,0.0,0.0,0.0,19000,0
312610,에이에프더블류,-5.11,-5.0,0.0,-89.97,-75.92,-39.92,2.21,3200.21,3200.21,97.83,-38.11,-60.29,0.0,0.0,4437378741.0,0.0658,0.0,0.0,14.5603,0.0,0.0,0.0,0.0,0.0,3180,64609523809
313760,캐리,-46.63,-30.07,0.0,-24.28,-26.61,-127.05,55.07,201.36,201.36,64.49,44.9,-903.89,0.0,0.0,52319150713.0,1.1299,0.0,0.0,1.4463,0.0,0.0,0.0,0.0,0.0,6810,75666666666
314130,지놈앤컴퍼니,-37.83,-32.92,0.0,-408.34,-404.34,-575.12,14.91,1049.4,1049.4,87.02,3021.27,-59.37,0.0,0.0,14084608191.0,0.0814,0.0,0.0,64.8011,0.0,0.0,0.0,0.0,0.0,17450,912697736351
314140,알피바이오,4.74,2.49,0.0,6.98,3.12,96.47,90.0,103.07,103.07,52.63,20.13,64.07,0.0,0.0,138109319110.0,0.7976,0.0,0.0,0.7872,0.0,19.77,0.0,0.0,0.0,12550,108713375796
314930,바이오다인,12.71,12.36,0.0,54.73,45.96,66.83,2.84,1827.88,1827.88,97.24,224.46,385.31,0.0,0.0,12210425936.0,0.2689,0.0,0.0,55.5887,0.0,101.75,0.0,0.0,0.0,22800,678762162162
317120,라닉스,-34.42,-11.75,0.0,-16.39,-44.88,-18.0,193.08,63.21,63.21,34.12,19.21,19.38,0.0,0.0,10984971091.0,0.2617,0.0,0.0,6.7486,0.0,0.0,0.0,0.0,0.0,4865,74133333333
317240,TS트릴리온,-58.41,-14.91,0.0,-9.24,-16.18,-58.14,291.85,26.42,26.42,25.52,26.18,23.91,0.0,0.0,62925391613.0,0.9211,0.0,0.0,0.3009,0.0,0.0,0.0,0.0,0.0,649,18933726812
317330,덕산테코피아,7.4,5.04,0.0,8.34,13.56,92.61,46.85,415.33,415.33,68.1,-1.23,-57.87,0.0,0.0,111005121065.0,0.3718,0.0,0.0,2.4898,0.0,40.13,0.0,0.0,0.0,13500,276385809312
317400,자이에스앤디,21.04,7.78,0.0,8.02,6.13,1988.96,170.44,148.74,148.74,36.98,468.93,291.35,0.0,0.0,2479010932945.0,1.2695,0.0,0.0,0.0943,0.0,7.36,0.0,0.0,0.0,6030,233851426101
317530,에피소드컴퍼니,-12.64,-9.4,0.0,-20.7,-13.92,-20.88,34.57,110.59,110.59,74.31,50.88,8.51,0.0,0.0,10088032993.0,0.6749,0.0,0.0,12.7094,0.0,0.0,0.0,0.0,0.0,7330,128212881355
317690,퀀타매트릭스,-48.24,-42.19,0.0,-1556.68,-1495.97,-200.18,14.34,870.65,870.65,87.46,133.9,-8.7,0.0,0.0,1285933974.0,0.0282,0.0,0.0,72.3044,0.0,0.0,0.0,0.0,0.0,4620,92978705636
317770,엑스페릭스,6.46,6.16,0.0,18.69,20.54,28.18,4.82,1845.83,1845.83,95.4,3.85,-6.24,0.0,0.0,15077690234.0,0.3001,0.0,0.0,35.978,0.0,193.35,0.0,0.0,0.0,14800,542465306122
317830,에스피시스템스,5.44,3.44,0.0,6.39,5.17,33.93,58.49,168.43,168.43,63.1,47.96,814.01,0.0,0.0,53123407721.0,0.664,0.0,0.0,1.453,0.0,31.45,0.0,0.0,0.0,7160,77190160427
317850,대모,2.71,1.85,0.0,3.89,2.35,21.34,46.39,275.14,275.14,68.31,10.62,306.9,0.0,0.0,54799709139.0,0.7871,0.0,0.0,2.0805,0.0,63.77,0.0,0.0,0.0,13700,114008650519
317860,노드메이슨,-27.26,-12.34,0.0,-20.21,-19.86,-33.0,120.93,185.88,185.88,45.26,-12.38,-444.86,0.0,0.0,16324671805.0,0.6212,0.0,0.0,0.0,0.0,0.0,0.0,0.0,0.0,6960,0
317870,엔바이오니아,0.35,0.18,0.0,-6.36,0.67,-7.01,90.6,131.94,131.94,52.47,24.27,8.55,0.0,0.0,11023814761.0,0.2757,0.0,0.0,4.1993,0.0,0.0,0.0,0.0,0.0,5230,46291902071
318000,KBG,9.31,7.55,0.0,16.86,13.36,41.05,23.26,344.16,344.16,81.13,-10.5,-30.31,0.0,0.0,24346169031.0,0.5652,0.0,0.0,2.0506,0.0,14.14,0.0,0.0,0.0,5720,49923674911
318010,팜스빌,0.0,0.0,0.0,15.56,0.0,40.63,19.42,689.48,689.48,83.74,-33.09,-34.04,0.0,0.0,26113221456.0,0.3489,0.0,0.0,3.3057,0.0,24.24,0.0,0.0,0.0,10900,86322147651
318020,포인트모바일,-5.95,-3.29,0.0,0.36,-2.86,3.16,80.49,173.88,173.88,55.41,13.07,107.08,0.0,0.0,87565394346.0,1.1505,0.0,0.0,2.5428,0.0,813.28,0.0,0.0,0.0,18100,222664150943
318410,비비씨,1.4,1.22,0.0,4.21,2.26,19.07,14.89,669.52,669.52,87.04,23.04,-38.81,0.0,0.0,45266822991.0,0.5409,0.0,0.0,1.0687,0.0,31.05,0.0,0.0,0.0,8700,48377272727
319400,현대무벡스,5.98,4.21,0.0,5.78,4.39,121.55,41.96,281.15,281.15,70.44,-12.34,-21.11,0.0,0.0,210456108794.0,0.959,0.0,0.0,1.6061,0.0,33.15,0.0,0.0,0.0,3035,338021510638
319660,피에스케이,21.92,16.38,0.0,19.93,16.8,918.43,33.78,380.46,380.46,74.75,3.39,-2.38,0.0,0.0,460909201007.0,0.9752,0.0,0.0,0.9678,0.0,6.16,0.0,0.0,0.0,15400,446081440877
320000,한울반도체,7.79,6.16,0.0,8.89,8.74,18.02,26.46,354.27,354.27,79.07,31.57,211.76,0.0,0.0,20269062117.0,0.7054,0.0,0.0,0.7728,0.0,12.03,0.0,0.0,0.0,2265,15663050847
321260,프로이천,13.96,12.46,0.0,8.04,11.93,30.7,12.02,769.92,769.92,89.27,9.9,53.03,0.0,0.0,38191882053.0,1.0442,0.0,0.0,1.6044,0.0,21.24,0.0,0.0,0.0,2175,61276690391
321550,티움바이오,-50.42,-32.62,0.0,0.0,0.0,-256.4,54.54,133.83,133.83,64.71,0.0,21.58,0.0,0.0,0.0,0.0,0.0,0.0,0.0,0.0,0.0,0.0,0.0,0.0,12600,378592941176
321820,아티스트컴퍼니,-255.2,-38.69,0.0,-17.64,-53.0,-63.06,559.56,428.42,428.42,15.16,0.96,-15.17,0.0,0.0,35760012569.0,0.7301,0.0,0.0,2.3705,0.0,0.0,0.0,0.0,0.0,5440,84770552147
322000,HD현대에너지솔루션,15.89,9.28,0.0,9.16,6.15,901.66,71.11,206.44,206.44,58.44,66.03,849.63,0.0,0.0,984812413122.0,1.5085,0.0,0.0,0.555,0.0,9.07,0.0,0.0,0.0,48800,546573717498
322180,LS티라유텍,-26.19,-13.05,0.0,-11.87,-13.0,-42.68,100.67,124.94,124.94,49.83,-8.61,45.93,0.0,0.0,35942703346.0,1.004,0.0,0.0,4.1129,0.0,0.0,0.0,0.0,0.0,6880,147829256594
322310,오로스테크놀로지,-4.88,-4.27,0.0,-9.3,-8.41,-32.92,14.13,764.09,764.09,87.62,-10.45,-269.93,0.0,0.0,35398202864.0,0.5079,0.0,0.0,3.5054,0.0,0.0,0.0,0.0,0.0,13250,124085692425
322510,제이엘케이,-56.09,-25.63,0.0,-252.62,-272.61,-86.28,118.87,551.28,551.28,45.69,-9.79,-16.21,0.0,0.0,3415330726.0,0.094,0.0,0.0,23.7299,0.0,0.0,0.0,0.0,0.0,3150,81045546558
322780,코퍼스코리아,-3.01,-1.02,0.0,31.18,-4.89,91.25,194.7,73.23,73.23,33.93,-13.56,-11.34,0.0,0.0,29268713289.0,0.2086,0.0,0.0,0.8429,0.0,12.86,0.0,0.0,0.0,2745,24669350649
323230,엠에프엠코리아,-1.8,-0.42,0.0,0.82,-0.38,11.88,330.28,133.49,133.49,23.24,26.22,107.65,0.0,0.0,145691353273.0,1.0958,0.0,0.0,0.0,0.0,0.0,0.0,0.0,0.0,0,0
323280,태성,-1.41,-0.82,0.0,3.78,-0.75,23.14,72.36,148.97,148.97,58.02,39.39,-49.98,0.0,0.0,61247953344.0,1.097,0.0,0.0,0.8576,0.0,32.84,0.0,0.0,0.0,1720,52526693877
323990,박셀바이오,-29.26,-28.25,0.0,0.0,0.0,-82.13,3.58,6806.38,6806.38,96.54,0.0,-39.1,0.0,0.0,0.0,0.0,0.0,0.0,0.0,0.0,0.0,0.0,0.0,0.0,34150,793848938826
326030,에스케이바이오팜,-44.05,-20.99,0.0,-53.24,-56.64,-1310.78,109.83,299.21,299.21,47.66,-41.2,-238.04,0.0,0.0,246179120020.0,0.3706,0.0,0.0,22.9359,0.0,0.0,0.0,0.0,0.0,72100,5646346735395
327260,RF머트리얼즈,6.74,3.71,0.0,5.42,7.06,27.34,81.53,221.17,221.17,55.09,33.55,9834.59,0.0,0.0,50442251582.0,0.5259,0.0,0.0,4.2795,0.0,94.72,0.0,0.0,0.0,12000,215869387755
328130,루닛,-56.77,-40.26,0.0,-365.3,-282.12,-506.51,40.99,720.41,720.41,70.93,108.85,-10.83,0.0,0.0,13865732451.0,0.1427,0.0,0.0,160.0184,0.0,0.0,0.0,0.0,0.0,29800,2218772277227
328380,솔트웨어,-24.39,-14.68,0.0,-1.96,-15.57,-6.13,66.16,416.64,416.64,60.18,-21.66,-150.36,0.0,0.0,31349477155.0,0.9427,0.0,0.0,0.2589,0.0,0.0,0.0,0.0,0.0,1185,8116825775
329180,HD현대중공업,-6.66,-2.16,0.0,-3.2,-3.89,-2891.51,208.06,88.19,88.19,32.46,8.83,63.87,0.0,0.0,9045480488000.0,0.5553,0.0,0.0,1.346,0.0,0.0,0.0,0.0,0.0,116000,12175509677419
330350,위더스제약,2.99,2.08,0.0,7.54,3.83,48.78,43.79,232.48,232.48,69.55,12.65,-0.17,0.0,0.0,64680375722.0,0.5417,0.0,0.0,1.9113,0.0,32.8,0.0,0.0,0.0,9370,123622010178
330590,롯데리츠,1.27,0.6,0.0,58.89,24.37,341.08,113.4,5.35,5.35,46.86,0.77,1.07,0.0,0.0,57920144213.0,0.0245,0.0,0.0,19.9066,0.0,70.63,0.0,0.0,0.0,3990,1152993392630
330730,스톤브릿지벤처스,8.32,7.28,0.0,26.32,24.14,77.86,14.24,438.26,438.26,87.53,-30.25,-71.67,0.0,0.0,29580726671.0,0.3016,0.0,0.0,2.7817,0.0,12.14,0.0,0.0,0.0,4515,82285758513
330860,네패스아크,10.02,5.61,0.0,14.64,16.7,225.28,78.59,178.23,178.23,55.99,34.72,-16.31,0.0,0.0,153861205199.0,0.336,0.0,0.0,1.4253,0.0,18.68,0.0,0.0,0.0,18000,219304687500
331380,포커스에이아이,12.86,7.15,0.0,4.32,4.36,26.65,79.98,223.67,223.67,55.56,27.99,-35.17,0.0,0.0,61625592172.0,1.6401,0.0,0.0,1.1359,0.0,32.53,0.0,0.0,0.0,1915,70002503755
331520,밸로프,6.38,5.0,0.0,10.85,5.15,33.25,27.53,573.3,573.3,78.41,56.39,99.44,0.0,0.0,30646652687.0,0.9706,0.0,0.0,0.3415,0.0,5.2,0.0,0.0,0.0,1070,10466930693
331920,셀레믹스,-25.8,-21.6,0.0,-65.69,-54.95,-57.34,19.49,590.31,590.31,83.69,7.97,4.11,0.0,0.0,8728940013.0,0.393,0.0,0.0,7.4275,0.0,0.0,0.0,0.0,0.0,5800,64833970925
332370,아이디피,20.42,17.99,0.0,28.7,24.07,123.73,13.56,752.96,752.96,88.06,65.22,215.51,0.0,0.0,43111569109.0,0.7473,0.0,0.0,1.3983,0.0,5.43,0.0,0.0,0.0,4540,60281111111
332570,PS일렉트로닉스,-16.76,-8.76,0.0,8.42,-20.22,43.25,91.41,194.44,194.44,52.24,-14.36,2607.89,0.0,0.0,51388503167.0,0.4332,0.0,0.0,2.636,0.0,44.42,0.0,0.0,0.0,2900,135461030383
333050,이노테나,-9.11,-6.37,0.0,6.67,-7.42,15.48,43.01,377.88,377.88,69.92,-11.78,-58.58,0.0,0.0,23206668340.0,0.8592,0.0,0.0,0.3133,0.0,9.95,0.0,0.0,0.0,1475,7271543086
333430,일승,5.38,3.25,0.0,4.96,5.2,32.29,65.37,151.59,151.59,60.47,55.24,13.29,0.0,0.0,65037011303.0,0.6258,0.0,0.0,1.4506,0.0,41.94,0.0,0.0,0.0,3070,94342363877
333620,엔시스,6.33,4.22,0.0,9.67,8.42,40.59,49.97,268.84,268.84,66.68,-1.71,-47.28,0.0,0.0,41960341819.0,0.5013,0.0,0.0,2.6092,0.0,33.84,0.0,0.0,0.0,9960,109483969465
334890,이지스밸류플러스리츠,0.0,0.0,0.0,96.71,0.0,455.86,13.69,1755.14,1755.14,87.96,580.82,784.45,0.0,0.0,47138389959.0,0.1432,0.0,0.0,7.13,0.0,8.24,0.0,0.0,0.0,4840,336094409937
334970,프레스티지바이오로직스,-42.27,-19.26,0.0,-235333.12,-319406.76,-366.31,119.43,91.66,91.66,45.57,-99.52,-36.5,0.0,0.0,15565702.0,0.0001,0.0,0.0,15090.1571,0.0,0.0,0.0,0.0,0.0,3020,234888888888
335810,프리시젼바이오,-20.39,-11.53,0.0,-22.0,-33.27,-45.0,76.81,103.64,103.64,56.56,28.77,-5.4,0.0,0.0,20458017811.0,0.3467,0.0,0.0,6.3597,0.0,0.0,0.0,0.0,0.0,5930,130106531388
335870,윙스풋,-65.82,-35.6,0.0,6.82,-30.84,37.07,84.88,165.63,165.63,54.09,9.39,19.71,0.0,0.0,54337267257.0,1.1544,0.0,0.0,0.1935,0.0,8.67,0.0,0.0,0.0,3135,10515312500
335890,비올메디컬,29.47,25.76,0.0,41.51,36.88,129.12,14.38,768.54,768.54,87.42,69.32,138.58,0.0,0.0,31108305470.0,0.6985,0.0,0.0,0.0,0.0,0.0,0.0,0.0,0.0,0,0
336060,웨이버스,-30.14,-20.48,0.0,4.4,-19.96,17.84,47.17,219.3,219.3,67.95,6.88,-64.82,0.0,0.0,40546670553.0,1.0259,0.0,0.0,0.3591,0.0,15.26,0.0,0.0,0.0,1510,14558957654
336260,두산퓨얼셀,0.74,0.38,0.0,0.0,1.24,0.0,96.33,216.11,216.11,50.93,-18.16,0.0,0.0,0.0,312148720814.0,0.304,0.0,0.0,6.158,0.0,0.0,0.0,0.0,0.0,29350,1922213732004
336370,솔루스첨단소재,-5.14,-3.23,0.0,-9.8,-10.24,-452.09,59.14,120.33,120.33,62.84,21.27,-1003.45,0.0,0.0,461219277359.0,0.3157,0.0,0.0,4.567,0.0,0.0,0.0,0.0,0.0,30000,2106367041198
336570,원텍,23.48,18.15,0.0,32.83,16.44,267.55,29.33,541.12,541.12,77.32,59.63,156.9,0.0,0.0,81508860190.0,1.1046,0.0,0.0,5.0883,0.0,16.13,0.0,0.0,0.0,4645,414738712871
337930,젝시믹스,12.45,8.87,0.0,8.41,4.76,178.92,40.44,261.29,261.29,71.2,28.21,29.55,0.0,0.0,212740166194.0,1.8625,0.0,0.0,0.665,0.0,9.75,0.0,0.0,0.0,4770,141478711985
338100,NH프라임리츠,7.39,7.37,0.0,96.24,96.33,73.46,0.25,1137.51,1137.51,99.75,192.1,217.32,0.0,0.0,7633137109.0,0.0765,0.0,0.0,9.8715,0.0,10.29,0.0,0.0,0.0,4040,75350453955
338220,뷰노,-83.79,-44.27,0.0,-185.71,-189.28,-153.67,89.27,171.83,171.83,52.84,268.1,13.73,0.0,0.0,8274530575.0,0.2339,0.0,0.0,10.5631,0.0,0.0,0.0,0.0,0.0,6240,87404651162
339770,교촌에프앤비,2.76,1.62,0.0,1.71,0.96,88.41,70.17,108.36,108.36,58.77,1.94,-78.42,0.0,0.0,517457457887.0,1.6967,0.0,0.0,0.8885,0.0,66.23,0.0,0.0,0.0,9200,459759791122
339950,아이비김영,-6.41,-3.02,0.0,3.56,-2.64,30.83,112.06,79.88,79.88,47.16,8.9,-60.7,0.0,0.0,86509520445.0,1.1441,0.0,0.0,0.9948,0.0,40.88,0.0,0.0,0.0,1915,86063229571
340360,다보링크,-34.93,-17.48,0.0,-4.53,-9.47,-29.39,99.82,179.03,179.03,50.05,-16.36,-1093.42,0.0,0.0,64859341705.0,1.8456,0.0,0.0,0.7067,0.0,0.0,0.0,0.0,0.0,881,45835158817
340440,세림B&G,7.52,4.8,0.0,5.13,4.19,26.92,56.75,174.45,174.45,63.8,10.17,28.11,0.0,0.0,52526153669.0,1.147,0.0,0.0,1.13,0.0,28.21,0.0,0.0,0.0,2090,59356000000
340570,티앤엘,19.91,18.05,0.0,29.8,25.89,243.09,10.3,604.35,604.35,90.66,13.47,8.87,0.0,0.0,81577391444.0,0.6973,0.0,0.0,7.1308,0.0,24.38,0.0,0.0,0.0,36200,581708346456
340930,성원에너텍,24.34,9.28,0.0,-40.62,30.5,-192.82,162.25,86.44,86.44,38.13,61.7,-231.47,0.0,0.0,47468577156.0,0.3043,0.0,0.0,23.4274,0.0,0.0,0.0,0.0,0.0,16150,1112065756823
343510,하나금융16호기업인수목적,0.87,0.77,0.0,0.0,0.0,-0.17,13.34,0.0,0.0,88.23,0.0,1.66,0.0,0.0,0.0,0.0,0.0,0.0,0.0,0.0,0.0,0.0,0.0,0.0,0,0
344820,케이씨씨글라스,6.51,4.25,0.0,8.26,6.51,1192.21,53.16,215.17,215.17,65.29,22.8,-25.7,0.0,0.0,1443680691839.0,0.6534,0.0,0.0,0.4088,0.0,11.38,0.0,0.0,0.0,36950,590175643564
344860,이노진,19.86,16.85,0.0,16.28,14.65,14.88,17.87,528.9,528.9,84.84,-2.62,-37.98,0.0,0.0,9139386732.0,1.1497,0.0,0.0,6.1925,0.0,38.86,0.0,0.0,0.0,3920,56595744680
347000,센코,1.95,1.1,0.0,6.76,2.08,27.57,76.21,151.53,151.53,56.75,47.89,4.45,0.0,0.0,40803201331.0,0.5314,0.0,0.0,11.8198,0.0,186.95,0.0,0.0,0.0,12750,482285562067
347700,스피어,-34.99,-12.81,0.0,-198.99,-118.8,-56.09,173.04,117.22,117.22,36.62,-39.17,7.09,0.0,0.0,2818919837.0,0.1079,0.0,0.0,75.5294,0.0,0.0,0.0,0.0,0.0,4130,212911333333
347740,피엔케이피부임상연구센타,10.07,9.57,0.0,31.41,39.71,56.4,5.27,1956.61,1956.61,94.99,2.69,-12.7,0.0,0.0,17957199424.0,0.2409,0.0,0.0,5.0741,0.0,16.82,0.0,0.0,0.0,3035,91116266375
347770,핌스,2.1,1.26,0.0,1.33,1.42,11.16,65.93,119.04,119.04,60.27,24.87,-84.67,0.0,0.0,83806870222.0,0.8912,0.0,0.0,2.2336,0.0,201.18,0.0,0.0,0.0,8250,187191991786
347860,알체라,-40.99,-23.95,0.0,0.0,0.0,-168.51,71.14,719.51,719.51,58.43,0.0,-51.25,0.0,0.0,0.0,0.0,0.0,0.0,0.0,0.0,0.0,0.0,0.0,0.0,6590,277728340675
347890,엠엑스온,14.36,13.23,0.0,27.98,25.16,116.61,8.57,1037.81,1037.81,92.11,6.1,1.31,0.0,0.0,41682637759.0,0.5259,0.0,0.0,3.2534,0.0,12.17,0.0,0.0,0.0,7970,135611546840
348030,모비릭스,7.08,6.53,0.0,0.0,0.0,53.24,8.33,977.35,977.35,92.31,0.0,-46.92,0.0,0.0,0.0,0.0,0.0,0.0,0.0,0.0,21.72,0.0,0.0,0.0,11350,108998583569
348080,큐라티스,139.97,-55.98,0.0,-266.41,-432.02,-224.04,-350.04,29.15,29.15,-39.99,429.38,-31.93,0.0,0.0,8409446476.0,0.1296,0.0,0.0,0.0,0.0,0.0,0.0,0.0,0.0,0,0
348150,고바이오랩,-24.5,-18.87,0.0,-174.84,-201.51,-202.92,29.83,1145.83,1145.83,77.02,301.12,-24.2,0.0,0.0,11605576680.0,0.0936,0.0,0.0,18.4911,0.0,0.0,0.0,0.0,0.0,11050,214599659284
348210,넥스틴,43.57,35.82,0.0,49.16,37.77,565.04,21.63,493.38,493.38,82.21,101.27,156.09,0.0,0.0,114942873898.0,0.9484,0.0,0.0,4.5435,0.0,9.62,0.0,0.0,0.0,49850,522238095238
348340,뉴로메카,-20.64,-18.71,0.0,-79.94,-84.07,-77.98,10.33,978.47,978.47,90.64,32.69,-159.17,0.0,0.0,9754641463.0,0.2226,0.0,0.0,29.8749,0.0,0.0,0.0,0.0,0.0,12450,291418736501
348350,위드텍,11.18,8.3,0.0,19.91,16.87,144.59,34.69,310.77,310.77,74.24,6.29,64.02,0.0,0.0,72605947195.0,0.492,0.0,0.0,1.5145,0.0,10.23,0.0,0.0,0.0,11250,109964139344
348370,엔켐,7.43,3.21,0.0,3.01,4.28,153.63,131.88,135.82,135.82,43.12,137.85,159.16,0.0,0.0,509792825335.0,0.7494,0.0,0.0,2.261,0.0,100.21,0.0,0.0,0.0,52600,1152626086956
348950,제이알글로벌리츠,1.92,0.87,0.0,49.0,32.12,269.02,120.19,118.61,118.61,45.42,11.88,11.65,0.0,0.0,54906441299.0,0.0271,0.0,0.0,15.1341,0.0,72.02,0.0,0.0,0.0,4210,830958544839
350520,이지스레지던스리츠,26.16,17.73,0.0,98.51,94.48,654.07,47.53,11.29,11.29,67.78,111.91,156.26,0.0,0.0,66398888880.0,0.1877,0.0,0.0,2.1673,0.0,3.94,0.0,0.0,0.0,3905,143905397301
351020,미쥬,26.71,5.82,0.0,5.59,4.13,10.8,359.08,101.43,101.43,21.78,35.9,192.01,0.0,0.0,19317017093.0,1.4072,0.0,0.0,0.0,0.0,0.0,0.0,0.0,0.0,0,0
351320,넥사다이내믹스,-0.62,-0.36,0.0,-0.48,-0.55,-1.59,72.14,223.93,223.93,58.09,-12.98,-109.06,0.0,0.0,32943720401.0,0.6504,0.0,0.0,2.4891,0.0,0.0,0.0,0.0,0.0,2760,82000681431
351330,이삭엔지니어링,4.33,2.96,0.0,3.95,3.47,23.59,46.09,235.28,235.28,68.45,38.63,169.65,0.0,0.0,59678363357.0,0.853,0.0,0.0,1.1006,0.0,37.2,0.0,0.0,0.0,7930,65680609418
352480,씨앤씨인터내셔널,12.27,9.2,0.0,13.36,12.6,174.52,33.36,238.9,238.9,74.98,43.06,674.9,0.0,0.0,130605728419.0,0.7298,0.0,0.0,3.1727,0.0,26.31,0.0,0.0,0.0,30400,414375384615
352700,씨앤투스,11.69,10.55,0.0,18.87,13.74,267.19,10.88,525.85,525.85,90.19,-17.14,-52.56,0.0,0.0,141584468647.0,0.7673,0.0,0.0,0.8163,0.0,5.0,0.0,0.0,0.0,4400,115577464788
352770,셀레스트라,-19.24,-10.54,0.0,-46.72,-44.34,-107.84,82.54,142.02,142.02,54.78,-58.35,-147.04,0.0,0.0,23083152245.0,0.2377,0.0,0.0,0.7609,0.0,0.0,0.0,0.0,0.0,6780,17563428571
352820,하이브,1.64,0.99,0.0,13.34,2.7,2369.08,66.3,249.07,249.07,60.13,41.42,24.53,0.0,0.0,1776153957000.0,0.3647,0.0,0.0,4.2108,0.0,39.77,0.0,0.0,0.0,173500,7479068561872
352910,오비고,-7.44,-6.64,0.0,0.0,0.0,-29.66,11.93,1559.23,1559.23,89.34,0.0,51.14,0.0,0.0,0.0,0.0,0.0,0.0,0.0,0.0,0.0,0.0,0.0,0.0,9460,119623225806
352940,인바이오,-7.41,-3.94,0.0,-13.95,-10.06,-47.77,87.92,174.29,174.29,53.22,2.31,-525.87,0.0,0.0,34239810603.0,0.3919,0.0,0.0,1.3515,0.0,0.0,0.0,0.0,0.0,4265,46275250000
353190,휴럼,-3.15,-1.92,0.0,-2.54,-1.7,-16.97,63.56,162.97,162.97,61.14,-3.14,-234.29,0.0,0.0,66911197596.0,1.1318,0.0,0.0,0.1368,0.0,0.0,0.0,0.0,0.0,1160,9152293577
353200,대덕전자,21.51,15.43,0.0,17.67,13.97,2325.23,39.39,187.94,187.94,71.74,31.49,220.87,0.0,0.0,1316163420252.0,1.1044,0.0,0.0,0.7096,0.0,5.47,0.0,0.0,0.0,18900,933981987577
353590,오토앤,-8.02,-4.34,0.0,-7.97,-5.04,-38.11,84.72,183.94,183.94,54.14,-4.96,-229.63,0.0,0.0,47843108270.0,0.8609,0.0,0.0,3.376,0.0,0.0,0.0,0.0,0.0,12550,161519637462
353810,이지바이오,17.7,5.92,0.0,10.38,6.01,161.53,198.82,126.17,126.17,33.46,20.16,-3.73,0.0,0.0,155557100437.0,0.9857,0.0,0.0,0.8558,0.0,14.74,0.0,0.0,0.0,4025,133125549048
354200,엔젠바이오,-38.85,-17.52,0.0,-78.05,-89.31,-85.99,121.76,148.52,148.52,45.09,53.81,1.52,0.0,0.0,11017557145.0,0.1962,0.0,0.0,7.5286,0.0,0.0,0.0,0.0,0.0,9280,82946912242
356680,엑스게이트,20.29,13.19,0.0,14.15,11.96,54.18,53.76,278.49,278.49,65.04,23.14,39.63,0.0,0.0,38299253515.0,1.1035,0.0,0.0,0.0,0.0,0.0,0.0,0.0,0.0,0,0
356860,티엘비,27.2,18.52,0.0,17.36,13.79,384.64,46.84,273.4,273.4,68.1,24.4,187.47,0.0,0.0,221548161366.0,1.3433,0.0,0.0,2.0113,0.0,12.95,0.0,0.0,0.0,18800,445604761904
356890,싸이버원,7.27,6.4,0.0,8.21,9.17,18.69,13.56,601.08,601.08,88.06,2.56,10.55,0.0,0.0,22753888786.0,0.6974,0.0,0.0,4.4994,0.0,56.87,0.0,0.0,0.0,8550,102379828326
357120,코람코라이프인프라리츠,2.48,0.9,0.0,68.57,33.6,235.71,175.12,586.77,586.77,36.35,28.22,16.61,0.0,0.0,34376966181.0,0.0269,0.0,0.0,15.2054,0.0,56.73,0.0,0.0,0.0,5370,522714014251
357230,에이치피오,8.95,7.93,0.0,8.92,7.38,174.76,12.84,506.92,506.92,88.62,22.92,-23.49,0.0,0.0,195978389205.0,1.0744,0.0,0.0,1.5146,0.0,18.17,0.0,0.0,0.0,7190,296834862385
357250,미래에셋맵스리츠,0.7,0.22,0.0,52.88,10.64,31.48,223.05,273.17,273.17,30.95,0.96,-17.38,0.0,0.0,5952158821.0,0.0205,0.0,0.0,14.5591,0.0,91.22,0.0,0.0,0.0,3470,86658201058
357430,마스턴프리미어리츠,0.6,0.45,0.0,11.97,23.67,4.11,32.56,2109.81,2109.81,75.44,-54.58,-94.32,0.0,0.0,3434015639.0,0.019,0.0,0.0,32.971,0.0,383.33,0.0,0.0,0.0,3715,113222885032
357550,석경에이티,14.45,12.9,0.0,38.14,34.77,47.08,12.03,883.84,883.84,89.26,36.27,62.1,0.0,0.0,12345756305.0,0.3709,0.0,0.0,10.338,0.0,27.87,0.0,0.0,0.0,23400,127630188679
357580,아모센스,-2.41,-1.0,0.0,1.35,-1.44,8.52,141.37,201.4,201.4,41.43,11.02,127.1,0.0,0.0,63013530325.0,0.694,0.0,0.0,2.2836,0.0,231.28,0.0,0.0,0.0,12200,143897435897
357780,솔브레인,20.98,17.93,0.0,0.0,15.37,0.0,16.97,359.63,359.63,85.49,6.54,0.0,0.0,0.0,1090867446512.0,1.1668,0.0,0.0,1.5538,0.0,0.0,0.0,0.0,0.0,217900,1694975708029
357880,SKAI,-1.52,-0.73,0.0,0.0,0.0,16.21,107.26,937.64,937.64,48.25,0.0,37.03,0.0,0.0,0.0,0.0,0.0,0.0,0.0,0.0,252.32,0.0,0.0,0.0,6860,371674074074
358570,지아이이노베이션,-83.47,-75.08,0.0,0.0,0.0,-679.52,11.17,1098.72,1098.72,89.95,0.0,-121.83,0.0,0.0,0.0,0.0,0.0,0.0,0.0,0.0,0.0,0.0,0.0,0.0,0,0
359090,씨엔알리서치,10.89,5.57,0.0,9.71,8.1,47.08,95.55,95.14,95.14,51.14,12.34,-19.01,0.0,0.0,48498302953.0,0.6879,0.0,0.0,0.2701,0.0,10.1,0.0,0.0,0.0,1140,13098845960
360070,탑머티리얼,10.96,8.7,0.0,18.68,16.75,117.72,26.02,400.4,400.4,79.35,97.53,144.23,0.0,0.0,63019955083.0,0.5191,0.0,0.0,3.9442,0.0,23.24,0.0,0.0,0.0,30350,248561810154
361390,제노코,8.03,4.29,0.0,6.21,5.36,31.51,87.34,147.0,147.0,53.38,11.1,-26.46,0.0,0.0,50704825056.0,0.8004,0.0,0.0,3.8302,0.0,71.0,0.0,0.0,0.0,19950,194209048361
361570,알비더블유,1.26,0.77,0.0,4.46,1.77,28.15,63.21,122.4,122.4,61.27,5.81,-70.61,0.0,0.0,63086449910.0,0.4356,0.0,0.0,5.97,0.0,153.7,0.0,0.0,0.0,13100,376625000000
361610,SK아이이테크놀로지,-1.36,-0.85,0.0,-8.93,-5.07,-522.95,60.82,188.64,188.64,62.18,-2.98,-158.64,0.0,0.0,585798633000.0,0.1675,0.0,0.0,7.3995,0.0,0.0,0.0,0.0,0.0,53000,4334607782581
361670,삼영에스앤씨,-4.08,-3.62,0.0,-9.35,-7.53,-12.75,12.6,1102.98,1102.98,88.81,8.88,-119.13,0.0,0.0,13637666082.0,0.4809,0.0,0.0,3.1854,0.0,0.0,0.0,0.0,0.0,7650,43441828254
362320,청담글로벌,6.99,4.75,0.0,3.56,2.16,76.99,47.3,321.1,321.1,67.89,49.85,-20.48,0.0,0.0,216298480050.0,2.2019,0.0,0.0,1.0525,0.0,33.67,0.0,0.0,0.0,11000,227663934426
363250,진시스템,-25.62,-21.84,0.0,-180.8,-246.26,-66.05,17.3,1549.48,1549.48,85.25,-72.4,-391.45,0.0,0.0,3653063417.0,0.0887,0.0,0.0,19.5095,0.0,0.0,0.0,0.0,0.0,8370,71269306930
363260,모비데이즈,-16.65,-7.82,0.0,28.57,-41.54,45.86,113.03,163.51,163.51,46.94,-14.1,-54.2,0.0,0.0,16050403622.0,0.1881,0.0,0.0,1.6654,0.0,15.7,0.0,0.0,0.0,830,26730349344
363280,티와이홀딩스,6.14,4.16,0.0,6.32,26.84,223.55,47.63,60.37,60.37,67.73,19.79,98.98,0.0,0.0,353623807392.0,0.1549,0.0,0.0,1.3445,0.0,54.22,0.0,0.0,0.0,10450,475435114503
365270,큐라클,-24.7,-20.49,0.0,-334.43,-318.34,-119.82,20.55,2437.23,2437.23,82.96,-42.72,-74.42,0.0,0.0,3582858972.0,0.0644,0.0,0.0,70.1798,0.0,0.0,0.0,0.0,0.0,11350,251444497153
365340,성일하이텍,13.44,9.31,0.0,17.9,14.5,483.13,44.4,242.85,242.85,69.25,83.29,186.59,0.0,0.0,269895520527.0,0.6418,0.0,0.0,4.8687,0.0,29.88,0.0,0.0,0.0,101700,1314053696498
365550,ESR켄달스퀘어리츠,1.12,0.57,0.0,46.01,26.04,225.49,98.62,315.04,315.04,50.35,4.84,-5.21,0.0,0.0,49006142346.0,0.0217,0.0,0.0,20.0354,0.0,93.17,0.0,0.0,0.0,3990,981859200000
365590,하이딥,-38.35,-18.31,0.0,-12.52,-38.48,-22.72,109.51,510.5,510.5,47.73,36.34,39.63,0.0,0.0,18145498845.0,0.4757,0.0,0.0,1.6277,0.0,0.0,0.0,0.0,0.0,803,29535632183
365900,브이씨,2.57,1.33,0.0,2.34,2.35,12.7,94.0,90.22,90.22,51.55,1.25,-84.91,0.0,0.0,54343550635.0,0.5658,0.0,0.0,1.035,0.0,80.93,0.0,0.0,0.0,7690,56246857142
366030,나인앤컴퍼니,19.1,17.92,0.0,21.58,19.3,126.62,6.58,1269.54,1269.54,93.83,24.02,22.61,0.0,0.0,58686880114.0,0.9286,0.0,0.0,4.5938,0.0,21.6,0.0,0.0,0.0,11900,269594961240
367000,플래티어,8.41,7.02,0.0,6.37,7.94,31.85,19.94,420.2,420.2,83.38,19.25,-23.13,0.0,0.0,49957146722.0,0.884,0.0,0.0,1.6895,0.0,29.45,0.0,0.0,0.0,10050,84402597402
368600,아이씨에이치,-10.04,-7.82,0.0,-33.48,-28.21,-76.4,28.37,398.27,398.27,77.9,-40.63,-180.83,0.0,0.0,22820911963.0,0.2773,0.0,0.0,7.7288,0.0,0.0,0.0,0.0,0.0,6830,176379120879
368770,파이버프로,-5.94,-4.36,0.0,18.15,-9.19,34.18,36.33,456.28,456.28,73.35,28.15,33.56,0.0,0.0,18829443327.0,0.4743,0.0,0.0,3.7779,0.0,23.91,0.0,0.0,0.0,2165,71135714285
368970,오에스피,3.18,2.94,0.0,6.51,6.55,10.93,8.0,957.09,957.09,92.6,7.05,-61.0,0.0,0.0,16800325318.0,0.4489,0.0,0.0,3.555,0.0,57.16,0.0,0.0,0.0,5320,59725571725
369370,블리츠웨이엔터테인먼트,-9.16,-7.02,0.0,-19.03,-18.31,-36.43,30.43,211.73,211.73,76.67,20.81,-218.95,0.0,0.0,19148249408.0,0.3836,0.0,0.0,1.0495,0.0,0.0,0.0,0.0,0.0,2015,20096551724
370090,퓨런티어,5.15,4.04,0.0,6.07,7.37,16.32,27.6,432.62,432.62,78.37,21.34,33.84,0.0,0.0,26904546553.0,0.5483,0.0,0.0,5.8653,0.0,103.17,0.0,0.0,0.0,18450,157803008595
371950,풍원정밀,8.2,6.04,0.0,1.67,14.55,7.51,35.73,144.93,144.93,73.68,7.06,-75.47,0.0,0.0,44913983313.0,0.415,0.0,0.0,4.9019,0.0,330.95,0.0,0.0,0.0,9670,220165178571
372170,윤성에프앤씨,17.98,8.92,0.0,15.25,11.78,320.73,101.5,176.26,176.26,49.63,177.07,795.94,0.0,0.0,210275586398.0,0.7576,0.0,0.0,1.6844,0.0,15.4,0.0,0.0,0.0,44400,354188610478
372290,하나머스트7호기업인수목적,0.59,0.54,0.0,0.0,0.0,-0.17,10.14,0.0,0.0,90.79,0.0,-15.25,0.0,0.0,0.0,0.0,0.0,0.0,0.0,0.0,0.0,0.0,0.0,0.0,0,0
372800,아이티아이즈,-39.82,-24.02,0.0,-20.77,-18.34,-113.35,65.81,190.95,190.95,60.31,-18.45,-349.21,0.0,0.0,54571511944.0,1.3096,0.0,0.0,0.9623,0.0,0.0,0.0,0.0,0.0,7450,52514333895
372910,한컴라이프케어,7.25,4.46,0.0,-1.33,9.26,-13.32,62.61,149.28,149.28,61.5,-17.35,-127.83,0.0,0.0,100120112846.0,0.4813,0.0,0.0,1.6173,0.0,0.0,0.0,0.0,0.0,5850,161922455573
373200,엑스플러스,-31.15,-15.46,0.0,-0.47,-27.42,-0.77,101.47,39.76,39.76,49.63,16.89,-102.72,0.0,0.0,16485049082.0,0.5639,0.0,0.0,8.1173,0.0,0.0,0.0,0.0,0.0,5340,133813380281
376180,피코그램,10.25,6.21,0.0,11.32,10.91,33.26,64.93,117.05,117.05,60.63,11.13,2.3,0.0,0.0,29374438993.0,0.5694,0.0,0.0,3.6193,0.0,38.07,0.0,0.0,0.0,5720,106314136125
376190,엘비루셈,6.1,5.23,0.0,6.34,6.08,128.66,16.65,376.36,376.36,85.73,-12.84,-33.65,0.0,0.0,203061520766.0,0.8599,0.0,0.0,0.0,0.0,0.0,0.0,0.0,0.0,0,0
376270,HEM파마,-64.29,-37.34,0.0,-361.04,-354.67,-132.43,72.15,170.05,170.05,58.09,97.49,-20.89,0.0,0.0,3667932078.0,0.1053,0.0,0.0,0.0,0.0,0.0,0.0,0.0,0.0,0,0
376290,씨유테크,3.77,2.64,0.0,2.13,1.76,46.03,42.69,317.91,317.91,70.08,-17.97,-76.86,0.0,0.0,216440887837.0,1.4996,0.0,0.0,0.3328,0.0,25.03,0.0,0.0,0.0,4080,72024489795
376300,디어유,11.61,10.75,0.0,33.1,33.33,162.86,8.01,1220.85,1220.85,92.58,22.98,23.0,0.0,0.0,49193860961.0,0.3225,0.0,0.0,13.8979,0.0,42.68,0.0,0.0,0.0,28800,683689655172
376930,노을,-120.05,-52.92,0.0,-2884.82,-2524.55,-156.32,126.85,217.78,217.78,44.08,-63.27,-36.67,0.0,0.0,541878769.0,0.021,0.0,0.0,812.5423,0.0,0.0,0.0,0.0,0.0,8600,440299401197
376980,원티드랩,21.88,16.53,0.0,0.0,0.0,89.48,32.4,521.5,521.5,75.53,0.0,47.41,0.0,0.0,0.0,0.0,0.0,0.0,0.0,0.0,15.25,0.0,0.0,0.0,12550,122555718475
377030,비트맥스,-39.48,-22.42,0.0,-371.94,-517.87,-107.73,76.14,224.24,224.24,56.77,22.35,-150.63,0.0,0.0,2896359385.0,0.0433,0.0,0.0,60.062,0.0,0.0,0.0,0.0,0.0,12150,173961257720
377190,디앤디플랫폼리츠,0.47,0.17,0.0,0.0,0.0,103.24,173.37,71.11,71.11,36.58,0.0,-0.8,0.0,0.0,0.0,0.0,0.0,0.0,0.0,0.0,82.54,0.0,0.0,0.0,3405,301032954545
377220,프롬바이오,1.51,1.4,0.0,0.9,1.33,8.97,7.83,833.28,833.28,92.74,-26.48,-92.15,0.0,0.0,99330395890.0,1.0587,0.0,0.0,0.4783,0.0,60.55,0.0,0.0,0.0,8370,47505405405
377300,카카오페이,1.4,0.8,0.0,0.0,0.0,-455.19,74.59,258.61,258.61,57.28,0.0,-67.18,0.0,0.0,0.0,0.0,0.0,0.0,0.0,0.0,0.0,0.0,0.0,0.0,54200,7331760602798
377450,리파인,12.69,11.62,0.0,0.0,0.0,179.39,9.18,1090.94,1090.94,91.59,0.0,-14.6,0.0,0.0,0.0,0.0,0.0,0.0,0.0,0.0,9.31,0.0,0.0,0.0,8900,154245362058
377460,큐에이드,7.61,4.03,0.0,5.07,3.61,222.61,88.53,185.11,185.11,53.04,-9.66,-35.35,0.0,0.0,439461730494.0,1.1189,0.0,0.0,0.8897,0.0,25.85,0.0,0.0,0.0,6300,390970588235
377480,마음AI,-18.63,-12.61,0.0,-66.36,-57.79,-54.71,47.75,123.03,123.03,67.68,18.12,19.08,0.0,0.0,8243676344.0,0.2182,0.0,0.0,15.0026,0.0,0.0,0.0,0.0,0.0,17400,123676470588
377740,바이오노트,19.24,17.52,0.0,61.59,64.17,2954.1,9.8,1666.17,1666.17,91.07,-22.93,-36.98,0.0,0.0,479657089813.0,0.273,0.0,0.0,1.8225,0.0,3.49,0.0,0.0,0.0,8580,874188679245
378800,샤페론,-36.45,-30.36,0.0,-551.5,-533.64,-110.3,20.05,870.2,870.2,83.3,282.53,-5.39,0.0,0.0,2000000000.0,0.0569,0.0,0.0,163.8462,0.0,0.0,0.0,0.0,0.0,7100,327692307692
378850,화승알앤에이,13.69,3.0,0.0,2.36,1.93,155.04,356.04,60.96,60.96,21.93,30.09,94.69,0.0,0.0,657927523502.0,1.557,0.0,0.0,0.1038,0.0,25.69,0.0,0.0,0.0,3595,68316943521
381970,케이카,12.35,5.68,0.0,2.3,1.39,500.48,117.38,202.9,202.9,46.0,14.45,-29.62,0.0,0.0,2177261973592.0,4.0745,0.0,0.0,0.259,0.0,17.03,0.0,0.0,0.0,11550,563901098901
382480,지아이텍,11.69,8.45,0.0,17.47,16.26,69.26,38.38,333.79,333.79,72.27,102.87,62.85,0.0,0.0,39647018076.0,0.5197,0.0,0.0,3.1366,0.0,21.01,0.0,0.0,0.0,3160,124356314826
382800,지앤비에스 에코,20.42,16.62,0.0,22.43,22.52,147.12,22.88,543.43,543.43,81.38,25.87,38.53,0.0,0.0,65592093147.0,0.7378,0.0,0.0,5.3874,0.0,25.14,0.0,0.0,0.0,11100,353370786516
382840,원준,13.62,9.65,0.0,7.61,10.6,108.92,41.17,260.58,260.58,70.84,130.63,-11.79,0.0,0.0,143200037748.0,0.9102,0.0,0.0,1.7598,0.0,27.35,0.0,0.0,0.0,16500,252005649717
382900,범한퓨얼셀,2.12,1.74,0.0,2.59,4.46,13.1,21.89,608.79,608.79,82.04,9.95,-78.75,0.0,0.0,50661225504.0,0.3906,0.0,0.0,4.5135,0.0,192.34,0.0,0.0,0.0,26100,228658367110
383220,F&F,46.93,28.19,0.0,29.02,24.47,5248.83,66.48,104.39,104.39,60.07,66.08,62.66,0.0,0.0,1808894546708.0,1.152,0.0,0.0,3.06,0.0,11.74,0.0,0.0,0.0,144500,5535278774289
383310,에코프로에이치엔,37.42,17.58,0.0,18.98,14.83,414.21,112.85,142.04,142.04,46.98,140.07,198.49,0.0,0.0,218237744878.0,1.1855,0.0,0.0,4.3585,0.0,25.32,0.0,0.0,0.0,45350,951187179487
383800,LX홀딩스,10.56,10.41,0.0,67.07,71.81,1589.08,1.49,1684.1,1684.1,98.54,27.5,7.97,0.0,0.0,236918000000.0,0.1449,0.0,0.0,2.724,0.0,4.21,0.0,0.0,0.0,8460,645359413202
383930,디티앤씨알오,11.35,8.14,0.0,12.03,11.94,52.94,39.32,216.91,216.91,71.78,34.38,7.88,0.0,0.0,44007699900.0,0.6819,0.0,0.0,2.6187,0.0,25.21,0.0,0.0,0.0,9010,115244186046
388050,지투파워,2.39,1.65,0.0,0.55,1.97,2.04,45.32,291.2,291.2,68.81,0.01,-93.11,0.0,0.0,37376811261.0,0.8365,0.0,0.0,4.1094,0.0,819.29,0.0,0.0,0.0,8210,153595761856
388220,하나금융19호기업인수목적,0.64,0.55,0.0,0.0,0.0,-0.87,15.6,0.0,0.0,86.51,0.0,-747.46,0.0,0.0,0.0,0.0,0.0,0.0,0.0,0.0,0.0,0.0,0.0,0.0,0,0
388720,유일로보틱스,-5.8,-4.23,0.0,-7.97,-6.01,-30.64,36.89,259.98,259.98,73.05,9.88,-195.86,0.0,0.0,38445045661.0,0.7041,0.0,0.0,6.4662,0.0,0.0,0.0,0.0,0.0,21100,248592319277
388790,라이콤,-0.79,-0.66,0.0,0.0,0.0,-1.47,20.15,140416.97,140416.97,83.23,0.0,-287.06,0.0,0.0,0.0,0.0,0.0,0.0,0.0,0.0,0.0,0.0,0.0,0.0,2265,69321188340
389020,자람테크놀로지,3.28,3.12,0.0,1.26,3.83,2.03,5.28,1752.02,1752.02,94.99,12.53,-30.48,0.0,0.0,16118235547.0,0.8134,0.0,0.0,0.0,0.0,0.0,0.0,0.0,0.0,0,0
389030,지니너스,-21.69,-20.48,0.0,-95.96,-93.07,-96.76,5.92,1585.03,1585.03,94.41,23.96,-26.96,0.0,0.0,10083387356.0,0.22,0.0,0.0,8.3835,0.0,0.0,0.0,0.0,0.0,2145,84533661315
389140,포바이포,-15.09,-13.26,0.0,0.0,0.0,-104.99,13.74,672.75,672.75,87.92,0.0,-361.56,0.0,0.0,0.0,0.0,0.0,0.0,0.0,0.0,0.0,0.0,0.0,0.0,11200,159877862595
389260,대명에너지,25.07,8.37,0.0,29.08,30.49,255.87,199.56,263.09,263.09,33.38,-35.33,-45.42,0.0,0.0,87994198408.0,0.2744,0.0,0.0,3.5221,0.0,20.46,0.0,0.0,0.0,17300,309920480120
389470,인벤티지랩,-34.81,-30.39,0.0,-292.77,-284.54,-109.02,14.55,968.84,968.84,87.3,100.01,-14.06,0.0,0.0,3723683006.0,0.1068,0.0,0.0,34.9542,0.0,0.0,0.0,0.0,0.0,9780,130158518518
389500,에스비비테크,-23.86,-17.12,0.0,-24.59,-70.5,-18.37,39.35,239.71,239.71,71.76,10.18,17.53,0.0,0.0,7469840340.0,0.2429,0.0,0.0,15.3446,0.0,0.0,0.0,0.0,0.0,17200,114621343873
391710,코닉오토메이션,-24.91,-17.74,0.0,11.15,-18.51,33.55,40.45,383.79,383.79,71.2,10.26,-18.3,0.0,0.0,30092723073.0,0.9583,0.0,0.0,5.4628,0.0,51.7,0.0,0.0,0.0,3855,164390274314
393890,더블유씨피,5.91,5.12,0.0,22.54,21.46,580.27,15.36,414.25,414.25,86.68,38.79,43.43,0.0,0.0,257451425430.0,0.2388,0.0,0.0,5.3043,0.0,26.01,0.0,0.0,0.0,40350,1365597870182
394280,오픈엣지테크놀로지,-78.22,-46.84,0.0,-252.32,-251.97,-252.61,67.0,241.86,241.86,59.88,93.06,-128.5,0.0,0.0,10011687568.0,0.1859,0.0,0.0,19.4966,0.0,0.0,0.0,0.0,0.0,7410,195194155844
395400,SK리츠,0.39,0.12,0.0,73.43,12.87,213.0,222.84,11.1,11.1,30.98,20.11,15.58,0.0,0.0,29005612557.0,0.0093,0.0,0.0,57.1838,0.0,179.22,0.0,0.0,0.0,5510,1658651282051
396270,넥스트칩,-68.88,-61.31,0.0,-212.91,-213.14,-273.99,12.35,1243.01,1243.01,89.01,-47.41,-103.37,0.0,0.0,12869167162.0,0.2876,0.0,0.0,17.5989,0.0,0.0,0.0,0.0,0.0,6890,226483168316
396300,세아메카닉스,6.0,4.85,0.0,2.57,4.37,22.54,23.87,260.93,260.93,80.73,-16.37,-57.57,0.0,0.0,87638724987.0,1.1098,0.0,0.0,1.3561,0.0,59.48,0.0,0.0,0.0,4485,118847592997
396690,미래에셋글로벌리츠,1.33,0.54,0.0,37.71,16.91,45.16,144.88,266.11,266.11,40.84,44.73,241.06,0.0,0.0,11974795599.0,0.0322,0.0,0.0,12.2369,0.0,81.19,0.0,0.0,0.0,3700,146534653465
397030,에이프릴바이오,-12.95,-12.61,0.0,0.0,0.0,-114.74,2.75,3880.93,3880.93,97.32,0.0,-358.06,0.0,0.0,0.0,0.0,0.0,0.0,0.0,0.0,0.0,0.0,0.0,0.0,17550,483678391959
399720,가온칩스,8.12,6.04,0.0,9.0,10.2,39.0,34.55,382.42,382.42,74.32,34.39,-37.13,0.0,0.0,43320504880.0,0.592,0.0,0.0,3.8873,0.0,48.0,0.0,0.0,0.0,14200,168401362088
400560,하나금융20호기업인수목적,0.51,0.44,0.0,0.0,0.0,-0.39,15.35,0.0,0.0,86.69,0.0,-761.25,0.0,0.0,0.0,0.0,0.0,0.0,0.0,0.0,0.0,0.0,0.0,0.0,0,0
400760,NH올원리츠,0.0,0.0,0.0,56.69,0.0,123.65,252.96,11.4,11.4,28.33,30.84,41.79,0.0,0.0,21812261391.0,0.0314,0.0,0.0,8.5623,0.0,55.43,0.0,0.0,0.0,3400,186763888888
402030,코난테크놀로지,-8.07,-6.57,0.0,-26.26,-21.29,-40.41,22.81,660.83,660.83,81.43,-13.79,-280.39,0.0,0.0,15388168002.0,0.3086,0.0,0.0,22.977,0.0,0.0,0.0,0.0,0.0,28250,353574204946
403550,쏘카,-7.33,-3.1,0.0,2.4,-4.56,95.24,136.58,86.27,86.27,42.27,37.56,145.41,0.0,0.0,397560235879.0,0.6788,0.0,0.0,2.0756,0.0,122.15,0.0,0.0,0.0,21750,825164473684
404990,신한서부티엔디리츠,2.04,0.94,0.0,63.25,36.43,94.45,117.71,22.41,22.41,45.93,2.26,26.15,0.0,0.0,14932260498.0,0.0257,0.0,0.0,15.042,0.0,57.03,0.0,0.0,0.0,3645,224610810810
405000,플라즈맵,-188.7,-48.77,0.0,-130.41,-132.88,-173.53,286.93,195.51,195.51,25.84,109.59,-63.03,0.0,0.0,13305795654.0,0.367,0.0,0.0,2.3021,0.0,0.0,0.0,0.0,0.0,5700,30631578947
405100,큐알티,6.18,4.31,0.0,17.25,10.79,102.86,43.4,405.43,405.43,69.73,-17.07,-37.74,0.0,0.0,59628906235.0,0.3996,0.0,0.0,2.4731,0.0,18.73,0.0,0.0,0.0,12000,147469879518
406760,하나금융21호기업인수목적,0.65,0.59,0.0,0.0,0.0,-0.29,10.2,74337.6,74337.6,90.75,0.0,-114.41,0.0,0.0,0.0,0.0,0.0,0.0,0.0,0.0,0.0,0.0,0.0,0.0,0,0
407400,꿈비,16.36,8.26,0.0,4.17,4.85,11.33,98.05,151.58,151.58,50.49,30.08,-51.3,0.0,0.0,27181744152.0,1.7027,0.0,0.0,0.0,0.0,0.0,0.0,0.0,0.0,0,0
408900,스튜디오미르,7.22,5.96,0.0,12.95,5.86,33.4,21.04,474.01,474.01,82.61,79.17,275.22,0.0,0.0,25781360550.0,1.0172,0.0,0.0,0.0,0.0,0.0,0.0,0.0,0.0,0,0
408920,메쎄이상,-0.64,-0.59,0.0,0.0,0.0,-1.34,8.32,48800.73,48800.73,92.32,0.0,-3308.5,0.0,0.0,0.0,0.0,0.0,0.0,0.0,0.0,0.0,0.0,0.0,0.0,3995,172687096774
411080,샌즈랩,107.84,22.04,0.0,22.47,23.17,20.89,389.21,96.18,96.18,20.44,71.77,327.5,0.0,0.0,9299538168.0,0.9512,0.0,0.0,0.0,0.0,0.0,0.0,0.0,0.0,0,0
412350,레이저쎌,-11.74,-10.85,0.0,-83.43,-68.48,-50.33,8.17,948.73,948.73,92.44,-37.69,-531.89,0.0,0.0,6032906052.0,0.1585,0.0,0.0,15.0281,0.0,0.0,0.0,0.0,0.0,6210,90663157894
417010,나노팀,22.76,8.81,0.0,7.88,10.76,30.3,158.51,133.62,133.62,38.68,42.2,-32.2,0.0,0.0,38456611049.0,0.8181,0.0,0.0,0.0,0.0,0.0,0.0,0.0,0.0,0,0
417180,핑거스토리,-25.2,-19.0,0.0,5.67,-20.71,9.87,32.64,483.57,483.57,75.39,6.55,-19.37,0.0,0.0,17409149957.0,0.9172,0.0,0.0,1.8189,0.0,36.82,0.0,0.0,0.0,7360,31665116279
417310,코람코더원리츠,1.26,0.5,0.0,65.71,37.69,45.29,150.83,112.56,112.56,39.87,-0.25,28.66,0.0,0.0,6891406459.0,0.0133,0.0,0.0,25.0213,0.0,106.76,0.0,0.0,0.0,4270,172431847133
417500,제이아이테크,17.59,12.83,0.0,16.69,16.0,113.94,37.09,265.27,265.27,72.95,233.13,102.43,0.0,0.0,68282477637.0,0.8021,0.0,0.0,4.8243,0.0,30.93,0.0,0.0,0.0,10050,329416666666
417840,저스템,12.44,8.97,0.0,15.5,13.71,71.44,38.73,364.45,364.45,72.08,2.84,-0.69,0.0,0.0,46098648348.0,0.654,0.0,0.0,3.7259,0.0,26.8,0.0,0.0,0.0,7510,171757482014
417860,오브젠,-1836.92,-18.48,0.0,0.0,0.0,-20.45,9839.02,160.7,160.7,1.01,0.0,34.97,0.0,0.0,0.0,0.0,0.0,0.0,0.0,0.0,0.0,0.0,0.0,0.0,0,0
417970,모델솔루션,10.27,7.02,0.0,11.7,9.31,78.89,46.27,452.35,452.35,68.37,10.31,-11.62,0.0,0.0,67404389979.0,0.7542,0.0,0.0,1.6697,0.0,17.85,0.0,0.0,0.0,17600,112543119266
418170,하나금융22호기업인수목적,0.52,0.47,0.0,0.0,0.0,-0.37,10.42,103909.76,103909.76,90.56,0.0,0.0,0.0,0.0,0.0,0.0,0.0,0.0,0.0,0.0,0.0,0.0,0.0,0.0,0,0
418420,라온텍,7.82,4.65,0.0,2.95,5.36,3.22,68.26,483.3,483.3,59.43,88.66,120.62,0.0,0.0,10916365390.0,0.867,0.0,0.0,0.0,0.0,0.0,0.0,0.0,0.0,0,0
418550,제이오,-9.67,-6.71,0.0,-3.35,-8.41,-22.65,44.14,309.21,309.21,69.37,-14.04,42.46,0.0,0.0,67655302339.0,0.7976,0.0,0.0,0.0,0.0,0.0,0.0,0.0,0.0,0,0
419050,삼기에너지솔루션즈,18.17,8.62,0.0,8.03,7.46,85.94,110.74,180.62,180.62,47.45,-8.41,15.76,0.0,0.0,107029528003.0,1.1559,0.0,0.0,0.0,0.0,0.0,0.0,0.0,0.0,0,0
419080,엔젯,8.68,7.65,0.0,24.45,18.99,52.96,13.52,1035.86,1035.86,88.09,115.47,199.73,0.0,0.0,21665643146.0,0.4029,0.0,0.0,6.3209,0.0,27.07,0.0,0.0,0.0,12600,136946808510
419120,산돌,16.83,14.07,0.0,43.93,51.42,80.61,19.65,774.28,774.28,83.58,52.61,68.2,0.0,0.0,18350443779.0,0.2736,0.0,0.0,9.9487,0.0,24.01,0.0,0.0,0.0,12850,182562367864
419530,SAMG엔터,-48.77,-29.95,0.0,-0.53,-33.61,-3.64,62.84,208.92,208.92,61.41,78.04,-110.84,0.0,0.0,68322017040.0,0.891,0.0,0.0,3.779,0.0,0.0,0.0,0.0,0.0,25300,258186500000
419540,비스토스,-28.27,-21.97,0.0,3.81,-18.79,9.13,28.72,435.11,435.11,77.69,16.77,-42.66,0.0,0.0,23963204074.0,1.169,0.0,0.0,0.5943,0.0,20.61,0.0,0.0,0.0,2385,14240869565
425040,티이엠씨,41.84,20.78,0.0,15.14,11.99,532.65,101.33,156.58,156.58,49.67,289.91,318.0,0.0,0.0,351740130840.0,1.733,0.0,0.0,0.0,0.0,0.0,0.0,0.0,0.0,0,0
425420,티에프이,11.1,8.11,0.0,10.22,10.55,65.13,36.8,339.2,339.2,73.1,-11.42,-40.22,0.0,0.0,63746725969.0,0.7692,0.0,0.0,1.5187,0.0,18.29,0.0,0.0,0.0,7840,96809167567
427950,하나금융23호기업인수목적,0.29,0.24,0.0,0.0,0.0,-0.35,17.37,126677.31,126677.31,85.2,0.0,0.0,0.0,0.0,0.0,0.0,0.0,0.0,0.0,0.0,0.0,0.0,0.0,0.0,0,0
430230,하나금융24호기업인수목적,0.49,0.43,0.0,0.0,0.0,-0.07,13.39,249762.19,249762.19,88.19,0.0,0.0,0.0,0.0,0.0,0.0,0.0,0.0,0.0,0.0,0.0,0.0,0.0,0.0,0,0
435620,하나금융25호기업인수목적,0.57,0.51,0.0,0.0,0.0,-0.18,11.86,0.0,0.0,89.4,0.0,0.0,0.0,0.0,0.0,0.0,0.0,0.0,0.0,0.0,0.0,0.0,0.0,0.0,0,0
441270,파인엠텍,-4.94,-2.58,0.0,4.68,-6.05,54.43,91.22,119.17,119.17,52.3,0.0,0.0,0.0,0.0,116372755248.0,0.4269,0.0,0.0,2.2338,0.0,71.66,0.0,0.0,0.0,6160,259949038461
446070,유니드비티플러스,0.5,0.45,0.0,4.88,3.28,14.27,11.19,755.69,755.69,89.94,0.0,0.0,0.0,0.0,29221282156.0,0.1368,0.0,0.0,3.0493,0.0,77.5,0.0,0.0,0.0,8400,89103797468
446750,하나26호기업인수목적,-2.03,-0.69,0.0,0.0,0.0,-0.14,194.65,82925.36,82925.36,33.94,0.0,0.0,0.0,0.0,0.0,0.0,0.0,0.0,0.0,0.0,0.0,0.0,0.0,0.0,0,0
450080,에코프로머티,4.96,2.45,0.0,5.86,2.34,389.88,102.01,106.44,106.44,49.5,94.01,139.89,0.0,0.0,665248278975.0,1.0478,0.0,0.0,0.0,0.0,0.0,0.0,0.0,0.0,0,0
900070,글로벌에스엠,6.89,5.14,0.0,6.62,6.68,0.43,33.91,376.8,376.8,74.68,-3.24,-13.84,0.0,0.0,645931626.0,0.7692,0.0,0.0,29.5516,0.0,451.44,0.0,0.0,0.0,710,19088293650
900100,파이온엑스,1.98,1.76,0.0,1.9,2.09,0.01,13.01,268.99,268.99,88.49,-28.44,-27.93,0.0,0.0,51095676.0,0.8381,0.0,0.0,156.7367,0.0,8245.23,0.0,0.0,0.0,1525,8008568269
900110,딥커머스,1.04,1.0,0.0,6.76,5.36,0.19,4.51,2255.35,2255.35,95.68,-1.34,-24.59,0.0,0.0,282760945.0,0.1865,0.0,0.0,11.3235,0.0,170.94,0.0,0.0,0.0,174,3201831806
900120,씨엑스아이,1.48,1.45,0.0,6.21,5.9,0.34,2.16,1143.6,1143.6,97.89,-10.58,28.15,0.0,0.0,545209898.0,0.2456,0.0,0.0,6.7123,0.0,109.54,0.0,0.0,0.0,220,3659615384
900140,엘브이엠씨,-9.46,-5.84,0.0,-5.79,-15.93,-0.11,62.03,90.87,90.87,61.72,7.79,12.32,0.0,0.0,192947521.0,0.3665,0.0,0.0,2634.1771,0.0,0.0,0.0,0.0,0.0,2630,508257936507
900250,크리스탈신소재,3.89,3.64,0.0,24.72,19.79,1.01,6.7,1028.97,1028.97,93.72,15.92,20.66,0.0,0.0,407024441.0,0.1841,0.0,0.0,79.9477,0.0,324.77,0.0,0.0,0.0,909,32540672268
900260,로스웰,-7.79,-5.48,0.0,-7.77,-18.98,-0.34,42.04,364.07,364.07,70.4,167.45,-148.12,0.0,0.0,444177019.0,0.2889,0.0,0.0,126.346,0.0,0.0,0.0,0.0,0.0,1220,56120000000
900270,헝셩그룹,-0.6,-0.51,0.0,3.29,-1.49,0.23,18.38,554.45,554.45,84.47,0.04,35.78,0.0,0.0,686965938.0,0.3403,0.0,0.0,3.245,0.0,112.47,0.0,0.0,0.0,436,2229172932
900280,케이만금세기차륜집단유한공사,1.46,1.35,0.0,7.16,6.59,0.26,7.91,1076.09,1076.09,92.67,-45.06,-80.12,0.0,0.0,362543200.0,0.2047,0.0,0.0,0.0,0.0,0.0,0.0,0.0,0.0,0,0
900290,GRT,5.93,3.19,0.0,12.22,10.12,2.82,86.15,410.34,410.34,53.72,7.76,-14.57,0.0,0.0,2310536095.0,0.3149,0.0,0.0,86.7492,0.0,722.2,0.0,0.0,0.0,2400,200437054631
900300,오가닉티코스메틱,-25.11,-21.16,0.0,-28.32,-42.08,-3.33,18.68,343.04,343.04,84.26,-22.79,-449.84,0.0,0.0,1177133763.0,0.5029,0.0,0.0,4.4383,0.0,0.0,0.0,0.0,0.0,254,5224454976
900310,컬러레이,4.51,4.28,0.0,28.42,29.85,0.58,5.23,1452.45,1452.45,95.03,-36.21,-65.07,0.0,0.0,202831683.0,0.1436,0.0,0.0,76.1514,0.0,269.15,0.0,0.0,0.0,1205,15445909090
900340,윙입푸드,9.21,7.47,0.0,12.65,9.7,1.11,23.21,517.65,517.65,81.16,1.77,-10.42,0.0,0.0,880081908.0,0.771,0.0,0.0,14.469,0.0,116.33,0.0,0.0,0.0,1010,12733908427
950110,SBI핀테크솔루션즈,-11.11,-1.23,0.0,6.81,-9.64,3.77,800.58,123.81,123.81,11.1,17.9,-52.21,0.0,0.0,5543570000.0,0.1279,0.0,0.0,0.0,0.0,0.0,0.0,0.0,0.0,0,0
950130,엑세스바이오,54.8,38.74,0.0,45.38,33.83,3.63,41.43,364.61,364.61,70.71,81.31,59.78,0.0,0.0,800234602.0,1.1453,0.0,0.0,536.263,0.0,1182.19,0.0,0.0,0.0,12200,429136186770
950140,잉글우드랩,7.66,5.26,0.0,6.52,4.8,0.08,45.52,270.15,270.15,68.72,-16.55,-48.37,0.0,0.0,117271385.0,1.0978,0.0,0.0,862.2976,0.0,13225.54,0.0,0.0,0.0,5090,101122838137
950160,코오롱티슈진,-11.94,-9.94,0.0,-172.41,-117.77,-0.13,20.11,543.53,543.53,83.25,109.24,69.21,0.0,0.0,7319202.0,0.0844,0.0,0.0,103207.6625,0.0,0.0,0.0,0.0,0.0,8890,755397729852
950170,JTC,-295.74,-34.19,0.0,-644.85,-661.0,-86.7,764.87,109.75,109.75,11.56,-18.39,8.34,0.0,0.0,1344490154.0,0.0517,0.0,0.0,141.8404,0.0,0.0,0.0,0.0,0.0,3685,190702995391
950180,에스앤케이,2.2,1.97,0.0,4.17,7.05,3.11,11.69,1160.78,1160.78,89.53,12.92,143.59,0.0,0.0,7466844005.0,0.2789,0.0,0.0,0.0,0.0,0.0,0.0,0.0,0.0,0,0
950190,고스트스튜디오,21.26,19.76,0.0,29.9,25.35,0.23,7.57,1122.75,1122.75,92.96,-7.97,-29.18,0.0,0.0,75943773.0,0.7795,0.0,0.0,2151.9138,0.0,7196.2,0.0,0.0,0.0,12550,163424453280
950200,소마젠,-2.88,-2.09,0.0,-3.4,-2.42,-0.01,37.89,292.57,292.57,72.52,34.38,83.11,0.0,0.0,33572854.0,0.8647,0.0,0.0,4443.1923,0.0,0.0,0.0,0.0,0.0,7760,149170647482
950210,프레스티지바이오파마,-52.94,-45.54,0.0,0.0,0.0,-0.49,16.25,745.48,745.48,86.02,0.0,-201.03,0.0,0.0,0.0,0.0,0.0,0.0,0.0,0.0,0.0,0.0,0.0,0.0,7330,440476615384
950220,네오이뮨텍,-49.51,-42.36,0.0,0.0,0.0,-0.45,16.86,719.46,719.46,85.57,0.0,0.71,0.0,0.0,0.0,0.0,0.0,0.0,0.0,0.0,0.0,0.0,0.0,0.0,3995,136675249500
