종목코드,기업명,ROE,ROA,GPM,OPM,NPM,EBITDA,부채비율,유동비율,당좌비율,자기자본비율,매출액증가율,영업이익증가율,EPS증가율,BPS증가율,재고자산회전율,총자산회전율,PER,PBR,PSR,PCR,EV/EBITDA,GP/A,OCF,FCF,주가,시가총액
000020,동화약품,5.44,4.37,0.0,7.68,6.68,224.96,24.34,331.32,331.32,80.42,7.7,-2.84,0.0,0.0,293018112028.0,0.6543,0.0,0.0,1.3919,0.0,22.03,0.0,0.0,0.0,14600,407841698841
000040,KR모터스,-23.74,-7.08,0.0,-2.02,-8.93,-26.98,235.36,72.93,72.93,29.82,13.3,-321.29,0.0,0.0,133510437922.0,0.7926,0.0,0.0,0.1121,0.0,0.0,0.0,0.0,0.0,865,14971153846
000050,경방,2.96,1.75,0.0,14.03,5.81,537.97,68.96,54.4,54.4,59.19,16.44,146.16,0.0,0.0,383357144805.0,0.3017,0.0,0.0,0.9831,0.0,16.65,0.0,0.0,0.0,13750,376876513317
000070,삼양홀딩스,11.3,6.14,0.0,11.32,8.82,3517.0,83.91,164.65,164.65,54.37,25.74,106.47,0.0,0.0,3107313000000.0,0.6966,0.0,0.0,0.2453,0.0,7.95,0.0,0.0,0.0,98200,762350662251
000080,하이트진로,6.57,1.98,0.0,7.9,3.26,1741.11,232.16,71.01,71.01,30.11,-2.37,-12.28,0.0,0.0,2202903850371.0,0.6067,0.0,0.0,0.9599,0.0,26.72,0.0,0.0,0.0,30150,2114571704180
000100,유한양행,5.12,4.02,0.0,2.88,5.87,485.96,27.27,283.37,283.37,78.57,4.19,-42.32,0.0,0.0,1687810317744.0,0.685,0.0,0.0,2.7085,0.0,104.93,0.0,0.0,0.0,62100,4571509677419
000120,CJ대한통운,3.94,1.76,0.0,3.03,1.4,3438.81,123.93,95.89,95.89,44.66,5.22,5.7,0.0,0.0,11343651787492.0,1.2613,0.0,0.0,0.2534,0.0,22.83,0.0,0.0,0.0,126000,2874342857142
000150,두산,7.73,2.52,0.0,7.16,4.97,9459.31,206.1,82.42,82.42,32.67,15.54,4747.72,0.0,0.0,13204153075980.0,0.5077,0.0,0.0,0.1447,0.0,20.53,0.0,0.0,0.0,118000,1910871258907
000180,성창기업지주,1.1,0.84,0.0,5.29,3.0,104.72,30.5,82.46,82.46,76.63,15.81,30.35,0.0,0.0,197940313061.0,0.2813,0.0,0.0,0.1723,0.0,18.96,0.0,0.0,0.0,2445,34108683206
000210,DL,16.61,8.91,0.0,8.19,30.89,1931.62,86.49,172.0,172.0,53.62,50.61,62.25,0.0,0.0,2358774796779.0,0.2883,0.0,0.0,0.5411,0.0,26.25,0.0,0.0,0.0,60900,1276241666666
000220,유유제약,-0.72,-0.48,0.0,1.04,-0.8,12.0,49.97,329.46,329.46,66.68,17.87,-80.86,0.0,0.0,115655484997.0,0.5993,0.0,0.0,1.0639,0.0,156.1,0.0,0.0,0.0,7810,123048177083
000230,일동홀딩스,-73.47,-14.63,0.0,-13.99,-22.74,-828.44,402.22,68.17,68.17,19.91,-0.69,-799.04,0.0,0.0,592374545924.0,0.6434,0.0,0.0,0.2882,0.0,0.0,0.0,0.0,0.0,14800,170751902587
000240,한국앤컴퍼니,5.38,4.93,0.0,23.7,20.87,2283.05,9.26,260.44,260.44,91.53,17.59,44.72,0.0,0.0,963300354498.0,0.236,0.0,0.0,1.5473,0.0,8.04,0.0,0.0,0.0,15700,1490512778904
000250,삼천당제약,-4.14,-3.01,0.0,-9.14,-6.19,-152.93,37.41,312.7,312.7,72.77,0.25,-376.9,0.0,0.0,167274903875.0,0.4863,0.0,0.0,6.0791,0.0,0.0,0.0,0.0,0.0,43350,1016878945801
000270,기아,13.63,7.12,0.0,7.25,6.81,50656.85,91.48,135.44,135.44,52.23,18.07,145.14,0.0,0.0,69862366000000.0,1.0451,0.0,0.0,0.4594,0.0,12.64,0.0,0.0,0.0,82200,32091946717557
000300,DH오토넥스,1.43,0.33,0.0,2.57,0.39,131.57,327.91,93.91,93.91,23.37,13.04,-9.52,0.0,0.0,511973797943.0,0.8613,0.0,0.0,0.1064,0.0,38.76,0.0,0.0,0.0,1315,54478571428
000320,노루홀딩스,1.83,1.01,0.0,2.79,1.12,266.6,80.89,160.61,160.61,55.28,12.64,-25.49,0.0,0.0,955214023609.0,0.905,0.0,0.0,0.1774,0.0,24.06,0.0,0.0,0.0,12750,169491452991
000430,대원강업,-0.5,-0.29,0.0,-0.58,-0.33,-49.59,70.37,101.25,101.25,58.7,0.12,-195.13,0.0,0.0,862222796887.0,0.8771,0.0,0.0,0.2682,0.0,0.0,0.0,0.0,0.0,3730,231276993166
000440,중앙에너비스,0.42,0.39,0.0,0.06,0.41,0.38,8.06,450.6,450.6,92.54,13.34,-70.5,0.0,0.0,60712577714.0,0.9418,0.0,0.0,1.7989,0.0,3004.04,0.0,0.0,0.0,17550,109213483146
000480,시알홀딩스,4.23,2.48,0.0,4.44,4.47,331.38,71.09,92.73,92.73,58.45,5.82,44.57,0.0,0.0,746291404630.0,0.5531,0.0,0.0,5.0883,0.0,131.51,0.0,0.0,0.0,81000,3797323008849
000500,가온전선,2.18,0.89,0.0,1.55,0.55,165.72,145.78,163.03,163.03,40.69,24.84,30.99,0.0,0.0,1070383204799.0,1.6243,0.0,0.0,0.6621,0.0,66.35,0.0,0.0,0.0,23800,708707333333
000520,삼일제약,-8.13,-2.36,0.0,0.3,-3.98,4.0,244.36,63.05,63.05,29.04,9.14,-93.89,0.0,0.0,134246777887.0,0.5929,0.0,0.0,1.3475,0.0,854.46,0.0,0.0,0.0,8340,180903414634
000590,CS홀딩스,6.75,5.96,0.0,12.36,13.25,196.48,13.3,647.77,647.77,88.26,20.8,23.56,0.0,0.0,159017955309.0,0.4496,0.0,0.0,0.4655,0.0,5.88,0.0,0.0,0.0,64100,74026991150
000640,동아쏘시오홀딩스,6.14,3.58,0.0,6.98,6.86,615.64,71.71,76.73,76.73,58.24,12.59,21.64,0.0,0.0,881944084032.0,0.5214,0.0,0.0,0.8779,0.0,24.05,0.0,0.0,0.0,115000,774235668789
000650,천일고속,-1.58,-0.91,0.0,-33.55,-1.94,-98.44,74.53,240.1,240.1,57.3,-5.83,1.52,0.0,0.0,29342954504.0,0.4679,0.0,0.0,3.278,0.0,0.0,0.0,0.0,0.0,67300,96186757990
000660,SK하이닉스,15.46,9.98,0.0,28.86,22.36,124103.4,54.98,181.93,181.93,64.52,34.79,147.58,0.0,0.0,42997792000000.0,0.4461,0.0,0.0,2.2256,0.0,10.47,0.0,0.0,0.0,131000,95694498327359
000670,영풍,4.36,3.08,0.0,-0.75,4.75,-267.84,41.48,182.7,182.7,70.68,12.52,-157.37,0.0,0.0,3582074826364.0,0.6488,0.0,0.0,3.3664,0.0,0.0,0.0,0.0,0.0,655000,12058550000000
000680,LS네트웍스,10.85,4.59,0.0,1.1,15.39,43.09,136.51,163.48,163.48,42.28,16.61,113.35,0.0,0.0,390470563901.0,0.2982,0.0,0.0,0.6074,0.0,230.42,0.0,0.0,0.0,3010,237163116057
000700,유수홀딩스,9.6,7.81,0.0,0.0,0.0,203.47,22.95,418.13,418.13,81.33,0.0,233.9,0.0,0.0,0.0,0.0,0.0,0.0,0.0,0.0,12.67,0.0,0.0,0.0,6300,164086363636
000720,현대건설,5.88,2.82,0.0,4.17,3.07,7535.04,108.26,190.81,190.81,48.02,6.45,37.26,0.0,0.0,18065534000000.0,0.92,0.0,0.0,0.274,0.0,20.12,0.0,0.0,0.0,44450,4949776074614
000760,이화산업,28.39,21.54,0.0,-8.59,102.4,-49.65,31.84,162.07,162.07,75.85,13.01,-42.43,0.0,0.0,57775111897.0,0.2103,0.0,0.0,0.7542,0.0,0.0,0.0,0.0,0.0,15550,43575391180
000800,경남기업,26.07,6.91,0.0,5.32,8.25,221.01,276.98,142.29,142.29,26.53,36.53,67.46,0.0,0.0,415652661076.0,0.8378,0.0,0.0,0.0,0.0,0.0,0.0,0.0,0.0,0,0
000850,화천기공,3.02,2.19,0.0,1.63,4.57,33.23,37.97,243.42,243.42,72.48,26.11,132.56,0.0,0.0,203972289491.0,0.4794,0.0,0.0,0.3695,0.0,57.92,0.0,0.0,0.0,34250,75368818681
000860,강남제비스코,7.17,5.25,0.0,-2.15,8.03,-127.2,36.57,220.79,220.79,73.22,73.41,-566.84,0.0,0.0,590983999981.0,0.6537,0.0,0.0,0.549,0.0,0.0,0.0,0.0,0.0,24950,324449402390
000880,한화,10.27,1.07,0.0,5.54,4.09,29278.88,861.49,107.08,107.08,10.4,3.75,89.02,0.0,0.0,52836069000000.0,0.2611,0.0,0.0,0.0317,0.0,62.5,0.0,0.0,0.0,31400,1674535350553
000890,보해양조,-1.08,-0.59,0.0,1.26,-1.09,10.54,81.74,134.9,134.9,55.02,6.6,-39.7,0.0,0.0,83748910790.0,0.547,0.0,0.0,0.2988,0.0,89.11,0.0,0.0,0.0,905,25026158445
000910,유니온,5.65,2.83,0.0,2.4,4.8,51.73,99.38,107.38,107.38,50.15,14.13,-33.79,0.0,0.0,215922625914.0,0.5897,0.0,0.0,0.5453,0.0,58.04,0.0,0.0,0.0,7540,117734219269
000950,전방,0.11,0.04,0.0,5.5,0.12,73.6,166.14,130.72,130.72,37.57,27.19,140.99,0.0,0.0,133745227330.0,0.3489,0.0,0.0,0.5052,0.0,41.69,0.0,0.0,0.0,40200,67570212765
000970,한국주철관공업,19.0,15.58,0.0,9.52,12.92,485.69,21.96,363.35,363.35,81.99,55.41,328.2,0.0,0.0,510185095507.0,1.2059,0.0,0.0,0.4066,0.0,5.84,0.0,0.0,0.0,9100,207420505200
000990,DB하이텍,28.65,20.45,0.0,32.86,26.09,3991.07,40.13,243.09,243.09,71.36,29.78,66.76,0.0,0.0,1214682040178.0,0.7837,0.0,0.0,2.6038,0.0,9.04,0.0,0.0,0.0,72700,3162756105263
001000,신라섬유,4.35,2.04,0.0,15.37,15.41,6.69,113.28,11.12,11.12,46.89,4.11,-2.51,0.0,0.0,4350723533.0,0.1324,0.0,0.0,12.565,0.0,107.87,0.0,0.0,0.0,2255,54666666666
001020,페이퍼코리아,20.37,1.86,0.0,7.23,2.12,314.59,995.54,123.2,123.2,9.13,-10.08,-9.11,0.0,0.0,435282695963.0,0.8755,0.0,0.0,0.1313,0.0,16.18,0.0,0.0,0.0,1605,57165319148
001040,CJ,4.9,1.92,0.0,5.46,2.34,18818.0,154.84,95.81,95.81,39.24,7.77,35.35,0.0,0.0,34484026554000.0,0.8219,0.0,0.0,0.0706,0.0,14.84,0.0,0.0,0.0,83400,2433366743648
001060,JW중외제약,-0.76,-0.23,0.0,5.14,-0.24,312.0,235.77,129.64,129.64,29.78,10.83,2458.3,0.0,0.0,606584944778.0,0.9582,0.0,0.0,0.8753,0.0,31.26,0.0,0.0,0.0,22800,530948936170
001080,만호제강,0.37,0.34,0.0,0.64,0.44,12.56,10.8,730.32,730.32,90.25,-0.15,443.17,0.0,0.0,196123923305.0,0.7595,0.0,0.0,4.1274,0.0,664.51,0.0,0.0,0.0,23050,809476961394
001120,LX인터내셔널,22.66,8.01,0.0,3.93,3.24,6562.17,182.98,127.56,127.56,35.34,47.9,310.56,0.0,0.0,16686532633651.0,2.4732,0.0,0.0,0.0614,0.0,8.21,0.0,0.0,0.0,26450,1025200641848
001130,대한제분,9.91,6.61,0.0,2.25,7.85,249.6,50.08,179.9,179.9,66.63,14.54,8.68,0.0,0.0,1111341734130.0,0.8409,0.0,0.0,2.3491,0.0,122.26,0.0,0.0,0.0,154500,2610653846153
001140,국보,-55.49,-17.27,0.0,-8.27,-18.24,-80.09,221.31,97.28,97.28,31.12,-11.9,25.87,0.0,0.0,96849603243.0,0.9466,0.0,0.0,0.0,0.0,0.0,0.0,0.0,0.0,1615,0
001210,금호전기,-53.83,-11.79,0.0,-20.56,-23.74,-85.6,356.63,103.41,103.41,21.9,-7.47,-33.26,0.0,0.0,41640597680.0,0.4966,0.0,0.0,1.0524,0.0,0.0,0.0,0.0,0.0,3540,43824519230
001230,동국홀딩스,20.08,8.82,0.0,11.09,7.72,8030.15,127.65,86.01,86.01,43.93,39.07,172.49,0.0,0.0,7240296531105.0,1.1431,0.0,0.0,0.3415,0.0,7.5,0.0,0.0,0.0,15900,2472899262899
001250,GS글로벌,6.43,1.53,0.0,1.01,0.57,388.47,321.2,112.1,112.1,23.74,36.73,20.27,0.0,0.0,3849040520289.0,2.668,0.0,0.0,0.0508,0.0,33.36,0.0,0.0,0.0,2370,195624672897
001260,남광토건,24.71,7.91,0.0,5.83,6.08,208.05,212.24,120.24,120.24,32.03,49.92,36.73,0.0,0.0,356740019691.0,1.3021,0.0,0.0,0.3831,0.0,15.52,0.0,0.0,0.0,13900,136668387096
001340,PKC,7.86,4.15,0.0,9.38,7.79,179.3,89.52,43.59,43.59,52.77,11.55,43.19,0.0,0.0,191117728512.0,0.5321,0.0,0.0,1.2155,0.0,22.42,0.0,0.0,0.0,5160,232299230769
001360,삼성제약,-31.65,-27.69,0.0,-33.04,-73.36,-181.4,14.29,511.4,511.4,87.5,13.74,-80.6,0.0,0.0,54901130222.0,0.3774,0.0,0.0,8.449,0.0,0.0,0.0,0.0,0.0,4925,463857628398
001380,SG글로벌,-4.51,-2.97,0.0,-0.98,-9.61,-5.66,52.07,221.14,221.14,65.76,-32.08,-111.8,0.0,0.0,57771768373.0,0.3089,0.0,0.0,0.7124,0.0,0.0,0.0,0.0,0.0,1830,41157735849
001390,KG케미칼,15.77,5.77,0.0,9.47,5.72,4671.68,173.28,103.84,103.84,36.59,33.78,92.28,0.0,0.0,4931505172315.0,1.0095,0.0,0.0,0.4141,0.0,11.0,0.0,0.0,0.0,30750,2042212290502
001420,태원물산,0.26,0.22,0.0,-3.34,0.55,-4.92,19.49,579.14,579.14,83.69,-9.95,23.44,0.0,0.0,14713198577.0,0.393,0.0,0.0,3.0097,0.0,0.0,0.0,0.0,0.0,5820,44282608695
001430,세아베스틸지주,9.63,5.21,0.0,6.53,5.03,2384.3,84.96,179.6,179.6,54.07,43.98,7255.53,0.0,0.0,3651102951303.0,1.0355,0.0,0.0,0.1955,0.0,9.79,0.0,0.0,0.0,19900,713633414634
001440,대한전선,7.46,2.04,0.0,1.98,1.45,394.62,266.43,123.94,123.94,27.29,25.1,-30.33,0.0,0.0,1997709556000.0,1.406,0.0,0.0,0.1746,0.0,35.02,0.0,0.0,0.0,1780,348867891156
001460,BYC,6.2,4.36,0.0,16.24,18.16,267.11,42.05,102.04,102.04,70.4,1.6,16.44,0.0,0.0,164445893789.0,0.2403,0.0,0.0,17.1139,0.0,112.95,0.0,0.0,0.0,450500,2814306892067
001470,삼부토건,-1.22,-0.48,0.0,-1.22,-0.7,-43.53,152.49,162.78,162.78,39.61,-5.88,44.54,0.0,0.0,357047939605.0,0.6891,0.0,0.0,1.4056,0.0,0.0,0.0,0.0,0.0,2185,501857348703
001520,동양,1.43,1.12,0.0,1.09,1.61,76.18,28.47,221.34,221.34,77.84,16.03,200.89,0.0,0.0,699569458171.0,0.6945,0.0,0.0,0.2244,0.0,49.91,0.0,0.0,0.0,1465,156993488372
001530,디아이동일,8.08,4.67,0.0,5.98,5.7,485.93,73.17,114.01,114.01,57.75,19.63,84.27,0.0,0.0,813085258056.0,0.8187,0.0,0.0,7.0571,0.0,126.72,0.0,0.0,0.0,277000,5738000000000
001540,안국약품,2.44,1.7,0.0,-0.66,2.29,-10.84,43.5,222.72,222.72,69.69,14.07,-1671.09,0.0,0.0,163533830268.0,0.7435,0.0,0.0,0.8534,0.0,0.0,0.0,0.0,0.0,10700,139556766575
001550,조비,3.48,1.78,0.0,3.64,2.19,30.77,94.86,138.91,138.91,51.32,14.86,-19.35,0.0,0.0,84597515362.0,0.8152,0.0,0.0,1.2911,0.0,51.91,0.0,0.0,0.0,21050,109219871205
001560,제일연마,6.56,5.72,0.0,8.28,7.64,66.04,14.61,624.15,624.15,87.25,9.0,84.46,0.0,0.0,79747901283.0,0.749,0.0,0.0,0.8312,0.0,12.09,0.0,0.0,0.0,8720,66287348734
001570,금양,11.36,4.23,0.0,5.57,6.12,121.36,168.15,152.73,152.73,37.29,23.58,102.03,0.0,0.0,217719113621.0,0.6915,0.0,0.0,1.4412,0.0,42.12,0.0,0.0,0.0,4905,313771363636
001620,케이비아이동국실업,-13.96,-4.18,0.0,-14.05,-4.55,-732.85,233.98,68.45,68.45,29.94,-1.76,-251.8,0.0,0.0,521440974563.0,0.918,0.0,0.0,0.0346,0.0,0.0,0.0,0.0,0.0,810,18041763341
001630,종근당홀딩스,3.07,1.89,0.0,3.72,2.79,344.11,62.82,137.5,137.5,61.42,7.91,-61.45,0.0,0.0,925975076416.0,0.6771,0.0,0.0,0.4138,0.0,26.47,0.0,0.0,0.0,76500,383182165605
001680,대상,11.62,5.05,0.0,4.42,4.18,1532.45,130.15,159.72,159.72,43.45,11.46,-12.13,0.0,0.0,3469992522829.0,1.2088,0.0,0.0,0.2326,0.0,15.86,0.0,0.0,0.0,23300,807292190060
001740,SK네트웍스,4.33,1.1,0.0,1.11,0.94,1219.78,293.93,78.18,78.18,25.39,3.69,-1.59,0.0,0.0,11018140000000.0,1.1708,0.0,0.0,0.0914,0.0,65.82,0.0,0.0,0.0,5020,1006979908675
001770,SHD,14.27,8.15,0.0,5.45,5.53,57.13,74.96,193.08,193.08,57.15,35.49,2952.02,0.0,0.0,104770706369.0,1.4749,0.0,0.0,0.3481,0.0,11.71,0.0,0.0,0.0,29950,36474659606
001780,알루코,0.84,0.31,0.0,3.3,0.48,166.67,166.57,90.89,90.89,37.51,2.08,-32.71,0.0,0.0,505586030763.0,0.6481,0.0,0.0,0.6529,0.0,49.06,0.0,0.0,0.0,3410,330119205298
001790,대한제당,3.95,1.71,0.0,3.33,1.6,420.52,131.28,135.23,135.23,43.24,3.86,-9.18,0.0,0.0,1261349333000.0,1.0669,0.0,0.0,0.2065,0.0,22.15,0.0,0.0,0.0,3020,260494358974
001800,오리온홀딩스,5.82,4.54,0.0,13.07,9.33,3156.97,28.18,199.24,199.24,78.01,5.9,2.29,0.0,0.0,2415059149467.0,0.4867,0.0,0.0,0.3973,0.0,6.49,0.0,0.0,0.0,15950,959472868217
001810,무림SP,2.04,1.4,0.0,4.61,3.28,61.01,45.54,162.9,162.9,68.71,5.42,-7.66,0.0,0.0,132202326153.0,0.428,0.0,0.0,0.5362,0.0,27.46,0.0,0.0,0.0,3205,70892767031
001820,삼화콘덴서공업,14.1,10.63,0.0,12.65,10.92,331.69,32.7,280.78,280.78,75.36,8.1,22.41,0.0,0.0,262159285746.0,0.9735,0.0,0.0,2.387,0.0,20.87,0.0,0.0,0.0,60200,625770186335
001840,이화공영,-10.24,-4.54,0.0,-2.46,-2.4,-47.96,125.55,133.9,133.9,44.34,27.22,-712.2,0.0,0.0,194935371938.0,1.8911,0.0,0.0,0.8583,0.0,0.0,0.0,0.0,0.0,5920,167310158013
001880,디엘건설,18.33,10.52,0.0,11.42,8.73,2296.34,74.3,226.06,226.06,57.37,15.89,12.92,0.0,0.0,2010344322791.0,1.2041,0.0,0.0,0.0,0.0,0.0,0.0,0.0,0.0,0,0
001940,KISCO홀딩스,12.56,10.57,0.0,12.7,11.28,2007.41,18.82,545.74,545.74,84.16,48.5,142.79,0.0,0.0,1580849338970.0,0.9365,0.0,0.0,0.1305,0.0,2.36,0.0,0.0,0.0,14550,206266137566
002020,코오롱,15.87,3.95,0.0,6.14,2.9,3321.98,301.5,69.51,69.51,24.91,10.64,22.38,0.0,0.0,5410414957004.0,1.3641,0.0,0.0,0.0789,0.0,10.25,0.0,0.0,0.0,33050,426645454545
002030,아세아,11.73,6.46,0.0,12.39,10.9,2288.66,81.52,165.83,165.83,55.09,20.91,55.74,0.0,0.0,1846503739538.0,0.5927,0.0,0.0,0.1427,0.0,7.26,0.0,0.0,0.0,128000,263511737089
002070,비비안,-3.11,-1.62,0.0,0.76,-1.71,14.19,91.88,329.1,329.1,52.11,2.49,-29.45,0.0,0.0,187863421226.0,0.948,0.0,0.0,0.0759,0.0,76.91,0.0,0.0,0.0,2965,14254214360
002100,경농,0.0,0.0,0.0,6.2,0.0,167.59,64.18,167.85,167.85,60.91,8.85,17.34,0.0,0.0,270269449649.0,0.6952,0.0,0.0,0.885,0.0,23.34,0.0,0.0,0.0,12250,239198062432
002140,고려산업,4.23,1.89,0.0,2.28,2.12,48.62,123.32,83.97,83.97,44.78,12.06,-47.05,0.0,0.0,213486551495.0,0.8948,0.0,0.0,0.3401,0.0,42.03,0.0,0.0,0.0,2910,72616513761
002150,도화엔지니어링,5.62,3.0,0.0,3.46,2.6,199.85,87.4,111.52,111.52,53.36,0.43,-16.76,0.0,0.0,577392660234.0,1.1543,0.0,0.0,0.4467,0.0,24.58,0.0,0.0,0.0,7650,257902052238
002170,SYTS,8.15,7.22,0.0,18.76,17.09,363.87,12.94,857.14,857.14,88.54,-2.25,-36.93,0.0,0.0,193958606606.0,0.4226,0.0,0.0,0.8971,0.0,6.23,0.0,0.0,0.0,58000,174000000000
002200,한국수출포장공업,6.02,4.78,0.0,6.27,4.97,200.06,26.01,247.31,247.31,79.36,20.55,83.81,0.0,0.0,319224098800.0,0.962,0.0,0.0,2.6765,0.0,46.13,0.0,0.0,0.0,25500,854415584415
002210,동성제약,-9.29,-4.12,0.0,-6.28,-5.11,-52.99,125.2,132.98,132.98,44.41,-3.86,-44.36,0.0,0.0,84407657781.0,0.8071,0.0,0.0,9.5955,0.0,0.0,0.0,0.0,0.0,8380,809935699933
002220,한일철강,14.35,7.53,0.0,11.92,10.26,296.43,90.56,123.37,123.37,52.48,58.22,799.53,0.0,0.0,248593160815.0,0.7339,0.0,0.0,0.2873,0.0,7.84,0.0,0.0,0.0,2675,71422948073
002230,피에스텍,4.52,3.89,0.0,2.24,11.05,12.91,16.19,600.25,600.25,86.07,8.3,315.85,0.0,0.0,57639776340.0,0.3518,0.0,0.0,1.6398,0.0,90.87,0.0,0.0,0.0,5130,94520493358
002240,고려제강,8.14,5.39,0.0,5.83,7.88,985.27,51.04,179.26,179.26,66.21,21.04,902.16,0.0,0.0,1691354877090.0,0.6836,0.0,0.0,0.3105,0.0,13.82,0.0,0.0,0.0,19450,525161262304
002270,롯데푸드,-0.13,-0.08,0.0,2.39,-0.07,384.57,61.76,187.47,187.47,61.82,5.62,-13.64,0.0,0.0,1607805510424.0,1.2645,0.0,0.0,0.0,0.0,0.0,0.0,0.0,0.0,0,0
002290,삼일기업공사,4.78,4.03,0.0,4.49,4.0,33.1,18.7,628.66,628.66,84.25,14.08,28.01,0.0,0.0,73803536671.0,1.0077,0.0,0.0,0.7201,0.0,19.54,0.0,0.0,0.0,4290,53144776119
002310,아세아제지,12.74,9.39,0.0,9.93,9.62,938.75,35.72,212.9,212.9,73.68,29.26,42.87,0.0,0.0,945734471576.0,0.9754,0.0,0.0,2.1941,0.0,24.82,0.0,0.0,0.0,52600,2075051522248
002320,한진,11.78,4.17,0.0,3.97,6.46,994.33,182.22,81.1,81.1,35.43,13.02,-6.12,0.0,0.0,2504131193753.0,0.6458,0.0,0.0,0.1865,0.0,29.88,0.0,0.0,0.0,30100,467124581379
002350,넥센타이어,0.29,0.12,0.0,0.21,0.22,43.92,138.97,141.69,141.69,41.85,22.45,-88.86,0.0,0.0,2079407029590.0,0.5439,0.0,0.0,0.3203,0.0,657.93,0.0,0.0,0.0,6820,666065420560
002360,SH에너지화학,0.67,0.51,0.0,0.25,0.44,3.43,30.4,599.23,599.23,76.69,49.39,104.37,0.0,0.0,139801659440.0,1.1686,0.0,0.0,0.0773,0.0,112.87,0.0,0.0,0.0,973,10804366812
002380,케이씨씨,-0.99,-0.41,0.0,6.62,-0.91,3887.7,139.56,135.86,135.86,41.74,15.57,190.46,0.0,0.0,5874899292339.0,0.4562,0.0,0.0,0.4607,0.0,26.26,0.0,0.0,0.0,315000,2706740506329
002390,한독,0.86,0.39,0.0,5.41,0.64,280.06,119.16,117.19,117.19,45.63,2.79,-1.3,0.0,0.0,517641069438.0,0.6151,0.0,0.0,0.6063,0.0,27.54,0.0,0.0,0.0,22800,313829652996
002410,범양건영,7.41,3.07,0.0,2.7,5.26,30.24,141.38,167.37,167.37,41.43,-22.48,-74.81,0.0,0.0,111908019893.0,0.5836,0.0,0.0,1.5085,0.0,92.97,0.0,0.0,0.0,6140,168810335917
002420,세기상사,-10.46,-4.19,0.0,-8.68,-10.88,-15.52,149.55,21.8,21.8,40.07,700.3,-29.09,0.0,0.0,17880222962.0,0.3854,0.0,0.0,18.4819,0.0,0.0,0.0,0.0,0.0,10600,330459965928
002450,삼익악기,9.36,4.06,0.0,11.29,8.04,333.47,130.52,131.9,131.9,43.38,19.19,65.24,0.0,0.0,295428267821.0,0.5047,0.0,0.0,0.5593,0.0,14.89,0.0,0.0,0.0,1825,165232204861
002460,HS화성,7.12,3.67,0.0,6.78,7.03,286.31,93.77,274.49,274.49,51.61,0.71,-29.33,0.0,0.0,422231395444.0,0.5226,0.0,0.0,0.3028,0.0,18.12,0.0,0.0,0.0,12600,127849541284
002600,조흥,11.03,6.01,0.0,7.6,6.41,190.73,83.59,114.34,114.34,54.47,12.69,61.81,0.0,0.0,250861244971.0,0.9376,0.0,0.0,0.4498,0.0,12.3,0.0,0.0,0.0,188000,112827586206
002620,제일파마홀딩스,-2.57,-1.44,0.0,-1.18,-1.69,-89.75,78.37,112.46,112.46,56.06,0.07,-139.92,0.0,0.0,762568056298.0,0.8545,0.0,0.0,0.3351,0.0,0.0,0.0,0.0,0.0,16000,255570469798
002630,오리엔트바이오,-32.2,-21.86,0.0,3.57,-30.05,18.6,47.32,190.81,190.81,67.88,39.79,115.04,0.0,0.0,52020405167.0,0.7274,0.0,0.0,1.3916,0.0,51.28,0.0,0.0,0.0,1220,72389461626
002680,한탑,-9.93,-3.53,0.0,-5.78,-6.18,-45.56,181.48,49.52,49.52,35.53,2.03,55.8,0.0,0.0,78892137329.0,0.5703,0.0,0.0,0.1029,0.0,0.0,0.0,0.0,0.0,1260,8121093750
002690,동일제강,5.37,4.57,0.0,4.32,4.53,78.73,17.56,446.16,446.16,85.06,48.26,6284.85,0.0,0.0,182235773870.0,1.0095,0.0,0.0,0.3176,0.0,10.78,0.0,0.0,0.0,2850,57872836218
002700,신일전자,9.66,6.53,0.0,4.96,4.12,96.08,47.8,211.96,211.96,67.66,12.22,54.07,0.0,0.0,193517099817.0,1.5851,0.0,0.0,0.7487,0.0,19.19,0.0,0.0,0.0,2115,144877500000
002710,TCC스틸,18.5,7.83,0.0,4.77,5.35,255.98,136.42,145.64,145.64,42.3,24.28,2536.42,0.0,0.0,536651129324.0,1.4623,0.0,0.0,0.4729,0.0,18.19,0.0,0.0,0.0,9680,253782136602
002720,국제약품,-2.27,-1.11,0.0,-1.4,-1.3,-16.76,103.8,88.41,88.41,49.07,-8.17,-127.74,0.0,0.0,119745568736.0,0.8567,0.0,0.0,1.0846,0.0,0.0,0.0,0.0,0.0,6140,129874150664
002760,보락,3.72,3.01,0.0,4.26,4.26,16.92,23.66,427.34,427.34,80.87,3.84,1072.26,0.0,0.0,39763912508.0,0.7061,0.0,0.0,2.9818,0.0,76.44,0.0,0.0,0.0,1980,118568646543
002780,진흥기업,31.24,15.96,0.0,9.76,12.02,433.49,95.74,191.63,191.63,51.09,17.76,195.28,0.0,0.0,444244783883.0,1.3276,0.0,0.0,0.7141,0.0,11.09,0.0,0.0,0.0,2180,317242966751
002790,아모레퍼시픽홀딩스,4.51,3.63,0.0,6.69,5.48,3561.71,24.13,236.83,236.83,80.56,8.03,136.41,0.0,0.0,5326080007289.0,0.6626,0.0,0.0,0.6367,0.0,13.91,0.0,0.0,0.0,44350,3390944036697
002800,신신제약,-2.64,-1.27,0.0,-1.81,-1.96,-13.43,108.59,107.51,107.51,47.94,10.25,67.8,0.0,0.0,74007577820.0,0.6474,0.0,0.0,1.3227,0.0,0.0,0.0,0.0,0.0,6450,97890675241
002810,삼영무역,9.68,7.76,0.0,5.13,9.62,239.52,24.7,391.14,391.14,80.19,19.01,7.16,0.0,0.0,467033282055.0,0.8069,0.0,0.0,0.5714,0.0,15.93,0.0,0.0,0.0,14450,266858351893
002820,SUN&L,-20.97,-6.23,0.0,-4.7,-7.59,-218.81,236.41,89.14,89.14,29.73,12.8,-466.26,0.0,0.0,465318349964.0,0.8219,0.0,0.0,0.1293,0.0,0.0,0.0,0.0,0.0,5000,60179640718
002840,미원상사,19.51,15.51,0.0,15.89,16.05,571.55,25.82,367.77,367.77,79.48,21.97,33.28,0.0,0.0,359794982785.0,0.9661,0.0,0.0,2.5454,0.0,17.36,0.0,0.0,0.0,203500,915823571945
002870,신풍,-11.22,-10.68,0.0,-15.31,-38.72,-39.65,5.03,1922.18,1922.18,95.22,-23.3,61.79,0.0,0.0,25902411942.0,0.2759,0.0,0.0,2.9909,0.0,0.0,0.0,0.0,0.0,2215,77471497584
002880,디와이에이,-1.5,-0.22,0.0,2.55,-0.17,422.71,596.36,70.25,70.25,14.36,12.88,-10.38,0.0,0.0,1655785868294.0,1.2534,0.0,0.0,0.0366,0.0,28.19,0.0,0.0,0.0,1295,60536520584
002900,TYM,15.85,5.58,0.0,4.19,4.69,352.64,183.88,107.65,107.65,35.23,17.97,21.24,0.0,0.0,841455916467.0,1.1895,0.0,0.0,0.0868,0.0,15.07,0.0,0.0,0.0,1765,73065808823
002920,유성기업,3.39,2.52,0.0,2.7,3.74,74.59,34.37,340.37,340.37,74.42,14.43,592.73,0.0,0.0,276391974385.0,0.6742,0.0,0.0,0.2998,0.0,25.17,0.0,0.0,0.0,3195,82853389830
002960,한국쉘석유,26.51,17.53,0.0,15.76,12.03,380.46,51.26,262.37,262.37,66.11,20.49,22.78,0.0,0.0,241388074436.0,1.4567,0.0,0.0,1.3867,0.0,10.27,0.0,0.0,0.0,257500,334724172517
002990,금호건설,22.69,8.53,0.0,5.4,7.17,1115.92,165.92,113.71,113.71,37.61,12.87,37.4,0.0,0.0,2065076215393.0,1.1896,0.0,0.0,0.2093,0.0,13.58,0.0,0.0,0.0,11600,432216281895
003000,부광약품,-1.0,-0.7,0.0,3.08,-1.53,56.22,41.9,594.94,594.94,70.47,7.56,39.56,0.0,0.0,182491221467.0,0.4592,0.0,0.0,6.9742,0.0,247.26,0.0,0.0,0.0,12900,1272738351254
003010,혜인,4.81,2.52,0.0,4.39,2.38,90.64,90.95,143.59,143.59,52.37,-5.14,2.77,0.0,0.0,206355705097.0,1.0597,0.0,0.0,0.3517,0.0,18.24,0.0,0.0,0.0,5710,72584745762
003030,세아제강지주,14.28,7.82,0.0,10.52,7.98,2989.52,82.71,184.33,184.33,54.73,23.21,345.5,0.0,0.0,2841722127579.0,0.9802,0.0,0.0,0.1501,0.0,5.82,0.0,0.0,0.0,103000,426539980256
003060,에이프로젠바이오로직스,1.53,1.49,0.0,-6.73,16.2,-37.99,2.92,3740.94,3740.94,97.16,5.93,-45.79,0.0,0.0,56481701589.0,0.0919,0.0,0.0,0.2564,0.0,0.0,0.0,0.0,0.0,905,14480000000
003070,코오롱글로벌,22.33,5.32,0.0,5.09,2.88,2415.16,319.93,81.96,81.96,23.81,20.91,36.95,0.0,0.0,4749508021023.0,1.8439,0.0,0.0,0.121,0.0,10.5,0.0,0.0,0.0,22600,574665987780
003080,SB성보,0.94,0.74,0.0,1.8,2.22,10.38,26.84,334.34,334.34,78.84,11.49,127.97,0.0,0.0,57675736223.0,0.335,0.0,0.0,1.3801,0.0,111.73,0.0,0.0,0.0,3980,79600000000
003090,대웅,8.64,5.17,0.0,0.0,0.0,1826.27,67.13,164.99,164.99,59.83,0.0,86.25,0.0,0.0,0.0,0.0,0.0,0.0,0.0,0.0,14.14,0.0,0.0,0.0,31050,1805340631929
003100,선광,7.33,3.49,0.0,19.76,14.77,321.64,110.23,124.56,124.56,47.57,7.26,12.53,0.0,0.0,162739217097.0,0.2361,0.0,0.0,2.3561,0.0,23.16,0.0,0.0,0.0,58100,383432134292
003160,디아이,9.96,6.1,0.0,7.27,6.68,164.76,63.2,191.66,191.66,61.28,39.63,198.38,0.0,0.0,226567361019.0,0.913,0.0,0.0,1.1692,0.0,21.91,0.0,0.0,0.0,9360,264903471074
003200,일신방직,8.08,6.15,0.0,10.14,10.68,609.7,31.44,270.51,270.51,76.08,29.29,350.02,0.0,0.0,601028587672.0,0.5757,0.0,0.0,4.0876,0.0,44.39,0.0,0.0,0.0,107000,2456782768102
003220,대원제약,3.03,1.54,0.0,5.48,1.87,194.26,96.69,176.71,176.71,50.84,14.81,-19.39,0.0,0.0,354176435161.0,0.8245,0.0,0.0,1.054,0.0,30.09,0.0,0.0,0.0,16650,373312736443
003230,삼양식품,14.32,7.52,0.0,10.18,8.82,653.63,90.32,152.9,152.9,52.54,-1.0,-31.44,0.0,0.0,642030314159.0,0.8525,0.0,0.0,1.1123,0.0,16.39,0.0,0.0,0.0,94800,714126975832
003240,태광산업,8.01,6.47,0.0,13.71,12.28,3552.73,23.95,366.07,366.07,80.67,48.91,563.55,0.0,0.0,2591846249993.0,0.5264,0.0,0.0,0.4481,0.0,5.95,0.0,0.0,0.0,1043000,1161288733905
003280,흥아해운,15.97,6.65,0.0,-2.29,20.11,-18.75,140.24,207.21,207.21,41.63,-8.11,67.66,0.0,0.0,81724313869.0,0.3305,0.0,0.0,7.9427,0.0,0.0,0.0,0.0,0.0,2700,649111764705
003300,한일홀딩스,4.74,2.81,0.0,7.4,5.18,1307.89,69.1,153.33,153.33,59.14,15.24,-16.73,0.0,0.0,1767046301007.0,0.5414,0.0,0.0,0.2355,0.0,13.38,0.0,0.0,0.0,13500,416202431289
003310,대주산업,5.91,3.88,0.0,3.14,4.51,26.49,52.19,120.87,120.87,65.71,-0.93,-40.72,0.0,0.0,84374637752.0,0.8602,0.0,0.0,0.799,0.0,38.14,0.0,0.0,0.0,1905,67412852112
003350,한국화장품제조,-2.8,-1.57,0.0,-1.14,-1.77,-7.71,78.06,194.11,194.11,56.16,9.39,64.59,0.0,0.0,67809682461.0,0.8859,0.0,0.0,8.6211,0.0,0.0,0.0,0.0,0.0,25800,584593186372
003380,하림지주,13.83,5.08,0.0,6.89,5.44,7445.89,172.22,80.84,80.84,36.74,39.95,110.32,0.0,0.0,10808699503695.0,0.9335,0.0,0.0,0.0979,0.0,11.26,0.0,0.0,0.0,9450,1058469935245
003410,쌍용씨앤이,11.23,5.22,0.0,14.97,11.19,2487.32,115.33,94.6,94.6,46.44,12.96,-0.57,0.0,0.0,1661398330069.0,0.4661,0.0,0.0,0.0,0.0,0.0,0.0,0.0,0.0,0,0
003480,한진중공업홀딩스,-2.15,-0.41,0.0,5.02,-0.85,445.89,427.19,67.99,67.99,18.97,11.67,-11.51,0.0,0.0,888034000000.0,0.4832,0.0,0.0,0.1385,0.0,36.16,0.0,0.0,0.0,4165,123000425531
003490,대한항공,8.43,2.17,0.0,15.73,6.42,14179.69,288.48,78.64,78.64,25.74,18.48,1221.2,0.0,0.0,9016824640301.0,0.3381,0.0,0.0,1.1986,0.0,21.59,0.0,0.0,0.0,29350,10807275800711
003520,영진약품,-11.04,-5.97,0.0,-7.08,-5.91,-138.78,85.05,185.58,185.58,54.04,-5.95,-3738.06,0.0,0.0,196067241848.0,1.0102,0.0,0.0,4.9341,0.0,0.0,0.0,0.0,0.0,5290,967421006178
003550,LG,12.23,10.46,0.0,35.87,39.13,24601.04,17.0,196.79,196.79,85.47,31.93,55.11,0.0,0.0,6859010000000.0,0.2672,0.0,0.0,1.7833,0.0,6.49,0.0,0.0,0.0,80900,12231415996649
003560,아이에이치큐,-8.55,-4.23,0.0,0.0,0.0,-116.4,101.87,37.9,37.9,49.54,0.0,28.27,0.0,0.0,0.0,0.0,0.0,0.0,0.0,0.0,0.0,0.0,0.0,0.0,0,0
003570,SNT다이내믹스,9.04,6.71,0.0,6.13,17.56,205.87,34.72,360.66,360.66,74.23,11.33,51.1,0.0,0.0,335954012592.0,0.3819,0.0,0.0,0.8869,0.0,25.48,0.0,0.0,0.0,8960,297942935153
003580,HLB글로벌,-11.54,-7.98,0.0,-29.62,-29.04,-133.42,44.55,131.71,131.71,69.18,27.33,5.93,0.0,0.0,45046153029.0,0.2749,0.0,0.0,24.5233,0.0,0.0,0.0,0.0,0.0,21800,1104682488774
003610,방림,3.73,2.9,0.0,4.85,5.68,63.54,28.67,360.96,360.96,77.72,12.38,573.4,0.0,0.0,130973160130.0,0.5095,0.0,0.0,0.6461,0.0,22.33,0.0,0.0,0.0,2635,84617577413
003620,KG모빌리티,0.0,0.0,0.0,-10.75,-10.62,-2612.61,0.0,32.64,32.64,0.0,-17.65,41.86,0.0,0.0,2429327700801.0,0.0,0.0,0.0,0.2307,0.0,0.0,0.0,0.0,0.0,2770,560565925925
003650,미창석유공업,10.97,9.53,0.0,8.73,8.16,354.5,15.11,664.99,664.99,86.88,46.37,89.38,0.0,0.0,406292672739.0,1.1689,0.0,0.0,0.3383,0.0,5.16,0.0,0.0,0.0,79000,137431272727
003670,포스코퓨처엠,5.49,3.41,0.0,6.12,6.72,1216.76,60.86,328.41,328.41,62.17,27.03,101.89,0.0,0.0,1989542181862.0,0.5072,0.0,0.0,6.4378,0.0,117.46,0.0,0.0,0.0,144000,12808243391521
003680,한성기업,-16.85,-3.76,0.0,-2.3,-2.98,-57.91,348.72,92.32,92.32,22.29,-5.49,-190.99,0.0,0.0,251529273399.0,1.2581,0.0,0.0,0.1587,0.0,0.0,0.0,0.0,0.0,6430,39905773195
003720,삼영,0.0,0.0,0.0,1.94,0.0,25.92,132.8,90.16,90.16,42.95,13.27,96.79,0.0,0.0,133269776206.0,1.1325,0.0,0.0,0.7654,0.0,65.26,0.0,0.0,0.0,3000,102009345794
003780,진양산업,13.06,7.96,0.0,8.97,8.12,68.46,64.04,150.82,150.82,60.96,18.71,-13.23,0.0,0.0,76350428633.0,0.9805,0.0,0.0,1.4242,0.0,20.32,0.0,0.0,0.0,8370,108734788189
003800,에이스침대,11.35,9.94,0.0,22.16,18.44,767.51,14.21,187.01,187.01,87.56,19.65,55.61,0.0,0.0,346374761460.0,0.5391,0.0,0.0,1.3783,0.0,7.26,0.0,0.0,0.0,43050,477392586989
003830,대한화섬,3.29,2.69,0.0,2.69,20.77,31.57,22.34,294.72,294.72,81.74,35.05,5.28,0.0,0.0,117346874657.0,0.1293,0.0,0.0,1.4029,0.0,104.66,0.0,0.0,0.0,124000,164629787234
003850,보령,9.09,5.2,0.0,6.61,6.87,414.48,74.7,280.41,280.41,57.24,11.64,3.66,0.0,0.0,627279390053.0,0.757,0.0,0.0,1.9967,0.0,38.77,0.0,0.0,0.0,14600,1252509371554
003920,남양유업,-7.24,-6.28,0.0,-8.14,-6.16,-778.54,15.31,495.52,495.52,86.72,0.75,-1.46,0.0,0.0,956084029872.0,1.0199,0.0,0.0,2.4151,0.0,0.0,0.0,0.0,0.0,407000,2309083333333
003960,사조대림,12.82,5.84,0.0,5.64,3.67,1022.55,119.61,100.34,100.34,45.54,5.56,106.91,0.0,0.0,1813694742925.0,1.5913,0.0,0.0,0.1276,0.0,8.33,0.0,0.0,0.0,25250,231404032258
004000,롯데정밀화학,26.63,21.5,0.0,13.73,32.89,2445.14,23.87,280.52,280.52,80.73,40.89,75.61,0.0,0.0,1780293056795.0,0.6537,0.0,0.0,1.0869,0.0,10.06,0.0,0.0,0.0,75000,1934937238493
004020,현대제철,8.24,4.06,0.0,10.71,6.59,24475.03,102.86,171.1,171.1,49.3,26.78,3251.25,0.0,0.0,22849920977857.0,0.6169,0.0,0.0,0.2394,0.0,9.91,0.0,0.0,0.0,41000,5471342105263
004060,SG세계물산,19.22,15.23,0.0,-3.5,34.59,-47.44,26.26,206.22,206.22,79.2,-19.1,77.15,0.0,0.0,135746679450.0,0.4401,0.0,0.0,0.1019,0.0,0.0,0.0,0.0,0.0,684,13831327433
004080,신흥,13.26,9.7,0.0,10.28,10.6,130.43,36.68,149.39,149.39,73.17,8.74,313.09,0.0,0.0,126853440377.0,0.9152,0.0,0.0,1.1836,0.0,14.36,0.0,0.0,0.0,16150,150144531250
004090,한국석유공업,7.31,3.29,0.0,2.47,1.79,155.55,122.26,139.16,139.16,44.99,29.94,-10.83,0.0,0.0,628912392131.0,1.8382,0.0,0.0,0.2281,0.0,21.32,0.0,0.0,0.0,11300,143442462087
004100,태양금속공업,-13.28,-2.74,0.0,-0.16,-2.65,-7.51,384.64,72.7,72.7,20.63,14.49,77.74,0.0,0.0,463045898125.0,1.0343,0.0,0.0,0.1058,0.0,0.0,0.0,0.0,0.0,1335,48975722543
004140,동방,-0.27,-0.07,0.0,4.66,-0.06,277.75,304.13,81.75,81.75,24.74,0.66,12.95,0.0,0.0,595947334152.0,1.1218,0.0,0.0,0.3241,0.0,21.35,0.0,0.0,0.0,4025,193165038002
004150,한솔홀딩스,4.3,3.61,0.0,4.44,5.71,183.78,19.01,187.03,187.03,84.02,15.07,47.54,0.0,0.0,413644137000.0,0.6328,0.0,0.0,0.3521,0.0,13.61,0.0,0.0,0.0,3550,145654411764
004170,신세계,6.75,2.85,0.0,8.19,6.16,5174.01,136.78,53.5,53.5,42.23,32.44,484.74,0.0,0.0,6316435934254.0,0.4629,0.0,0.0,0.3798,0.0,19.87,0.0,0.0,0.0,254000,2399072946859
004250,엔피씨,8.1,5.24,0.0,5.81,5.38,282.72,54.69,117.18,117.18,64.64,12.88,36.63,0.0,0.0,486902150978.0,0.9738,0.0,0.0,0.7916,0.0,19.88,0.0,0.0,0.0,10500,385407653910
004270,남성,5.99,2.46,0.0,6.79,6.94,69.45,143.53,105.64,105.64,41.06,10.58,596.85,0.0,0.0,102320290934.0,0.3543,0.0,0.0,0.1397,0.0,26.56,0.0,0.0,0.0,3135,14293313069
004310,현대약품,-3.66,-1.94,0.0,-1.12,-2.27,-15.72,89.21,185.16,185.16,52.85,5.14,-151.49,0.0,0.0,139802753089.0,0.8532,0.0,0.0,1.3622,0.0,0.0,0.0,0.0,0.0,5950,190437304075
004360,세방,5.84,4.21,0.0,2.76,4.96,291.58,38.8,154.81,154.81,72.04,25.58,77.92,0.0,0.0,1057709412045.0,0.8494,0.0,0.0,0.2159,0.0,19.77,0.0,0.0,0.0,11950,228393491124
004370,농심,4.53,3.44,0.0,3.99,3.74,1061.4,31.77,202.61,202.61,75.89,0.88,-33.79,0.0,0.0,2662982988213.0,0.9183,0.0,0.0,0.7275,0.0,24.84,0.0,0.0,0.0,318500,1937356144306
004380,삼익THK,5.98,3.12,0.0,4.77,3.8,148.1,91.6,131.55,131.55,52.19,17.67,158.16,0.0,0.0,310484619649.0,0.821,0.0,0.0,0.8735,0.0,30.52,0.0,0.0,0.0,13100,271198547215
004410,서울식품공업,-22.21,-7.99,0.0,-6.57,-10.45,-36.3,177.81,62.84,62.84,36.0,-10.18,-588.22,0.0,0.0,55297650655.0,0.7651,0.0,0.0,0.2354,0.0,0.0,0.0,0.0,0.0,330,13015936254
004430,송원산업,13.11,6.38,0.0,10.59,7.13,1057.14,105.36,141.53,141.53,48.69,23.57,55.44,0.0,0.0,998190000000.0,0.8947,0.0,0.0,0.5157,0.0,10.28,0.0,0.0,0.0,21450,514725130890
004440,삼일씨엔에스,-1.11,-0.87,0.0,5.99,-1.35,135.79,27.02,232.64,232.64,78.73,21.78,5369.58,0.0,0.0,226606277092.0,0.644,0.0,0.0,0.5199,0.0,14.19,0.0,0.0,0.0,9250,117821229050
004450,삼화왕관,0.99,0.58,0.0,5.4,0.95,80.92,69.39,157.74,157.74,59.04,6.9,-14.95,0.0,0.0,149945172280.0,0.6163,0.0,0.0,0.625,0.0,23.9,0.0,0.0,0.0,43500,93717514124
004490,세방전지,7.03,5.06,0.0,7.37,6.3,997.05,38.98,245.06,245.06,71.95,7.92,15.47,0.0,0.0,1352007672441.0,0.8027,0.0,0.0,0.7781,0.0,15.29,0.0,0.0,0.0,75900,1052027419354
004540,깨끗한나라,3.64,1.4,0.0,2.25,1.44,130.45,160.88,80.7,80.7,38.33,-2.17,-74.94,0.0,0.0,578743925043.0,0.9667,0.0,0.0,0.2638,0.0,40.01,0.0,0.0,0.0,4095,152659949622
004560,현대비앤지스틸,14.02,9.08,0.0,10.48,8.16,896.55,54.45,278.68,278.68,64.75,25.79,168.42,0.0,0.0,855704014920.0,1.1131,0.0,0.0,0.2899,0.0,5.79,0.0,0.0,0.0,16450,248086826347
004590,한국가구,16.49,12.68,0.0,16.06,23.52,149.36,29.99,276.0,276.0,76.93,20.73,42.38,0.0,0.0,93025796812.0,0.5393,0.0,0.0,1.0404,0.0,9.14,0.0,0.0,0.0,6450,96782741116
004650,창해에탄올,7.31,5.3,0.0,14.54,10.38,141.01,37.93,106.42,106.42,72.5,-15.41,-27.45,0.0,0.0,96990829298.0,0.5104,0.0,0.0,1.2514,0.0,12.31,0.0,0.0,0.0,13200,121372881355
004690,삼천리,4.87,1.68,0.0,1.86,1.89,699.98,190.75,169.86,169.86,34.39,17.31,-25.98,0.0,0.0,3763315856391.0,0.8865,0.0,0.0,0.0875,0.0,44.49,0.0,0.0,0.0,90800,329303148425
004700,조광피혁,2.97,2.54,0.0,10.5,10.75,109.48,16.96,677.26,677.26,85.5,7.12,-27.58,0.0,0.0,104248548584.0,0.2364,0.0,0.0,3.4824,0.0,39.0,0.0,0.0,0.0,54600,363031914893
004710,한솔테크닉스,-3.36,-1.19,0.0,-0.29,-0.63,-42.56,183.41,140.43,140.43,35.28,24.75,-113.11,0.0,0.0,1490620987769.0,1.89,0.0,0.0,0.2783,0.0,0.0,0.0,0.0,0.0,7810,414856222547
004720,팜젠사이언스,25.54,14.71,0.0,-4.59,29.5,-50.38,73.58,108.8,108.8,57.61,13.72,-652.04,0.0,0.0,109866066814.0,0.4987,0.0,0.0,2.1647,0.0,0.0,0.0,0.0,0.0,10500,237827426810
004770,써니전자,6.61,5.83,0.0,10.87,27.45,17.83,13.22,728.6,728.6,88.32,-0.09,48.51,0.0,0.0,16408490531.0,0.2126,0.0,0.0,10.0898,0.0,97.91,0.0,0.0,0.0,4660,165557805907
004780,대륙제관,6.24,4.34,0.0,3.23,3.22,76.16,43.59,282.98,282.98,69.64,11.18,-51.63,0.0,0.0,235940553891.0,1.3469,0.0,0.0,0.3464,0.0,17.71,0.0,0.0,0.0,5140,81719179734
004800,효성,18.07,10.28,0.0,18.1,15.28,6405.63,75.71,122.12,122.12,56.91,36.31,367.08,0.0,0.0,3538942985039.0,0.6731,0.0,0.0,0.448,0.0,6.01,0.0,0.0,0.0,94700,1585316606714
004830,덕성,6.97,4.73,0.0,3.45,5.14,39.79,47.42,203.77,203.77,67.84,-2.13,-28.49,0.0,0.0,115176863547.0,0.9193,0.0,0.0,2.0574,0.0,69.68,0.0,0.0,0.0,15100,236967551622
004840,DRB동일,-0.59,-0.34,0.0,0.1,-0.51,5.78,74.94,123.44,123.44,57.16,11.01,-97.26,0.0,0.0,551337199988.0,0.6627,0.0,0.0,0.1839,0.0,792.63,0.0,0.0,0.0,5260,101394632438
004870,티웨이홀딩스,-183.18,-20.3,0.0,-65.5,-72.08,-1485.29,802.48,47.51,47.51,11.08,-18.12,16.44,0.0,0.0,226746469915.0,0.2816,0.0,0.0,0.098,0.0,0.0,0.0,0.0,0.0,981,22224424778
004890,동일산업,10.89,9.24,0.0,9.05,9.43,420.49,17.84,507.25,507.25,84.86,39.35,2020.28,0.0,0.0,464419157825.0,0.9803,0.0,0.0,0.7777,0.0,10.3,0.0,0.0,0.0,149000,361199438202
004910,조광페인트,-13.98,-7.03,0.0,-3.69,-10.23,-87.96,98.85,119.03,119.03,50.29,18.5,-84.0,0.0,0.0,238547800177.0,0.6874,0.0,0.0,0.4704,0.0,0.0,0.0,0.0,0.0,8770,112216968011
004920,씨아이테크,-13.04,-7.84,0.0,1.85,-13.2,8.72,66.32,119.78,119.78,60.13,13.99,130.67,0.0,0.0,47230072502.0,0.5938,0.0,0.0,1.6857,0.0,127.71,0.0,0.0,0.0,1525,79615177610
004960,한신공영,6.59,2.11,0.0,3.41,3.41,446.48,212.79,154.34,154.34,31.97,-15.78,-62.78,0.0,0.0,1311144762227.0,0.6185,0.0,0.0,0.1385,0.0,36.37,0.0,0.0,0.0,15700,181604477611
004970,신라교역,8.06,6.54,0.0,4.88,12.85,168.95,23.15,276.08,276.08,81.2,-6.93,446.31,0.0,0.0,346502046058.0,0.5092,0.0,0.0,0.6188,0.0,20.26,0.0,0.0,0.0,13400,214400000000
004980,성신양회,1.57,0.58,0.0,3.6,0.78,300.23,170.91,65.93,65.93,36.91,15.4,41.65,0.0,0.0,833543563842.0,0.7432,0.0,0.0,0.4868,0.0,37.08,0.0,0.0,0.0,16550,405741935483
004990,롯데지주,1.56,0.76,0.0,2.18,1.52,2164.01,106.89,104.5,104.5,48.34,9.22,38.5,0.0,0.0,9924864014193.0,0.4982,0.0,0.0,0.3003,0.0,61.33,0.0,0.0,0.0,29900,2979991631799
005010,휴스틸,6.06,3.99,0.0,10.25,6.16,632.14,51.97,234.65,234.65,65.8,68.62,258.01,0.0,0.0,616505522303.0,0.6476,0.0,0.0,1.326,0.0,18.08,0.0,0.0,0.0,14550,817516000000
005030,부산주공,-50.69,-4.9,0.0,-5.0,-6.29,-93.47,934.45,43.94,43.94,9.67,22.33,-107.34,0.0,0.0,186826815708.0,0.7795,0.0,0.0,0.2936,0.0,0.0,0.0,0.0,0.0,591,54843827160
005070,코스모신소재,8.76,5.16,0.0,7.12,5.88,217.93,69.62,144.76,144.76,58.96,49.76,75.21,0.0,0.0,305893094697.0,0.8778,0.0,0.0,5.0109,0.0,76.9,0.0,0.0,0.0,46150,1532803498190
005090,SGC에너지,13.32,3.8,0.0,8.02,5.19,1522.38,250.49,74.37,74.37,28.53,1681.71,2069.49,0.0,0.0,1898386809603.0,0.7325,0.0,0.0,0.359,0.0,16.64,0.0,0.0,0.0,47300,681546126126
005110,한창,-76.33,-21.03,0.0,-18.77,-112.33,-47.2,262.9,105.02,105.02,27.56,-0.45,-305.12,0.0,0.0,25142751194.0,0.1872,0.0,0.0,0.8489,0.0,0.0,0.0,0.0,0.0,1010,21343700159
005160,동국산업,6.7,4.61,0.0,4.79,5.12,349.3,45.17,219.68,219.68,68.88,26.09,89.18,0.0,0.0,729135545402.0,0.9011,0.0,0.0,0.2638,0.0,12.72,0.0,0.0,0.0,3545,192364341085
005180,빙그레,-3.46,-2.54,0.0,2.29,-1.68,262.44,36.28,196.18,196.18,73.38,19.63,-34.14,0.0,0.0,1147435118625.0,1.5093,0.0,0.0,0.4298,0.0,26.5,0.0,0.0,0.0,53200,493127593818
005250,녹십자홀딩스,0.0,0.0,0.0,4.69,0.0,862.44,83.01,153.89,153.89,54.64,7.05,21.93,0.0,0.0,1840558602978.0,0.5264,0.0,0.0,0.6937,0.0,33.2,0.0,0.0,0.0,27150,1276834995014
005300,롯데칠성음료,9.49,3.81,0.0,7.27,5.47,1822.18,148.91,102.42,102.42,40.18,10.99,87.41,0.0,0.0,2506093270200.0,0.6968,0.0,0.0,0.4943,0.0,18.61,0.0,0.0,0.0,133500,1238687374749
005320,온타이드,-7.77,-4.72,0.0,-1.58,-3.5,-35.87,64.58,196.05,196.05,60.76,-10.44,-113.49,0.0,0.0,226961774057.0,1.3472,0.0,0.0,0.4127,0.0,0.0,0.0,0.0,0.0,2735,93673750000
005360,모나미,15.05,7.77,0.0,3.83,11.9,50.64,93.7,174.0,174.0,51.63,3.5,12524.7,0.0,0.0,132235899435.0,0.653,0.0,0.0,0.6603,0.0,36.59,0.0,0.0,0.0,4625,87320531227
005380,현대자동차,0.0,0.0,0.0,5.68,0.0,66789.49,183.17,137.87,137.87,35.31,13.09,178.91,0.0,0.0,117610626000000.0,0.5027,0.0,0.0,0.3639,0.0,29.07,0.0,0.0,0.0,209000,42794394547707
005390,신성통상,10.87,3.21,0.0,6.19,2.4,743.23,239.05,121.58,121.58,29.49,16.81,79.34,0.0,0.0,1199903016081.0,1.3355,0.0,0.0,0.0,0.0,0.0,0.0,0.0,0.0,0,0
005420,코스모화학,7.76,3.45,0.0,5.95,4.58,304.84,125.01,78.05,78.05,44.44,44.19,509.59,0.0,0.0,512614348130.0,0.7524,0.0,0.0,1.2064,0.0,32.7,0.0,0.0,0.0,16100,618426985482
005430,한국공항,1.12,0.85,0.0,-0.26,0.94,-9.03,32.34,447.04,447.04,75.56,13.96,98.22,0.0,0.0,345532183624.0,0.9001,0.0,0.0,0.4018,0.0,0.0,0.0,0.0,0.0,43850,138831164807
005440,현대지에프홀딩스,1.87,1.33,0.0,1.68,1.19,586.16,40.69,168.31,168.31,71.08,7.65,-25.4,0.0,0.0,3486080421000.0,1.1209,0.0,0.0,0.4509,0.0,42.16,0.0,0.0,0.0,8570,1571715108514
005450,신한,-134.62,-14.81,0.0,-442.63,-652.68,-98.19,808.87,33.52,33.52,11.0,-5.1,-394.09,0.0,0.0,2218277794.0,0.0227,0.0,0.0,0.0,0.0,0.0,0.0,0.0,0.0,0,0
005490,POSCO홀딩스,13.13,7.87,0.0,12.1,9.43,92380.89,66.9,221.13,221.13,59.91,32.08,284.43,0.0,0.0,76332345050013.0,0.8345,0.0,0.0,0.285,0.0,6.32,0.0,0.0,0.0,274500,21751834121122
005500,삼진제약,12.13,8.54,0.0,13.56,11.36,339.11,41.99,282.49,282.49,70.43,6.34,5.18,0.0,0.0,250070355495.0,0.7521,0.0,0.0,1.4008,0.0,13.23,0.0,0.0,0.0,26300,350293617021
005610,삼립,12.08,3.31,0.0,2.25,1.37,661.77,265.04,77.12,77.12,27.39,15.89,29.45,0.0,0.0,2946653786654.0,2.4094,0.0,0.0,0.2073,0.0,22.65,0.0,0.0,0.0,70800,610971428571
005670,푸드웰,7.92,5.0,0.0,4.11,5.17,60.92,58.34,146.52,146.52,63.16,7.98,-1.49,0.0,0.0,148290775880.0,0.9683,0.0,0.0,0.4747,0.0,20.82,0.0,0.0,0.0,7040,70400000000
005680,삼영전자공업,3.33,3.13,0.0,6.58,7.13,157.12,6.23,1270.67,1270.67,94.14,19.1,69.86,0.0,0.0,238877794978.0,0.4394,0.0,0.0,0.9545,0.0,16.54,0.0,0.0,0.0,11400,228000000000
005690,파미셀,14.56,9.93,0.0,14.95,18.69,76.11,46.61,266.7,266.7,68.21,34.81,5.22,0.0,0.0,50893545757.0,0.5312,0.0,0.0,15.3851,0.0,106.89,0.0,0.0,0.0,13050,783000000000
005710,대원산업,8.81,5.94,0.0,3.95,4.29,301.2,48.24,257.26,257.26,67.46,18.67,7.36,0.0,0.0,762636418826.0,1.3837,0.0,0.0,0.181,0.0,10.54,0.0,0.0,0.0,6890,138058536585
005720,넥센,1.39,0.64,0.0,1.4,1.22,335.79,116.0,142.73,142.73,46.3,22.12,-46.13,0.0,0.0,2403881270993.0,0.5257,0.0,0.0,0.0997,0.0,80.26,0.0,0.0,0.0,4560,239566829268
005740,크라운해태홀딩스,2.29,1.0,0.0,4.23,1.2,393.07,128.0,62.14,62.14,43.86,0.54,-27.63,0.0,0.0,928177931986.0,0.8319,0.0,0.0,0.1372,0.0,19.18,0.0,0.0,0.0,8580,127364013840
005750,대림바스,0.58,0.28,0.0,0.93,0.35,24.16,107.5,103.46,103.46,48.19,12.05,39.98,0.0,0.0,260359422259.0,0.7972,0.0,0.0,0.4688,0.0,120.54,0.0,0.0,0.0,7360,122053333333
005800,신영와코루,2.01,1.67,0.0,1.95,3.43,36.9,20.36,315.31,315.31,83.08,6.42,615.98,0.0,0.0,189412826757.0,0.4873,0.0,0.0,5.6287,0.0,306.71,0.0,0.0,0.0,118500,1066147845468
005810,풍산홀딩스,19.39,16.52,0.0,19.85,35.62,968.28,17.37,227.13,227.13,85.2,83.42,929.1,0.0,0.0,487784677999.0,0.4637,0.0,0.0,0.8365,0.0,5.82,0.0,0.0,0.0,28300,408044768211
005820,원림,2.01,1.6,0.0,4.01,3.42,31.93,25.73,342.98,342.98,79.54,16.55,-41.14,0.0,0.0,79683129520.0,0.4679,0.0,0.0,0.5573,0.0,24.82,0.0,0.0,0.0,19300,44403758911
005850,에스엘,6.34,3.75,0.0,3.68,3.21,1105.41,69.08,178.22,178.22,59.14,19.81,18.65,0.0,0.0,3001142196348.0,1.1689,0.0,0.0,0.4829,0.0,22.6,0.0,0.0,0.0,31200,1449216541353
005860,한일사료,10.61,4.2,0.0,3.83,2.07,136.19,152.25,111.58,111.58,39.64,7.29,297.12,0.0,0.0,355783598582.0,2.032,0.0,0.0,0.2148,0.0,13.37,0.0,0.0,0.0,1940,76431325301
005870,휴니드테크놀러지스,9.77,4.87,0.0,5.84,5.72,132.94,100.73,151.09,151.09,49.82,13.13,20.48,0.0,0.0,227701907939.0,0.8517,0.0,0.0,0.5323,0.0,19.21,0.0,0.0,0.0,8590,121215485278
005880,대한해운,20.2,7.94,0.0,17.67,26.57,2039.21,154.25,128.73,128.73,39.33,30.51,39.73,0.0,0.0,1153843059443.0,0.2989,0.0,0.0,0.7384,0.0,15.66,0.0,0.0,0.0,2640,852000000000
005930,삼성전자,13.09,9.35,0.0,18.47,14.27,516338.56,39.92,247.58,247.58,71.47,18.07,43.45,0.0,0.0,279604799000000.0,0.6554,0.0,0.0,1.6372,0.0,11.22,0.0,0.0,0.0,78300,457763603538461
005950,이수화학,24.63,8.26,0.0,4.82,5.67,820.6,198.34,128.12,128.12,33.52,29.7,322.73,0.0,0.0,1703337116038.0,1.4572,0.0,0.0,0.2246,0.0,14.13,0.0,0.0,0.0,14550,382549220672
005960,동부건설,20.81,9.23,0.0,5.35,10.17,612.51,125.5,190.3,190.3,44.35,-2.33,27.15,0.0,0.0,1144872823605.0,0.9072,0.0,0.0,0.2926,0.0,16.94,0.0,0.0,0.0,14600,334975806451
005980,성지건설,-39.28,-12.86,0.0,-11.03,-11.2,-65.88,205.57,130.93,130.93,32.73,3.63,-40.41,0.0,0.0,59731617158.0,1.1483,0.0,0.0,0.0,0.0,0.0,0.0,0.0,0.0,0,0
005990,매일홀딩스,14.46,7.67,0.0,5.19,5.34,938.3,88.38,269.53,269.53,53.08,8.73,12.56,0.0,0.0,1806735439065.0,1.4376,0.0,0.0,0.0674,0.0,7.58,0.0,0.0,0.0,9150,121718634686
006040,동원산업,11.53,5.62,0.0,9.3,6.12,2607.27,105.25,152.3,152.3,48.72,-1.93,-14.93,0.0,0.0,2802218863760.0,0.9182,0.0,0.0,3.5757,0.0,44.43,0.0,0.0,0.0,227000,10019880364109
006050,국영지앤엠,-10.53,-7.33,0.0,-12.25,-8.83,-67.4,43.61,162.99,162.99,69.64,-14.53,-226.94,0.0,0.0,55030165959.0,0.8303,0.0,0.0,0.1167,0.0,0.0,0.0,0.0,0.0,1840,6419472616
006060,화승인더스트리,-0.66,-0.26,0.0,1.25,-0.31,171.36,157.93,95.97,95.97,38.77,5.14,-79.2,0.0,0.0,1365517618369.0,0.8341,0.0,0.0,0.2472,0.0,78.19,0.0,0.0,0.0,6100,337493069306
006090,사조오양,8.02,4.99,0.0,6.2,4.8,203.93,60.62,119.81,119.81,62.26,0.38,-23.69,0.0,0.0,328881778560.0,1.0409,0.0,0.0,0.2673,0.0,10.16,0.0,0.0,0.0,9330,87895737704
006110,삼아알미늄,9.96,5.35,0.0,6.11,4.8,154.47,86.22,107.01,107.01,53.7,28.4,109.3,0.0,0.0,252965524544.0,1.1132,0.0,0.0,1.6141,0.0,33.24,0.0,0.0,0.0,27000,408323076923
006120,SK디스커버리,8.87,3.96,0.0,1.12,4.12,743.66,124.22,141.68,141.68,44.6,46.35,-57.01,0.0,0.0,6614328160700.0,0.9611,0.0,0.0,0.1222,0.0,62.13,0.0,0.0,0.0,46400,807996862745
006140,피제이전자,7.11,4.82,0.0,5.7,6.86,68.32,47.51,197.27,197.27,67.79,15.04,22.45,0.0,0.0,119898403747.0,0.703,0.0,0.0,0.9778,0.0,25.2,0.0,0.0,0.0,7890,117232318992
006200,한국전자홀딩스,9.42,6.29,0.0,11.63,8.81,385.07,49.61,204.51,204.51,66.84,49.53,19767.53,0.0,0.0,331176392129.0,0.7143,0.0,0.0,0.0615,0.0,4.52,0.0,0.0,0.0,2180,20378017462
006260,LS,7.48,2.79,0.0,4.46,2.69,5836.56,168.05,144.68,144.68,37.31,25.32,39.24,0.0,0.0,13089102000000.0,1.0367,0.0,0.0,0.129,0.0,16.45,0.0,0.0,0.0,54100,1687920000000
006280,녹십자,9.13,5.56,0.0,4.79,8.91,736.62,64.17,198.17,198.17,60.91,2.24,46.58,0.0,0.0,1537825750251.0,0.6246,0.0,0.0,1.6566,0.0,47.65,0.0,0.0,0.0,218000,2547611154144
006340,대원전선,1.49,0.54,0.0,0.48,0.27,22.96,174.49,137.57,137.57,36.43,29.31,-46.25,0.0,0.0,474978486706.0,1.9744,0.0,0.0,0.2922,0.0,127.08,0.0,0.0,0.0,1770,138792951541
006360,GS건설,8.8,2.82,0.0,7.15,4.75,6464.86,211.61,121.06,121.06,32.09,-10.73,-13.85,0.0,0.0,9036575422803.0,0.5951,0.0,0.0,0.375,0.0,21.19,0.0,0.0,0.0,39600,3389018181818
006370,대구백화점,-2.3,-1.2,0.0,-22.09,-7.13,-180.71,91.55,90.87,90.87,52.21,-10.22,-2.94,0.0,0.0,81794091565.0,0.1681,0.0,0.0,1.5416,0.0,0.0,0.0,0.0,0.0,11650,126094117647
006390,한일현대시멘트,12.46,6.77,0.0,9.06,10.17,359.49,84.08,130.64,130.64,54.32,18.76,-37.07,0.0,0.0,396983547194.0,0.6652,0.0,0.0,0.0,0.0,0.0,0.0,0.0,0.0,0,0
006400,삼성SDI,8.23,4.84,0.0,7.88,9.23,10675.76,69.99,115.22,115.22,58.83,20.0,59.02,0.0,0.0,13553220248796.0,0.5246,0.0,0.0,3.8945,0.0,59.41,0.0,0.0,0.0,655000,52783464471403
006490,프리티,7.72,4.65,0.0,-3.38,7.1,-24.21,65.96,86.83,86.83,60.25,23.95,-140.91,0.0,0.0,71665525213.0,0.6554,0.0,0.0,1.3061,0.0,0.0,0.0,0.0,0.0,3160,93603563474
006570,대림통상,0.45,0.21,0.0,1.9,0.22,29.44,117.77,112.24,112.24,45.92,-0.86,142.97,0.0,0.0,155229119203.0,0.9362,0.0,0.0,0.3463,0.0,48.72,0.0,0.0,0.0,3525,53758575197
006580,대양제지공업,4.98,3.33,0.0,-5.26,5.99,-67.13,49.63,176.29,176.29,66.83,-40.4,-166.57,0.0,0.0,127557430851.0,0.5556,0.0,0.0,0.0,0.0,0.0,0.0,0.0,0.0,0,0
006620,동구바이오제약,9.32,6.03,0.0,5.25,6.01,81.39,54.59,147.6,147.6,64.69,11.45,6.94,0.0,0.0,155149210803.0,1.0023,0.0,0.0,1.508,0.0,35.46,0.0,0.0,0.0,8220,233971508379
006650,대한유화,7.39,6.05,0.0,7.13,5.96,1794.14,22.16,315.63,315.63,81.86,33.57,5.44,0.0,0.0,2514851601517.0,1.0145,0.0,0.0,0.473,0.0,9.14,0.0,0.0,0.0,183000,1189500000000
006660,삼성공조,-1.13,-0.96,0.0,1.47,-3.12,11.71,17.18,455.4,455.4,85.34,24.79,190.06,0.0,0.0,79578435154.0,0.309,0.0,0.0,1.7151,0.0,148.84,0.0,0.0,0.0,16800,136483720930
006730,서부T&D,4.89,1.9,0.0,-5.51,40.53,-53.33,156.91,69.21,69.21,38.92,14.13,76.48,0.0,0.0,96732675316.0,0.047,0.0,0.0,5.9404,0.0,0.0,0.0,0.0,0.0,8940,574633962264
006740,블루산업개발,4.8,3.03,0.0,6.71,5.26,80.98,58.74,441.31,441.31,63.0,22.88,-20.71,0.0,0.0,120612511549.0,0.5755,0.0,0.0,0.2989,0.0,14.03,0.0,0.0,0.0,7580,36054681647
006840,AK홀딩스,-16.58,-4.38,0.0,-5.23,-6.29,-1657.15,278.32,72.19,72.19,26.43,20.91,25.2,0.0,0.0,3167699652090.0,0.6964,0.0,0.0,0.0807,0.0,0.0,0.0,0.0,0.0,19300,255789333333
006880,신송홀딩스,7.84,3.01,0.0,3.68,4.0,68.68,160.47,65.68,65.68,38.39,-9.44,33.28,0.0,0.0,186444266263.0,0.7512,0.0,0.0,0.3294,0.0,31.21,0.0,0.0,0.0,5190,61414050493
006890,태경케미컬,7.74,6.79,0.0,22.44,20.19,121.35,14.02,594.09,594.09,87.71,14.89,57.56,0.0,0.0,54066186889.0,0.3363,0.0,0.0,2.6481,0.0,13.43,0.0,0.0,0.0,12350,143174664107
006910,보성파워텍,-1.01,-0.83,0.0,-2.17,-1.35,-14.89,21.78,318.6,318.6,82.12,-16.5,-164.97,0.0,0.0,68539018089.0,0.6145,0.0,0.0,2.4404,0.0,0.0,0.0,0.0,0.0,3405,167264794520
006920,모헨즈,0.31,0.18,0.0,1.34,0.13,9.76,68.15,233.56,233.56,59.47,2.92,108.94,0.0,0.0,72814044111.0,1.4439,0.0,0.0,0.8012,0.0,80.74,0.0,0.0,0.0,5340,58341492537
006980,우성,-3.39,-1.7,0.0,0.19,-1.22,9.12,100.07,129.97,129.97,49.98,23.66,-79.75,0.0,0.0,480475197521.0,1.3942,0.0,0.0,0.1802,0.0,283.81,0.0,0.0,0.0,28000,86577777777
007070,GS리테일,18.15,8.47,0.0,2.13,8.21,2084.69,114.21,57.61,57.61,46.68,10.19,-17.46,0.0,0.0,9765695333837.0,1.0328,0.0,0.0,0.2603,0.0,36.38,0.0,0.0,0.0,30400,2541716888045
007110,일신석재,-0.12,-0.07,0.0,1.11,-0.08,8.26,75.86,132.02,132.02,56.86,27.24,-49.65,0.0,0.0,74742972573.0,0.8134,0.0,0.0,2.3309,0.0,258.78,0.0,0.0,0.0,2250,174217462932
007120,미래아이앤지,-25.44,-18.14,0.0,11.52,-231.58,8.99,40.22,1118.9,1118.9,71.32,35.3,-0.19,0.0,0.0,7807921586.0,0.0783,0.0,0.0,1.6435,0.0,46.05,0.0,0.0,0.0,470,12832365145
007160,사조산업,9.78,4.97,0.0,8.34,9.37,492.37,96.88,83.47,83.47,50.79,-5.07,124.65,0.0,0.0,590393764176.0,0.53,0.0,0.0,0.401,0.0,15.94,0.0,0.0,0.0,47350,236750000000
007210,벽산,-0.51,-0.3,0.0,1.81,-0.32,85.45,74.1,131.55,131.55,57.44,7.26,-11.02,0.0,0.0,471429017552.0,0.9327,0.0,0.0,0.5429,0.0,55.13,0.0,0.0,0.0,3915,255939058171
007280,한국특강,25.91,8.02,0.0,5.79,5.32,400.11,223.06,178.05,178.05,30.95,66.51,449.48,0.0,0.0,691525199712.0,1.5075,0.0,0.0,0.1415,0.0,10.36,0.0,0.0,0.0,3415,97823225806
007310,오뚜기,8.45,4.99,0.0,6.08,4.75,1665.75,69.38,146.59,146.59,59.04,5.51,-16.06,0.0,0.0,2739036859209.0,1.0511,0.0,0.0,0.6672,0.0,17.38,0.0,0.0,0.0,456000,1827523328380
007340,DN오토모티브,11.92,5.73,0.0,9.63,9.14,896.45,107.99,193.0,193.0,48.08,15.9,28.84,0.0,0.0,930752730400.0,0.6268,0.0,0.0,4.5136,0.0,55.46,0.0,0.0,0.0,71800,4201060593220
007370,진양제약,14.6,9.68,0.0,11.08,15.18,69.64,50.8,151.07,151.07,66.31,26.88,63.44,0.0,0.0,62839163132.0,0.6379,0.0,0.0,1.5839,0.0,19.06,0.0,0.0,0.0,7040,99531034482
007390,네이처셀,-52.64,-45.99,0.0,-42.78,-144.26,-94.98,14.47,652.15,652.15,87.36,32.8,-48.15,0.0,0.0,22204011084.0,0.3188,0.0,0.0,51.6545,0.0,0.0,0.0,0.0,0.0,17800,1146936153846
007460,에이프로젠,-1.77,-1.52,0.0,-1.89,-8.85,-26.72,17.0,437.28,437.28,85.47,11.09,-167.29,0.0,0.0,141247001612.0,0.1714,0.0,0.0,0.2962,0.0,0.0,0.0,0.0,0.0,1685,41836965811
007530,와이엠,1.41,0.4,0.0,1.26,0.45,15.44,252.41,65.6,65.6,28.38,11.13,0.6,0.0,0.0,122874301472.0,0.8861,0.0,0.0,0.5637,0.0,109.18,0.0,0.0,0.0,3110,69270039421
007540,샘표,7.33,5.19,0.0,6.28,6.58,219.04,41.26,248.29,248.29,70.79,9.37,-46.72,0.0,0.0,348963423665.0,0.7882,0.0,0.0,0.3513,0.0,11.5,0.0,0.0,0.0,42650,122606605922
007570,일양약품,9.55,5.25,0.0,11.05,6.99,410.25,81.88,102.7,102.7,54.98,8.16,20.3,0.0,0.0,371347508042.0,0.7513,0.0,0.0,1.4415,0.0,18.47,0.0,0.0,0.0,28050,535290246768
007610,선도전기,-54.89,-21.5,0.0,-33.89,-45.43,-234.52,155.33,49.6,49.6,39.16,-11.92,-803.99,0.0,0.0,69200326702.0,0.4733,0.0,0.0,0.9336,0.0,0.0,0.0,0.0,0.0,3590,64602227722
007630,폴루스바이오팜,-0.95,-0.41,0.0,-3116.13,-1821.71,-10.19,132.5,13.11,13.11,43.01,-99.5,56.84,0.0,0.0,32714533.0,0.0002,0.0,0.0,0.0,0.0,0.0,0.0,0.0,0.0,0,0
007660,이수페타시스,-2.87,-0.8,0.0,9.98,-0.77,468.76,258.33,104.04,104.04,27.91,19.43,266.62,0.0,0.0,469621094131.0,1.0443,0.0,0.0,1.1427,0.0,18.36,0.0,0.0,0.0,7310,536618122807
007680,대원,8.74,5.58,0.0,7.8,10.22,230.73,56.76,313.43,313.43,63.79,47.68,252.46,0.0,0.0,295670380524.0,0.5458,0.0,0.0,0.4193,0.0,13.87,0.0,0.0,0.0,9380,123983838383
007690,국도화학,19.28,11.09,0.0,12.98,9.96,2047.07,73.8,166.95,166.95,57.54,39.24,344.85,0.0,0.0,1577111746723.0,1.1135,0.0,0.0,0.3317,0.0,5.49,0.0,0.0,0.0,56500,523175324675
007700,F&F 홀딩스,87.19,69.29,0.0,30.68,277.53,2230.5,25.84,119.1,119.1,79.47,3421.1,5196.36,0.0,0.0,727126345365.0,0.2497,0.0,0.0,1.7914,0.0,8.52,0.0,0.0,0.0,33300,1302549442896
007720,소노스퀘어,-16.56,-11.92,0.0,-13.89,-15.11,-208.82,38.89,305.66,305.66,72.0,7.6,-295.64,0.0,0.0,150390721188.0,0.7894,0.0,0.0,0.167,0.0,0.0,0.0,0.0,0.0,1245,25111669242
007770,한일화학,20.07,14.05,0.0,0.44,19.92,5.02,42.82,173.5,173.5,70.02,31.26,-65.58,0.0,0.0,113927732235.0,0.7056,0.0,0.0,0.4926,0.0,208.45,0.0,0.0,0.0,16000,56122448979
007810,코리아써키트,11.07,6.78,0.0,5.98,5.07,851.13,63.29,184.71,184.71,61.24,57.87,535.01,0.0,0.0,1424168502751.0,1.3377,0.0,0.0,0.5254,0.0,13.64,0.0,0.0,0.0,31200,748240130505
007820,엠엑스로보틱스,-0.84,-0.62,0.0,-3.26,-0.76,-24.89,34.88,320.19,320.19,74.14,-26.6,-259.65,0.0,0.0,76358148833.0,0.8224,0.0,0.0,1.8646,0.0,0.0,0.0,0.0,0.0,7110,142376865671
007860,서연,4.89,2.07,0.0,3.38,1.79,836.77,135.9,92.38,92.38,42.39,10.82,57.79,0.0,0.0,2479315038515.0,1.1597,0.0,0.0,0.1165,0.0,18.17,0.0,0.0,0.0,12300,288802763819
007980,TP,-8.5,-1.83,0.0,0.15,-1.57,13.75,364.01,125.25,125.25,21.55,13.74,169.97,0.0,0.0,892927654015.0,1.1673,0.0,0.0,0.1195,0.0,513.92,0.0,0.0,0.0,2275,106742947610
008040,사조동아원,1.07,0.51,0.0,4.64,0.55,191.1,111.94,84.44,84.44,47.18,6.33,19.16,0.0,0.0,412139560765.0,0.9183,0.0,0.0,0.3801,0.0,20.6,0.0,0.0,0.0,1110,156655963302
008060,대덕,3.99,3.17,0.0,4.9,3.99,672.0,25.57,297.87,297.87,79.64,40693.19,1748.95,0.0,0.0,1371708882418.0,0.7957,0.0,0.0,0.1838,0.0,8.98,0.0,0.0,0.0,8060,252155033971
008110,대동전자,1.96,1.57,0.0,7.65,8.08,30.44,25.01,580.06,580.06,80.0,-11.57,77.94,0.0,0.0,39806759261.0,0.1942,0.0,0.0,0.0,0.0,0.0,0.0,0.0,0.0,0,0
008250,이건산업,6.14,2.78,0.0,11.61,4.21,321.36,120.87,77.51,77.51,45.28,7.74,451.49,0.0,0.0,276830153212.0,0.6602,0.0,0.0,0.4531,0.0,11.04,0.0,0.0,0.0,11450,125421538461
008260,NI스틸,15.55,6.47,0.0,0.0,8.89,0.0,140.43,53.46,53.46,41.59,28.89,0.0,0.0,0.0,248212749463.0,0.7278,0.0,0.0,0.3888,0.0,0.0,0.0,0.0,0.0,3375,96512301013
008290,원풍물산,-42.25,-23.51,0.0,-4.19,-30.22,-12.92,79.74,114.35,114.35,55.64,6.15,80.44,0.0,0.0,30870988865.0,0.7779,0.0,0.0,0.8745,0.0,0.0,0.0,0.0,0.0,1325,26997832369
008350,남선알미늄,17.67,11.74,0.0,-3.0,18.1,-69.12,50.57,168.06,168.06,66.41,-14.2,-356.17,0.0,0.0,230343536592.0,0.6484,0.0,0.0,1.3923,0.0,0.0,0.0,0.0,0.0,2485,320713675213
008370,원풍,6.38,5.53,0.0,4.42,5.84,39.33,15.33,535.59,535.59,86.7,20.8,-23.31,0.0,0.0,88917969888.0,0.947,0.0,0.0,0.7166,0.0,19.38,0.0,0.0,0.0,5310,63720000000
008420,문배철강,17.75,12.09,0.0,10.14,12.39,207.83,46.75,144.19,144.19,68.14,34.19,642.63,0.0,0.0,204873267541.0,0.9763,0.0,0.0,0.3834,0.0,7.0,0.0,0.0,0.0,3830,78545958429
008470,부스타,2.84,2.34,0.0,-0.01,2.3,-0.14,21.31,414.63,414.63,82.43,-2.36,-100.24,0.0,0.0,98227065032.0,1.015,0.0,0.0,0.9637,0.0,0.0,0.0,0.0,0.0,5640,94659649122
008490,서흥,13.79,7.32,0.0,11.66,9.94,696.04,88.42,134.79,134.79,53.07,7.91,-6.34,0.0,0.0,596733152009.0,0.7367,0.0,0.0,0.8571,0.0,12.81,0.0,0.0,0.0,44200,511443326039
008500,일정실업,-69.11,-24.23,0.0,-27.6,-27.44,-84.24,185.25,73.26,73.26,35.06,-1.24,-0.19,0.0,0.0,30523125956.0,0.8828,0.0,0.0,0.0,0.0,0.0,0.0,0.0,0.0,0,0
008600,윌비스,-13.93,-5.06,0.0,1.59,-5.27,43.89,175.24,117.99,117.99,36.33,15.39,83.99,0.0,0.0,276483060881.0,0.9599,0.0,0.0,0.0409,0.0,44.36,0.0,0.0,0.0,1685,11319083969
008700,아남전자,17.56,5.06,0.0,4.21,3.69,0.13,247.01,0.0,0.0,28.82,40.15,124.49,0.0,0.0,314437329.0,1.3707,0.0,0.0,588.596,0.0,14006.64,0.0,0.0,0.0,2400,185076551168
008730,율촌화학,2.44,1.27,0.0,2.05,1.57,110.2,92.66,158.65,158.65,51.91,3.47,-58.76,0.0,0.0,538734197699.0,0.808,0.0,0.0,1.2545,0.0,90.42,0.0,0.0,0.0,27250,675838767042
008770,호텔신라,0.0,0.0,0.0,3.14,0.0,1188.12,360.47,107.46,107.46,21.72,18.54,164.13,0.0,0.0,3779129065561.0,1.4226,0.0,0.0,0.81,0.0,43.27,0.0,0.0,0.0,78000,3061278911564
008800,행남사,-12.95,-7.85,0.0,-5.37,-19.76,-5.36,65.08,67.27,67.27,60.58,23.5,81.71,0.0,0.0,9988122777.0,0.3971,0.0,0.0,0.0,0.0,0.0,0.0,0.0,0.0,0,0
008830,대동기어,6.88,2.21,0.0,3.7,2.35,75.11,210.77,90.77,90.77,32.18,29.74,50.0,0.0,0.0,202911642071.0,0.9435,0.0,0.0,0.5519,0.0,34.33,0.0,0.0,0.0,5840,111993788819
008870,금비,3.19,1.53,0.0,4.33,2.26,98.97,108.73,116.83,116.83,47.91,4.25,49.11,0.0,0.0,228581174447.0,0.6765,0.0,0.0,0.2844,0.0,24.35,0.0,0.0,0.0,65000,65000000000
008930,한미사이언스,6.22,4.52,0.0,6.19,4.52,588.52,37.61,100.71,100.71,72.67,10.82,81.07,0.0,0.0,950164817343.0,1.0003,0.0,0.0,3.9012,0.0,67.4,0.0,0.0,0.0,54200,3706771875000
008970,KBI동양철관,-4.48,-2.03,0.0,-1.78,-2.07,-32.31,121.04,109.47,109.47,45.24,4.72,-143.56,0.0,0.0,182021205252.0,0.9786,0.0,0.0,0.7325,0.0,0.0,0.0,0.0,0.0,1285,133337924701
009070,케이씨티시,9.31,4.01,0.0,4.26,3.07,296.04,132.37,116.82,116.82,43.03,42.15,41.23,0.0,0.0,694737899435.0,1.3051,0.0,0.0,0.2686,0.0,16.55,0.0,0.0,0.0,6220,186600000000
009140,경인전자,6.21,5.62,0.0,7.3,13.51,19.99,10.55,985.62,985.62,90.46,31.71,106.35,0.0,0.0,27390668647.0,0.4157,0.0,0.0,2.1117,0.0,32.08,0.0,0.0,0.0,36800,57840176600
009150,삼성전기,13.32,9.21,0.0,15.37,9.46,14868.73,44.68,205.77,205.77,69.12,24.79,62.9,0.0,0.0,9675036127726.0,0.9732,0.0,0.0,1.5247,0.0,11.99,0.0,0.0,0.0,197500,14752003772290
009160,SIMPAC,16.62,10.06,0.0,17.36,14.82,1064.02,65.23,163.62,163.62,60.52,67.55,1266.33,0.0,0.0,613012779571.0,0.6787,0.0,0.0,0.6837,0.0,7.29,0.0,0.0,0.0,6410,419087262357
009180,한솔로지스틱스,29.89,8.81,0.0,4.06,3.14,303.05,239.27,107.1,107.1,29.48,46.59,131.75,0.0,0.0,747044113682.0,2.8018,0.0,0.0,0.1481,0.0,9.86,0.0,0.0,0.0,3930,110632675044
009190,대양금속,15.31,9.68,0.0,7.47,7.49,151.88,58.21,268.69,268.69,63.21,44.79,1328.2,0.0,0.0,203423901636.0,1.2912,0.0,0.0,1.0548,0.0,17.94,0.0,0.0,0.0,4880,214569424964
009200,무림페이퍼,0.06,0.02,0.0,2.82,0.04,298.1,253.32,86.04,86.04,28.3,11.12,9.33,0.0,0.0,1055273254820.0,0.4619,0.0,0.0,0.0986,0.0,58.43,0.0,0.0,0.0,2500,104030144167
009240,한샘,9.2,4.59,0.0,3.1,2.56,692.64,100.48,116.8,116.8,49.88,7.92,-25.61,0.0,0.0,2231220949302.0,1.7902,0.0,0.0,0.9767,0.0,40.48,0.0,0.0,0.0,92600,2179170918367
009270,신원,4.97,2.09,0.0,2.46,1.2,216.39,138.13,178.85,178.85,41.99,26.66,7104.84,0.0,0.0,879417586200.0,1.7462,0.0,0.0,0.3811,0.0,28.99,0.0,0.0,0.0,2920,335162956366
009290,광동제약,4.84,2.89,0.0,3.36,1.91,449.36,67.63,180.59,180.59,59.65,7.59,-3.55,0.0,0.0,1338181554321.0,1.514,0.0,0.0,0.2765,0.0,16.17,0.0,0.0,0.0,7430,369988419405
009300,삼아제약,1.97,1.79,0.0,11.06,6.2,60.48,9.97,564.29,564.29,90.94,1.89,53.88,0.0,0.0,54666374874.0,0.289,0.0,0.0,2.2555,0.0,23.22,0.0,0.0,0.0,19350,123301955104
009310,참엔지니어링,-1.32,-0.16,0.0,1.74,-0.75,26.23,716.29,75.05,75.05,12.25,-10.74,-62.77,0.0,0.0,150562978171.0,0.2154,0.0,0.0,0.0372,0.0,236.01,0.0,0.0,0.0,1280,5595497185
009320,아진전자부품,-0.12,-0.04,0.0,1.09,-0.04,10.78,169.98,82.37,82.37,37.04,30.59,208.19,0.0,0.0,99183663204.0,1.0507,0.0,0.0,1.2245,0.0,167.76,0.0,0.0,0.0,2465,121452604166
009410,태영건설,9.23,1.75,0.0,6.34,2.38,1745.47,426.6,102.32,102.32,18.99,20.61,-30.44,0.0,0.0,2751710633294.0,0.7368,0.0,0.0,1.1356,0.0,35.24,0.0,0.0,0.0,10500,3124809830310
009420,한올바이오파마,5.44,4.48,0.0,9.94,8.76,100.99,21.4,537.14,537.14,82.37,14.66,70.16,0.0,0.0,101594443691.0,0.5119,0.0,0.0,10.8242,0.0,112.35,0.0,0.0,0.0,21050,1099677386934
009440,KC그린홀딩스,3.77,1.08,0.0,0.0,0.0,204.04,248.74,107.24,107.24,28.67,0.0,142.58,0.0,0.0,0.0,0.0,0.0,0.0,0.0,0.0,36.8,0.0,0.0,0.0,4475,104179894179
009450,경동나비엔,17.91,8.64,0.0,5.83,7.31,642.96,107.34,109.4,109.4,48.23,26.28,-4.18,0.0,0.0,1102947009588.0,1.181,0.0,0.0,0.7252,0.0,19.96,0.0,0.0,0.0,54900,799821086261
009460,한창제지,13.84,6.04,0.0,9.75,8.24,177.63,129.03,192.18,192.18,43.66,6.26,2.99,0.0,0.0,182209638870.0,0.733,0.0,0.0,0.1341,0.0,9.26,0.0,0.0,0.0,2050,24428571428
009470,삼화전기,17.8,9.75,0.0,8.83,6.26,218.23,82.6,174.95,174.95,54.76,23.98,273.71,0.0,0.0,247098495129.0,1.5576,0.0,0.0,0.8217,0.0,12.59,0.0,0.0,0.0,30700,203052025586
009520,포스코엠텍,12.49,8.36,0.0,5.06,4.03,163.76,49.51,271.61,271.61,66.89,26.81,41.03,0.0,0.0,323878359080.0,2.0717,0.0,0.0,1.0055,0.0,23.05,0.0,0.0,0.0,7820,325672923076
009540,HD한국조선해양,-9.19,-4.18,0.0,-8.94,-7.37,-13848.16,119.86,129.02,129.02,45.48,3.96,-1962.13,0.0,0.0,15493381773000.0,0.5677,0.0,0.0,0.4321,0.0,0.0,0.0,0.0,0.0,94600,6695128378766
009580,무림P&P,3.19,1.33,0.0,4.79,3.21,293.87,139.7,86.59,86.59,41.72,16.25,365.42,0.0,0.0,613699105829.0,0.4137,0.0,0.0,0.4404,0.0,38.62,0.0,0.0,0.0,4335,270257322175
009620,삼보산업,3.47,0.57,0.0,4.1,0.53,145.92,510.48,87.19,87.19,16.38,18.7,65.21,0.0,0.0,356025450406.0,1.0784,0.0,0.0,0.0746,0.0,20.74,0.0,0.0,0.0,1520,26556321839
009680,모토닉,2.86,2.67,0.0,7.32,6.1,143.55,6.96,1480.91,1480.91,93.49,9.82,26.34,0.0,0.0,196083915586.0,0.4377,0.0,0.0,1.1746,0.0,18.08,0.0,0.0,0.0,10600,230322265625
009730,이렘,-40.4,-6.89,0.0,2.31,-5.51,10.54,486.44,86.87,86.87,17.05,21.22,117.59,0.0,0.0,45603510039.0,1.25,0.0,0.0,0.4744,0.0,49.24,0.0,0.0,0.0,2715,21636246786
009770,삼정펄프,3.52,3.18,0.0,0.97,5.51,13.45,10.78,662.99,662.99,90.27,-5.6,-90.08,0.0,0.0,138137181380.0,0.577,0.0,0.0,0.5431,0.0,73.12,0.0,0.0,0.0,30000,75027027027
009780,엠에스씨,13.3,8.33,0.0,13.13,9.5,212.71,59.66,155.45,155.45,62.63,10.71,65.21,0.0,0.0,162048905307.0,0.8771,0.0,0.0,0.644,0.0,8.15,0.0,0.0,0.0,5930,104361527967
009810,MDS스피어,-34.83,-13.91,0.0,-3.7,-44.12,-15.11,150.39,148.38,148.38,39.94,19.79,35.56,0.0,0.0,40831807103.0,0.3153,0.0,0.0,0.9905,0.0,0.0,0.0,0.0,0.0,2570,40443684210
009830,한화솔루션,7.52,3.08,0.0,6.88,5.75,7383.48,143.96,104.94,104.94,40.99,16.64,24.26,0.0,0.0,10725192384822.0,0.5361,0.0,0.0,0.7444,0.0,26.8,0.0,0.0,0.0,35500,7983672082717
009900,명신산업,15.26,6.3,0.0,5.1,4.09,564.83,142.18,131.11,131.11,41.29,36.92,-14.69,0.0,0.0,1107708433619.0,1.5396,0.0,0.0,1.4258,0.0,35.44,0.0,0.0,0.0,30100,1579400250941
009970,영원무역홀딩스,14.16,10.33,0.0,17.61,13.79,5704.93,37.1,439.71,439.71,72.94,13.66,67.42,0.0,0.0,3240513827424.0,0.7492,0.0,0.0,0.1869,0.0,3.11,0.0,0.0,0.0,46750,605585905044
010040,한국내화,2.24,1.59,0.0,3.16,2.09,85.89,41.0,187.21,187.21,70.92,33.4,65.77,0.0,0.0,271738137334.0,0.7592,0.0,0.0,0.5329,0.0,28.98,0.0,0.0,0.0,3525,144804761904
010060,OCI홀딩스,20.87,11.43,0.0,19.3,20.1,6259.85,82.6,270.04,270.04,54.76,62.0,826.66,0.0,0.0,3243996752000.0,0.5687,0.0,0.0,0.5986,0.0,7.22,0.0,0.0,0.0,104000,1941708108108
010100,한국무브넥스,7.52,2.82,0.0,2.61,1.97,262.02,166.32,98.81,98.81,37.55,13.88,90.23,0.0,0.0,1003927830852.0,1.4355,0.0,0.0,0.0813,0.0,19.78,0.0,0.0,0.0,2680,81581267217
010120,엘에스일렉트릭,5.79,3.05,0.0,5.81,3.2,1551.32,89.81,223.32,223.32,52.68,11.05,16.02,0.0,0.0,2668264980253.0,0.9541,0.0,0.0,3.1369,0.0,62.48,0.0,0.0,0.0,55800,8370000000000
010130,고려아연,10.49,8.14,0.0,10.99,8.13,10961.46,28.83,321.32,321.32,77.62,31.59,22.15,0.0,0.0,9976776443636.0,1.0013,0.0,0.0,1.0691,0.0,11.76,0.0,0.0,0.0,511000,10666094596711
010140,삼성중공업,-35.44,-11.96,0.0,-19.81,-21.93,-13119.56,196.26,79.25,79.25,33.75,-3.47,-24.46,0.0,0.0,6622001487326.0,0.5455,0.0,0.0,0.7535,0.0,0.0,0.0,0.0,0.0,5670,4989600000000
010170,대한광통신,-47.52,-20.82,0.0,-17.54,-31.36,-274.75,128.23,193.72,193.72,43.81,15.08,-21.24,0.0,0.0,156610498147.0,0.664,0.0,0.0,2.5913,0.0,0.0,0.0,0.0,0.0,2610,405821346704
010240,흥국,13.81,10.02,0.0,9.76,8.36,138.36,37.78,329.33,329.33,72.58,19.05,-11.36,0.0,0.0,141813793806.0,1.198,0.0,0.0,0.6394,0.0,8.9,0.0,0.0,0.0,7750,90676416819
010280,아이티센엔텍,-2.51,-0.84,0.0,2.64,-0.47,64.0,198.27,117.52,117.52,33.53,102.23,160.84,0.0,0.0,242589367597.0,1.7846,0.0,0.0,0.0511,0.0,16.06,0.0,0.0,0.0,952,12406931407
010400,우진아이엔에스,-3.31,-2.8,0.0,-7.52,-3.59,-67.27,18.09,485.39,485.39,84.68,-36.29,-479.28,0.0,0.0,89474130717.0,0.7804,0.0,0.0,0.6073,0.0,0.0,0.0,0.0,0.0,7120,54336842105
010420,한솔피엔에스,7.2,3.28,0.0,1.73,1.37,45.51,119.23,137.71,137.71,45.61,7.4,16.96,0.0,0.0,262943327014.0,2.3967,0.0,0.0,0.0,0.0,0.0,0.0,0.0,0.0,0,0
010470,오리콤,6.33,2.91,0.0,4.19,3.91,65.95,117.48,116.54,116.54,45.98,18.96,538.62,0.0,0.0,157357863438.0,0.7453,0.0,0.0,0.4887,0.0,28.96,0.0,0.0,0.0,6420,76904126984
010580,에스엠벡셀,-51.32,-34.71,0.0,-11.2,-22.72,-81.82,47.84,91.22,91.22,67.64,3.35,-105.45,0.0,0.0,73077585705.0,1.5276,0.0,0.0,2.3288,0.0,0.0,0.0,0.0,0.0,1530,170185792349
010600,웰바이오텍,-89.92,-23.89,0.0,-3.99,-30.72,-43.19,276.42,123.57,123.57,26.57,79.34,65.65,0.0,0.0,108376937489.0,0.7775,0.0,0.0,0.0,0.0,0.0,0.0,0.0,0.0,0,0
010620,에이치디현대미포,-7.26,-4.13,0.0,-7.53,-5.55,-2173.25,75.94,126.97,126.97,56.84,3.41,-692.33,0.0,0.0,2887212251000.0,0.7444,0.0,0.0,0.0,0.0,0.0,0.0,0.0,0.0,0,0
010640,진양폴리우레탄,12.9,7.91,0.0,8.89,7.16,47.15,63.18,135.44,135.44,61.28,42.98,110.26,0.0,0.0,53069415717.0,1.1035,0.0,0.0,2.1392,0.0,28.02,0.0,0.0,0.0,6790,113527562642
010660,화천기계,4.28,3.45,0.0,0.72,3.06,12.6,23.93,240.12,240.12,80.69,28.58,126.43,0.0,0.0,175911069830.0,1.1282,0.0,0.0,0.3331,0.0,70.38,0.0,0.0,0.0,2665,58602572898
010690,화신,8.45,2.8,0.0,1.95,1.97,241.57,201.88,92.71,92.71,33.13,13.91,314.2,0.0,0.0,1236592388393.0,1.4201,0.0,0.0,0.235,0.0,36.13,0.0,0.0,0.0,8320,290577556109
010770,평화홀딩스,-15.51,-3.03,0.0,1.21,-2.5,75.99,412.4,76.33,76.33,19.52,20.46,348.47,0.0,0.0,627732854800.0,1.2116,0.0,0.0,0.104,0.0,63.47,0.0,0.0,0.0,4460,65274277854
010780,아이에스동서,7.6,3.15,0.0,19.32,6.88,3107.65,140.91,141.68,141.68,41.51,33.99,48.67,0.0,0.0,1608440924896.0,0.4583,0.0,0.0,0.8305,0.0,10.9,0.0,0.0,0.0,44250,1335760734287
010820,퍼스텍,8.93,2.09,0.0,3.17,2.83,43.35,327.64,85.59,85.59,23.38,3.5,7.93,0.0,0.0,136697477681.0,0.7365,0.0,0.0,0.999,0.0,64.31,0.0,0.0,0.0,2800,136566493955
010950,S-Oil,19.73,7.37,0.0,7.8,5.02,21409.42,167.5,98.5,98.5,37.38,63.19,294.78,0.0,0.0,27463918000000.0,1.4692,0.0,0.0,0.3513,0.0,9.97,0.0,0.0,0.0,85700,9648358361092
010960,삼호개발,6.31,4.69,0.0,4.12,4.39,130.85,34.5,276.42,276.42,74.35,-12.69,-3.99,0.0,0.0,317259070619.0,1.0687,0.0,0.0,0.3876,0.0,15.22,0.0,0.0,0.0,5100,122961165048
011000,진원생명과학,-7.76,-6.39,0.0,-71.1,-41.22,-275.16,21.44,386.54,386.54,82.35,-6.75,-49.07,0.0,0.0,38700355313.0,0.1551,0.0,0.0,7.6038,0.0,0.0,0.0,0.0,0.0,16200,294269662921
011040,경동제약,4.85,4.32,0.0,8.87,7.11,157.55,12.17,406.91,406.91,89.15,2.18,-16.86,0.0,0.0,177610830014.0,0.6083,0.0,0.0,1.9835,0.0,24.37,0.0,0.0,0.0,11450,352290354330
011070,LG이노텍,26.8,11.47,0.0,8.46,5.94,12642.23,133.58,124.26,124.26,42.81,56.63,85.64,0.0,0.0,14945609219058.0,1.9306,0.0,0.0,0.5764,0.0,10.32,0.0,0.0,0.0,364000,8614836760124
011080,형지I&C,-33.05,-6.93,0.0,-4.43,-6.06,-29.05,376.72,174.47,174.47,20.98,-2.4,45.5,0.0,0.0,65538381883.0,1.1441,0.0,0.0,0.172,0.0,0.0,0.0,0.0,0.0,1595,11274044032
011090,에넥스,15.09,7.54,0.0,-6.11,4.97,-123.33,100.12,124.85,124.85,49.97,-13.65,-44.85,0.0,0.0,201771691421.0,1.5182,0.0,0.0,0.1544,0.0,0.0,0.0,0.0,0.0,2625,31150000000
011150,CJ씨푸드,3.28,1.65,0.0,2.77,1.36,44.99,98.76,122.31,122.31,50.31,8.78,13.53,0.0,0.0,162142951631.0,1.2156,0.0,0.0,0.8426,0.0,45.1,0.0,0.0,0.0,3800,136614634146
011160,두산건설,1.31,0.39,0.0,5.96,0.52,833.21,234.69,68.73,68.73,29.88,-23.52,177.77,0.0,0.0,1398624466971.0,0.7524,0.0,0.0,0.0,0.0,0.0,0.0,0.0,0.0,0,0
011170,롯데케미칼,9.23,6.23,0.0,8.47,7.87,15356.41,48.01,205.95,205.95,67.56,48.25,330.26,0.0,0.0,18120462422756.0,0.7923,0.0,0.0,0.5122,0.0,10.88,0.0,0.0,0.0,217000,9282165820642
011200,HMM,51.53,29.86,0.0,53.48,38.69,73775.22,72.58,347.29,347.29,57.94,115.09,652.21,0.0,0.0,13794148000000.0,0.7717,0.0,0.0,1.8394,0.0,4.46,0.0,0.0,0.0,26900,25373158508158
011210,현대위아,1.52,0.72,0.0,1.36,0.74,1027.25,109.71,195.48,195.48,47.68,14.19,42.76,0.0,0.0,7527739000000.0,0.9714,0.0,0.0,0.2886,0.0,60.62,0.0,0.0,0.0,79900,2172880500000
011230,삼화전자공업,-23.38,-6.16,0.0,-8.99,-9.3,-39.87,279.33,44.96,44.96,26.36,10.53,-217.25,0.0,0.0,44342176391.0,0.6628,0.0,0.0,1.7454,0.0,0.0,0.0,0.0,0.0,4040,77394636015
011280,태림포장,6.1,3.49,0.0,4.23,2.94,301.8,74.87,74.91,74.91,57.18,26.84,216.42,0.0,0.0,712867124436.0,1.1864,0.0,0.0,0.4347,0.0,18.79,0.0,0.0,0.0,4375,309895833333
011300,우성머티리얼스,56.76,14.5,0.0,-7.75,26.02,-61.12,291.48,75.06,75.06,25.54,-38.38,77.59,0.0,0.0,78886125570.0,0.5573,0.0,0.0,0.1719,0.0,0.0,0.0,0.0,0.0,787,13557863636
011320,유니크,5.75,2.73,0.0,1.78,2.51,43.88,110.64,91.07,91.07,47.47,14.43,446.66,0.0,0.0,246702384112.0,1.0877,0.0,0.0,0.4909,0.0,54.76,0.0,0.0,0.0,6270,121115637319
011330,유니켐,2.76,1.05,0.0,7.71,2.86,95.06,162.47,77.82,77.82,38.1,-2.3,-37.99,0.0,0.0,123343369769.0,0.3672,0.0,0.0,0.1048,0.0,23.23,0.0,0.0,0.0,1290,12929251700
011370,서한,12.84,6.15,0.0,9.17,7.62,558.16,108.72,223.5,223.5,47.91,25.47,95.94,0.0,0.0,608817281256.0,0.8069,0.0,0.0,0.2759,0.0,10.05,0.0,0.0,0.0,1665,167988505747
011390,부산산업,-4.19,-2.43,0.0,0.31,-2.54,3.98,72.63,144.47,144.47,57.93,10.7,-92.82,0.0,0.0,128014972366.0,0.9568,0.0,0.0,0.8539,0.0,416.32,0.0,0.0,0.0,103500,109309771309
011420,갤럭시아에스엠,11.14,9.0,0.0,11.95,12.74,34.52,23.75,222.91,222.91,80.81,47.9,151.06,0.0,0.0,28899466709.0,0.7066,0.0,0.0,2.9125,0.0,26.65,0.0,0.0,0.0,3055,84170446964
011500,한농화성,13.33,9.08,0.0,7.27,7.33,195.44,46.89,212.92,212.92,68.08,29.07,42.14,0.0,0.0,268796630490.0,1.2389,0.0,0.0,0.9482,0.0,16.58,0.0,0.0,0.0,16300,254860169491
011560,세보엠이씨,7.47,3.84,0.0,1.99,2.78,85.92,94.65,177.71,177.71,51.37,-32.53,21.54,0.0,0.0,432646121559.0,1.382,0.0,0.0,0.1653,0.0,26.04,0.0,0.0,0.0,7090,71498771593
011690,와이투솔루션,-11.03,-8.15,0.0,-4.46,-9.51,-45.3,35.34,287.36,287.36,73.89,-5.47,-8.96,0.0,0.0,101522699260.0,0.8567,0.0,0.0,0.8819,0.0,0.0,0.0,0.0,0.0,2440,89537391304
011700,한신기계공업,4.75,4.04,0.0,9.49,7.52,51.61,17.53,636.76,636.76,85.08,5.28,33.17,0.0,0.0,54365248586.0,0.5375,0.0,0.0,2.1733,0.0,25.82,0.0,0.0,0.0,3640,118150819672
011760,현대코퍼레이션,10.47,2.23,0.0,0.93,1.0,350.7,370.57,127.19,127.19,21.25,31.3,5.51,0.0,0.0,3782497523034.0,2.2154,0.0,0.0,0.0588,0.0,44.68,0.0,0.0,0.0,16800,222231578947
011780,금호석유화학,38.67,24.22,0.0,28.44,23.23,24068.36,59.67,145.97,145.97,62.63,75.94,224.3,0.0,0.0,8461841500290.0,1.0427,0.0,0.0,0.4935,0.0,3.0,0.0,0.0,0.0,166000,4176169411764
011790,SKC,15.0,5.54,0.0,13.68,10.08,4647.43,170.78,105.81,105.81,36.93,37.72,130.05,0.0,0.0,3396056746194.0,0.5495,0.0,0.0,2.5485,0.0,27.01,0.0,0.0,0.0,174500,8654852159468
011810,STX,-19.03,-3.45,0.0,0.98,-2.52,90.4,451.82,81.68,81.68,18.12,-5.13,1640.03,0.0,0.0,925509000000.0,1.3688,0.0,0.0,0.1374,0.0,75.31,0.0,0.0,0.0,4100,127181303116
011930,신성이엔지,0.0,-3.33,0.0,0.53,-3.49,23.87,0.0,100.52,100.52,0.0,-5.77,-87.11,0.0,0.0,454523692263.0,0.9536,0.0,0.0,0.0958,0.0,130.8,0.0,0.0,0.0,2145,43553427065
012030,DB,4.96,3.61,0.0,7.18,6.64,234.73,37.51,167.09,167.09,72.72,19.99,-12.66,0.0,0.0,326914604920.0,0.543,0.0,0.0,0.5846,0.0,15.14,0.0,0.0,0.0,950,191128125000
012160,영흥,5.04,1.92,0.0,1.63,2.44,66.74,162.2,106.52,106.52,38.14,104.57,129.78,0.0,0.0,408602830681.0,0.7873,0.0,0.0,0.0403,0.0,50.57,0.0,0.0,0.0,1055,16475342465
012170,아센디오,-14.56,-9.66,0.0,-16.49,-30.49,-35.57,50.64,203.47,203.47,66.38,0.31,-2.68,0.0,0.0,21574441958.0,0.3169,0.0,0.0,0.2581,0.0,0.0,0.0,0.0,0.0,1370,5567680000
012200,계양전기,-3.39,-2.18,0.0,0.46,-1.58,17.97,55.57,165.16,165.16,64.28,3.32,-40.26,0.0,0.0,392290545811.0,1.3762,0.0,0.0,0.2835,0.0,118.58,0.0,0.0,0.0,4085,111232717678
012280,영화금속,-30.43,-8.75,0.0,-6.94,-7.86,-163.53,247.65,97.58,97.58,28.76,31.29,-169.75,0.0,0.0,235523771275.0,1.1133,0.0,0.0,0.0679,0.0,0.0,0.0,0.0,0.0,1615,15994711538
012320,경동인베스트,3.16,2.4,0.0,4.65,4.65,138.92,31.37,379.91,379.91,76.12,-3.89,-28.63,0.0,0.0,298461108885.0,0.5166,0.0,0.0,0.2802,0.0,15.95,0.0,0.0,0.0,35350,83628422152
012330,현대모비스,6.68,4.59,0.0,4.89,5.67,20401.12,45.61,233.72,233.72,68.68,13.86,11.46,0.0,0.0,41702184000000.0,0.81,0.0,0.0,0.5482,0.0,19.11,0.0,0.0,0.0,254500,22859319073869
012340,뉴인텍,1.28,0.44,0.0,0.48,0.51,3.34,191.99,106.71,106.71,34.25,19.92,-53.98,0.0,0.0,69071327051.0,0.8511,0.0,0.0,1.1645,0.0,400.9,0.0,0.0,0.0,3650,80434056761
012450,한화에어로스페이스,7.68,2.73,0.0,5.97,4.7,3830.47,180.95,145.11,145.11,35.59,20.55,57.02,0.0,0.0,6415087932347.0,0.5808,0.0,0.0,0.3858,0.0,25.03,0.0,0.0,0.0,48000,2475044646098
012510,더존비즈온,10.85,6.04,0.0,22.33,17.07,711.73,79.44,58.4,58.4,55.73,4.01,-7.24,0.0,0.0,318746985620.0,0.354,0.0,0.0,0.0,0.0,0.0,0.0,0.0,0.0,0,0
012600,청호ICT,-29.83,-20.34,0.0,-27.37,-36.29,-49.67,46.68,122.44,122.44,68.18,-37.81,11.77,0.0,0.0,18149624123.0,0.5605,0.0,0.0,0.0,0.0,0.0,0.0,0.0,0.0,0,0
012610,경인양행,10.8,4.7,0.0,7.03,6.75,283.55,130.08,120.94,120.94,43.46,22.48,741.42,0.0,0.0,403325658612.0,0.696,0.0,0.0,0.7161,0.0,21.74,0.0,0.0,0.0,6940,288824883359
012620,원일특강,13.6,7.51,0.0,5.16,5.72,169.27,81.22,139.86,139.86,55.18,33.79,638.73,0.0,0.0,327893606447.0,1.3112,0.0,0.0,0.1896,0.0,10.29,0.0,0.0,0.0,14150,62171184022
012630,HDC,4.79,2.16,0.0,7.71,4.82,3686.97,121.68,164.57,164.57,45.11,20.95,-32.31,0.0,0.0,4779586328802.0,0.4487,0.0,0.0,0.1306,0.0,17.55,0.0,0.0,0.0,10450,624318141592
012690,모나리자,4.34,3.48,0.0,3.23,3.07,34.34,24.89,190.63,190.63,80.07,-9.16,-63.22,0.0,0.0,106399396050.0,1.1324,0.0,0.0,1.3352,0.0,46.83,0.0,0.0,0.0,3885,142065346534
012700,리드코프,9.19,2.96,0.0,12.47,8.11,613.99,210.42,48.92,48.92,32.21,31.95,2.18,0.0,0.0,492453973807.0,0.365,0.0,0.0,0.4688,0.0,18.65,0.0,0.0,0.0,8810,230842454394
012750,에스원,8.94,6.54,0.0,7.77,5.58,1796.65,36.74,207.14,207.14,73.13,4.01,-12.13,0.0,0.0,2312489059004.0,1.1721,0.0,0.0,1.2143,0.0,18.58,0.0,0.0,0.0,73900,2808109547123
012790,신일제약,5.9,5.18,0.0,12.93,10.82,79.82,13.94,485.95,485.95,87.77,0.51,17.01,0.0,0.0,61754169306.0,0.4788,0.0,0.0,2.271,0.0,19.55,0.0,0.0,0.0,11700,140243739565
012800,대창,9.57,3.24,0.0,4.72,2.05,602.98,195.77,135.02,135.02,33.81,36.86,112.68,0.0,0.0,1277635712258.0,1.5759,0.0,0.0,0.1298,0.0,11.65,0.0,0.0,0.0,1820,165801847187
012860,모베이스전자,2.99,0.77,0.0,2.03,0.73,155.36,287.03,80.76,80.76,25.84,3.82,1237.58,0.0,0.0,764573073662.0,1.0583,0.0,0.0,0.1829,0.0,43.49,0.0,0.0,0.0,1910,139869469026
013000,세우글로벌,4.66,4.24,0.0,8.07,6.49,26.15,9.81,953.79,953.79,91.07,18.0,43.79,0.0,0.0,32394255916.0,0.6537,0.0,0.0,1.5293,0.0,20.64,0.0,0.0,0.0,1725,49542000000
013030,하이록코리아,5.61,5.14,0.0,12.89,13.3,189.15,9.11,1320.48,1320.48,91.65,6.18,16.97,0.0,0.0,146738571923.0,0.3864,0.0,0.0,1.3433,0.0,12.1,0.0,0.0,0.0,16750,197111607142
013120,동원개발,7.58,5.98,0.0,23.32,17.39,973.21,26.75,989.86,989.86,78.9,-33.81,-48.11,0.0,0.0,417401712207.0,0.344,0.0,0.0,1.1616,0.0,7.61,0.0,0.0,0.0,5340,484838095238
013310,아진산업,1.14,0.41,0.0,2.89,0.5,138.71,181.78,88.0,88.0,35.49,8.77,-5.11,0.0,0.0,479331850463.0,0.8037,0.0,0.0,0.2591,0.0,36.69,0.0,0.0,0.0,3200,124173195876
013360,일성건설,5.28,1.52,0.0,2.6,1.39,108.07,246.88,129.78,129.78,28.83,22.06,5.12,0.0,0.0,416181928384.0,1.0973,0.0,0.0,0.8135,0.0,56.31,0.0,0.0,0.0,6270,338580000000
013520,화승코퍼레이션,-19.1,-3.26,0.0,0.0,0.0,101.94,485.12,79.45,79.45,17.09,0.0,-25.8,0.0,0.0,0.0,0.0,0.0,0.0,0.0,0.0,104.04,0.0,0.0,0.0,2055,102826394052
013570,디와이,2.33,1.35,0.0,4.69,1.16,467.88,72.64,177.35,177.35,57.92,26.46,12.14,0.0,0.0,998349819087.0,1.1609,0.0,0.0,0.1724,0.0,11.41,0.0,0.0,0.0,6540,172089740698
013580,계룡건설산업,20.74,6.72,0.0,9.09,6.11,2327.42,208.49,146.32,146.32,32.42,16.45,33.15,0.0,0.0,2561801412006.0,1.1009,0.0,0.0,0.1137,0.0,8.01,0.0,0.0,0.0,32600,291206496519
013700,까뮤이앤씨,-3.05,-1.55,0.0,-1.84,-1.84,-30.11,97.4,96.7,96.7,50.66,1.21,-206.84,0.0,0.0,163686602054.0,0.8392,0.0,0.0,1.0408,0.0,0.0,0.0,0.0,0.0,2850,170372409326
013720,청보,-40.7,-15.99,0.0,-20.12,-49.56,-49.84,154.46,77.11,77.11,39.3,48.25,-103.22,0.0,0.0,24773247642.0,0.3227,0.0,0.0,1.6208,0.0,0.0,0.0,0.0,0.0,3305,40152850877
013810,스페코,3.36,1.88,0.0,5.16,3.31,28.05,78.99,210.03,210.03,55.87,-31.01,-76.64,0.0,0.0,54346966645.0,0.5666,0.0,0.0,1.5559,0.0,45.24,0.0,0.0,0.0,5780,84559259259
013870,지엠비코리아,4.22,2.01,0.0,1.58,1.98,83.78,110.08,116.57,116.57,47.6,19.19,186.76,0.0,0.0,531332180542.0,1.017,0.0,0.0,0.2129,0.0,46.18,0.0,0.0,0.0,5930,113133162612
013890,지누스,10.8,5.07,0.0,6.61,4.6,743.35,113.0,148.61,148.61,46.95,13.57,-14.28,0.0,0.0,1123843093974.0,1.1033,0.0,0.0,1.5046,0.0,30.02,0.0,0.0,0.0,77100,1690882758620
013990,아가방컴퍼니,8.74,6.69,0.0,3.91,8.65,59.06,30.65,252.98,252.98,76.54,23.28,251.02,0.0,0.0,150978014442.0,0.7738,0.0,0.0,1.1307,0.0,36.66,0.0,0.0,0.0,5190,170706514285
014100,메디앙스,4.69,3.1,0.0,6.26,6.1,44.79,51.02,136.75,136.75,66.22,-0.63,1297.01,0.0,0.0,71524701887.0,0.5085,0.0,0.0,1.0249,0.0,26.97,0.0,0.0,0.0,6200,73305882352
014130,한익스프레스,5.33,1.04,0.0,0.74,0.5,57.13,409.79,56.64,56.64,19.62,26.17,-46.4,0.0,0.0,776251564129.0,2.0712,0.0,0.0,0.0961,0.0,65.78,0.0,0.0,0.0,6320,74596721311
014160,대영포장,6.01,4.08,0.0,3.79,3.12,122.18,47.14,237.61,237.61,67.96,23.74,159.85,0.0,0.0,322594394682.0,1.311,0.0,0.0,0.8707,0.0,29.44,0.0,0.0,0.0,2590,280897959183
014190,원익큐브,11.11,7.15,0.0,5.41,4.07,139.66,55.44,226.67,226.67,64.33,32.22,310.26,0.0,0.0,258381565780.0,1.7544,0.0,0.0,0.4411,0.0,11.92,0.0,0.0,0.0,3220,113979916317
014200,광림,-18.3,-8.56,0.0,5.99,-12.21,112.78,113.73,97.33,97.33,46.79,16.88,27.51,0.0,0.0,188434983966.0,0.7009,0.0,0.0,0.0,0.0,0.0,0.0,0.0,0.0,0,0
014280,금강공업,5.7,2.54,0.0,4.54,3.86,259.16,124.65,87.68,87.68,44.51,13.67,1878.64,0.0,0.0,570535532536.0,0.6568,0.0,0.0,0.4021,0.0,27.45,0.0,0.0,0.0,7820,229398833138
014440,영보화학,2.26,1.95,0.0,5.93,3.51,59.19,15.9,309.83,309.83,86.28,-7.1,34.2,0.0,0.0,99741752888.0,0.5544,0.0,0.0,0.8873,0.0,19.12,0.0,0.0,0.0,4425,88500000000
014470,부방,-9.3,-4.21,0.0,-1.35,-4.56,-43.31,120.99,50.8,50.8,45.25,-4.54,-2359.42,0.0,0.0,319767433431.0,0.9234,0.0,0.0,0.4672,0.0,0.0,0.0,0.0,0.0,2490,149400000000
014530,극동유화,6.05,3.42,0.0,2.12,1.14,204.86,76.81,130.02,130.02,56.56,54.9,43.17,0.0,0.0,964831742550.0,2.997,0.0,0.0,0.1428,0.0,13.55,0.0,0.0,0.0,3950,137790697674
014570,고려제약,11.79,10.2,0.0,15.13,12.14,112.66,15.55,682.05,682.05,86.55,11.49,2.06,0.0,0.0,74465727431.0,0.8404,0.0,0.0,1.3183,0.0,9.77,0.0,0.0,0.0,8930,98165755395
014580,태경비케이,6.6,4.66,0.0,10.04,7.94,196.03,41.53,187.66,187.66,70.65,18.03,81.54,0.0,0.0,195157043546.0,0.5871,0.0,0.0,0.7179,0.0,12.12,0.0,0.0,0.0,5080,140106530089
014620,성광벤드,-0.28,-0.25,0.0,-5.88,-0.89,-80.51,13.66,488.0,488.0,87.98,-24.25,-822.24,0.0,0.0,136921765121.0,0.2773,0.0,0.0,1.5478,0.0,0.0,0.0,0.0,0.0,7980,211929906542
014680,한솔케미칼,20.66,13.25,0.0,25.72,20.64,1976.85,55.91,205.95,205.95,64.14,24.13,30.11,0.0,0.0,768688180555.0,0.6421,0.0,0.0,4.2899,0.0,18.85,0.0,0.0,0.0,305500,3297628985507
014710,사조씨푸드,4.28,2.92,0.0,8.02,5.64,140.04,46.5,97.2,97.2,68.26,-18.58,29.86,0.0,0.0,174614930293.0,0.5183,0.0,0.0,0.5473,0.0,14.46,0.0,0.0,0.0,5550,95565714285
014790,HL D&I,23.99,6.57,0.0,5.33,6.77,785.87,265.25,119.56,119.56,27.38,-4.87,-12.48,0.0,0.0,1475299061534.0,0.9697,0.0,0.0,0.1386,0.0,16.66,0.0,0.0,0.0,5400,204510638297
014820,동원시스템즈,7.23,3.23,0.0,7.19,3.85,899.97,124.24,124.01,124.01,44.6,15.98,-7.86,0.0,0.0,1250882270311.0,0.8384,0.0,0.0,1.1866,0.0,25.68,0.0,0.0,0.0,51200,1484358620689
014830,유니드,18.37,13.54,0.0,15.34,16.63,1683.39,35.71,233.68,233.68,73.69,23.22,74.9,0.0,0.0,1097266460279.0,0.8142,0.0,0.0,0.6199,0.0,6.15,0.0,0.0,0.0,100500,680156108597
014910,성문전자,9.67,5.47,0.0,6.98,6.03,34.42,76.79,297.46,297.46,56.56,30.25,642.28,0.0,0.0,49343656972.0,0.9073,0.0,0.0,1.0691,0.0,22.19,0.0,0.0,0.0,2415,52754854368
014940,오리엔탈정공,6.06,2.44,0.0,5.78,3.93,66.95,148.13,147.5,147.5,40.3,-30.89,-68.5,0.0,0.0,115922943568.0,0.621,0.0,0.0,1.4446,0.0,41.66,0.0,0.0,0.0,3675,167459558823
014970,삼륭물산,-2.0,-1.09,0.0,1.04,-1.43,9.14,82.85,113.1,113.1,54.69,0.91,-54.27,0.0,0.0,87692633489.0,0.7627,0.0,0.0,1.1847,0.0,170.6,0.0,0.0,0.0,7010,103886936936
014990,인디에프,-53.0,-16.05,0.0,-14.87,-13.53,-221.19,230.18,100.59,100.59,30.29,-2.65,-10.58,0.0,0.0,148698938125.0,1.1869,0.0,0.0,0.1322,0.0,0.0,0.0,0.0,0.0,1310,19660615883
015020,이스타코,2.98,1.82,0.0,-4.67,21.21,-3.3,63.11,89.48,89.48,61.31,19.82,-195.47,0.0,0.0,7060649411.0,0.086,0.0,0.0,9.4454,0.0,0.0,0.0,0.0,0.0,3110,66690732758
015230,대창단조,12.42,9.46,0.0,8.32,7.96,295.06,31.39,377.45,377.45,76.11,34.02,54.03,0.0,0.0,354439661796.0,1.1875,0.0,0.0,0.6049,0.0,9.68,0.0,0.0,0.0,7900,214410543130
015260,에이엔피,-39.87,-14.57,0.0,-17.27,-17.24,-119.67,173.69,77.91,77.91,36.54,-15.59,-3.21,0.0,0.0,69285788506.0,0.8446,0.0,0.0,1.4829,0.0,0.0,0.0,0.0,0.0,2185,102742946708
015350,부산도시가스,2.64,1.68,0.0,3.95,2.13,375.33,57.06,142.12,142.12,63.67,3.08,7.01,0.0,0.0,950483362747.0,0.7869,0.0,0.0,0.0,0.0,0.0,0.0,0.0,0.0,0,0
015360,INVENI,4.98,1.87,0.0,1.9,2.1,240.3,166.7,131.46,131.46,37.5,15.0,139.58,0.0,0.0,1266671294000.0,0.8901,0.0,0.0,0.7701,0.0,77.61,0.0,0.0,0.0,35800,975486524822
015540,에코바이브,29.99,-10.76,0.0,-51.15,-11.45,-48.94,-378.61,37.69,37.69,-35.89,34.6,21.31,0.0,0.0,9568089746.0,0.94,0.0,0.0,0.0,0.0,0.0,0.0,0.0,0.0,0,0
015590,DKME,-13.28,-7.85,0.0,-18.55,-16.13,-149.68,69.22,150.16,150.16,59.1,-35.41,-256.19,0.0,0.0,80705226869.0,0.4866,0.0,0.0,0.3025,0.0,0.0,0.0,0.0,0.0,457,24411180124
015710,코콤,3.46,2.74,0.0,4.22,4.65,39.14,26.58,383.74,383.74,79.0,-22.09,-63.99,0.0,0.0,92662745478.0,0.588,0.0,0.0,1.275,0.0,38.64,0.0,0.0,0.0,6740,118149576988
015750,성우하이텍,2.83,1.11,0.0,2.28,1.17,763.54,154.05,92.96,92.96,39.36,12.73,1349.78,0.0,0.0,3348589918051.0,0.955,0.0,0.0,0.1364,0.0,33.83,0.0,0.0,0.0,5710,456800000000
015760,한국전력공사,-8.01,-2.48,0.0,-9.67,-8.63,-58601.43,223.23,69.49,69.49,30.94,3.42,-243.41,0.0,0.0,60574819000000.0,0.2869,0.0,0.0,0.2342,0.0,0.0,0.0,0.0,0.0,22100,14187437931034
015860,일진홀딩스,3.76,2.07,0.0,3.25,2.8,387.24,82.13,174.68,174.68,54.9,27.42,40.38,0.0,0.0,1190071995775.0,0.7384,0.0,0.0,0.2272,0.0,25.75,0.0,0.0,0.0,5480,270406557377
015890,태경산업,7.34,4.84,0.0,7.85,5.47,405.92,51.69,149.4,149.4,65.92,20.0,155.12,0.0,0.0,516770864906.0,0.8838,0.0,0.0,0.379,0.0,9.73,0.0,0.0,0.0,6700,195835416666
016090,대현,8.71,6.87,0.0,7.79,6.68,224.15,26.72,311.17,311.17,78.92,13.7,214.33,0.0,0.0,287896441056.0,1.0279,0.0,0.0,0.3521,0.0,7.16,0.0,0.0,0.0,2290,101381016949
016100,리더스코스메틱,-7.11,-3.71,0.0,-4.79,-4.53,-41.86,91.63,73.1,73.1,52.18,-6.71,64.17,0.0,0.0,87431172456.0,0.8189,0.0,0.0,0.7585,0.0,0.0,0.0,0.0,0.0,3470,66320819112
016250,SGC E&C,34.06,11.76,0.0,5.28,5.32,690.77,189.7,123.26,123.26,34.52,15.16,289.68,0.0,0.0,1307921662550.0,2.2104,0.0,0.0,0.2388,0.0,10.13,0.0,0.0,0.0,62000,312300082440
016380,KG스틸,16.58,6.88,0.0,8.85,5.68,2969.12,140.93,137.72,137.72,41.51,43.22,168.02,0.0,0.0,3354789186331.0,1.2106,0.0,0.0,0.316,0.0,9.03,0.0,0.0,0.0,10600,1060000000000
016450,한세예스24홀딩스,7.99,3.39,0.0,4.81,2.71,1346.82,136.08,109.34,109.34,42.36,0.03,64.95,0.0,0.0,2798895736344.0,1.2488,0.0,0.0,0.106,0.0,11.8,0.0,0.0,0.0,7420,296800000000
016580,환인제약,8.34,7.49,0.0,17.59,14.88,312.76,11.34,784.5,784.5,89.82,3.54,10.06,0.0,0.0,177775700611.0,0.5033,0.0,0.0,1.8626,0.0,11.74,0.0,0.0,0.0,17800,331118279569
016590,신대양제지,9.64,7.14,0.0,7.98,8.87,543.96,34.96,282.97,282.97,74.09,11.88,-15.8,0.0,0.0,681565905342.0,0.8057,0.0,0.0,5.0672,0.0,67.52,0.0,0.0,0.0,85700,3453619093539
016670,디모아,5.53,3.77,0.0,18.72,11.36,65.03,46.64,228.28,228.28,68.19,43.86,-3.07,0.0,0.0,34739693720.0,0.3318,0.0,0.0,0.2854,0.0,6.65,0.0,0.0,0.0,973,9915137420
016710,대성홀딩스,4.01,1.93,0.0,2.27,2.55,213.38,108.41,120.97,120.97,47.98,6.35,-16.05,0.0,0.0,940471512803.0,0.756,0.0,0.0,0.8056,0.0,65.83,0.0,0.0,0.0,47100,757608510638
016740,두올,7.88,3.67,0.0,5.1,3.14,252.97,114.96,173.19,173.19,46.52,6.4,24.76,0.0,0.0,495632646209.0,1.1686,0.0,0.0,0.2497,0.0,13.86,0.0,0.0,0.0,4315,123764493758
016790,현대사료,-1.26,-0.77,0.0,1.13,-0.66,12.5,62.72,222.18,222.18,61.45,2.63,361.17,0.0,0.0,110306014605.0,1.1763,0.0,0.0,27.5029,0.0,2456.57,0.0,0.0,0.0,16100,3033732394366
016800,퍼시스,9.07,7.84,0.0,8.78,13.81,286.53,15.67,397.98,397.98,86.45,13.82,11.41,0.0,0.0,326505279504.0,0.5674,0.0,0.0,1.2609,0.0,17.09,0.0,0.0,0.0,35800,411700000000
016920,카스,-5.23,-1.6,0.0,3.61,-1.61,57.89,226.8,85.75,85.75,30.6,15.21,207.7,0.0,0.0,160550729271.0,0.9958,0.0,0.0,0.827,0.0,42.27,0.0,0.0,0.0,5160,132769085768
017040,광명전기,5.15,3.49,0.0,2.09,4.31,28.65,47.83,229.19,229.19,67.65,10.96,-32.38,0.0,0.0,137092770026.0,0.8095,0.0,0.0,0.8126,0.0,58.0,0.0,0.0,0.0,2570,111403433476
017180,명문제약,-7.92,-3.05,0.0,-4.27,-4.94,-58.81,159.99,59.66,59.66,38.46,7.75,79.7,0.0,0.0,137759902074.0,0.617,0.0,0.0,1.1656,0.0,0.0,0.0,0.0,0.0,4730,160566889632
017250,인터엠,-58.26,-20.8,0.0,-35.23,-33.82,-178.33,180.15,76.64,76.64,35.69,-20.09,-14.95,0.0,0.0,50625242980.0,0.6148,0.0,0.0,0.5624,0.0,0.0,0.0,0.0,0.0,1355,28470817120
017370,우신시스템,-14.47,-4.17,0.0,-4.38,-4.92,-114.87,246.91,91.62,91.62,28.83,9.01,-223.0,0.0,0.0,262337789266.0,0.8473,0.0,0.0,0.2858,0.0,0.0,0.0,0.0,0.0,4095,74964919354
017390,서울도시가스,0.82,0.51,0.0,-0.39,0.67,-49.41,60.05,203.59,203.59,62.48,-0.22,-161.84,0.0,0.0,1277844476509.0,0.7686,0.0,0.0,0.6489,0.0,0.0,0.0,0.0,0.0,167500,829139928698
017480,삼현철강,14.42,11.97,0.0,10.29,7.88,331.49,20.49,474.61,474.61,83.0,43.23,284.1,0.0,0.0,322146868536.0,1.5186,0.0,0.0,0.2719,0.0,3.73,0.0,0.0,0.0,5670,87583404255
017510,세명전기,3.16,2.82,0.0,10.76,15.49,16.17,12.38,1523.56,1523.56,88.99,5.02,703.74,0.0,0.0,15029594450.0,0.1819,0.0,0.0,4.4139,0.0,46.67,0.0,0.0,0.0,4350,66338971583
017550,수산세보틱스,9.33,4.83,0.0,5.64,4.5,142.74,93.44,129.88,129.88,51.7,83.55,103.84,0.0,0.0,252992405856.0,1.0716,0.0,0.0,0.724,0.0,20.82,0.0,0.0,0.0,2935,183166314677
017650,대림제지,10.37,8.16,0.0,14.41,11.87,261.2,27.13,228.3,228.3,78.66,40.8,59.3,0.0,0.0,181256328710.0,0.6871,0.0,0.0,0.5793,0.0,6.18,0.0,0.0,0.0,11950,105005092592
017670,SK텔레콤,19.61,7.83,0.0,8.28,14.44,13871.62,150.6,91.27,91.27,39.9,4.11,11.1,0.0,0.0,16748585000000.0,0.5418,0.0,0.0,0.7425,0.0,22.36,0.0,0.0,0.0,57900,12436329936305
017680,데코앤에프,67.81,47.0,0.0,-6.44,43.56,-15.6,44.28,838.36,838.36,69.31,0.51,42.93,0.0,0.0,24242079183.0,1.0789,0.0,0.0,0.0,0.0,0.0,0.0,0.0,0.0,0,0
017800,현대엘리베이터,9.89,3.76,0.0,6.54,5.69,1290.02,162.93,104.53,104.53,38.03,8.36,-14.01,0.0,0.0,1973426415772.0,0.6606,0.0,0.0,0.8162,0.0,26.84,0.0,0.0,0.0,41200,1610631266846
017810,풀무원,0.05,0.02,0.0,1.53,0.01,385.14,233.91,88.45,88.45,29.95,8.99,-16.22,0.0,0.0,2518896106070.0,1.279,0.0,0.0,0.2618,0.0,52.95,0.0,0.0,0.0,17300,659540567951
017890,한국알콜,11.28,8.54,0.0,10.76,9.67,539.79,32.11,263.25,263.25,75.69,34.95,-3.79,0.0,0.0,501662554630.0,0.8826,0.0,0.0,0.4862,0.0,7.08,0.0,0.0,0.0,11800,243909712722
017900,광전자,4.97,4.38,0.0,3.98,6.03,69.16,13.41,554.85,554.85,88.18,15.72,188.2,0.0,0.0,173773675132.0,0.7272,0.0,0.0,1.0871,0.0,31.4,0.0,0.0,0.0,3260,188906133333
017940,E1,10.09,3.46,0.0,0.11,2.69,55.75,191.2,124.19,124.19,34.34,31.18,-85.9,0.0,0.0,5152300897477.0,1.2883,0.0,0.0,0.0642,0.0,530.3,0.0,0.0,0.0,48200,330649021627
017960,한국카본,3.69,2.88,0.0,8.9,3.9,327.32,28.11,263.63,263.63,78.06,-10.65,-56.78,0.0,0.0,367827134273.0,0.7381,0.0,0.0,1.5103,0.0,20.31,0.0,0.0,0.0,10750,555527950310
018000,유니슨,-1.67,-0.48,0.0,3.34,-0.86,49.93,250.93,50.78,50.78,28.5,86.68,142.65,0.0,0.0,149659495176.0,0.5511,0.0,0.0,4.8805,0.0,185.2,0.0,0.0,0.0,2815,730415980230
018120,진로발효,12.03,10.04,0.0,12.56,10.55,113.49,19.8,401.07,401.07,83.47,-11.3,-26.83,0.0,0.0,90344610305.0,0.9522,0.0,0.0,2.2466,0.0,19.27,0.0,0.0,0.0,30650,202970285021
018250,애경산업,4.54,3.64,0.0,4.25,2.74,243.85,24.63,349.34,349.34,80.24,-2.42,9.01,0.0,0.0,573923184961.0,1.3301,0.0,0.0,0.8742,0.0,24.07,0.0,0.0,0.0,19000,501721242653
018260,삼성에스디에스,8.51,6.02,0.0,5.93,4.65,8080.98,41.29,319.62,319.62,70.77,23.71,-7.29,0.0,0.0,13630002438924.0,1.2959,0.0,0.0,0.8885,0.0,18.79,0.0,0.0,0.0,156500,12109643958333
018290,브이티,15.89,8.43,0.0,11.64,7.72,263.91,88.62,137.75,137.75,53.02,111.15,383.27,0.0,0.0,226769601349.0,1.0921,0.0,0.0,1.1017,0.0,13.16,0.0,0.0,0.0,7150,249835266821
018310,삼목에스폼,0.0,0.0,0.0,1.77,0.0,37.09,40.46,144.37,144.37,71.19,0.0,0.0,0.0,0.0,209927695422.0,0.3828,0.0,0.0,0.9697,0.0,97.46,0.0,0.0,0.0,13850,203565107913
018470,조일알미늄,9.39,4.51,0.0,3.91,3.36,182.79,108.51,132.01,132.01,47.96,40.26,553.78,0.0,0.0,466932503112.0,1.342,0.0,0.0,0.5369,0.0,23.62,0.0,0.0,0.0,1980,250705035971
018500,동원모빌리티,-87.92,-6.0,0.0,-0.32,-7.61,-11.71,1366.18,50.97,50.97,6.82,-19.08,-105.67,0.0,0.0,369490992188.0,0.788,0.0,0.0,0.1183,0.0,0.0,0.0,0.0,0.0,935,43727647867
018620,우진비앤지,-2.33,-1.36,0.0,0.68,-2.64,2.67,71.68,139.24,139.24,58.25,-0.45,-59.81,0.0,0.0,39347387678.0,0.5143,0.0,0.0,0.3693,0.0,174.28,0.0,0.0,0.0,2100,14529729729
018670,SK가스,11.77,4.87,0.0,1.62,3.84,1054.62,141.88,166.84,166.84,41.34,47.19,-44.55,0.0,0.0,6494513185952.0,1.2681,0.0,0.0,0.182,0.0,39.69,0.0,0.0,0.0,127500,1181835526315
018680,서울제약,-51.11,-15.56,0.0,-14.12,-23.94,-57.13,228.36,86.15,86.15,30.45,-22.53,-193.49,0.0,0.0,40462650387.0,0.65,0.0,0.0,2.2626,0.0,0.0,0.0,0.0,0.0,7850,91549872122
018700,졸스,23.22,19.89,0.0,-14.89,43.98,-53.09,16.74,738.32,738.32,85.66,36.17,-10222.45,0.0,0.0,35640949057.0,0.4522,0.0,0.0,2.8903,0.0,0.0,0.0,0.0,0.0,6150,103011404133
018880,한온시스템,12.55,3.77,0.0,4.43,4.23,3257.71,232.45,126.24,126.24,30.08,6.96,3.16,0.0,0.0,7351423825664.0,0.8928,0.0,0.0,1.8776,0.0,60.04,0.0,0.0,0.0,13450,13803301994301
019010,베뉴지,12.93,7.03,0.0,5.63,86.66,28.68,83.93,71.27,71.27,54.37,3.76,-23.63,0.0,0.0,50929154965.0,0.0811,0.0,0.0,2.0628,0.0,136.5,0.0,0.0,0.0,2180,105058482142
019170,신풍제약,-3.2,-2.89,0.0,-7.56,-6.09,-143.06,10.55,816.1,816.1,90.45,-4.31,-282.35,0.0,0.0,189237234928.0,0.4751,0.0,0.0,8.8505,0.0,0.0,0.0,0.0,0.0,31950,1674842939481
019180,티에이치엔,19.12,4.93,0.0,4.93,4.16,198.36,287.66,101.32,101.32,25.8,16.26,124.04,0.0,0.0,402733099165.0,1.1847,0.0,0.0,0.1954,0.0,16.68,0.0,0.0,0.0,4370,78692250922
019210,와이지-원,6.84,2.62,0.0,9.39,4.82,429.92,161.49,102.24,102.24,38.24,22.34,371.6,0.0,0.0,457813194133.0,0.5428,0.0,0.0,0.6012,0.0,18.52,0.0,0.0,0.0,7400,275248951048
019490,엑시큐어하이트론,-64.55,-28.19,0.0,-54.41,-48.66,-149.51,129.0,189.06,189.06,43.67,0.74,22.98,0.0,0.0,27476053507.0,0.5792,0.0,0.0,11.6694,0.0,0.0,0.0,0.0,0.0,4200,320628465804
019540,일지테크,-0.61,-0.16,0.0,-2.69,-0.31,-52.61,282.18,56.61,56.61,26.17,2.18,53.51,0.0,0.0,195847448312.0,0.5135,0.0,0.0,0.2308,0.0,0.0,0.0,0.0,0.0,3345,45201022304
019570,GMI벤처,0.0,0.0,0.0,0.0,0.0,17.33,122.86,172.11,172.11,44.87,0.0,116.49,0.0,0.0,0.0,0.0,0.0,0.0,0.0,0.0,28.74,0.0,0.0,0.0,494,4712269503
019660,글로본,-73.89,-20.98,0.0,-142.02,-255.35,-73.55,252.21,103.32,103.32,28.39,22.78,-71.61,0.0,0.0,5178622017.0,0.0822,0.0,0.0,7.9581,0.0,0.0,0.0,0.0,0.0,2950,41211825860
019680,대교,-8.22,-5.22,0.0,-4.43,-6.65,-283.12,57.55,122.55,122.55,63.47,1.82,-1.02,0.0,0.0,638394752559.0,0.7847,0.0,0.0,0.4911,0.0,0.0,0.0,0.0,0.0,3895,313547500000
019770,서연탑메탈,5.04,3.06,0.0,4.88,2.48,74.84,64.95,166.5,166.5,60.62,8.56,10.34,0.0,0.0,153501081951.0,1.2345,0.0,0.0,0.5627,0.0,18.08,0.0,0.0,0.0,7420,86378723404
019990,에너토크,2.44,2.11,0.0,6.28,4.79,14.18,15.68,711.1,711.1,86.44,-1.62,279.98,0.0,0.0,22574208001.0,0.4411,0.0,0.0,4.6928,0.0,79.63,0.0,0.0,0.0,10850,105937007874
020000,한섬,0.0,7.16,0.0,10.97,8.04,1521.93,0.0,358.07,358.07,0.0,16.01,49.13,0.0,0.0,1387401660671.0,0.891,0.0,0.0,0.5512,0.0,7.11,0.0,0.0,0.0,35600,764690702087
020120,키다리스튜디오,1.59,1.22,0.0,5.81,2.97,69.22,30.23,123.23,123.23,76.79,161.76,50.93,0.0,0.0,119118155904.0,0.4106,0.0,0.0,4.9478,0.0,94.88,0.0,0.0,0.0,15900,589369098712
020150,롯데에너지머티리얼즈,4.68,3.6,0.0,10.15,9.17,699.26,29.96,645.8,645.8,76.94,28.31,37.46,0.0,0.0,688892613518.0,0.3929,0.0,0.0,10.2618,0.0,106.88,0.0,0.0,0.0,135000,7069285714285
020180,대신정보통신,6.18,2.4,0.0,1.21,0.87,23.41,157.77,133.47,133.47,38.79,10.17,11.09,0.0,0.0,193750021378.0,2.748,0.0,0.0,0.0488,0.0,22.47,0.0,0.0,0.0,1230,9447381546
020400,대동금속,5.87,2.42,0.0,1.96,1.91,26.38,142.23,70.46,70.46,41.28,20.84,28.72,0.0,0.0,134276161981.0,1.2675,0.0,0.0,0.4361,0.0,45.78,0.0,0.0,0.0,9620,58556521739
020560,아시아나항공,-99.18,-3.95,0.0,2.15,-11.91,932.04,2410.6,48.96,48.96,3.98,11.9,134.29,0.0,0.0,4339706411421.0,0.3317,0.0,0.0,0.9493,0.0,178.98,0.0,0.0,0.0,20000,4119842312746
020710,시공테크,2.47,1.82,0.0,-1.03,3.06,-9.55,36.17,184.26,184.26,73.44,-10.72,-119.79,0.0,0.0,92591768737.0,0.5932,0.0,0.0,1.4317,0.0,0.0,0.0,0.0,0.0,6610,132565698478
020760,일진디스플,-407.13,-37.18,0.0,-34.95,-43.05,-354.56,995.11,37.97,37.97,9.13,51.73,-16.33,0.0,0.0,101440583884.0,0.8636,0.0,0.0,1.5376,0.0,0.0,0.0,0.0,0.0,2535,155978381374
021040,대호특수강,13.63,3.47,0.0,3.66,3.59,77.68,292.28,113.9,113.9,25.49,49.8,189.84,0.0,0.0,212211461939.0,0.9677,0.0,0.0,0.0802,0.0,23.22,0.0,0.0,0.0,785,17013948497
021050,서원,10.51,4.98,0.0,5.78,5.58,151.27,111.25,126.15,126.15,47.34,34.39,94.44,0.0,0.0,261636393948.0,0.8918,0.0,0.0,0.3527,0.0,16.31,0.0,0.0,0.0,1945,92276014109
021080,에이티넘인베스트,43.5,33.2,0.0,70.75,56.11,832.15,31.05,178.16,178.16,76.31,265.4,383.84,0.0,0.0,117619456870.0,0.5916,0.0,0.0,2.1678,0.0,3.63,0.0,0.0,0.0,5310,254973568281
021240,코웨이,24.44,12.25,0.0,17.47,12.7,6402.19,99.57,85.56,85.56,50.11,13.18,5.57,0.0,0.0,3664259556788.0,0.9641,0.0,0.0,1.4369,0.0,11.19,0.0,0.0,0.0,74400,5265124458204
021320,KCC건설,10.66,4.33,0.0,2.34,3.46,318.81,146.28,145.77,145.77,40.6,23.82,-41.29,0.0,0.0,1363965385622.0,1.2516,0.0,0.0,0.1285,0.0,25.8,0.0,0.0,0.0,8190,175289568345
021650,한국큐빅,10.11,5.48,0.0,5.29,4.38,91.0,84.65,143.91,143.91,54.16,0.83,-22.84,0.0,0.0,172101995255.0,1.2513,0.0,0.0,0.3963,0.0,14.42,0.0,0.0,0.0,4175,68205445544
021820,세원정공,4.46,3.95,0.0,0.11,17.26,1.51,12.84,602.75,602.75,88.62,-9.17,101.77,0.0,0.0,142473811849.0,0.229,0.0,0.0,0.5678,0.0,1006.41,0.0,0.0,0.0,8090,80900000000
022100,포스코DX,-3.88,-2.15,0.0,-2.24,-1.6,-194.77,80.11,160.23,160.23,55.52,-9.85,-174.66,0.0,0.0,869274143659.0,1.3436,0.0,0.0,1.1474,0.0,0.0,0.0,0.0,0.0,6560,997362401847
022220,티케이지애강,5.08,4.38,0.0,10.05,6.87,66.93,15.93,551.73,551.73,86.26,12.87,21.92,0.0,0.0,66615076119.0,0.6374,0.0,0.0,1.5512,0.0,17.59,0.0,0.0,0.0,1995,103330769230
023000,삼원강재,4.03,3.25,0.0,3.18,2.94,95.49,23.75,319.37,319.37,80.81,21.94,-4.44,0.0,0.0,299952544414.0,1.1081,0.0,0.0,0.4192,0.0,18.61,0.0,0.0,0.0,3165,125740723981
023150,MH에탄올,10.26,1.92,0.0,22.86,8.51,233.35,432.99,17.51,17.51,18.76,7.84,47.86,0.0,0.0,102066936941.0,0.2261,0.0,0.0,0.7371,0.0,18.94,0.0,0.0,0.0,10200,75235792019
023160,태광,4.09,3.67,0.0,7.31,10.02,135.31,11.5,816.51,816.51,89.69,-1.73,534.62,0.0,0.0,185147913272.0,0.3665,0.0,0.0,1.5158,0.0,24.59,0.0,0.0,0.0,10850,280653333333
023350,한국종합기술,7.76,3.25,0.0,2.67,4.11,71.56,138.52,80.2,80.2,41.92,-6.93,55.91,0.0,0.0,268251760974.0,0.7903,0.0,0.0,0.2917,0.0,38.48,0.0,0.0,0.0,7150,78241935483
023410,유진기업,8.76,3.44,0.0,4.12,5.82,554.0,154.81,78.64,78.64,39.25,18.39,22.0,0.0,0.0,1345328206053.0,0.5909,0.0,0.0,0.2778,0.0,31.72,0.0,0.0,0.0,4835,373788379204
023450,동남합성,25.35,12.94,0.0,9.3,7.32,149.06,95.85,115.6,115.6,51.06,28.31,10.46,0.0,0.0,160295973308.0,1.7692,0.0,0.0,1.3881,0.0,17.9,0.0,0.0,0.0,63600,222499047619
023460,씨앤에이치,0.79,0.17,0.0,-0.61,0.34,-18.44,378.93,0.0,0.0,20.88,-2.08,-103.32,0.0,0.0,302353800668.0,0.4802,0.0,0.0,0.0,0.0,0.0,0.0,0.0,0.0,2580,0
023530,롯데쇼핑,-2.31,-0.82,0.0,1.33,-1.75,2076.03,183.35,77.83,77.83,35.29,-3.77,-40.01,0.0,0.0,15573550042665.0,0.4659,0.0,0.0,0.1584,0.0,116.07,0.0,0.0,0.0,87200,2466760150375
023590,다우기술,19.8,1.97,0.0,20.65,15.02,12572.34,903.42,98.28,98.28,9.97,28.61,23.82,0.0,0.0,6086980401897.0,0.1314,0.0,0.0,0.1621,0.0,33.96,0.0,0.0,0.0,22800,986947692307
023600,삼보판지,12.22,8.82,0.0,13.15,11.27,702.35,38.49,212.87,212.87,72.21,32.37,49.87,0.0,0.0,534022104242.0,0.7833,0.0,0.0,0.4781,0.0,6.33,0.0,0.0,0.0,15950,255333333333
023770,플레이위드,6.38,1.79,0.0,3.58,13.91,4.75,256.65,118.82,118.82,28.04,-69.13,-96.52,0.0,0.0,13264691357.0,0.1286,0.0,0.0,8.6514,0.0,398.05,0.0,0.0,0.0,12800,114758620689
023790,동일스틸럭스,-67.11,-25.26,0.0,12.66,-73.08,43.5,165.68,59.76,59.76,37.64,56.75,204.14,0.0,0.0,34359397512.0,0.3457,0.0,0.0,1.6638,0.0,27.39,0.0,0.0,0.0,4385,57166917859
023800,인지컨트롤스,1.22,0.44,0.0,0.42,0.49,20.19,176.49,75.1,75.1,36.17,5.71,169.97,0.0,0.0,484855609029.0,0.8923,0.0,0.0,0.4988,0.0,291.63,0.0,0.0,0.0,15300,241829670329
023810,인팩,0.0,0.0,0.0,2.92,0.0,128.2,192.29,85.49,85.49,34.21,14.34,-1.12,0.0,0.0,439274488177.0,1.241,0.0,0.0,0.2994,0.0,28.42,0.0,0.0,0.0,13150,131500000000
023900,풍국주정,5.52,4.68,0.0,5.67,6.97,72.42,17.82,238.39,238.39,84.88,8.23,-35.13,0.0,0.0,127698088867.0,0.6721,0.0,0.0,1.5141,0.0,30.67,0.0,0.0,0.0,15350,193350961538
023910,대한약품,11.18,8.32,0.0,16.95,13.22,290.68,34.38,319.91,319.91,74.41,3.24,-2.99,0.0,0.0,171462787332.0,0.6291,0.0,0.0,1.0043,0.0,8.32,0.0,0.0,0.0,28700,172200000000
023960,에쓰씨엔지니어링,-17.79,-6.8,0.0,-8.76,-10.46,-66.33,161.39,116.56,116.56,38.26,4.49,-231.74,0.0,0.0,75724704653.0,0.6504,0.0,0.0,1.5049,0.0,0.0,0.0,0.0,0.0,2995,113956097560
024060,흥구석유,1.77,1.69,0.0,-0.02,1.06,-0.29,4.75,913.64,913.64,95.46,15.12,94.16,0.0,0.0,132213730186.0,1.5997,0.0,0.0,0.8123,0.0,0.0,0.0,0.0,0.0,7160,107400000000
024070,WISCOM,1.01,0.9,0.0,-0.03,1.03,-0.34,12.6,496.96,496.96,88.81,14.79,98.01,0.0,0.0,117607135078.0,0.8693,0.0,0.0,0.4498,0.0,0.0,0.0,0.0,0.0,3450,52903469079
024090,디씨엠,21.55,17.69,0.0,13.91,20.23,348.88,21.8,410.83,410.83,82.1,51.67,137.13,0.0,0.0,250829059873.0,0.8743,0.0,0.0,1.0586,0.0,9.08,0.0,0.0,0.0,23300,265516444444
024120,KB오토시스,-0.4,-0.25,0.0,-3.94,-0.31,-51.23,56.65,187.55,187.55,63.84,-1.33,-183.36,0.0,0.0,130124357015.0,0.8134,0.0,0.0,0.59,0.0,0.0,0.0,0.0,0.0,6670,76773926868
024720,콜마홀딩스,6.86,4.85,0.0,13.11,8.7,883.72,41.55,106.23,106.23,70.65,-0.22,-43.89,0.0,0.0,674006002125.0,0.5572,0.0,0.0,0.9999,0.0,11.64,0.0,0.0,0.0,19650,673958857696
024740,한일단조,-8.47,-3.87,0.0,-2.2,-5.69,-33.53,118.71,83.33,83.33,45.72,10.28,-458.88,0.0,0.0,152471478934.0,0.6807,0.0,0.0,0.5015,0.0,0.0,0.0,0.0,0.0,2325,76464200477
024800,유성티엔에스,13.39,8.26,0.0,0.63,15.56,17.59,62.08,42.12,42.12,61.7,-4.61,-50.22,0.0,0.0,280539019947.0,0.5309,0.0,0.0,0.3942,0.0,177.9,0.0,0.0,0.0,3140,110581090100
024810,이화전기공업,10.5,7.47,0.0,-4.46,41.44,-29.81,40.59,163.73,163.73,71.13,25.32,18.71,0.0,0.0,66789424731.0,0.1803,0.0,0.0,0.0,0.0,0.0,0.0,0.0,0.0,0,0
024830,세원물산,11.55,8.96,0.0,7.24,12.84,152.03,28.82,205.33,205.33,77.63,34.64,8.9,0.0,0.0,210094466852.0,0.698,0.0,0.0,0.2497,0.0,7.88,0.0,0.0,0.0,6280,52467677946
024840,KBI메탈,-0.71,-0.31,0.0,1.98,-0.1,135.21,127.55,182.21,182.21,43.95,38.77,25.48,0.0,0.0,683020943070.0,2.978,0.0,0.0,0.1239,0.0,15.77,0.0,0.0,0.0,1955,84617929292
024850,HLB이노베이션,-25.46,-11.35,0.0,-7.12,-9.93,-27.29,124.32,185.69,185.69,44.58,0.77,-262.42,0.0,0.0,38320275890.0,1.1433,0.0,0.0,1.0441,0.0,0.0,0.0,0.0,0.0,1260,40010208483
024880,케이피에프,-4.83,-1.39,0.0,0.24,-1.65,12.4,248.7,98.37,98.37,28.68,56.03,-43.66,0.0,0.0,522424050106.0,0.8401,0.0,0.0,0.1896,0.0,437.44,0.0,0.0,0.0,4965,99042746113
024890,대원화성,-9.86,-5.16,0.0,-7.44,-6.18,-84.31,91.28,127.46,127.46,52.28,4.18,-2521.23,0.0,0.0,113339078287.0,0.8344,0.0,0.0,0.2998,0.0,0.0,0.0,0.0,0.0,4115,33974884526
024900,디와이덕양,2.51,0.31,0.0,0.46,0.12,62.61,720.92,79.15,79.15,12.18,4.35,1348.45,0.0,0.0,1348236914736.0,2.5751,0.0,0.0,0.0798,0.0,90.62,0.0,0.0,0.0,3305,107568396226
024910,경창산업,3.42,0.71,0.0,2.71,0.64,153.0,382.91,68.89,68.89,20.71,15.88,10.34,0.0,0.0,563663197817.0,1.1118,0.0,0.0,0.2208,0.0,34.41,0.0,0.0,0.0,3475,124442567567
024940,PN풍년,4.71,3.9,0.0,3.93,3.61,22.96,20.8,414.29,414.29,82.78,1.24,355.82,0.0,0.0,58410347708.0,1.0814,0.0,0.0,0.838,0.0,25.37,0.0,0.0,0.0,4905,48948552223
024950,삼천리자전거,4.4,3.55,0.0,8.52,3.42,108.46,24.1,183.11,183.11,80.58,5.31,-0.52,0.0,0.0,127268431960.0,1.0358,0.0,0.0,1.0467,0.0,14.48,0.0,0.0,0.0,10750,133216594827
025000,KPX케미칼,8.52,6.34,0.0,4.38,4.82,446.8,34.44,240.48,240.48,74.38,36.71,-30.32,0.0,0.0,1020786100790.0,1.3135,0.0,0.0,0.23,0.0,9.71,0.0,0.0,0.0,53600,234741007194
025320,시노펙스,11.2,4.9,0.0,2.25,4.29,52.13,128.46,79.49,79.49,43.77,7.44,211.72,0.0,0.0,231510360049.0,1.1426,0.0,0.0,1.107,0.0,71.02,0.0,0.0,0.0,2780,256288861076
025530,에스제이엠홀딩스,2.34,1.87,0.0,5.29,4.11,79.17,25.13,409.89,409.89,79.92,5.73,23.36,0.0,0.0,149668812660.0,0.4547,0.0,0.0,0.3729,0.0,15.4,0.0,0.0,0.0,3735,55818646408
025540,한국단자공업,7.47,5.59,0.0,7.92,6.53,762.26,33.6,283.0,283.0,74.85,19.9,-3.47,0.0,0.0,962228396481.0,0.8552,0.0,0.0,0.8021,0.0,13.84,0.0,0.0,0.0,76300,771771715328
025550,한국선재,11.51,4.79,0.0,8.39,5.59,179.73,140.35,103.68,103.68,41.61,14.43,243.09,0.0,0.0,214156345937.0,0.8574,0.0,0.0,0.6257,0.0,15.57,0.0,0.0,0.0,5250,134006849315
025560,미래산업,8.85,6.36,0.0,17.56,15.5,84.87,39.08,241.1,241.1,71.9,16.31,570.67,0.0,0.0,48338413649.0,0.4106,0.0,0.0,8.0748,0.0,49.89,0.0,0.0,0.0,14050,390325227963
025750,한솔홈데코,3.42,1.74,0.0,3.27,2.07,86.19,96.85,96.5,96.5,50.8,3.96,214.66,0.0,0.0,263249688066.0,0.8366,0.0,0.0,0.1032,0.0,21.11,0.0,0.0,0.0,1685,27174582463
025770,한국정보통신,4.85,2.68,0.0,4.36,1.98,235.59,81.16,186.63,186.63,55.2,9.09,11.76,0.0,0.0,540243819000.0,1.352,0.0,0.0,0.6537,0.0,22.59,0.0,0.0,0.0,9430,353153500000
025820,이구산업,17.16,6.5,0.0,10.66,6.3,356.27,163.99,115.29,115.29,37.88,64.76,506.44,0.0,0.0,334356731952.0,1.0322,0.0,0.0,0.3635,0.0,9.06,0.0,0.0,0.0,3635,121545312500
025860,남해화학,0.0,0.0,0.0,1.41,0.0,204.82,52.48,216.82,216.82,65.58,43.77,-22.39,0.0,0.0,1451884407283.0,2.019,0.0,0.0,0.3593,0.0,37.55,0.0,0.0,0.0,10500,521671949286
025870,신라에스지,8.98,3.19,0.0,3.14,2.0,22.38,181.54,128.67,128.67,35.52,13.63,582.55,0.0,0.0,71298676479.0,1.5914,0.0,0.0,0.6859,0.0,34.76,0.0,0.0,0.0,12200,48906318082
025880,케이씨피드,7.54,4.53,0.0,5.91,5.7,44.75,66.36,158.27,158.27,60.11,15.22,216.35,0.0,0.0,75742976488.0,0.7953,0.0,0.0,0.7256,0.0,20.77,0.0,0.0,0.0,3285,54956603773
025890,한국주강,-6.48,-3.62,0.0,-1.31,-4.01,-5.95,78.87,97.31,97.31,55.91,33.71,-363.85,0.0,0.0,45309649950.0,0.9027,0.0,0.0,1.3077,0.0,0.0,0.0,0.0,0.0,5320,59252694610
025900,동화기업,6.97,3.16,0.0,11.25,6.01,1049.27,120.18,87.98,87.98,45.42,25.17,57.02,0.0,0.0,932394259945.0,0.5265,0.0,0.0,5.3568,0.0,56.81,0.0,0.0,0.0,98800,4994606683804
025950,동신건설,-0.35,-0.27,0.0,5.37,-0.51,30.81,29.03,529.22,529.22,77.5,61.79,39.9,0.0,0.0,57432513542.0,0.5285,0.0,0.0,5.579,0.0,111.92,0.0,0.0,0.0,38150,320416107382
025980,아난티,4.16,1.2,0.0,27.17,7.59,597.31,245.8,82.46,82.46,28.92,92.72,288.28,0.0,0.0,219820294987.0,0.1587,0.0,0.0,4.6698,0.0,33.67,0.0,0.0,0.0,10550,1026525242718
026040,제이에스티나,36.12,27.12,0.0,2.01,26.16,13.56,33.18,348.53,348.53,75.09,12.22,109.88,0.0,0.0,67332598457.0,1.0367,0.0,0.0,0.8394,0.0,53.63,0.0,0.0,0.0,3425,56520935960
026150,특수건설,-6.57,-3.77,0.0,-0.31,-2.94,-7.12,74.07,183.16,183.16,57.45,16.67,-120.21,0.0,0.0,232010360221.0,1.2846,0.0,0.0,0.8958,0.0,0.0,0.0,0.0,0.0,11850,207830769230
026910,광진실업,4.45,2.73,0.0,2.04,2.12,11.16,63.36,179.53,179.53,61.22,27.01,146.16,0.0,0.0,54585774335.0,1.2869,0.0,0.0,0.7034,0.0,49.13,0.0,0.0,0.0,4850,38395833333
026940,부국철강,7.3,5.84,0.0,4.12,4.49,80.56,25.13,378.26,378.26,79.92,40.89,350.36,0.0,0.0,195734222688.0,1.299,0.0,0.0,0.4358,0.0,14.35,0.0,0.0,0.0,4265,85300000000
026960,동서,7.95,7.28,0.0,7.17,21.51,383.75,9.25,1329.83,1329.83,91.53,8.58,-14.94,0.0,0.0,535327319245.0,0.3383,0.0,0.0,5.7734,0.0,84.03,0.0,0.0,0.0,31000,3090646034816
027040,서울전자통신,0.06,0.04,0.0,-0.17,0.08,-1.19,68.51,87.9,87.9,59.35,15.54,90.61,0.0,0.0,69119405634.0,0.4551,0.0,0.0,0.1539,0.0,0.0,0.0,0.0,0.0,765,10635942327
027050,코리아나,3.99,2.91,0.0,3.95,3.8,34.4,36.86,189.74,189.74,73.07,0.45,507.35,0.0,0.0,87050014999.0,0.767,0.0,0.0,1.8019,0.0,54.48,0.0,0.0,0.0,3920,156855133614
027410,BGF,2.08,1.82,0.0,5.56,17.4,114.99,14.36,409.82,409.82,87.44,33.94,-21.46,0.0,0.0,206770625284.0,0.1043,0.0,0.0,2.4489,0.0,65.67,0.0,0.0,0.0,5290,506357452229
027580,상보,3.49,1.49,0.0,2.42,1.49,32.26,134.61,130.31,130.31,42.62,2.59,-52.19,0.0,0.0,133483388083.0,1.002,0.0,0.0,0.1721,0.0,30.82,0.0,0.0,0.0,1940,22978408389
027710,팜스토리,1.93,0.59,0.0,2.43,0.48,251.14,229.15,105.99,105.99,30.38,7.1,13.92,0.0,0.0,1033917621051.0,1.2291,0.0,0.0,0.2445,0.0,33.38,0.0,0.0,0.0,2270,252823853211
027740,마니커,-106.05,-25.53,0.0,-5.16,-19.84,-130.38,315.43,78.52,78.52,24.07,17.66,57.86,0.0,0.0,252727006756.0,1.2864,0.0,0.0,0.1458,0.0,0.0,0.0,0.0,0.0,1160,36839895013
027970,한국제지,10.46,5.24,0.0,6.5,5.01,132.87,99.43,86.74,86.74,50.14,7.87,-36.9,0.0,0.0,204434563252.0,1.0466,0.0,0.0,0.2996,0.0,11.94,0.0,0.0,0.0,1610,61255696202
028050,삼성E&A,17.91,5.79,0.0,6.72,4.69,5032.89,209.04,115.31,115.31,32.36,10.93,39.34,0.0,0.0,7486696121177.0,1.2357,0.0,0.0,0.5995,0.0,17.06,0.0,0.0,0.0,22900,4488400000000
028080,휴맥스홀딩스,-5.54,-2.16,0.0,-179.0,-270.05,-138.83,156.94,130.82,130.82,38.92,52.0,32.05,0.0,0.0,7756131191.0,0.008,0.0,0.0,1.3559,0.0,0.0,0.0,0.0,0.0,4165,10516833667
028100,동아지질,2.29,1.34,0.0,1.39,1.62,40.25,71.64,165.23,165.23,58.26,-8.0,24.35,0.0,0.0,289482376726.0,0.8251,0.0,0.0,0.7093,0.0,87.39,0.0,0.0,0.0,18300,205329738933
028260,삼성물산,5.52,3.31,0.0,3.47,5.31,11959.83,66.64,127.52,127.52,60.01,14.03,39.54,0.0,0.0,34455181882704.0,0.6237,0.0,0.0,0.5601,0.0,34.61,0.0,0.0,0.0,119000,19297943957503
028300,HLB,-21.79,-15.01,0.0,-144.67,-159.84,-1010.18,45.2,154.44,154.44,68.87,24.3,-64.76,0.0,0.0,69825991454.0,0.0939,0.0,0.0,66.3842,0.0,0.0,0.0,0.0,0.0,34800,4635340449438
028670,팬오션,15.27,8.47,0.0,12.41,11.9,5729.46,80.4,118.21,118.21,55.43,84.85,154.4,0.0,0.0,4616107000000.0,0.7114,0.0,0.0,0.6265,0.0,10.1,0.0,0.0,0.0,5410,2892012345679
029460,케이씨,8.53,6.61,0.0,11.83,11.51,654.83,29.07,349.23,349.23,77.48,-3.92,-13.92,0.0,0.0,553763394521.0,0.5741,0.0,0.0,0.4547,0.0,7.16,0.0,0.0,0.0,22850,251795853658
029530,신도리코,10.06,9.33,0.0,1.34,29.65,43.23,7.79,1347.41,1347.41,92.77,-4.16,129.58,0.0,0.0,321884369044.0,0.3148,0.0,0.0,0.9975,0.0,91.36,0.0,0.0,0.0,33050,321068757687
029960,코엔텍,19.07,15.27,0.0,49.35,40.02,365.66,24.88,539.31,539.31,80.08,4.61,17.82,0.0,0.0,74094721440.0,0.3816,0.0,0.0,0.0,0.0,0.0,0.0,0.0,0.0,0,0
030000,제일기획,0.0,0.0,0.0,7.46,0.0,2481.8,125.51,164.89,164.89,44.34,21.03,21.11,0.0,0.0,3325712307524.0,1.3082,0.0,0.0,0.7904,0.0,16.29,0.0,0.0,0.0,22850,2628643043251
030190,NICE평가정보,18.13,12.59,0.0,14.98,11.28,726.05,44.02,200.91,200.91,69.44,8.7,15.76,0.0,0.0,484797305616.0,1.1163,0.0,0.0,2.1874,0.0,16.43,0.0,0.0,0.0,18000,1060461634435
030200,케이티,8.81,3.93,0.0,6.71,5.86,16718.24,124.3,117.73,117.73,44.58,4.1,41.19,0.0,0.0,24898005000000.0,0.67,0.0,0.0,0.3097,0.0,16.93,0.0,0.0,0.0,30600,7711887640449
030350,드래곤플라이,-31.44,-23.91,0.0,-60.61,-243.2,-38.17,31.5,254.75,254.75,76.05,66.73,-9.86,0.0,0.0,6296994451.0,0.0983,0.0,0.0,9.1295,0.0,0.0,0.0,0.0,0.0,3680,57488180883
030520,한컴,0.8,0.52,0.0,11.05,1.12,432.9,54.02,176.94,176.94,64.93,-2.42,-36.54,0.0,0.0,391669684818.0,0.4626,0.0,0.0,1.6389,0.0,21.69,0.0,0.0,0.0,26550,641920000000
030530,원익홀딩스,10.79,7.35,0.0,10.86,16.92,916.84,46.85,98.36,98.36,68.09,30.71,5.74,0.0,0.0,844363923723.0,0.4342,0.0,0.0,0.4555,0.0,10.96,0.0,0.0,0.0,4980,384637380191
030720,동원수산,12.89,7.28,0.0,4.31,5.08,62.27,77.03,206.98,206.98,56.49,-0.52,397.51,0.0,0.0,144619089023.0,1.4327,0.0,0.0,0.3006,0.0,14.03,0.0,0.0,0.0,9350,43472324723
030790,비케이탑스,-679.22,-31.6,0.0,-41.69,-137.76,-103.37,2049.24,55.49,55.49,4.65,151.55,-202.49,0.0,0.0,24797884616.0,0.2294,0.0,0.0,0.0,0.0,0.0,0.0,0.0,0.0,0,0
030960,양지사,0.7,0.63,0.0,-4.64,2.97,-20.61,10.83,737.47,737.47,90.23,-9.11,-224.45,0.0,0.0,44398508791.0,0.2114,0.0,0.0,3.3495,0.0,0.0,0.0,0.0,0.0,9310,148712831858
031310,아이즈비전,12.35,8.3,0.0,5.92,14.16,85.89,48.75,181.75,181.75,67.23,7.22,50.7,0.0,0.0,145025330102.0,0.5864,0.0,0.0,0.9079,0.0,24.77,0.0,0.0,0.0,4420,131669473684
031330,에스에이엠티,19.27,10.72,0.0,3.78,2.69,844.7,79.79,209.48,209.48,55.62,79.93,147.39,0.0,0.0,2231975831703.0,3.9776,0.0,0.0,0.1992,0.0,8.21,0.0,0.0,0.0,4445,444500000000
031430,신세계인터내셔날,11.48,7.13,0.0,6.34,5.7,919.71,61.07,225.62,225.62,62.08,9.45,172.39,0.0,0.0,1450778572821.0,1.2516,0.0,0.0,3.5088,0.0,60.13,0.0,0.0,0.0,145500,5090484764542
031440,신세계푸드,0.85,0.27,0.0,2.2,0.18,293.05,208.78,153.44,153.44,32.39,7.47,278.59,0.0,0.0,1332888777210.0,1.5156,0.0,0.0,0.0,0.0,0.0,0.0,0.0,0.0,81900,0
031510,오스템,-11.14,-5.82,0.0,-0.29,-10.9,-3.32,91.28,88.81,88.81,52.28,-12.0,-105.04,0.0,0.0,112783537605.0,0.5342,0.0,0.0,0.5818,0.0,0.0,0.0,0.0,0.0,2340,65613430127
031820,아이티센씨티에스,2.78,1.33,0.0,4.52,1.22,172.99,108.38,152.6,152.6,47.99,60.29,891.76,0.0,0.0,382500070059.0,1.0955,0.0,0.0,0.0294,0.0,11.15,0.0,0.0,0.0,930,11263682432
031860,디에이치엑스컴퍼니,-41.99,-24.74,0.0,-33.96,-63.11,-86.4,69.75,98.91,98.91,58.91,63.28,-35.84,0.0,0.0,25439380580.0,0.3919,0.0,0.0,0.1093,0.0,0.0,0.0,0.0,0.0,1030,2779365079
031980,피에스케이홀딩스,18.53,15.24,0.0,27.72,57.11,226.27,21.59,544.79,544.79,82.25,105.22,1018.25,0.0,0.0,81623934759.0,0.2669,0.0,0.0,4.7286,0.0,19.46,0.0,0.0,0.0,17900,385968750000
032040,씨앤에스자산관리,1.53,0.81,0.0,-6.28,0.56,-51.1,89.43,140.69,140.69,52.79,-3.35,-15.29,0.0,0.0,81334434507.0,1.4498,0.0,0.0,0.0,0.0,0.0,0.0,0.0,0.0,0,0
032080,아즈텍WB,10.43,7.97,0.0,-1.04,31.75,-3.77,30.74,305.04,305.04,76.49,0.85,82.33,0.0,0.0,36353883394.0,0.2512,0.0,0.0,1.9626,0.0,0.0,0.0,0.0,0.0,3315,71347274436
032190,다우데이타,18.53,1.92,0.0,19.99,13.71,13154.52,865.64,98.56,98.56,10.36,29.18,24.65,0.0,0.0,6580054062920.0,0.14,0.0,0.0,0.0879,0.0,32.47,0.0,0.0,0.0,15100,578296277915
032280,삼일,-4.4,-2.62,0.0,-3.23,-3.05,-27.59,68.09,39.26,39.26,59.49,2.3,-90.4,0.0,0.0,85368837193.0,0.8586,0.0,0.0,0.5429,0.0,0.0,0.0,0.0,0.0,2865,46348758465
032300,한국파마,11.08,4.92,0.0,6.3,8.0,50.14,125.17,381.34,381.34,44.41,11.28,8.92,0.0,0.0,79576699842.0,0.615,0.0,0.0,6.6536,0.0,119.94,0.0,0.0,0.0,48550,529469811320
032350,롯데관광개발,-380.92,-15.41,0.0,-122.58,-187.44,-1312.5,2371.97,38.05,38.05,4.05,538.49,-83.86,0.0,0.0,107071758778.0,0.0822,0.0,0.0,13.0683,0.0,0.0,0.0,0.0,0.0,17550,1399242469879
032500,케이엠더블유,-1.49,-1.02,0.0,-13.59,-1.82,-278.82,46.27,223.89,223.89,68.37,-39.39,-185.37,0.0,0.0,205159021050.0,0.5599,0.0,0.0,8.4622,0.0,0.0,0.0,0.0,0.0,41150,1736091715976
032540,TJ미디어,3.98,2.81,0.0,4.57,5.19,28.26,41.77,213.43,213.43,70.54,11.19,204.02,0.0,0.0,61854165085.0,0.5416,0.0,0.0,1.7059,0.0,49.25,0.0,0.0,0.0,5050,105517571884
032560,황금에스티,9.91,7.64,0.0,15.19,12.16,411.56,29.79,287.28,287.28,77.05,13.17,73.29,0.0,0.0,270982293281.0,0.6279,0.0,0.0,0.5303,0.0,5.9,0.0,0.0,0.0,8450,143709507042
032580,피델릭스,7.14,5.53,0.0,4.91,3.74,38.12,29.25,498.46,498.46,77.37,32.28,201.84,0.0,0.0,77636822646.0,1.4789,0.0,0.0,0.6574,0.0,16.5,0.0,0.0,0.0,1540,51035440414
032620,GC메디아이,11.25,9.12,0.0,8.92,12.18,99.73,23.35,468.09,468.09,81.07,6.64,-22.19,0.0,0.0,111761629334.0,0.7488,0.0,0.0,3.5263,0.0,42.35,0.0,0.0,0.0,7550,394102728731
032640,LG유플러스,9.1,3.74,0.0,7.07,5.23,9790.14,143.39,101.79,101.79,41.09,3.23,10.48,0.0,0.0,13851135000000.0,0.7151,0.0,0.0,0.4167,0.0,17.55,0.0,0.0,0.0,13600,5772242828552
032750,삼진,10.5,8.47,0.0,0.91,7.47,11.65,23.93,408.73,408.73,80.69,-0.18,-89.91,0.0,0.0,128730961186.0,1.1334,0.0,0.0,0.7118,0.0,97.48,0.0,0.0,0.0,10150,91634266886
032790,엠젠솔루션,17.62,10.4,0.0,0.17,10.87,1.22,69.38,185.61,185.61,59.04,41.26,146.52,0.0,0.0,72200888518.0,0.9574,0.0,0.0,1.4493,0.0,1113.91,0.0,0.0,0.0,4075,104637711864
032800,판타지오,-66.25,-35.29,0.0,7.81,-88.18,18.31,87.74,94.27,94.27,53.26,42.8,358.53,0.0,0.0,23455295407.0,0.4002,0.0,0.0,0.0568,0.0,15.69,0.0,0.0,0.0,88,1331428571
032820,우리기술,4.71,2.5,0.0,13.9,7.09,72.45,88.87,140.36,140.36,52.95,4.47,167.82,0.0,0.0,52141052240.0,0.3521,0.0,0.0,5.4843,0.0,49.08,0.0,0.0,0.0,1655,285958318965
032850,비트컴퓨터,8.3,6.82,0.0,17.59,13.43,64.09,21.63,317.58,317.58,82.22,-4.15,13.57,0.0,0.0,36433517678.0,0.5079,0.0,0.0,4.3669,0.0,26.82,0.0,0.0,0.0,9570,159101250000
032860,더라미,-45.61,-32.89,0.0,1.66,-31.29,7.84,38.67,159.93,159.93,72.11,642.29,129.26,0.0,0.0,47260489522.0,1.0511,0.0,0.0,0.6945,0.0,57.84,0.0,0.0,0.0,4060,32820359281
032940,원익,13.15,9.0,0.0,7.02,30.03,66.42,46.19,71.74,71.74,68.4,8.21,45.54,0.0,0.0,94674873475.0,0.2995,0.0,0.0,0.8453,0.0,27.08,0.0,0.0,0.0,4400,80025000000
032960,동일기연,12.67,11.72,0.0,0.29,29.75,0.75,8.07,1393.88,1393.88,92.54,3.4,-60.64,0.0,0.0,26109333285.0,0.394,0.0,0.0,9.8743,0.0,3496.49,0.0,0.0,0.0,14650,257811274509
032980,바이온,-39.47,-27.97,0.0,-38.96,-97.08,-53.03,41.08,220.35,220.35,70.88,-38.77,-859.15,0.0,0.0,13612529132.0,0.2882,0.0,0.0,0.0,0.0,0.0,0.0,0.0,0.0,0,0
033050,제이엠아이,4.99,2.31,0.0,3.06,3.92,14.82,115.55,121.59,121.59,46.39,-14.23,186.93,0.0,0.0,48406359069.0,0.5907,0.0,0.0,0.8439,0.0,57.2,0.0,0.0,0.0,1285,40851720047
033100,제룡전기,1.98,1.52,0.0,0.24,2.41,1.17,30.87,305.09,305.09,76.41,10.38,-96.9,0.0,0.0,48783124675.0,0.6302,0.0,0.0,1.7188,0.0,872.12,0.0,0.0,0.0,5220,83849337539
033130,디지틀조선,3.23,2.87,0.0,6.36,8.01,21.28,12.3,624.67,624.67,89.04,10.18,45.79,0.0,0.0,33451533740.0,0.359,0.0,0.0,3.3288,0.0,57.12,0.0,0.0,0.0,3000,111353032659
033160,엠케이전자,11.57,5.43,0.0,11.33,12.39,1085.18,112.93,76.19,76.19,46.96,9.39,-2.25,0.0,0.0,958025517025.0,0.4386,0.0,0.0,0.4744,0.0,14.86,0.0,0.0,0.0,18500,454445224719
033170,시그네틱스,13.76,9.32,0.0,7.14,6.3,192.77,47.63,196.19,196.19,67.74,33.91,233.14,0.0,0.0,269880765944.0,1.4803,0.0,0.0,0.16,0.0,5.29,0.0,0.0,0.0,2520,43182524271
033180,케이에이치필룩스,-0.4,-0.32,0.0,-5.76,-1.43,-69.2,26.24,148.39,148.39,79.21,1.16,-12221.32,0.0,0.0,120192177920.0,0.2228,0.0,0.0,0.0,0.0,0.0,0.0,0.0,0.0,0,0
033200,모아텍,-1.94,-1.8,0.0,-6.72,-5.27,-18.13,7.78,1299.35,1299.35,92.79,-1.96,36.15,0.0,0.0,26984852165.0,0.3416,0.0,0.0,2.792,0.0,0.0,0.0,0.0,0.0,8200,75342574257
033230,인성정보,1.03,0.4,0.0,0.77,0.3,19.88,157.91,159.24,159.24,38.77,6.74,-31.52,0.0,0.0,258308330450.0,1.346,0.0,0.0,0.577,0.0,134.09,0.0,0.0,0.0,2950,149047202797
033240,자화전자,7.21,4.92,0.0,4.69,6.19,163.16,46.59,163.49,163.49,68.22,15.69,184.47,0.0,0.0,347854510870.0,0.7943,0.0,0.0,1.556,0.0,41.7,0.0,0.0,0.0,25050,541245619834
033250,체시스,-6.95,-2.85,0.0,-3.85,-5.39,-16.52,143.89,67.28,67.28,41.0,-14.48,41.08,0.0,0.0,42905288601.0,0.5287,0.0,0.0,0.1871,0.0,0.0,0.0,0.0,0.0,1255,8025536480
033270,유나이티드,9.53,7.54,0.0,15.03,12.96,332.25,26.38,335.81,335.81,79.13,2.36,-17.2,0.0,0.0,221039962913.0,0.5816,0.0,0.0,3.4084,0.0,25.06,0.0,0.0,0.0,47350,753392294713
033290,로젠,14.72,6.32,0.0,13.71,9.67,923.79,132.78,117.77,117.77,42.96,58.05,13.44,0.0,0.0,673979627260.0,0.6537,0.0,0.0,0.7041,0.0,11.5,0.0,0.0,0.0,8450,474551114023
033310,엠투엔,-41.15,-29.38,0.0,-11.05,-133.49,-48.13,40.05,130.12,130.12,71.4,23.97,-153.24,0.0,0.0,43541522704.0,0.2201,0.0,0.0,10.7868,0.0,0.0,0.0,0.0,0.0,11750,469674965421
033320,제이씨현시스템,13.96,9.83,0.0,6.95,6.01,184.4,42.05,316.04,316.04,70.4,10.7,57.94,0.0,0.0,265435921149.0,1.6348,0.0,0.0,0.4997,0.0,9.8,0.0,0.0,0.0,6940,132631111111
033340,좋은사람들,-83.11,-48.49,0.0,-13.86,-44.16,-124.9,71.41,204.36,204.36,58.34,-19.58,46.49,0.0,0.0,90096812952.0,1.098,0.0,0.0,1.1352,0.0,0.0,0.0,0.0,0.0,1055,102278625954
033430,디에스티,30.08,3.7,0.0,13.91,9.12,34.97,712.71,64.17,64.17,12.3,38.99,216.2,0.0,0.0,25137171814.0,0.4057,0.0,0.0,0.0,0.0,0.0,0.0,0.0,0.0,0,0
033500,동성화인텍,18.63,8.98,0.0,8.27,7.25,301.79,107.55,132.1,132.1,48.18,-5.91,-5.62,0.0,0.0,365039209420.0,1.2382,0.0,0.0,0.9448,0.0,16.49,0.0,0.0,0.0,11500,344872364039
033530,SJG세종,-2.67,-0.91,0.0,-0.26,-0.68,-41.58,192.88,104.88,104.88,34.14,34.27,32.56,0.0,0.0,1588107771601.0,1.3457,0.0,0.0,0.1483,0.0,0.0,0.0,0.0,0.0,8710,235580028530
033540,파라텍,0.75,0.45,0.0,-0.41,0.54,-4.63,67.15,227.35,227.35,59.83,-1.75,-111.5,0.0,0.0,112946688188.0,0.8291,0.0,0.0,0.2222,0.0,0.0,0.0,0.0,0.0,2400,25094224924
033560,블루콤,0.04,0.04,0.0,1.99,0.09,14.21,12.81,250.47,250.47,88.65,33.51,133.93,0.0,0.0,71492337713.0,0.3962,0.0,0.0,2.6311,0.0,146.82,0.0,0.0,0.0,11000,188105820105
033640,네패스,-10.93,-2.64,0.0,-3.92,-6.97,-164.01,314.08,113.43,113.43,24.15,21.77,-359.82,0.0,0.0,418366537537.0,0.3787,0.0,0.0,2.1136,0.0,0.0,0.0,0.0,0.0,38350,884246255506
033780,케이티앤지,10.55,8.35,0.0,25.6,18.59,13383.83,26.37,303.1,303.1,79.13,3.42,-9.15,0.0,0.0,5228351596536.0,0.4493,0.0,0.0,1.5686,0.0,7.94,0.0,0.0,0.0,79000,8201007299270
033790,피노,10.34,8.93,0.0,17.09,19.91,19.23,15.82,433.64,433.64,86.34,-55.1,231.68,0.0,0.0,11254669398.0,0.4485,0.0,0.0,6.1376,0.0,37.69,0.0,0.0,0.0,829,69076292993
033830,티비씨,3.95,3.65,0.0,10.11,10.8,43.31,8.28,932.48,932.48,92.35,21.4,48.55,0.0,0.0,42842548188.0,0.3376,0.0,0.0,0.6161,0.0,8.34,0.0,0.0,0.0,1395,26396407185
033920,무학,-3.22,-2.48,0.0,-0.7,-12.63,-8.91,29.71,38.99,38.99,77.1,-8.92,-143.68,0.0,0.0,126928339596.0,0.1963,0.0,0.0,1.875,0.0,0.0,0.0,0.0,0.0,8350,237985516372
034020,두산에너빌리티,7.33,2.72,0.0,7.78,5.72,8778.83,169.32,83.13,83.13,37.13,23.03,752.54,0.0,0.0,11283610608993.0,0.4757,0.0,0.0,1.1581,0.0,31.87,0.0,0.0,0.0,20400,13067448727272
034120,SBS,20.07,9.9,0.0,17.09,13.42,1844.37,102.63,177.07,177.07,49.35,25.41,147.53,0.0,0.0,1078975236959.0,0.7379,0.0,0.0,0.8485,0.0,8.98,0.0,0.0,0.0,49350,915519230769
034220,LG디스플레이,9.03,3.5,0.0,7.47,4.46,22306.08,158.46,94.23,94.23,38.69,23.15,6217.12,0.0,0.0,29878043000000.0,0.7831,0.0,0.0,0.4117,0.0,16.0,0.0,0.0,0.0,24600,12300000000000
034230,파라다이스,-5.19,-2.26,0.0,-13.33,-18.96,-552.46,129.25,144.46,144.46,43.62,-8.68,35.87,0.0,0.0,414466172837.0,0.1194,0.0,0.0,3.3411,0.0,0.0,0.0,0.0,0.0,14950,1384780392156
034300,신세계건설,11.57,3.16,0.0,3.06,2.08,384.4,266.59,70.81,70.81,27.28,31.36,86.22,0.0,0.0,1256750439597.0,1.516,0.0,0.0,0.0,0.0,0.0,0.0,0.0,0.0,0,0
034310,NICE,7.65,3.28,0.0,0.0,0.0,1442.69,133.54,112.34,112.34,42.82,0.0,-5.8,0.0,0.0,0.0,0.0,0.0,0.0,0.0,0.0,16.3,0.0,0.0,0.0,16000,588121212121
034590,인천도시가스,1.94,1.03,0.0,0.63,0.74,32.0,88.39,190.72,190.72,53.08,-0.06,-70.29,0.0,0.0,504206280651.0,1.3983,0.0,0.0,0.2356,0.0,89.98,0.0,0.0,0.0,27150,118787617260
034730,SK,8.72,3.46,0.0,5.02,5.82,49355.39,152.24,109.38,109.38,39.64,21.66,6518.63,0.0,0.0,98325016000000.0,0.5945,0.0,0.0,0.1851,0.0,23.91,0.0,0.0,0.0,251000,18198190825688
034810,해성산업,6.34,3.51,0.0,4.99,4.34,934.14,80.42,137.61,137.61,55.43,290.68,304.98,0.0,0.0,1872899717019.0,0.8095,0.0,0.0,0.2327,0.0,15.71,0.0,0.0,0.0,13800,435883495145
034940,조아제약,-16.62,-9.99,0.0,-12.17,-13.97,-70.03,66.4,191.67,191.67,60.09,-11.93,-292.63,0.0,0.0,57560933140.0,0.7149,0.0,0.0,0.4044,0.0,0.0,0.0,0.0,0.0,3760,23276190476
034950,한국기업평가,22.18,16.58,0.0,34.65,25.59,362.19,33.78,378.98,378.98,74.75,9.01,10.73,0.0,0.0,104519672283.0,0.6478,0.0,0.0,3.3363,0.0,10.75,0.0,0.0,0.0,76800,348707514450
035000,HS애드,10.74,3.06,0.0,4.85,3.77,222.48,250.51,130.91,130.91,28.53,22.07,-11.97,0.0,0.0,458497770493.0,0.8116,0.0,0.0,0.2492,0.0,23.28,0.0,0.0,0.0,7050,114247278382
035080,그래디언트,-0.78,-0.28,0.0,0.08,-0.15,24.88,180.81,125.13,125.13,35.61,9.84,153.72,0.0,0.0,3115778496432.0,1.8835,0.0,0.0,0.0199,0.0,453.07,0.0,0.0,0.0,5420,61949331103
035150,백산,13.02,5.8,0.0,6.26,5.16,232.45,124.58,141.56,141.56,44.53,-3.14,487.81,0.0,0.0,371076932571.0,1.1239,0.0,0.0,0.4385,0.0,14.88,0.0,0.0,0.0,8230,162705432780
035200,프럼파스트,5.88,5.24,0.0,7.9,7.22,23.35,12.25,690.2,690.2,89.08,17.13,54.86,0.0,0.0,29564006703.0,0.7261,0.0,0.0,2.0014,0.0,27.24,0.0,0.0,0.0,6410,59169230769
035250,강원랜드,-0.33,-0.28,0.0,-6.68,-1.34,-526.95,17.66,326.99,326.99,84.99,64.74,87.79,0.0,0.0,788432829925.0,0.206,0.0,0.0,6.5259,0.0,0.0,0.0,0.0,0.0,24050,5145222525597
035290,골드앤에스,5.08,2.95,0.0,10.04,5.71,13.56,72.28,338.93,338.93,58.05,226.35,160.17,0.0,0.0,13506638600.0,0.5166,0.0,0.0,0.461,0.0,12.68,0.0,0.0,0.0,1305,6226640159
035420,NAVER,68.58,48.91,0.0,19.44,241.69,13254.78,40.22,140.9,140.9,71.32,28.53,9.06,0.0,0.0,6817599707250.0,0.2024,0.0,0.0,8.443,0.0,50.72,0.0,0.0,0.0,378500,57560954377880
035460,기산텔레콤,-1.97,-0.96,0.0,-1.6,-1.1,-9.93,104.75,216.73,216.73,48.84,-10.08,-334.6,0.0,0.0,61875159635.0,0.8765,0.0,0.0,0.6292,0.0,0.0,0.0,0.0,0.0,2610,38932500000
035510,신세계I&C,14.12,11.01,0.0,6.75,7.41,355.27,28.17,256.01,256.01,78.02,9.53,18.38,0.0,0.0,526089047774.0,1.4856,0.0,0.0,5.2756,0.0,80.31,0.0,0.0,0.0,198500,2775434131736
035600,KG이니시스,12.1,4.34,0.0,10.54,6.14,1066.47,178.68,100.41,100.41,35.88,24.91,8.82,0.0,0.0,1011974554186.0,0.7076,0.0,0.0,0.5173,0.0,13.51,0.0,0.0,0.0,19000,523539486203
035610,솔본,13.59,11.7,0.0,15.63,29.91,156.63,16.1,424.12,424.12,86.13,22.14,115.39,0.0,0.0,100199408929.0,0.3913,0.0,0.0,1.5144,0.0,11.95,0.0,0.0,0.0,5550,151744047619
035620,바른손이앤에이,7.8,6.06,0.0,0.0,0.0,-13.22,28.79,56.93,56.93,77.65,0.0,44.83,0.0,0.0,0.0,0.0,0.0,0.0,0.0,0.0,0.0,0.0,0.0,0.0,1920,35708154506
035720,카카오,12.09,7.2,0.0,0.0,0.0,5878.84,67.92,143.22,143.22,59.55,0.0,30.49,0.0,0.0,0.0,0.0,0.0,0.0,0.0,0.0,100.45,0.0,0.0,0.0,112500,49835499316005
035760,CJ ENM,5.41,2.87,0.0,8.36,6.41,2968.76,88.91,114.44,114.44,52.93,4.75,9.12,0.0,0.0,3552396542302.0,0.4474,0.0,0.0,0.8568,0.0,22.84,0.0,0.0,0.0,138800,3043773451327
035810,이지홀딩스,0.99,0.4,0.0,5.06,0.46,1004.17,148.69,119.02,119.02,40.21,23.36,113.76,0.0,0.0,1984045508989.0,0.8576,0.0,0.0,0.1307,0.0,16.36,0.0,0.0,0.0,4020,259393965517
035890,서희건설,20.58,9.03,0.0,15.55,10.32,2067.9,128.0,130.42,130.42,43.86,4.04,18.55,0.0,0.0,1329960715695.0,0.8746,0.0,0.0,0.2591,0.0,5.79,0.0,0.0,0.0,1660,344613100436
035900,JYP Ent.,26.93,21.27,0.0,29.86,34.81,579.04,26.64,272.9,272.9,78.97,34.28,31.19,0.0,0.0,193899561773.0,0.6109,0.0,0.0,9.2911,0.0,32.27,0.0,0.0,0.0,50700,1801535759096
036000,예림당,-6.65,-5.59,0.0,8.14,-48.37,22.93,18.98,395.77,395.77,84.05,15.72,350.72,0.0,0.0,28189131111.0,0.1156,0.0,0.0,2.0186,0.0,41.78,0.0,0.0,0.0,2470,56902730375
036010,아비코전자,3.51,2.61,0.0,2.07,2.51,30.55,34.37,328.66,328.66,74.42,18.98,260.31,0.0,0.0,147677122947.0,1.0422,0.0,0.0,1.107,0.0,65.39,0.0,0.0,0.0,12300,163476595744
036030,케이티알파,-4.08,-2.28,0.0,0.89,-1.89,41.84,79.44,163.88,163.88,55.73,34.97,-64.58,0.0,0.0,471476715425.0,1.2041,0.0,0.0,0.7547,0.0,126.48,0.0,0.0,0.0,7260,355809584664
036090,위지트,8.03,6.47,0.0,0.31,32.51,0.95,24.1,150.91,150.91,80.58,3.67,106.7,0.0,0.0,31161255660.0,0.1991,0.0,0.0,2.2392,0.0,1053.25,0.0,0.0,0.0,1640,69776779026
036120,서울평가정보,19.9,15.42,0.0,20.13,11.63,101.4,29.1,426.63,426.63,77.46,-1.09,22.21,0.0,0.0,50369344431.0,1.3252,0.0,0.0,2.329,0.0,12.41,0.0,0.0,0.0,3335,117311557788
036170,에이치엠넥스,1.44,1.41,0.0,8.29,9.57,13.14,2.7,5904.06,5904.06,97.37,16.83,232.49,0.0,0.0,15858694120.0,0.1469,0.0,0.0,5.6678,0.0,70.55,0.0,0.0,0.0,1465,89883187772
036180,지더블유바이텍,-25.53,-12.88,0.0,-3.43,-9.51,-18.04,98.17,271.62,271.62,50.46,0.15,-5860.55,0.0,0.0,52573686378.0,1.3544,0.0,0.0,0.0,0.0,0.0,0.0,0.0,0.0,0,0
036190,금화피에스시,8.43,7.52,0.0,10.73,9.69,256.17,12.16,674.41,674.41,89.16,1.45,-5.1,0.0,0.0,238745391815.0,0.7758,0.0,0.0,0.8004,0.0,8.76,0.0,0.0,0.0,31850,191100000000
036200,유니셈,20.85,16.38,0.0,14.76,12.89,436.89,27.26,369.99,369.99,78.58,37.63,35.58,0.0,0.0,296076523708.0,1.271,0.0,0.0,1.5121,0.0,11.39,0.0,0.0,0.0,14600,447690265486
036220,오상헬스케어,0.83,0.78,0.0,-5.35,1.11,-70.84,6.1,1082.31,1082.31,94.25,-48.7,-104.41,0.0,0.0,132326879204.0,0.6988,0.0,0.0,0.0,0.0,0.0,0.0,0.0,0.0,0,0
036420,콘텐트리중앙,-7.14,-2.22,0.0,-8.47,-7.36,-573.66,221.82,109.13,109.13,31.07,87.97,2.5,0.0,0.0,677129957301.0,0.3015,0.0,0.0,1.5545,0.0,0.0,0.0,0.0,0.0,54600,1052611940298
036460,한국가스공사,10.58,2.21,0.0,4.5,3.5,12396.99,378.87,93.77,93.77,20.88,32.1,37.92,0.0,0.0,27520756430324.0,0.6302,0.0,0.0,0.1312,0.0,30.78,0.0,0.0,0.0,39100,3609415487316
036480,대성미생물,2.34,1.38,0.0,1.4,3.61,3.37,69.23,446.35,446.35,59.09,-3.24,-84.62,0.0,0.0,23997251522.0,0.3832,0.0,0.0,2.2735,0.0,237.83,0.0,0.0,0.0,14350,54557507987
036530,SNT홀딩스,8.53,6.4,0.0,8.94,10.81,1255.67,33.27,321.8,321.8,75.04,-2.21,-1.2,0.0,0.0,1404072098504.0,0.5919,0.0,0.0,0.2044,0.0,7.0,0.0,0.0,0.0,17600,286935659760
036540,SFA반도체,12.94,8.48,0.0,10.37,8.59,664.96,52.49,262.22,262.22,65.58,11.87,93.97,0.0,0.0,641108819687.0,0.9872,0.0,0.0,1.9726,0.0,22.38,0.0,0.0,0.0,7690,1264667719298
036560,KZ정밀,3.68,3.11,0.0,10.84,14.93,85.33,18.28,467.92,467.92,84.55,-13.32,-17.43,0.0,0.0,78742909156.0,0.2081,0.0,0.0,1.8119,0.0,23.57,0.0,0.0,0.0,9060,142674858528
036570,NC,12.56,8.64,0.0,16.25,17.14,3752.13,45.4,369.72,369.72,68.78,-4.44,-54.51,0.0,0.0,2308817408865.0,0.5039,0.0,0.0,5.9999,0.0,40.73,0.0,0.0,0.0,643000,13852711804008
036580,팜스코,0.68,0.19,0.0,2.35,0.14,361.28,252.79,80.7,80.7,28.35,15.21,-9.03,0.0,0.0,1536856092415.0,1.3875,0.0,0.0,0.1465,0.0,28.2,0.0,0.0,0.0,6130,225129388560
036620,감성코퍼레이션,0.97,0.63,0.0,2.37,0.57,11.6,53.27,247.64,247.64,65.24,197.64,122.63,0.0,0.0,48936589545.0,1.0961,0.0,0.0,4.0579,0.0,184.55,0.0,0.0,0.0,2210,198578013245
036630,세종텔레콤,8.4,6.28,0.0,-2.55,10.96,-75.34,33.76,378.39,378.39,74.76,5.82,-410.77,0.0,0.0,295682604822.0,0.5731,0.0,0.0,0.028,0.0,0.0,0.0,0.0,0.0,592,8288000000
036640,HRS,20.93,17.25,0.0,21.34,24.77,179.42,21.35,373.53,373.53,82.4,24.71,74.24,0.0,0.0,84061099648.0,0.6964,0.0,0.0,1.4069,0.0,7.78,0.0,0.0,0.0,7230,118269416498
036670,삼양케이씨아이,12.3,10.43,0.0,15.27,12.46,124.43,17.92,377.47,377.47,84.8,11.26,-11.7,0.0,0.0,81501152546.0,0.837,0.0,0.0,1.2113,0.0,9.12,0.0,0.0,0.0,9180,98724951644
036690,코맥스,-25.93,-12.1,0.0,-8.62,-9.99,-121.84,114.34,143.9,143.9,46.66,8.46,-13036.31,0.0,0.0,141425991081.0,1.2107,0.0,0.0,1.7068,0.0,0.0,0.0,0.0,0.0,5540,241378856152
036710,심텍홀딩스,22.99,10.9,0.0,12.5,7.8,1707.58,110.89,84.11,84.11,47.42,13.68,93.22,0.0,0.0,1366128529444.0,1.3973,0.0,0.0,0.1839,0.0,4.48,0.0,0.0,0.0,4755,251196750902
036800,나이스정보통신,14.27,4.83,0.0,6.98,5.91,468.23,195.61,126.68,126.68,33.83,29.1,27.5,0.0,0.0,670455156708.0,0.8168,0.0,0.0,2.0017,0.0,40.26,0.0,0.0,0.0,29500,1342053333333
036810,에프에스티,13.52,8.16,0.0,10.59,13.21,226.36,65.73,147.46,147.46,60.34,28.59,-8.88,0.0,0.0,213658265007.0,0.6177,0.0,0.0,2.5688,0.0,30.31,0.0,0.0,0.0,25350,548841635687
036830,솔브레인홀딩스,2.72,1.97,0.0,13.05,7.19,544.42,37.94,118.1,118.1,72.49,76.97,228.45,0.0,0.0,417194970875.0,0.2738,0.0,0.0,1.7004,0.0,20.73,0.0,0.0,0.0,34600,709418764302
036890,진성티이씨,10.14,4.73,0.0,5.77,3.9,252.93,114.08,139.43,139.43,46.71,40.83,9.91,0.0,0.0,438323707778.0,1.215,0.0,0.0,0.5202,0.0,16.62,0.0,0.0,0.0,10350,228019691119
036930,주성엔지니어링,39.36,20.44,0.0,27.2,38.56,1026.11,92.6,170.66,170.66,51.92,218.27,509.9,0.0,0.0,377294631076.0,0.53,0.0,0.0,2.5871,0.0,12.85,0.0,0.0,0.0,21000,976108474576
037030,파워넷,2.82,1.51,0.0,2.63,1.14,54.62,86.43,181.47,181.47,53.64,41.22,-17.17,0.0,0.0,207856484629.0,1.3227,0.0,0.0,0.6821,0.0,39.29,0.0,0.0,0.0,5560,141788449848
037070,파세코,18.83,13.45,0.0,10.06,8.4,228.64,39.97,204.3,204.3,71.45,14.68,35.49,0.0,0.0,227184947641.0,1.6012,0.0,0.0,1.9632,0.0,21.28,0.0,0.0,0.0,22300,446000000000
037230,한국팩키지,-0.65,-0.28,0.0,-3.74,-0.9,-21.04,134.07,81.74,81.74,42.72,-0.48,-204.51,0.0,0.0,56223518386.0,0.309,0.0,0.0,2.4413,0.0,0.0,0.0,0.0,0.0,4610,137256718528
037270,YG PLUS,15.52,10.14,0.0,16.57,14.66,255.71,53.12,200.19,200.19,65.31,44.02,316.57,0.0,0.0,154302563674.0,0.6916,0.0,0.0,3.2925,0.0,22.89,0.0,0.0,0.0,7980,508043478260
037330,인지디스플레,0.02,0.01,0.0,0.39,0.01,24.13,143.14,65.13,65.13,41.13,3.45,-93.03,0.0,0.0,617204053099.0,1.2678,0.0,0.0,0.2136,0.0,173.39,0.0,0.0,0.0,3005,131834958217
037340,에이치씨코퍼레이션,33.33,19.09,0.0,15.47,15.78,30.28,74.59,241.72,241.72,57.28,-6.04,0.99,0.0,0.0,19572103854.0,1.2094,0.0,0.0,0.0,0.0,0.0,0.0,0.0,0.0,0,0
037350,성도이엔지,7.93,4.58,0.0,3.04,3.66,168.84,73.32,187.64,187.64,57.7,3.37,-12.28,0.0,0.0,555617543445.0,1.2516,0.0,0.0,0.1549,0.0,16.22,0.0,0.0,0.0,5660,86074431057
037370,EG,7.24,2.92,0.0,7.92,4.44,75.77,148.24,165.03,165.03,40.28,112.38,216.34,0.0,0.0,95693333644.0,0.6572,0.0,0.0,1.2154,0.0,26.82,0.0,0.0,0.0,13500,116301939058
037400,우리엔터프라이즈,21.94,7.45,0.0,2.82,3.48,442.25,194.59,118.19,118.19,33.95,-4.8,9.76,0.0,0.0,1567879463099.0,2.1419,0.0,0.0,0.0457,0.0,12.55,0.0,0.0,0.0,2730,71705696202
037440,희림,9.84,3.55,0.0,3.91,2.91,82.84,177.14,139.4,139.4,36.08,4.03,-9.42,0.0,0.0,212092470146.0,1.2183,0.0,0.0,0.4502,0.0,24.96,0.0,0.0,0.0,6860,95492488262
037460,삼지전자,14.4,7.51,0.0,3.73,2.45,931.44,91.72,192.78,192.78,52.16,57.29,93.74,0.0,0.0,2500016130715.0,3.0628,0.0,0.0,0.08,0.0,6.34,0.0,0.0,0.0,12250,199897727272
037560,LG헬로비전,0.0,1.81,0.0,4.12,2.49,444.92,0.0,162.28,162.28,0.0,2.1,30.28,0.0,0.0,1080132280928.0,0.7258,0.0,0.0,0.3987,0.0,28.46,0.0,0.0,0.0,5560,430637416209
037640,지에스엔텍,-15.55,-5.24,0.0,-10.52,-15.96,-137.79,196.41,54.29,54.29,33.74,-25.18,22.04,0.0,0.0,130965632752.0,0.3286,0.0,0.0,0.0,0.0,0.0,0.0,0.0,0.0,0,0
037710,광주신세계,7.03,6.15,0.0,35.65,30.82,605.94,14.28,234.16,234.16,87.51,15.23,25.43,0.0,0.0,169971621252.0,0.1994,0.0,0.0,8.123,0.0,24.54,0.0,0.0,0.0,181000,1380673854447
037760,쎄니트,10.42,5.32,0.0,5.79,7.51,73.01,96.03,117.05,117.05,51.01,34.21,818.14,0.0,0.0,126055102040.0,0.7074,0.0,0.0,0.5527,0.0,21.5,0.0,0.0,0.0,2060,69670146137
038010,제일테크노스,1.03,0.46,0.0,0.4,0.42,7.15,123.01,93.36,93.36,44.84,31.81,128.53,0.0,0.0,179327760007.0,1.1068,0.0,0.0,0.3267,0.0,207.05,0.0,0.0,0.0,6510,58578142076
038060,루멘스,-39.88,-16.11,0.0,0.46,-17.07,7.91,147.59,127.87,127.87,40.39,-16.04,166.92,0.0,0.0,172339104209.0,0.9434,0.0,0.0,0.338,0.0,211.38,0.0,0.0,0.0,1210,58254060324
038070,서린바이오,20.61,11.55,0.0,8.99,19.54,72.57,78.51,406.51,406.51,56.02,24.02,62.32,0.0,0.0,80716293235.0,0.591,0.0,0.0,2.4579,0.0,35.61,0.0,0.0,0.0,21350,198389269406
038110,에코플라스틱,4.21,0.79,0.0,1.04,0.36,157.75,429.57,66.62,66.62,18.88,17.47,587.66,0.0,0.0,1517574986027.0,2.2203,0.0,0.0,0.0792,0.0,42.77,0.0,0.0,0.0,2920,120226680040
038160,팍스넷,44.39,-40.18,0.0,-120.02,-207.48,-58.3,-210.49,31.46,31.46,-90.51,-52.67,31.33,0.0,0.0,4857559203.0,0.1936,0.0,0.0,0.0,0.0,0.0,0.0,0.0,0.0,0,0
038290,마크로젠,1.14,0.77,0.0,9.13,1.79,117.93,48.99,130.92,130.92,67.12,14.72,64.67,0.0,0.0,129174635687.0,0.4289,0.0,0.0,2.4758,0.0,35.52,0.0,0.0,0.0,29500,319813084112
038390,레드캡투어,6.79,2.47,0.0,8.94,5.28,204.69,174.94,27.65,27.65,36.37,-0.24,1.85,0.0,0.0,228932661347.0,0.4675,0.0,0.0,1.5191,0.0,32.21,0.0,0.0,0.0,20800,347772681954
038460,바이오스마트,0.69,0.28,0.0,4.25,0.34,80.32,146.48,130.07,130.07,40.57,13.67,775.15,0.0,0.0,189183025056.0,0.8376,0.0,0.0,0.7629,0.0,34.68,0.0,0.0,0.0,5710,144330258302
038500,삼표시멘트,3.1,1.44,0.0,9.26,3.57,526.71,115.27,63.8,63.8,46.45,4.76,-14.6,0.0,0.0,568987710995.0,0.4029,0.0,0.0,0.8971,0.0,24.05,0.0,0.0,0.0,4730,510463543003
038530,케이바이오랩스,-30.91,-22.28,0.0,-54.81,-223.18,-47.8,38.75,266.92,266.92,72.07,69.5,-447.38,0.0,0.0,8722064109.0,0.0998,0.0,0.0,3.8345,0.0,0.0,0.0,0.0,0.0,1290,33444444444
038540,상상인,12.76,1.78,0.0,23.22,17.97,1321.3,616.75,77.1,77.1,13.95,25.29,40.48,0.0,0.0,569033843506.0,0.099,0.0,0.0,0.807,0.0,40.89,0.0,0.0,0.0,8300,459200000000
038620,위즈코프,-7.57,-6.66,0.0,2.29,-16.19,8.12,13.8,1414.05,1414.05,87.87,25.78,-3.45,0.0,0.0,35478283378.0,0.411,0.0,0.0,1.0295,0.0,57.87,0.0,0.0,0.0,2410,36526562500
038680,에스넷,-11.46,-3.54,0.0,-0.39,-2.48,-12.43,224.05,114.4,114.4,30.86,0.1,-129.69,0.0,0.0,321223558832.0,1.4269,0.0,0.0,0.5409,0.0,0.0,0.0,0.0,0.0,8730,173735643564
038870,에코심플렉스,8.01,6.0,0.0,5.11,36.01,8.24,33.53,168.33,168.33,74.89,-11.34,-43.3,0.0,0.0,16116313166.0,0.1667,0.0,0.0,6.2881,0.0,152.53,0.0,0.0,0.0,7220,101340251228
038880,아이에이,7.91,5.6,0.0,8.25,11.32,67.01,41.28,186.42,186.42,70.78,38.97,53.85,0.0,0.0,81228449889.0,0.4943,0.0,0.0,0.0967,0.0,8.34,0.0,0.0,0.0,1045,7858670988
038950,파인디지털,2.34,2.04,0.0,2.46,2.22,24.66,14.68,846.94,846.94,87.2,-4.0,-28.06,0.0,0.0,100334206436.0,0.9209,0.0,0.0,0.6675,0.0,32.81,0.0,0.0,0.0,6560,66973268921
039010,현대에이치티,9.72,7.9,0.0,5.06,9.42,48.51,22.97,284.55,284.55,81.32,-7.48,-43.76,0.0,0.0,95928421882.0,0.8388,0.0,0.0,0.8584,0.0,21.38,0.0,0.0,0.0,9550,82340551181
039020,이건홀딩스,4.88,2.08,0.0,8.15,3.04,386.82,134.26,67.0,67.0,42.69,14.84,414.85,0.0,0.0,474876484190.0,0.6854,0.0,0.0,0.252,0.0,13.36,0.0,0.0,0.0,5300,119683636363
039030,이오테크닉스,14.92,12.78,0.0,19.99,18.51,781.36,16.76,459.58,459.58,85.64,20.22,103.03,0.0,0.0,390860189675.0,0.6905,0.0,0.0,3.7665,0.0,19.88,0.0,0.0,0.0,119500,1472186757425
039130,하나투어,-121.97,-16.36,0.0,-316.19,-174.99,-1272.94,645.54,96.34,96.34,13.41,-63.26,-10.82,0.0,0.0,40258281909.0,0.0935,0.0,0.0,28.7008,0.0,0.0,0.0,0.0,0.0,74600,1155443185298
039200,오스코텍,-91.67,-58.39,0.0,-719.93,-732.56,-280.97,57.0,117.64,117.64,63.69,-91.02,-1877.78,0.0,0.0,3902734752.0,0.0797,0.0,0.0,358.7736,0.0,0.0,0.0,0.0,0.0,36600,1400198002853
039230,제이앤케이인더스트리,-51.0,-32.43,0.0,-8.6,-43.65,-32122691.97,57.23,241.36,241.36,63.6,27.82,12.77,0.0,0.0,3.7338990614e+16,0.7431,0.0,0.0,0.0,0.0,0.0,0.0,0.0,0.0,0,0
039240,경남스틸,6.61,3.78,0.0,2.02,1.79,68.98,74.77,158.95,158.95,57.22,15.05,30.94,0.0,0.0,342291290905.0,2.1125,0.0,0.0,0.3747,0.0,28.64,0.0,0.0,0.0,4750,128272115882
039290,인포뱅크,13.51,9.84,0.0,2.83,6.38,39.28,37.32,175.94,175.94,72.82,15.88,560.15,0.0,0.0,138594963267.0,1.5408,0.0,0.0,1.4619,0.0,57.81,0.0,0.0,0.0,23300,202608695652
039310,세중,5.1,3.38,0.0,3.09,2.82,48.82,51.11,213.35,213.35,66.18,19.93,204.04,0.0,0.0,158089683253.0,1.1973,0.0,0.0,0.4203,0.0,22.76,0.0,0.0,0.0,3660,66449567723
039340,한국경제TV,16.36,13.29,0.0,0.0,0.0,265.35,23.1,347.82,347.82,81.23,0.0,45.93,0.0,0.0,0.0,0.0,0.0,0.0,0.0,0.0,7.47,0.0,0.0,0.0,7390,162519918699
039420,케이엘넷,14.43,12.37,0.0,13.69,13.14,67.97,16.68,408.13,408.13,85.71,17.81,42.71,0.0,0.0,49634479753.0,0.9412,0.0,0.0,1.7736,0.0,14.06,0.0,0.0,0.0,3835,88032252252
039440,에스티아이,11.89,6.89,0.0,8.0,7.26,255.66,72.61,167.34,167.34,57.94,18.73,65.89,0.0,0.0,319513983576.0,0.9486,0.0,0.0,1.0288,0.0,18.4,0.0,0.0,0.0,21200,328730864197
039560,다산네트웍스,-11.73,-6.51,0.0,-6.75,-7.22,-316.37,80.22,209.02,209.02,55.49,15.81,-445.13,0.0,0.0,469019584521.0,0.9015,0.0,0.0,0.6581,0.0,0.0,0.0,0.0,0.0,7200,308655737704
039570,HDC랩스,3.42,2.21,0.0,3.52,3.31,96.67,54.77,242.6,242.6,64.61,5.44,-36.92,0.0,0.0,274579528254.0,0.6674,0.0,0.0,1.1536,0.0,47.83,0.0,0.0,0.0,12200,316755208333
039610,화성밸브,3.07,2.27,0.0,3.65,3.32,26.26,35.46,892.04,892.04,73.82,22.12,47.95,0.0,0.0,71961904341.0,0.6836,0.0,0.0,0.8173,0.0,32.89,0.0,0.0,0.0,5650,58816399286
039670,스포츠서울,64.4,25.68,0.0,-34.71,40.07,-34.59,150.78,620.04,620.04,39.88,-21.06,37.93,0.0,0.0,9964482640.0,0.6409,0.0,0.0,0.0,0.0,0.0,0.0,0.0,0.0,0,0
039740,한국정보공학,11.87,6.62,0.0,2.02,2.84,34.72,79.23,154.53,154.53,55.79,-4.81,186.44,0.0,0.0,171847373504.0,2.3305,0.0,0.0,0.3143,0.0,24.94,0.0,0.0,0.0,6730,54010110584
039790,위노바,-129.86,-70.01,0.0,-42.03,-108.38,-36.55,85.48,165.62,165.62,53.91,13.8,-129.29,0.0,0.0,8696868019.0,0.646,0.0,0.0,0.0,0.0,0.0,0.0,0.0,0.0,0,0
039830,오로라,7.41,2.43,0.0,5.96,5.33,106.06,205.57,77.42,77.42,32.73,25.76,21.0,0.0,0.0,178075764619.0,0.4557,0.0,0.0,0.585,0.0,34.61,0.0,0.0,0.0,9680,104178881987
039840,디오,14.99,8.08,0.0,23.19,18.74,348.0,85.65,143.19,143.19,53.86,24.97,15.97,0.0,0.0,150037237084.0,0.4309,0.0,0.0,3.3393,0.0,19.01,0.0,0.0,0.0,37350,501012096774
039860,나노엔텍,13.99,11.72,0.0,14.63,20.46,52.36,19.32,518.74,518.74,83.81,21.54,53.87,0.0,0.0,35784197910.0,0.573,0.0,0.0,7.9299,0.0,56.12,0.0,0.0,0.0,7450,283764331210
039980,폴라리스AI,1.39,1.08,0.0,1.71,1.16,14.69,28.23,546.1,546.1,77.99,0.09,123.73,0.0,0.0,85919851224.0,0.9332,0.0,0.0,0.1934,0.0,25.11,0.0,0.0,0.0,1155,16613899253
040160,누리플렉스,11.08,5.4,0.0,6.44,10.21,55.12,105.33,153.84,153.84,48.7,-22.19,90.89,0.0,0.0,85582604459.0,0.5285,0.0,0.0,1.2598,0.0,34.63,0.0,0.0,0.0,8940,107813731343
040300,YTN,21.47,14.11,0.0,2.32,35.78,33.68,52.13,431.68,431.68,65.73,9.05,26.05,0.0,0.0,145150366530.0,0.3945,0.0,0.0,0.9687,0.0,79.19,0.0,0.0,0.0,2950,140610246107
040350,크레오에스지,-34.03,-21.14,0.0,-52.62,-190.57,-45.44,61.01,62.91,62.91,62.11,-12.02,10.43,0.0,0.0,8635341612.0,0.1109,0.0,0.0,2.5989,0.0,0.0,0.0,0.0,0.0,1130,22442569659
040420,정상제이엘에스,18.93,12.22,0.0,16.7,13.4,169.86,54.85,82.48,82.48,64.58,19.12,93.58,0.0,0.0,101714282687.0,0.9118,0.0,0.0,1.1207,0.0,9.04,0.0,0.0,0.0,7270,113992598967
040610,SG&G,4.65,3.5,0.0,-1.49,35.19,-5.32,33.07,78.12,78.12,75.15,-11.49,-158.29,0.0,0.0,35748782555.0,0.0993,0.0,0.0,1.136,0.0,0.0,0.0,0.0,0.0,2385,40611455108
040910,아이씨디,0.45,0.33,0.0,1.48,0.66,17.11,38.65,235.87,235.87,72.12,-62.53,-96.58,0.0,0.0,115769377778.0,0.4972,0.0,0.0,2.0175,0.0,174.48,0.0,0.0,0.0,12850,233559340659
041020,폴라리스오피스,-0.71,-0.54,0.0,0.0,0.0,23.55,32.14,125.81,125.81,75.68,0.0,129.86,0.0,0.0,0.0,0.0,0.0,0.0,0.0,0.0,60.27,0.0,0.0,0.0,2595,128926878130
041140,넥슨지티,19.37,17.22,0.0,48.68,48.3,273.01,12.5,1137.66,1137.66,88.89,101.46,775.6,0.0,0.0,56081253797.0,0.3565,0.0,0.0,0.0,0.0,0.0,0.0,0.0,0.0,0,0
041440,현대에버다임,-11.1,-7.42,0.0,-0.03,-5.77,-0.96,49.55,234.98,234.98,66.87,20.64,-103.32,0.0,0.0,317864136385.0,1.2856,0.0,0.0,0.2919,0.0,0.0,0.0,0.0,0.0,5200,92778115501
041460,한국전자인증,9.32,6.59,0.0,15.94,11.93,55.26,41.34,185.53,185.53,70.75,5.72,20.22,0.0,0.0,34664171677.0,0.5524,0.0,0.0,5.864,0.0,40.11,0.0,0.0,0.0,10700,203270194986
041510,에스엠,16.9,10.13,0.0,9.62,18.99,675.2,66.78,192.04,192.04,59.96,20.99,939.56,0.0,0.0,701563172148.0,0.5335,0.0,0.0,2.4214,0.0,32.96,0.0,0.0,0.0,74200,1698763368983
041520,이엘씨,1.19,0.98,0.0,-2.73,1.33,-50.9,21.57,493.25,493.25,82.26,-24.01,-128.66,0.0,0.0,186293002556.0,0.7331,0.0,0.0,0.5941,0.0,0.0,0.0,0.0,0.0,9080,110672597864
041590,플래스크,-29.81,-19.13,0.0,-17.64,-82.69,-42.46,55.8,62.78,62.78,64.18,-47.41,-777.04,0.0,0.0,24070561688.0,0.2314,0.0,0.0,2.2997,0.0,0.0,0.0,0.0,0.0,1130,55355696202
041650,상신브레이크,5.51,2.1,0.0,3.07,2.61,122.02,161.94,112.89,112.89,38.18,13.75,55.29,0.0,0.0,397023068047.0,0.8043,0.0,0.0,0.2097,0.0,31.83,0.0,0.0,0.0,3880,83240528634
041830,인바디,18.49,16.68,0.0,26.01,24.65,358.52,10.87,677.48,677.48,90.2,28.67,87.74,0.0,0.0,137836961994.0,0.6765,0.0,0.0,2.264,0.0,9.26,0.0,0.0,0.0,23150,312063538205
041910,폴라리스AI파마,5.58,5.12,0.0,6.96,11.38,42.05,8.97,931.37,931.37,91.77,-1.51,-47.57,0.0,0.0,60400509532.0,0.4495,0.0,0.0,2.1104,0.0,32.94,0.0,0.0,0.0,9600,127466666666
041920,메디아나,11.14,9.73,0.0,14.54,15.45,82.6,14.52,720.43,720.43,87.32,-15.87,-47.24,0.0,0.0,56802196319.0,0.6299,0.0,0.0,2.174,0.0,16.33,0.0,0.0,0.0,6640,123487343215
041930,SY동아,9.63,4.83,0.0,5.56,4.55,160.58,99.24,129.22,129.22,50.19,10.31,21.04,0.0,0.0,288755249257.0,1.063,0.0,0.0,0.637,0.0,19.88,0.0,0.0,0.0,12100,183929969104
041960,코미팜,-8.2,-5.15,0.0,-14.76,-16.55,-52.91,59.19,161.39,161.39,62.82,-3.53,-143.27,0.0,0.0,35847403531.0,0.311,0.0,0.0,17.7056,0.0,0.0,0.0,0.0,0.0,8590,634700429645
042000,카페24,-6.65,-4.34,0.0,-7.22,-6.53,-199.45,53.35,118.99,118.99,65.21,11.7,-338.2,0.0,0.0,276273527233.0,0.6639,0.0,0.0,2.398,0.0,0.0,0.0,0.0,0.0,27400,662502648616
042040,케이피엠테크,-44.68,-31.86,0.0,-22.42,-116.71,-80.53,40.22,73.66,73.66,71.32,55.19,4.93,0.0,0.0,35915264725.0,0.273,0.0,0.0,0.2634,0.0,0.0,0.0,0.0,0.0,1090,9460849598
042110,에스씨디,6.21,4.22,0.0,4.51,3.43,91.22,46.99,277.24,277.24,68.03,5.94,74.94,0.0,0.0,202170386377.0,1.2323,0.0,0.0,0.4323,0.0,15.33,0.0,0.0,0.0,1810,87396209386
042370,비츠로테크,7.46,5.18,0.0,8.05,7.29,260.75,43.94,254.61,254.61,69.47,5.27,-21.61,0.0,0.0,323802581306.0,0.7111,0.0,0.0,0.7395,0.0,14.52,0.0,0.0,0.0,9140,239468000000
042420,네오위즈홀딩스,13.83,11.73,0.0,7.2,38.5,193.81,17.91,518.43,518.43,84.81,-6.89,-66.44,0.0,0.0,269321818107.0,0.3046,0.0,0.0,2.9108,0.0,47.38,0.0,0.0,0.0,96300,783929752066
042500,링네트,11.63,6.63,0.0,4.95,4.04,106.22,75.33,192.02,192.02,57.04,43.71,44.47,0.0,0.0,214783844830.0,1.6427,0.0,0.0,0.6942,0.0,19.33,0.0,0.0,0.0,6690,149100000000
042510,라온시큐어,-13.65,-6.63,0.0,-2.28,-11.36,-9.89,105.8,458.48,458.48,48.59,16.68,71.95,0.0,0.0,43349961509.0,0.5834,0.0,0.0,1.0225,0.0,0.0,0.0,0.0,0.0,3990,44323404255
042520,한스바이오메드,-46.5,-17.09,0.0,-33.47,-37.44,-197.78,172.05,83.8,83.8,36.76,-26.22,-480.41,0.0,0.0,59098032809.0,0.4566,0.0,0.0,2.7386,0.0,0.0,0.0,0.0,0.0,11350,161848774509
042600,새로닉스,26.21,12.46,0.0,-0.33,15.08,-6.29,110.35,70.75,70.75,47.54,17.82,-130.8,0.0,0.0,192047433394.0,0.8265,0.0,0.0,1.7721,0.0,0.0,0.0,0.0,0.0,27400,340328530259
042660,한화오션,-76.65,-16.0,0.0,-39.11,-37.89,-17546.51,379.04,86.83,86.83,20.87,-36.18,-1243.56,0.0,0.0,4486585681366.0,0.4223,0.0,0.0,1.5742,0.0,0.0,0.0,0.0,0.0,23050,7062834318181
042670,에이치디현대인프라코어,41.45,11.87,0.0,5.76,12.36,2645.08,249.12,117.01,117.01,28.64,15.18,0.02,0.0,0.0,4593665146349.0,0.9606,0.0,0.0,0.0,0.0,0.0,0.0,0.0,0.0,0,0
042700,한미반도체,30.11,24.33,0.0,32.81,27.99,1224.19,23.78,309.55,309.55,80.79,44.98,83.68,0.0,0.0,373169401913.0,0.8693,0.0,0.0,9.6674,0.0,30.14,0.0,0.0,0.0,37850,3607559886621
042940,상지건설,-60.45,-27.0,0.0,-44.93,-144.48,-113.46,123.85,228.95,228.95,44.67,15.38,-266.07,0.0,0.0,25252398288.0,0.1869,0.0,0.0,0.3039,0.0,0.0,0.0,0.0,0.0,1125,7674708818
043090,더테크놀로지,-11.36,-6.4,0.0,-5.96,-55.92,-3.86,77.46,132.37,132.37,56.35,41.11,86.17,0.0,0.0,6474390413.0,0.1145,0.0,0.0,0.0,0.0,0.0,0.0,0.0,0.0,1615,0
043100,알파AI,-12.82,-7.38,0.0,-25.74,-17.45,-61.64,73.67,133.66,133.66,57.58,4.8,-1280.87,0.0,0.0,23951090786.0,0.423,0.0,0.0,0.8768,0.0,0.0,0.0,0.0,0.0,1040,21000000000
043150,바텍,19.46,13.19,0.0,19.33,16.34,655.31,47.59,253.16,253.16,67.76,38.75,107.5,0.0,0.0,338980362249.0,0.8071,0.0,0.0,1.5493,0.0,10.08,0.0,0.0,0.0,35350,525173138297
043200,파루,-14.26,-5.72,0.0,-7.07,-8.03,-34.59,149.44,102.41,102.41,40.09,18.27,74.98,0.0,0.0,48915234419.0,0.7116,0.0,0.0,0.4269,0.0,0.0,0.0,0.0,0.0,1000,20881670533
043220,티에스넥스젠,-14.42,-6.59,0.0,-28.68,-35.24,-53.17,118.72,136.32,136.32,45.72,-18.56,-505.02,0.0,0.0,18537583328.0,0.187,0.0,0.0,1.4278,0.0,0.0,0.0,0.0,0.0,1605,26468421052
043260,성호전자,3.41,1.59,0.0,0.92,2.38,12.3,114.08,155.47,155.47,46.71,24.28,-56.67,0.0,0.0,133217506628.0,0.6699,0.0,0.0,0.8792,0.0,181.34,0.0,0.0,0.0,1595,117126354534
043340,에쎈테크,-11.23,-3.13,0.0,-0.97,-4.79,-5.47,258.91,129.61,129.61,27.86,13.15,-166.74,0.0,0.0,56595680699.0,0.6526,0.0,0.0,0.874,0.0,0.0,0.0,0.0,0.0,1040,49463414634
043360,디지아이,-1.38,-1.26,0.0,-9.76,-4.29,-14.24,9.02,699.71,699.71,91.73,-5.67,-419.61,0.0,0.0,14589088159.0,0.2944,0.0,0.0,1.9146,0.0,0.0,0.0,0.0,0.0,3110,27932407407
043370,피에이치에이,5.82,3.93,0.0,0.71,4.05,65.84,48.21,192.61,192.61,67.47,-2.26,-53.98,0.0,0.0,927613739033.0,0.9692,0.0,0.0,0.2286,0.0,79.5,0.0,0.0,0.0,10100,212073256840
043590,웰킵스하이텍,22.06,18.91,0.0,6.22,19.03,20.62,16.67,409.51,409.51,85.71,39.27,175.74,0.0,0.0,33132709863.0,0.9934,0.0,0.0,1.0171,0.0,18.65,0.0,0.0,0.0,2485,33700684931
043610,KT지니뮤직,-4.54,-1.59,0.0,4.17,-1.94,105.02,184.97,99.11,99.11,35.09,2.04,-8.39,0.0,0.0,252006950035.0,0.8207,0.0,0.0,1.3004,0.0,50.19,0.0,0.0,0.0,5640,327716723549
043650,국순당,8.87,8.07,0.0,12.98,33.04,84.67,10.03,618.68,618.68,90.89,23.18,84.8,0.0,0.0,65221439846.0,0.2441,0.0,0.0,2.5008,0.0,22.14,0.0,0.0,0.0,9130,163108988764
043710,코스리거글로벌,-28.61,-19.28,0.0,19.18,-49.87,28.52,48.38,257.83,257.83,67.4,9.36,119.18,0.0,0.0,14873652754.0,0.3866,0.0,0.0,1.3272,0.0,11.32,0.0,0.0,0.0,1140,19739597315
043910,자연과환경,-20.88,-10.98,0.0,-11.25,-20.94,-61.95,90.21,117.06,117.06,52.57,88.88,-11.74,0.0,0.0,55056210219.0,0.5243,0.0,0.0,0.2854,0.0,0.0,0.0,0.0,0.0,1385,15711559139
044060,조광아이엘아이,2.3,1.52,0.0,16.15,6.22,50.81,51.53,94.73,94.73,65.99,-8.67,-26.82,0.0,0.0,31462800118.0,0.2443,0.0,0.0,0.0,0.0,0.0,0.0,0.0,0.0,0,0
044180,KD,-37.15,-7.1,0.0,-58.05,-73.09,-115.69,423.14,207.72,207.72,19.12,-7.01,-41.23,0.0,0.0,19927877859.0,0.0972,0.0,0.0,1.6964,0.0,0.0,0.0,0.0,0.0,1260,33804878048
044340,위닉스,10.05,4.93,0.0,6.39,4.99,255.65,104.02,105.31,105.31,49.02,4.68,-50.8,0.0,0.0,400233479027.0,0.9868,0.0,0.0,0.9112,0.0,22.35,0.0,0.0,0.0,20400,364709302325
044380,주연테크,6.88,5.22,0.0,-0.61,3.53,-5.42,31.91,571.64,571.64,75.81,40.84,-207.64,0.0,0.0,88248282788.0,1.4778,0.0,0.0,0.2048,0.0,0.0,0.0,0.0,0.0,1300,18071748878
044450,KSS해운,16.36,3.88,0.0,17.93,17.31,580.89,321.86,17.85,17.85,23.7,43.25,14.5,0.0,0.0,324001266815.0,0.224,0.0,0.0,0.8257,0.0,23.6,0.0,0.0,0.0,11850,267519114688
044480,빌리언스,-30.97,-17.85,0.0,-21.57,-123.28,-55.57,73.49,163.13,163.13,57.64,97.43,-565.88,0.0,0.0,25763954047.0,0.1448,0.0,0.0,5.2464,0.0,0.0,0.0,0.0,0.0,4060,135168292682
044490,태웅,1.5,0.93,0.0,1.58,2.22,50.77,62.33,297.29,297.29,61.6,-6.41,292.36,0.0,0.0,322331646673.0,0.4175,0.0,0.0,0.7758,0.0,107.64,0.0,0.0,0.0,12500,250080000000
044780,에이치케이,9.86,6.24,0.0,6.07,7.62,43.57,58.02,180.78,180.78,63.28,29.37,209.07,0.0,0.0,71783044048.0,0.8194,0.0,0.0,0.5472,0.0,16.4,0.0,0.0,0.0,2120,39282352941
044820,코스맥스비티아이,1.27,0.45,0.0,2.07,0.75,119.22,179.23,64.8,64.8,35.81,9.53,888.58,0.0,0.0,575998201641.0,0.6034,0.0,0.0,0.2268,0.0,62.36,0.0,0.0,0.0,13600,130620895522
044960,이글벳,8.91,6.92,0.0,10.37,9.0,41.93,28.83,320.79,320.79,77.62,0.2,19.03,0.0,0.0,40436845316.0,0.7687,0.0,0.0,2.4515,0.0,26.45,0.0,0.0,0.0,7850,99131410256
045060,오공,9.78,6.94,0.0,5.52,5.54,93.77,40.95,232.31,232.31,70.95,12.69,-5.11,0.0,0.0,169944294868.0,1.2527,0.0,0.0,0.4264,0.0,11.93,0.0,0.0,0.0,4280,72461395348
045100,한양이엔지,11.1,7.34,0.0,6.18,5.15,550.87,51.36,189.82,189.82,66.07,17.48,3.26,0.0,0.0,891031858796.0,1.4258,0.0,0.0,0.331,0.0,9.2,0.0,0.0,0.0,16850,294889018302
045300,성우테크론,9.09,6.42,0.0,12.47,12.83,54.74,41.54,187.03,187.03,70.65,15.78,26.91,0.0,0.0,43897687212.0,0.5008,0.0,0.0,1.3035,0.0,15.15,0.0,0.0,0.0,5420,57222304832
045340,토탈소프트,18.58,11.27,0.0,21.54,21.4,30.36,64.85,279.64,279.64,60.66,16.04,18.93,0.0,0.0,14091536413.0,0.5269,0.0,0.0,6.4352,0.0,33.34,0.0,0.0,0.0,10600,90682080924
045390,대아티아이,5.06,2.75,0.0,8.26,4.57,96.06,84.25,173.66,173.66,54.27,2.52,25.15,0.0,0.0,116252752112.0,0.6012,0.0,0.0,3.4432,0.0,50.87,0.0,0.0,0.0,5680,400278373983
045510,정원엔시스,2.04,0.93,0.0,0.64,0.5,10.64,119.07,147.42,147.42,45.65,-3.39,-7.11,0.0,0.0,166333184772.0,1.8605,0.0,0.0,0.4708,0.0,119.3,0.0,0.0,0.0,2485,78312500000
045520,크린앤사이언스,-16.79,-6.16,0.0,-2.21,-5.96,-26.86,172.58,142.12,142.12,36.69,-19.16,-114.21,0.0,0.0,121656086161.0,1.0332,0.0,0.0,1.0548,0.0,0.0,0.0,0.0,0.0,19700,128317327766
045660,에이텍,6.99,6.25,0.0,4.34,8.72,30.49,11.84,456.77,456.77,89.41,-28.34,-51.79,0.0,0.0,70337745219.0,0.7166,0.0,0.0,2.86,0.0,69.38,0.0,0.0,0.0,24350,201163065843
045970,코아시아,-5.95,-2.71,0.0,-3.51,-2.9,-133.47,119.67,106.91,106.91,45.52,-3.11,-25.2,0.0,0.0,380704248695.0,0.9331,0.0,0.0,0.7012,0.0,0.0,0.0,0.0,0.0,10150,266958904109
046110,한일네트웍스,11.6,7.01,0.0,10.14,7.25,130.12,65.34,128.64,128.64,60.48,9.29,30.02,0.0,0.0,128347997984.0,0.9667,0.0,0.0,0.0,0.0,0.0,0.0,0.0,0.0,0,0
046120,오르비텍,9.38,4.03,0.0,12.97,7.06,101.37,132.56,110.74,110.74,43.0,46.41,241.5,0.0,0.0,78176335981.0,0.5709,0.0,0.0,2.6512,0.0,28.14,0.0,0.0,0.0,6120,207260475161
046140,스튜디오에스,8.88,6.77,0.0,6.14,8.24,110.71,31.24,350.12,350.12,76.19,17.33,52.98,0.0,0.0,180350966371.0,0.8214,0.0,0.0,0.0,0.0,0.0,0.0,0.0,0.0,0,0
046210,HLB파나진,16.64,15.57,0.0,26.7,31.84,41.65,6.92,2951.12,2951.12,93.53,-4.09,-19.11,0.0,0.0,15600833696.0,0.4889,0.0,0.0,11.0809,0.0,42.0,0.0,0.0,0.0,3795,172871967654
046310,백금T&A,15.22,9.5,0.0,6.36,6.27,99.53,60.22,285.52,285.52,62.41,17.84,63.23,0.0,0.0,156463304257.0,1.5149,0.0,0.0,0.4353,0.0,10.74,0.0,0.0,0.0,4145,68115286624
046390,삼화네트웍스,14.53,7.93,0.0,20.5,19.47,67.5,83.19,230.8,230.8,54.59,12.38,3365.42,0.0,0.0,32924849512.0,0.4076,0.0,0.0,1.613,0.0,13.3,0.0,0.0,0.0,3075,53107058823
046400,휴스토리,160.36,-24.22,0.0,-31.51,-100.43,-8.66,-762.25,81.56,81.56,-15.1,-51.22,19.57,0.0,0.0,2747456600.0,0.2411,0.0,0.0,0.0,0.0,0.0,0.0,0.0,0.0,0,0
046440,KG파이낸셜,9.9,5.98,0.0,15.5,9.59,475.01,65.52,176.91,176.91,60.42,13.91,3.93,0.0,0.0,306463829244.0,0.6239,0.0,0.0,1.4431,0.0,13.4,0.0,0.0,0.0,12200,442268090154
046890,서울반도체,7.22,4.06,0.0,4.86,4.73,632.12,77.57,159.02,159.02,56.31,12.83,5.96,0.0,0.0,1301040816362.0,0.8599,0.0,0.0,0.6901,0.0,24.66,0.0,0.0,0.0,15400,897863821138
046940,우원개발,1.18,0.74,0.0,0.23,0.68,3.94,59.3,154.21,154.21,62.77,-44.89,-98.79,0.0,0.0,174303666003.0,1.0952,0.0,0.0,0.5036,0.0,372.87,0.0,0.0,0.0,4860,87783251231
046970,우리로,35.99,21.89,0.0,3.56,12.64,38.2,64.44,220.49,220.49,60.81,0.46,2034.84,0.0,0.0,107379819886.0,1.7312,0.0,0.0,0.7797,0.0,28.28,0.0,0.0,0.0,1910,83723915237
047040,대우건설,15.08,4.64,0.0,8.5,5.58,7383.13,225.15,141.59,141.59,30.76,6.74,32.25,0.0,0.0,8685207679669.0,0.8305,0.0,0.0,0.273,0.0,13.02,0.0,0.0,0.0,5770,2370933919736
047050,포스코인터내셔널,10.15,3.31,0.0,1.72,1.05,5853.86,206.67,126.21,126.21,32.61,58.1,23.37,0.0,0.0,33948864785000.0,3.152,0.0,0.0,0.1163,0.0,19.15,0.0,0.0,0.0,22450,3949485940409
047080,한빛소프트,8.23,3.76,0.0,0.0,0.0,-7.13,118.86,185.25,185.25,45.69,0.0,3.92,0.0,0.0,0.0,0.0,0.0,0.0,0.0,0.0,0.0,0.0,0.0,0.0,5280,130939759036
047310,파워로직스,-4.97,-2.37,0.0,-1.55,-1.17,-140.82,110.04,116.18,116.18,47.61,-2.04,46.17,0.0,0.0,908324009919.0,2.0167,0.0,0.0,0.326,0.0,0.0,0.0,0.0,0.0,8090,296149429037
047400,유니온머티리얼,0.65,0.29,0.0,-0.72,0.46,-8.49,122.54,130.67,130.67,44.94,26.47,-1000.12,0.0,0.0,118261478442.0,0.6335,0.0,0.0,1.128,0.0,0.0,0.0,0.0,0.0,3175,133403361344
047770,코데즈컴바인,12.13,8.25,0.0,11.15,17.32,42.67,47.01,140.72,140.72,68.02,17.79,16.3,0.0,0.0,38263528456.0,0.4764,0.0,0.0,2.556,0.0,28.94,0.0,0.0,0.0,2585,97802849002
047810,한국항공우주,4.11,0.91,0.0,2.27,2.08,582.59,351.29,131.46,131.46,22.16,-9.3,-58.24,0.0,0.0,2562283675152.0,0.4376,0.0,0.0,1.2345,0.0,132.53,0.0,0.0,0.0,32450,3163057557251
047820,초록뱀미디어,-6.75,-4.57,0.0,2.81,-16.75,41.9,47.59,197.11,197.11,67.75,219.01,148.76,0.0,0.0,149110041457.0,0.2729,0.0,0.0,0.5086,0.0,60.15,0.0,0.0,0.0,3100,75843700159
047920,HLB제약,-16.87,-10.36,0.0,0.77,-21.04,4.86,62.83,113.1,113.1,61.41,54.92,-53.56,0.0,0.0,62852783788.0,0.4925,0.0,0.0,7.0448,0.0,1011.92,0.0,0.0,0.0,13500,442784810126
048260,오스템임플란트,10.82,2.03,0.0,17.38,2.84,1433.31,432.13,69.78,69.78,18.79,30.55,46.11,0.0,0.0,824565660608.0,0.7159,0.0,0.0,0.0,0.0,0.0,0.0,0.0,0.0,0,0
048410,현대바이오,-32.57,-24.9,0.0,-105.72,-216.97,-97.7,30.79,209.28,209.28,76.46,-26.14,-115.2,0.0,0.0,9241494499.0,0.1148,0.0,0.0,263.6738,0.0,0.0,0.0,0.0,0.0,25250,2436740121580
048430,유라테크,2.29,1.9,0.0,0.62,1.48,11.43,20.85,373.01,373.01,82.75,2.14,155.69,0.0,0.0,184268819398.0,1.2857,0.0,0.0,0.6694,0.0,129.56,0.0,0.0,0.0,10700,123349745331
048470,대동스틸,18.91,13.39,0.0,10.63,8.78,175.83,41.27,300.6,300.6,70.79,55.53,1594.38,0.0,0.0,165415928585.0,1.5255,0.0,0.0,0.3403,0.0,5.0,0.0,0.0,0.0,5830,56289655172
048550,SM C&C,-8.82,-2.72,0.0,0.88,-6.27,12.34,223.57,115.5,115.5,30.91,7.03,128.33,0.0,0.0,139748707149.0,0.4346,0.0,0.0,3.1042,0.0,531.62,0.0,0.0,0.0,4485,433806031273
048770,TPC로보틱스,5.26,1.82,0.0,2.42,2.35,21.07,189.83,108.8,108.8,34.5,-1.82,8.04,0.0,0.0,86950519367.0,0.7714,0.0,0.0,0.6772,0.0,62.99,0.0,0.0,0.0,3755,58883716814
048830,엔피케이,4.64,2.64,0.0,3.65,3.09,23.56,76.16,103.59,103.59,56.77,4.8,362.74,0.0,0.0,64566020109.0,0.853,0.0,0.0,0.6364,0.0,31.33,0.0,0.0,0.0,2200,41091954022
048870,시너지이노베이션,6.99,4.77,0.0,16.57,11.94,134.18,46.59,122.6,122.6,68.22,17.43,17.62,0.0,0.0,80964297298.0,0.3994,0.0,0.0,4.6894,0.0,33.1,0.0,0.0,0.0,4310,379678007290
048910,대원미디어,7.19,5.2,0.0,4.09,2.85,122.52,38.27,198.75,198.75,72.32,12.62,69.51,0.0,0.0,299832921140.0,1.8268,0.0,0.0,0.892,0.0,25.54,0.0,0.0,0.0,21250,267462932454
049080,기가레인,5.86,3.69,0.0,5.72,5.09,40.99,58.86,201.83,201.83,62.95,61.76,128.38,0.0,0.0,71623429312.0,0.7248,0.0,0.0,0.2805,0.0,13.83,0.0,0.0,0.0,2365,20087901234
049120,파인디앤씨,-42.68,-16.35,0.0,-30.5,-63.85,-89.98,161.11,58.5,58.5,38.3,-48.74,-28.67,0.0,0.0,29503430084.0,0.256,0.0,0.0,0.9239,0.0,0.0,0.0,0.0,0.0,2570,27257575757
049180,셀루메드,17.19,8.75,0.0,4.75,8.44,47.46,96.46,171.34,171.34,50.9,36.52,152.29,0.0,0.0,99917911293.0,1.0368,0.0,0.0,5.5824,0.0,127.5,0.0,0.0,0.0,6700,557779980178
049430,코메론,10.95,9.98,0.0,21.36,25.63,166.21,9.73,663.8,663.8,91.13,25.29,15.79,0.0,0.0,77819354644.0,0.3894,0.0,0.0,1.2909,0.0,7.11,0.0,0.0,0.0,11100,100456324582
049470,비트플래닛,8.54,6.11,0.0,5.83,6.52,36.09,39.82,190.55,190.55,71.52,-20.64,49.54,0.0,0.0,61912188052.0,0.9368,0.0,0.0,0.3939,0.0,11.97,0.0,0.0,0.0,1035,24385227272
049480,오픈베이스,6.21,3.14,0.0,3.07,2.87,54.02,97.91,143.05,143.05,50.53,13.03,47.52,0.0,0.0,175900047481.0,1.0939,0.0,0.0,0.6944,0.0,37.34,0.0,0.0,0.0,3885,122152969247
049520,유아이엘,-11.73,-7.81,0.0,-2.49,-6.16,-66.4,50.22,209.59,209.59,66.57,-10.78,46.85,0.0,0.0,266589411851.0,1.2688,0.0,0.0,0.3152,0.0,0.0,0.0,0.0,0.0,2725,84017925736
049550,잉크테크,2.86,1.68,0.0,12.12,3.04,66.88,69.97,142.81,142.81,58.83,14.17,182.46,0.0,0.0,55167562208.0,0.5549,0.0,0.0,2.803,0.0,29.24,0.0,0.0,0.0,7890,154634957020
049630,재영솔루텍,-5.03,-1.6,0.0,-4.46,-3.22,-42.3,214.97,56.69,56.69,31.75,3.4,-164.54,0.0,0.0,94880648144.0,0.4956,0.0,0.0,0.3067,0.0,0.0,0.0,0.0,0.0,1245,29096433566
049720,고려신용정보,29.75,12.1,0.0,8.58,6.78,124.59,145.93,109.69,109.69,40.66,9.02,24.68,0.0,0.0,145222360868.0,1.7834,0.0,0.0,0.8379,0.0,13.64,0.0,0.0,0.0,8510,121677257889
049770,동원F&B,8.7,3.59,0.0,3.74,1.99,1303.86,142.32,133.18,133.18,41.27,10.11,12.11,0.0,0.0,3490623256796.0,1.8033,0.0,0.0,0.0,0.0,0.0,0.0,0.0,0.0,0,0
049800,우진플라임,27.41,8.15,0.0,7.1,9.62,166.25,236.53,78.69,78.69,29.71,14.14,76.22,0.0,0.0,233989445051.0,0.8467,0.0,0.0,0.3908,0.0,17.18,0.0,0.0,0.0,4570,91449432125
049830,승일,2.68,2.14,0.0,2.62,2.63,38.58,24.77,261.34,261.34,80.15,10.9,1103.99,0.0,0.0,147274736531.0,0.8142,0.0,0.0,0.5719,0.0,31.14,0.0,0.0,0.0,13750,84232283464
049950,미래컴퍼니,6.18,4.0,0.0,3.95,5.52,45.96,54.45,189.5,189.5,64.75,97.44,125.58,0.0,0.0,116380646887.0,0.7243,0.0,0.0,2.4739,0.0,74.97,0.0,0.0,0.0,32650,287910895660
049960,쎌바이오텍,9.73,9.2,0.0,15.48,22.15,72.57,5.8,1171.01,1171.01,94.52,2.83,97.88,0.0,0.0,46873312425.0,0.4153,0.0,0.0,3.7804,0.0,25.27,0.0,0.0,0.0,18850,177201892744
050090,비케이홀딩스,-12.14,-7.22,0.0,-32.86,-32.3,-30.96,68.19,144.85,144.85,59.46,-6.81,-125.64,0.0,0.0,9421264535.0,0.2234,0.0,0.0,2.1315,0.0,0.0,0.0,0.0,0.0,855,20081113801
050110,캠시스,-20.59,-6.6,0.0,-4.3,-4.29,-226.49,212.11,113.99,113.99,32.04,-39.3,-298.78,0.0,0.0,526215745046.0,1.5363,0.0,0.0,0.1036,0.0,0.0,0.0,0.0,0.0,1865,54518038852
050120,ES큐브,4.64,0.5,0.0,0.23,4.27,2.83,834.56,58.16,58.16,10.7,55.92,-97.25,0.0,0.0,125787292841.0,0.1162,0.0,0.0,0.5353,0.0,3652.03,0.0,0.0,0.0,4960,67330316742
050320,에스에이치엔엘,15.7,9.94,0.0,6.57,12.68,5.72,58.04,238.46,238.46,63.28,26.48,155.3,0.0,0.0,8698897055.0,0.7836,0.0,0.0,0.0,0.0,0.0,0.0,0.0,0.0,0,0
050540,엠피씨플러스,20.43,5.28,0.0,1.33,2.4,10.09,286.8,75.17,75.17,25.85,-31.38,232.23,0.0,0.0,75951207560.0,2.1966,0.0,0.0,0.0,0.0,0.0,0.0,0.0,0.0,0,0
050760,에스폴리텍,7.5,4.68,0.0,4.17,4.66,45.81,60.1,164.2,164.2,62.46,-18.84,-67.69,0.0,0.0,109764344266.0,1.004,0.0,0.0,0.5662,0.0,22.52,0.0,0.0,0.0,3810,62144321093
050860,아세아텍,4.65,3.81,0.0,5.57,4.48,59.32,21.96,411.56,411.56,81.99,-5.67,14.92,0.0,0.0,106540796260.0,0.8512,0.0,0.0,0.5832,0.0,14.27,0.0,0.0,0.0,2760,62132701421
050890,쏠리드,12.14,6.42,0.0,2.89,11.18,61.3,89.05,100.66,100.66,52.9,24.02,139.02,0.0,0.0,212258023378.0,0.5744,0.0,0.0,1.8805,0.0,93.52,0.0,0.0,0.0,6570,399157094594
050960,수산아이앤티,0.46,0.39,0.0,9.15,1.51,22.88,16.95,300.98,300.98,85.5,8.98,-22.74,0.0,0.0,25018478599.0,0.2602,0.0,0.0,4.9631,0.0,60.35,0.0,0.0,0.0,18400,124169265033
051160,지어소프트,7.54,3.49,0.0,1.76,2.11,66.61,115.71,181.15,181.15,46.36,46.24,-33.35,0.0,0.0,378603667067.0,1.6533,0.0,0.0,0.7767,0.0,62.59,0.0,0.0,0.0,19000,294062165058
051360,토비스,0.55,0.3,0.0,-0.33,0.42,-8.81,85.6,134.9,134.9,53.88,-3.43,84.23,0.0,0.0,263392928228.0,0.7135,0.0,0.0,0.3138,0.0,0.0,0.0,0.0,0.0,8570,82644741532
051370,인터플렉스,-0.13,-0.07,0.0,0.72,-0.05,31.97,98.75,109.46,109.46,50.31,38.09,111.53,0.0,0.0,446995490354.0,1.2548,0.0,0.0,0.8872,0.0,179.39,0.0,0.0,0.0,17000,396574675324
051380,피씨디렉트,24.43,13.68,0.0,5.15,3.56,188.0,78.63,219.36,219.36,55.98,16.39,173.34,0.0,0.0,364850958687.0,3.8384,0.0,0.0,0.8995,0.0,19.68,0.0,0.0,0.0,21400,328178913738
051390,YW,3.57,2.81,0.0,20.82,17.63,31.33,26.84,763.22,763.22,78.84,-9.64,-13.6,0.0,0.0,15047725520.0,0.1595,0.0,0.0,3.1745,0.0,21.62,0.0,0.0,0.0,4210,47769326683
051490,나라엠앤디,4.2,1.62,0.0,3.01,1.9,58.53,159.37,103.96,103.96,38.56,9.53,252.45,0.0,0.0,194746862228.0,0.8502,0.0,0.0,0.729,0.0,48.3,0.0,0.0,0.0,9990,141972912801
051500,CJ프레시웨이,9.08,2.56,0.0,2.43,1.36,556.29,255.04,82.62,82.62,28.17,-7.55,1668.92,0.0,0.0,2291433979355.0,1.8837,0.0,0.0,0.149,0.0,21.84,0.0,0.0,0.0,28750,341317148760
051780,큐로홀딩스,-6.02,-3.5,0.0,3.3,-3.9,20.15,71.86,149.13,149.13,58.19,78.64,712.39,0.0,0.0,61004238222.0,0.8993,0.0,0.0,0.0528,0.0,15.68,0.0,0.0,0.0,509,3220581818
051900,LG생활건강,15.66,11.4,0.0,15.94,10.64,12896.3,37.42,162.07,162.07,72.77,3.15,5.63,0.0,0.0,8091511297961.0,1.071,0.0,0.0,2.0303,0.0,14.33,0.0,0.0,0.0,1097000,16428013099041
051910,LG화학,17.04,7.73,0.0,11.78,9.27,50254.66,120.32,135.53,135.53,45.39,41.9,178.36,0.0,0.0,42654722000000.0,0.8342,0.0,0.0,1.0178,0.0,14.2,0.0,0.0,0.0,615000,43414387500000
051980,중앙첨단소재,-46.84,-33.28,0.0,-35.6,-132.1,-46.39,40.74,199.94,199.94,71.05,21.16,41.73,0.0,0.0,13031342088.0,0.2519,0.0,0.0,12.2355,0.0,0.0,0.0,0.0,0.0,1435,159444444444
052020,에스티큐브,-133.19,-83.25,0.0,-239.09,-271.64,-189.5,59.99,408.64,408.64,62.51,-21.69,-48.84,0.0,0.0,7926018248.0,0.3065,0.0,0.0,71.443,0.0,0.0,0.0,0.0,0.0,8330,566258474576
052190,세영디앤씨,-1069.0,-517.35,0.0,-222.08,-6891.26,-8.59,106.63,100.49,100.49,48.4,-56.45,81.75,0.0,0.0,386726283.0,0.0751,0.0,0.0,0.0,0.0,0.0,0.0,0.0,0.0,0,0
052220,iMBC,2.36,1.87,0.0,5.0,2.87,23.41,25.9,169.95,169.95,79.43,7.09,109.31,0.0,0.0,46832866825.0,0.653,0.0,0.0,2.4089,0.0,54.49,0.0,0.0,0.0,4905,112815000000
052260,현대바이오랜드,-9.32,-6.77,0.0,10.37,-11.37,106.57,37.81,136.93,136.93,72.56,15.64,220.26,0.0,0.0,102801832230.0,0.5951,0.0,0.0,5.0194,0.0,52.87,0.0,0.0,0.0,17200,516000000000
052300,오션인더블유,12.24,8.38,0.0,-2.34,105.8,-14.54,46.07,173.54,173.54,68.46,271.54,-143.86,0.0,0.0,62020723337.0,0.0792,0.0,0.0,0.348,0.0,0.0,0.0,0.0,0.0,1330,21581794195
052330,코텍,-4.65,-3.83,0.0,-6.89,-6.31,-146.61,21.35,330.09,330.09,82.41,14.14,-1437.28,0.0,0.0,212907743558.0,0.6077,0.0,0.0,0.8326,0.0,0.0,0.0,0.0,0.0,9980,177271864406
052420,오성첨단소재,-5.68,-3.77,0.0,4.49,-12.48,41.39,50.78,416.67,416.67,66.32,15.71,-31.77,0.0,0.0,92123812220.0,0.3021,0.0,0.0,0.2675,0.0,30.77,0.0,0.0,0.0,2530,24640409683
052460,아이크래프트,7.0,2.87,0.0,1.99,2.23,21.0,144.07,160.17,160.17,40.97,8.52,6109.18,0.0,0.0,105292847244.0,1.2848,0.0,0.0,0.6139,0.0,53.83,0.0,0.0,0.0,4425,64644025604
052600,한네트,4.07,2.92,0.0,6.35,6.18,14.65,39.5,256.37,256.37,71.68,-5.57,4.27,0.0,0.0,23084315959.0,0.4725,0.0,0.0,3.4449,0.0,63.71,0.0,0.0,0.0,6880,79522077922
052670,제일바이오,-1.91,-1.82,0.0,-10.21,-4.21,-17.26,4.9,2038.53,2038.53,95.33,-10.98,-254.05,0.0,0.0,16912382897.0,0.4319,0.0,0.0,0.0,0.0,0.0,0.0,0.0,0.0,0,0
052690,한전기술,3.2,2.33,0.0,2.34,3.8,101.28,37.41,139.7,139.7,72.78,0.33,-65.75,0.0,0.0,433126639421.0,0.6139,0.0,0.0,7.5006,0.0,339.74,0.0,0.0,0.0,85000,3248694158075
052710,아모텍,-2.52,-1.11,0.0,-11.96,-2.35,-237.47,126.33,118.41,118.41,44.18,-11.31,-380.66,0.0,0.0,198577334943.0,0.4733,0.0,0.0,2.2658,0.0,0.0,0.0,0.0,0.0,26500,449940312213
052770,아이톡시,-149.29,-61.74,0.0,-45.16,-67.16,-52.67,141.79,137.95,137.95,41.36,33.7,-7022.6,0.0,0.0,11663131542.0,0.9193,0.0,0.0,2.5784,0.0,0.0,0.0,0.0,0.0,2085,30072115384
052790,액토즈소프트,19.13,12.78,0.0,43.56,64.19,253.84,49.76,196.05,196.05,66.77,22.57,42.17,0.0,0.0,58275218642.0,0.199,0.0,0.0,3.1307,0.0,11.02,0.0,0.0,0.0,16700,182440389294
052860,아이앤씨,-12.66,-8.38,0.0,-11.6,-18.17,-34.73,51.08,137.58,137.58,66.19,30.85,38.03,0.0,0.0,29944561068.0,0.4612,0.0,0.0,2.3682,0.0,0.0,0.0,0.0,0.0,3970,70914503816
052900,KX하이텍,4.72,2.73,0.0,8.25,4.7,86.53,73.13,107.3,107.3,57.76,40.38,17.75,0.0,0.0,104897371301.0,0.5812,0.0,0.0,1.3301,0.0,24.93,0.0,0.0,0.0,1820,139527123848
053030,바이넥스,10.5,6.98,0.0,9.75,14.16,131.09,50.4,331.12,331.12,66.49,1.07,-18.78,0.0,0.0,134399279256.0,0.4932,0.0,0.0,3.6959,0.0,44.86,0.0,0.0,0.0,15200,496722063037
053050,지에스이,4.9,2.27,0.0,3.6,3.17,46.29,115.91,95.23,95.23,46.32,6.54,-10.6,0.0,0.0,128702990834.0,0.7162,0.0,0.0,0.7112,0.0,40.61,0.0,0.0,0.0,3055,91534342888
053060,세동,-4.06,-0.63,0.0,1.86,-0.52,24.68,545.61,70.02,70.02,15.49,11.11,149.74,0.0,0.0,132638578763.0,1.2009,0.0,0.0,0.1824,0.0,47.63,0.0,0.0,0.0,1370,24195704057
053080,케이엔솔,6.02,3.13,0.0,4.41,2.82,137.14,92.5,148.25,148.25,51.95,-4.83,-36.7,0.0,0.0,311097344645.0,1.1088,0.0,0.0,0.6144,0.0,23.77,0.0,0.0,0.0,14700,191132450331
053110,소리바다,184.68,-37.36,0.0,-33.81,-77.72,-37.2,-594.36,64.08,64.08,-20.23,-48.95,60.52,0.0,0.0,11002916449.0,0.4807,0.0,0.0,0.0,0.0,0.0,0.0,0.0,0.0,0,0
053160,프리엠스,2.13,1.9,0.0,3.2,4.83,8.05,12.35,976.74,976.74,89.01,37.0,284.43,0.0,0.0,25196719426.0,0.3934,0.0,0.0,4.6316,0.0,153.64,0.0,0.0,0.0,19450,116700000000
053210,케이티스카이라이프,7.73,4.88,0.0,0.0,0.0,730.19,58.28,163.61,163.61,63.18,0.0,-1.12,0.0,0.0,0.0,0.0,0.0,0.0,0.0,0.0,12.38,0.0,0.0,0.0,9140,434316788321
053260,금강철강,8.52,6.76,0.0,3.84,4.32,90.69,26.18,384.09,384.09,79.25,34.84,187.84,0.0,0.0,236219889560.0,1.5653,0.0,0.0,0.4043,0.0,13.98,0.0,0.0,0.0,5100,95493433395
053270,구영테크,4.1,1.4,0.0,1.96,1.54,39.95,192.23,74.76,74.76,34.22,3.43,35.94,0.0,0.0,203398451836.0,0.9125,0.0,0.0,0.4499,0.0,59.61,0.0,0.0,0.0,3340,91504622871
053280,예스24,5.48,3.11,0.0,1.93,2.79,125.96,76.4,61.55,61.55,56.69,6.68,24.17,0.0,0.0,653695996510.0,1.1114,0.0,0.0,0.3326,0.0,37.48,0.0,0.0,0.0,8700,217431279620
053290,NE능률,5.19,3.71,0.0,6.6,5.42,51.34,39.9,294.18,294.18,71.48,3.26,102.34,0.0,0.0,77824167015.0,0.6835,0.0,0.0,2.4172,0.0,42.97,0.0,0.0,0.0,11400,188116618075
053300,한국정보인증,6.05,4.73,0.0,19.83,21.32,116.71,27.86,324.44,324.44,78.21,28.79,11.99,0.0,0.0,58870575735.0,0.2219,0.0,0.0,4.6599,0.0,28.46,0.0,0.0,0.0,6760,274328657314
053320,제네시스디벨롭먼트홀딩스,-2.2,-2.03,0.0,-75.79,-43.43,-11.8,8.63,110.27,110.27,92.06,50.21,-25.63,0.0,0.0,1556691292.0,0.0467,0.0,0.0,0.0,0.0,0.0,0.0,0.0,0.0,0,0
053350,이니텍,4.41,3.82,0.0,-0.54,10.55,-2.71,15.36,735.69,735.69,86.68,20.23,54.8,0.0,0.0,50255619333.0,0.3618,0.0,0.0,2.349,0.0,0.0,0.0,0.0,0.0,5360,118050731707
053450,세코닉스,4.17,1.32,0.0,2.44,0.93,108.21,215.11,90.31,90.31,31.74,19.54,161.35,0.0,0.0,442672147913.0,1.4186,0.0,0.0,0.302,0.0,32.04,0.0,0.0,0.0,9040,133684144427
053580,웹케시,14.98,10.92,0.0,22.8,18.15,186.75,37.15,180.79,180.79,72.91,12.45,30.71,0.0,0.0,81898870314.0,0.6018,0.0,0.0,4.2321,0.0,20.53,0.0,0.0,0.0,26750,346603571428
053590,한국테크놀로지,-157.34,-13.72,0.0,1.6,-8.4,56.34,1046.78,89.2,89.2,8.72,9.26,8.93,0.0,0.0,353082129108.0,1.6333,0.0,0.0,0.0,0.0,0.0,0.0,0.0,0.0,0,0
053610,프로텍,18.75,16.48,0.0,28.93,27.05,503.33,13.77,533.19,533.19,87.9,101.14,226.94,0.0,0.0,173996810089.0,0.6092,0.0,0.0,1.3888,0.0,5.49,0.0,0.0,0.0,26850,241650000000
053620,태양,2.85,2.27,0.0,1.68,3.2,25.25,25.54,265.86,265.86,79.66,6.03,-72.75,0.0,0.0,150034798924.0,0.7095,0.0,0.0,0.5146,0.0,47.62,0.0,0.0,0.0,8980,77212427745
053660,현진소재,20.59,-19.17,0.0,-71.92,-87.54,-95.09,-207.4,9.24,9.24,-93.11,-1.01,32.59,0.0,0.0,13221285245.0,0.219,0.0,0.0,0.0,0.0,0.0,0.0,0.0,0.0,0,0
053690,한미글로벌,11.11,5.61,0.0,7.27,5.93,196.38,97.92,135.38,135.38,50.52,16.13,19.01,0.0,0.0,270091694797.0,0.9468,0.0,0.0,0.493,0.0,13.97,0.0,0.0,0.0,12150,133142637362
053700,삼보모터스,5.17,1.54,0.0,1.61,1.18,166.08,235.95,92.42,92.42,29.77,9.37,2.41,0.0,0.0,1029815041427.0,1.3041,0.0,0.0,0.1497,0.0,42.68,0.0,0.0,0.0,5770,154199505562
053800,안랩,16.51,12.43,0.0,11.06,20.28,229.3,32.79,297.12,297.12,75.31,16.32,14.78,0.0,0.0,207272160249.0,0.6129,0.0,0.0,5.3092,0.0,51.63,0.0,0.0,0.0,98900,1100450761421
053950,경남제약,-4.71,-2.72,0.0,-11.95,-5.28,-77.25,72.77,216.13,216.13,57.88,-8.89,-399.95,0.0,0.0,64623469015.0,0.5157,0.0,0.0,1.3418,0.0,0.0,0.0,0.0,0.0,4415,86713772455
053980,오상자이엘,7.09,4.82,0.0,6.01,5.05,54.39,46.99,153.09,153.09,68.03,31.17,193.92,0.0,0.0,90479359542.0,0.9542,0.0,0.0,1.5419,0.0,31.22,0.0,0.0,0.0,7350,139505882352
054040,한국컴퓨터,13.18,10.55,0.0,7.08,7.81,137.67,24.9,312.75,312.75,80.07,45.51,36.36,0.0,0.0,194528869906.0,1.352,0.0,0.0,0.4239,0.0,8.07,0.0,0.0,0.0,5130,82462500000
054050,NH농우바이오,2.85,2.24,0.0,5.14,5.23,68.24,27.63,291.85,291.85,78.35,2.16,62.66,0.0,0.0,132842717112.0,0.4271,0.0,0.0,1.3219,0.0,35.6,0.0,0.0,0.0,10950,175610230547
054090,삼진엘앤디,1.04,0.5,0.0,-0.36,0.45,-7.91,107.05,140.89,140.89,48.3,22.76,-136.65,0.0,0.0,221951009681.0,1.1257,0.0,0.0,0.3951,0.0,0.0,0.0,0.0,0.0,3515,87697474747
054180,메디콕스,-36.16,-23.36,0.0,-53.57,-137.19,-93.47,54.8,78.62,78.62,64.6,7.78,-115.62,0.0,0.0,17449008689.0,0.1703,0.0,0.0,0.3146,0.0,0.0,0.0,0.0,0.0,992,5489498910
054210,이랜텍,15.74,6.41,0.0,4.48,4.44,342.03,145.5,111.71,111.71,40.73,22.04,128.66,0.0,0.0,763549475313.0,1.4426,0.0,0.0,0.4107,0.0,18.34,0.0,0.0,0.0,12400,313615931721
054220,비츠로시스,-115.54,-35.51,0.0,-139.75,-131.1,-51.1,225.39,27.28,27.28,30.73,-50.85,-16.27,0.0,0.0,3656597108.0,0.2709,0.0,0.0,19.5671,0.0,0.0,0.0,0.0,0.0,5670,71549143944
054340,피앤텔,-64.98,-11.95,0.0,-5.52,-8.97,-15.83,443.69,37.3,37.3,18.39,-5.6,-190.93,0.0,0.0,28692226906.0,1.3327,0.0,0.0,0.0,0.0,0.0,0.0,0.0,0.0,0,0
054410,케이피티유,16.04,8.24,0.0,3.68,19.27,11.59,94.68,75.73,75.73,51.37,21.52,44.07,0.0,0.0,31487005476.0,0.4274,0.0,0.0,1.1505,0.0,62.14,0.0,0.0,0.0,6330,36224233576
054450,텔레칩스,6.62,3.39,0.0,5.92,5.15,80.77,95.02,213.48,213.48,51.28,35.43,195.31,0.0,0.0,136412498512.0,0.6582,0.0,0.0,1.9317,0.0,45.12,0.0,0.0,0.0,17400,263506172839
054540,삼영엠텍,-10.59,-7.01,0.0,1.18,-11.08,8.21,51.14,187.26,187.26,66.16,2.63,-9.06,0.0,0.0,69812139404.0,0.6325,0.0,0.0,0.8338,0.0,116.33,0.0,0.0,0.0,4480,58212765957
054620,APS,12.59,7.0,0.0,-10.06,59.84,-39.64,80.0,145.69,145.69,55.55,55.51,63.56,0.0,0.0,39415521257.0,0.1169,0.0,0.0,6.9315,0.0,0.0,0.0,0.0,0.0,14850,273209302325
054630,에이디칩스,-36.45,-23.82,0.0,-17.81,-50.84,-44.78,53.0,124.48,124.48,65.36,24.52,-47.25,0.0,0.0,25138690753.0,0.4685,0.0,0.0,0.0,0.0,0.0,0.0,0.0,0.0,0,0
054670,대한뉴팜,19.03,9.96,0.0,16.03,9.42,267.07,91.16,168.78,168.78,52.31,11.58,8.51,0.0,0.0,166586408636.0,1.0567,0.0,0.0,0.9389,0.0,8.67,0.0,0.0,0.0,10900,156407534246
054780,키이스트,-0.52,-0.37,0.0,2.18,-0.51,10.15,39.26,223.36,223.36,71.81,-3.29,-39.13,0.0,0.0,46525413577.0,0.7319,0.0,0.0,5.4266,0.0,266.38,0.0,0.0,0.0,12850,252475352112
054800,아이디스홀딩스,0.5,0.37,0.0,3.55,0.63,193.37,37.12,250.04,250.04,72.93,25.96,25.28,0.0,0.0,544386775822.0,0.5807,0.0,0.0,0.248,0.0,20.11,0.0,0.0,0.0,13050,135020588235
054920,한컴위드,3.92,2.46,0.0,7.96,15.3,28.4,59.28,71.06,71.06,62.78,15.43,19.77,0.0,0.0,35692585217.0,0.1608,0.0,0.0,7.5186,0.0,123.58,0.0,0.0,0.0,9510,268357607282
054930,유신,12.84,5.49,0.0,3.05,4.62,79.91,133.79,138.76,138.76,42.77,23.55,208.71,0.0,0.0,262235681971.0,1.1895,0.0,0.0,0.206,0.0,22.55,0.0,0.0,0.0,18000,54028738690
054940,엑사이엔씨,-5.55,-2.07,0.0,-1.82,-1.68,-40.13,168.09,126.24,126.24,37.3,-5.75,-514.62,0.0,0.0,220812568353.0,1.2349,0.0,0.0,0.0409,0.0,0.0,0.0,0.0,0.0,1360,9034965034
054950,제이브이엠,6.24,4.24,0.0,10.79,7.73,124.95,47.08,155.62,155.62,67.99,0.36,-20.44,0.0,0.0,115826299716.0,0.5488,0.0,0.0,1.4563,0.0,18.91,0.0,0.0,0.0,13950,168678750000
055490,테이팩스,14.4,10.46,0.0,13.72,12.21,212.54,37.7,288.55,288.55,72.62,30.44,53.55,0.0,0.0,154922980346.0,0.8568,0.0,0.0,2.5158,0.0,20.67,0.0,0.0,0.0,81400,389748059701
056000,코원플레이,-24.22,-18.1,0.0,-91.22,-81.39,-62.04,33.81,312.07,312.07,74.73,-61.16,-1858.73,0.0,0.0,6800959182.0,0.2224,0.0,0.0,0.0,0.0,0.0,0.0,0.0,0.0,0,0
056080,유진로봇,-3.67,-2.7,0.0,-23.19,-5.19,-64.13,35.66,420.75,420.75,73.71,13.59,29.52,0.0,0.0,27646299082.0,0.5208,0.0,0.0,7.6753,0.0,0.0,0.0,0.0,0.0,5550,212192402972
056090,시지메드텍,-18.12,-6.95,0.0,-2.14,-13.7,-8.16,160.84,178.31,178.31,38.34,37.01,92.45,0.0,0.0,38055373522.0,0.507,0.0,0.0,13.3626,0.0,0.0,0.0,0.0,0.0,4925,508519599666
056360,코위버,5.48,4.4,0.0,6.63,8.18,56.83,24.58,333.85,333.85,80.27,5.94,77.19,0.0,0.0,85732205955.0,0.5378,0.0,0.0,0.8535,0.0,18.41,0.0,0.0,0.0,7470,73172676579
056700,신화인터텍,1.12,0.64,0.0,0.82,0.46,20.32,74.57,105.32,105.32,57.28,-3.49,-74.95,0.0,0.0,246412910103.0,1.4057,0.0,0.0,0.3616,0.0,80.69,0.0,0.0,0.0,3055,89113049546
056730,CNT85,-27.5,-7.84,0.0,-0.56,-12.98,-2.15,250.92,53.38,53.38,28.5,4206.44,95.49,0.0,0.0,38625451420.0,0.6038,0.0,0.0,0.5949,0.0,0.0,0.0,0.0,0.0,1550,22976470588
057030,YBM넷,5.94,3.07,0.0,6.23,4.37,36.34,93.8,106.43,106.43,51.6,10.89,402.12,0.0,0.0,58331472718.0,0.7015,0.0,0.0,1.9515,0.0,42.4,0.0,0.0,0.0,6980,113832710280
057050,현대홈쇼핑,5.4,3.91,0.0,5.81,4.6,1284.87,38.14,179.17,179.17,72.39,3.93,-25.44,0.0,0.0,2209872707722.0,0.8498,0.0,0.0,0.0,0.0,0.0,0.0,0.0,0.0,0,0
057500,에스케이엔펄스,2.77,1.37,0.0,7.54,2.48,204.83,101.99,102.55,102.55,49.51,55.46,13.29,0.0,0.0,271711189393.0,0.553,0.0,0.0,0.0,0.0,0.0,0.0,0.0,0.0,0,0
057540,옴니시스템,-14.18,-11.05,0.0,-4.22,-13.62,-38.44,28.35,252.11,252.11,77.91,-7.32,-377.13,0.0,0.0,91100694010.0,0.8114,0.0,0.0,1.7796,0.0,0.0,0.0,0.0,0.0,2730,162121359223
057680,티사이언티픽,-1.42,-1.07,0.0,9.93,-31.36,10.02,33.53,96.15,96.15,74.89,5.93,38.11,0.0,0.0,10083529018.0,0.034,0.0,0.0,6.612,0.0,140.85,0.0,0.0,0.0,4225,66671965317
057880,푸른소나무,-197.62,-120.06,0.0,-101.76,-411.85,-184.73,64.6,185.22,185.22,60.75,38.46,-217.17,0.0,0.0,18152723933.0,0.2915,0.0,0.0,0.0,0.0,0.0,0.0,0.0,0.0,0,0
058110,멕아이씨에스,12.68,9.39,0.0,21.59,18.42,106.43,35.12,727.2,727.2,74.01,-27.56,-64.93,0.0,0.0,49296023356.0,0.5096,0.0,0.0,3.4495,0.0,18.34,0.0,0.0,0.0,10600,170046838407
058400,KNN,4.46,4.14,0.0,15.2,14.15,98.8,7.65,528.36,528.36,92.89,13.34,59.18,0.0,0.0,64977971322.0,0.2928,0.0,0.0,0.2822,0.0,3.45,0.0,0.0,0.0,1385,18334983221
058420,제이웨이,281.6,-312.49,0.0,-76.61,-189.51,-38.12,-190.11,29.84,29.84,-110.97,-20.29,30.36,0.0,0.0,4975972330.0,1.6489,0.0,0.0,0.0,0.0,0.0,0.0,0.0,0.0,0,0
058430,포스코스틸리온,30.6,16.83,0.0,10.63,7.32,1432.79,81.88,165.34,165.34,54.98,48.49,746.65,0.0,0.0,1347273538725.0,2.2974,0.0,0.0,2.4494,0.0,24.87,0.0,0.0,0.0,55000,3300000000000
058450,한주에이알티,-33.74,-13.6,0.0,-86.52,-80.24,-45.53,148.1,103.81,103.81,40.31,-34.7,-115.05,0.0,0.0,5262263902.0,0.1695,0.0,0.0,0.7014,0.0,0.0,0.0,0.0,0.0,685,3690732758
058470,리노공업,24.85,22.26,0.0,41.8,37.05,1171.04,11.65,729.99,729.99,89.56,39.15,50.36,0.0,0.0,280166833067.0,0.6007,0.0,0.0,53.9421,0.0,129.47,0.0,0.0,0.0,198300,15112782432432
058530,헬스커넥트,-0.98,-0.54,0.0,5.75,-2.51,15.05,80.47,268.87,268.87,55.41,30.51,857.79,0.0,0.0,26178493640.0,0.2174,0.0,0.0,0.0,0.0,0.0,0.0,0.0,0.0,0,0
058610,에스피지,11.87,6.28,0.0,5.65,5.5,235.36,89.08,169.07,169.07,52.89,17.33,30.18,0.0,0.0,416334206457.0,1.1404,0.0,0.0,0.6312,0.0,18.47,0.0,0.0,0.0,11850,262795659163
058650,세아홀딩스,4.67,2.41,0.0,5.13,2.22,3082.04,93.44,162.57,162.57,51.7,41.06,2257.1,0.0,0.0,6005522183889.0,1.0845,0.0,0.0,0.0738,0.0,10.12,0.0,0.0,0.0,104500,443282258064
058730,다스코,-0.48,-0.2,0.0,1.19,-0.16,43.13,138.16,129.56,129.56,41.99,61.98,159.91,0.0,0.0,363600169196.0,1.218,0.0,0.0,0.2716,0.0,63.05,0.0,0.0,0.0,4875,98753571428
058820,CMG제약,1.71,1.59,0.0,2.39,4.56,16.6,7.84,913.99,913.99,92.73,7.78,-8.88,0.0,0.0,69475495579.0,0.3488,0.0,0.0,8.1734,0.0,350.7,0.0,0.0,0.0,3835,567849122807
058850,KTcs,10.43,4.57,0.0,2.18,1.97,210.37,128.26,159.75,159.75,43.81,3.65,17.73,0.0,0.0,965721215198.0,2.3173,0.0,0.0,0.1108,0.0,16.22,0.0,0.0,0.0,2585,107009684684
058860,KTis,13.01,6.75,0.0,3.08,5.33,144.05,92.63,119.72,119.72,51.91,3.17,60.01,0.0,0.0,468004263986.0,1.2671,0.0,0.0,0.1888,0.0,18.46,0.0,0.0,0.0,2540,88360617760
058970,엠로,12.86,9.62,0.0,14.32,11.41,67.32,33.63,273.54,273.54,74.84,4.83,4.22,0.0,0.0,47014722809.0,0.8432,0.0,0.0,10.7039,0.0,76.84,0.0,0.0,0.0,40700,503240072202
059090,미코,5.75,3.02,0.0,19.06,5.97,696.68,90.14,153.21,153.21,52.59,30.11,58.84,0.0,0.0,365490680610.0,0.5065,0.0,0.0,1.3211,0.0,11.84,0.0,0.0,0.0,14450,482861498708
059100,아이컴포넌트,8.54,5.37,0.0,5.67,7.68,20.02,59.06,156.69,156.69,62.87,21.22,15.22,0.0,0.0,35296018927.0,0.6986,0.0,0.0,1.4848,0.0,35.56,0.0,0.0,0.0,7410,52406625577
059120,아진엑스텍,9.63,8.36,0.0,12.39,10.3,51.59,15.1,536.18,536.18,86.88,83.89,683.9,0.0,0.0,41649797849.0,0.8117,0.0,0.0,5.2535,0.0,43.72,0.0,0.0,0.0,11950,218807987711
059210,메타바이오메드,16.08,9.37,0.0,8.41,16.44,49.42,71.6,126.32,126.32,58.28,30.63,85.53,0.0,0.0,58780469815.0,0.57,0.0,0.0,1.3365,0.0,24.6,0.0,0.0,0.0,2890,78558121827
059270,해성에어로보틱스,-2.8,-2.29,0.0,-7.09,-7.52,-10.8,22.1,306.63,306.63,81.9,-9.0,-210.79,0.0,0.0,15227941611.0,0.3047,0.0,0.0,6.8527,0.0,0.0,0.0,0.0,0.0,9350,104352678571
060150,인선이엔티,7.38,5.05,0.0,16.98,10.11,418.53,46.15,140.39,140.39,68.42,18.15,-14.49,0.0,0.0,246411620542.0,0.4995,0.0,0.0,2.0524,0.0,15.81,0.0,0.0,0.0,11100,505745980707
060230,제이케이시냅스,-4.25,-2.06,0.0,-3.02,-9.24,-9.85,105.82,63.68,63.68,48.59,8.81,-327.7,0.0,0.0,32566967980.0,0.2232,0.0,0.0,0.8244,0.0,0.0,0.0,0.0,0.0,1375,26849112426
060240,스타코링크,-13.85,-11.49,0.0,-27.41,-23.6,-100.94,20.47,484.22,484.22,83.01,-29.33,-5277.98,0.0,0.0,36830817077.0,0.4871,0.0,0.0,0.0,0.0,0.0,0.0,0.0,0.0,0,0
060250,NHN KCP,18.64,7.38,0.0,5.79,4.07,431.62,152.38,134.04,134.04,39.62,19.3,8.52,0.0,0.0,745418208065.0,1.8143,0.0,0.0,1.635,0.0,33.98,0.0,0.0,0.0,30350,1218782665791
060260,뉴보텍,-64.08,-15.13,0.0,-5.33,-17.23,-25.01,323.46,84.0,84.0,23.62,10.38,36.15,0.0,0.0,46970620099.0,0.8783,0.0,0.0,0.3471,0.0,0.0,0.0,0.0,0.0,1220,16304672897
060280,큐렉소,-5.46,-3.82,0.0,-4.25,-5.47,-18.17,42.9,276.24,276.24,69.98,8.94,-449.7,0.0,0.0,42794971254.0,0.6981,0.0,0.0,7.1447,0.0,0.0,0.0,0.0,0.0,7410,305757337883
060300,레드로버,-159.33,-69.89,0.0,-33.57,-182.46,-24.13,127.99,119.33,119.33,43.86,-51.75,-2569.73,0.0,0.0,7188188777.0,0.383,0.0,0.0,0.0,0.0,0.0,0.0,0.0,0.0,0,0
060310,3S,1.9,1.27,0.0,-6.0,2.96,-14.08,49.44,114.61,114.61,66.92,3.92,-401.44,0.0,0.0,23477908383.0,0.4299,0.0,0.0,7.5132,0.0,0.0,0.0,0.0,0.0,3325,176394067796
060370,LS마린솔루션,-3.19,-2.88,0.0,-17.18,-10.65,-51.32,10.77,812.58,812.58,90.27,-42.79,-23.92,0.0,0.0,29876633529.0,0.2706,0.0,0.0,9.4419,0.0,0.0,0.0,0.0,0.0,5400,282092727272
060380,동양에스텍,25.35,12.15,0.0,9.4,7.93,227.98,108.58,143.48,143.48,47.94,29.78,395.43,0.0,0.0,242448362174.0,1.5324,0.0,0.0,0.2835,0.0,6.63,0.0,0.0,0.0,3490,68738403041
060480,국일신동,1.83,1.64,0.0,3.38,3.08,9.51,11.58,938.35,938.35,89.63,11.71,773.71,0.0,0.0,28137778587.0,0.5307,0.0,0.0,1.4788,0.0,49.56,0.0,0.0,0.0,3745,41611111111
060540,에스에이티,6.74,4.21,0.0,4.33,3.92,70.66,60.14,132.32,132.32,62.45,30.26,13.8,0.0,0.0,163095355331.0,1.0755,0.0,0.0,0.5055,0.0,19.73,0.0,0.0,0.0,3155,82440996168
060560,HC홈센타,6.88,3.44,0.0,5.1,4.21,165.74,100.25,99.97,99.97,49.94,27.0,151.67,0.0,0.0,325002404747.0,0.8164,0.0,0.0,0.0984,0.0,13.95,0.0,0.0,0.0,1260,31989964877
060570,드림어스컴퍼니,-20.22,-6.32,0.0,1.99,-6.59,48.49,220.07,115.21,115.21,31.24,7.89,140.78,0.0,0.0,244189264502.0,0.958,0.0,0.0,0.3567,0.0,54.11,0.0,0.0,0.0,5880,87111111111
060590,씨티씨바이오,-9.39,-4.74,0.0,-2.09,-5.69,-29.38,97.88,117.52,117.52,50.53,7.91,50.01,0.0,0.0,140317988434.0,0.8341,0.0,0.0,1.5605,0.0,0.0,0.0,0.0,0.0,9060,218962197092
060720,KH바텍,15.29,8.67,0.0,7.92,9.74,269.2,76.3,169.53,169.53,56.72,83.7,663.11,0.0,0.0,339842788109.0,0.89,0.0,0.0,1.8603,0.0,29.62,0.0,0.0,0.0,26700,632209783631
060850,영림원소프트랩,13.2,8.81,0.0,9.09,10.35,43.38,49.94,413.37,413.37,66.69,8.74,1.83,0.0,0.0,47705702483.0,0.8509,0.0,0.0,1.9085,0.0,25.29,0.0,0.0,0.0,11200,91045161290
060900,에이전트AI,-17.14,-6.76,0.0,9.28,-32.21,20.66,153.51,79.67,79.67,39.45,347.07,126.75,0.0,0.0,22256815806.0,0.2099,0.0,0.0,0.215,0.0,33.39,0.0,0.0,0.0,980,4785103448
060980,HL홀딩스,10.47,4.63,0.0,13.44,10.2,1398.96,126.22,91.02,91.02,44.2,41.5,54.16,0.0,0.0,1041158412406.0,0.4537,0.0,0.0,0.3998,0.0,12.13,0.0,0.0,0.0,45850,416297796817
061040,알에프텍,8.08,6.4,0.0,3.78,5.36,123.22,26.18,340.16,340.16,79.25,26.36,26.35,0.0,0.0,325824061418.0,1.195,0.0,0.0,0.1689,0.0,9.06,0.0,0.0,0.0,6080,55021487603
061250,화일약품,1.56,1.46,0.0,3.99,2.66,42.64,6.87,1232.96,1232.96,93.57,-13.45,-6.98,0.0,0.0,106989513992.0,0.5511,0.0,0.0,0.206,0.0,8.1,0.0,0.0,0.0,2620,22038823529
061970,LB세미콘,11.42,5.47,0.0,8.91,7.72,442.25,108.77,106.35,106.35,47.9,12.07,3.42,0.0,0.0,496236973449.0,0.7086,0.0,0.0,1.8854,0.0,29.41,0.0,0.0,0.0,13350,935598119858
062860,티엘아이,-7.67,-7.08,0.0,-20.96,-17.92,-64.6,8.32,826.14,826.14,92.32,-16.05,0.72,0.0,0.0,30822364661.0,0.3953,0.0,0.0,0.0,0.0,0.0,0.0,0.0,0.0,0,0
063080,컴투스홀딩스,7.93,5.18,0.0,0.0,0.0,378.09,53.11,26.15,26.15,65.31,0.0,59.6,0.0,0.0,0.0,0.0,0.0,0.0,0.0,0.0,46.71,0.0,0.0,0.0,237500,1566565809379
063160,종근당바이오,-4.07,-2.2,0.0,-8.04,-4.62,-114.32,84.86,235.48,235.48,54.09,14.16,-250.29,0.0,0.0,142238418404.0,0.4764,0.0,0.0,1.6131,0.0,0.0,0.0,0.0,0.0,41800,229448920863
063170,서울옥션,18.4,9.25,0.0,24.97,20.3,197.29,98.97,140.43,140.43,50.26,173.89,4888.46,0.0,0.0,79020050511.0,0.4555,0.0,0.0,7.6958,0.0,35.2,0.0,0.0,0.0,34200,608123980424
063440,SM Life Design,3.68,2.97,0.0,0.36,3.95,1.64,23.84,491.15,491.15,80.75,54.95,134.53,0.0,0.0,45194027693.0,0.7522,0.0,0.0,3.0065,0.0,900.54,0.0,0.0,0.0,3000,135875706214
063570,NICE인프라,5.43,1.85,0.0,5.99,3.79,142.88,193.54,83.73,83.73,34.07,5.53,0.74,0.0,0.0,238364363650.0,0.4877,0.0,0.0,0.7849,0.0,35.65,0.0,0.0,0.0,5480,187094949494
063760,이엘피,-1.06,-0.85,0.0,-11.58,-2.72,-30.32,23.71,565.67,565.67,80.83,-9.29,-211.18,0.0,0.0,26181340766.0,0.3146,0.0,0.0,2.6986,0.0,0.0,0.0,0.0,0.0,7570,70653333333
064090,인크레더블버즈,6.63,3.72,0.0,-25.91,2.81,-78.5,77.94,194.51,194.51,56.2,0.21,41.56,0.0,0.0,30300618072.0,1.3253,0.0,0.0,3.6121,0.0,0.0,0.0,0.0,0.0,2200,109448621553
064240,홈캐스트,20.55,19.03,0.0,-26.71,116.01,-45.58,8.0,788.42,788.42,92.6,-17.58,-332.48,0.0,0.0,17068079766.0,0.164,0.0,0.0,9.5082,0.0,0.0,0.0,0.0,0.0,4680,162286320254
064260,다날,18.19,8.15,0.0,5.59,23.23,159.6,123.27,329.12,329.12,44.79,24.47,6.64,0.0,0.0,285550121673.0,0.3507,0.0,0.0,3.9072,0.0,98.07,0.0,0.0,0.0,14750,1115712264150
064290,인텍플러스,44.56,21.09,0.0,23.01,18.92,275.31,111.3,172.38,172.38,47.33,112.69,292.27,0.0,0.0,119661105867.0,1.1145,0.0,0.0,3.5136,0.0,17.33,0.0,0.0,0.0,32450,420439130434
064350,현대로템,4.05,1.25,0.0,2.79,1.79,802.18,223.85,128.18,128.18,30.88,3.13,-2.25,0.0,0.0,2872511952000.0,0.6994,0.0,0.0,0.7903,0.0,63.69,0.0,0.0,0.0,20800,2270162701908
064480,브리지텍,7.09,4.77,0.0,5.77,5.19,31.36,48.65,186.47,186.47,67.27,22.64,82.6,0.0,0.0,54363053720.0,0.9193,0.0,0.0,1.2435,0.0,27.73,0.0,0.0,0.0,5650,67598214285
064510,유네코,-35.57,-12.18,0.0,-15.4,-22.72,-28.57,191.99,37.81,37.81,34.24,73.03,71.04,0.0,0.0,18551854349.0,0.5361,0.0,0.0,0.0,0.0,0.0,0.0,0.0,0.0,0,0
064520,테크엘,1.79,1.27,0.0,2.3,1.92,9.72,40.88,210.82,210.82,70.98,83.39,116.57,0.0,0.0,42157381087.0,0.6623,0.0,0.0,0.5002,0.0,40.71,0.0,0.0,0.0,944,21086753246
064550,바이오니아,14.07,11.13,0.0,21.03,13.05,470.64,26.41,268.56,268.56,79.11,8.1,-55.26,0.0,0.0,223743694062.0,0.8526,0.0,0.0,5.607,0.0,27.82,0.0,0.0,0.0,48600,1254532423208
064760,티씨케이,24.12,21.01,0.0,38.19,30.24,1034.0,14.78,563.74,563.74,87.12,18.65,28.82,0.0,0.0,270766567696.0,0.6948,0.0,0.0,6.1313,0.0,16.54,0.0,0.0,0.0,148500,1660146169354
064800,포니링크,18.25,14.51,0.0,1.58,31.53,17.32,25.74,436.24,436.24,79.53,17.31,-53.22,0.0,0.0,109579283171.0,0.4603,0.0,0.0,0.3987,0.0,53.36,0.0,0.0,0.0,1710,43690909090
064820,케이프,14.51,1.62,0.0,11.08,8.38,473.81,796.67,26.64,26.64,11.15,1.78,86.46,0.0,0.0,427666283641.0,0.1932,0.0,0.0,0.3399,0.0,44.57,0.0,0.0,0.0,4710,145350962772
064850,에프앤가이드,10.8,5.75,0.0,20.02,21.43,51.1,87.85,281.9,281.9,53.23,21.13,16.22,0.0,0.0,25524250434.0,0.2684,0.0,0.0,4.5814,0.0,31.59,0.0,0.0,0.0,10250,116937500000
064960,SNT모티브,9.34,6.97,0.0,9.73,8.51,915.95,34.07,283.92,283.92,74.59,0.11,2.48,0.0,0.0,941744683893.0,0.8191,0.0,0.0,1.326,0.0,16.82,0.0,0.0,0.0,47050,1248766602687
065060,지엔코,-14.95,-8.73,0.0,-0.59,-14.79,-7.98,71.17,96.25,96.25,58.42,5.65,89.07,0.0,0.0,135409305421.0,0.5907,0.0,0.0,0.0304,0.0,0.0,0.0,0.0,0.0,688,4121847988
065130,탑엔지니어링,-7.58,-4.0,0.0,-1.89,-2.32,-204.49,89.39,135.31,135.31,52.8,-8.54,-12.37,0.0,0.0,1084807143452.0,1.7233,0.0,0.0,0.1215,0.0,0.0,0.0,0.0,0.0,8240,131840000000
065150,대산F&B,25.8,15.25,0.0,-0.86,9.98,-8.94,69.14,164.53,164.53,59.12,123.13,87.9,0.0,0.0,104305802113.0,1.529,0.0,0.0,0.1187,0.0,0.0,0.0,0.0,0.0,775,12377021563
065170,비엘팜텍,-30.69,-15.43,0.0,-4.06,-23.81,-34.3,98.97,114.33,114.33,50.26,28.54,-68.63,0.0,0.0,84439769622.0,0.6478,0.0,0.0,0.4333,0.0,0.0,0.0,0.0,0.0,1310,36584510250
065350,신성델타테크,16.72,6.32,0.0,5.96,4.43,439.48,164.5,96.38,96.38,37.81,49.57,196.46,0.0,0.0,737488102514.0,1.4259,0.0,0.0,0.6186,0.0,17.7,0.0,0.0,0.0,16600,456222009569
065370,위세아이텍,15.71,8.52,0.0,17.06,11.87,58.13,84.47,150.22,150.22,54.21,37.01,57.82,0.0,0.0,34064031790.0,0.7176,0.0,0.0,4.5939,0.0,30.66,0.0,0.0,0.0,21200,156485061511
065420,에스아이리소스,21.14,19.33,0.0,9.53,18.58,20.02,9.32,761.56,761.56,91.48,56.44,448.67,0.0,0.0,21003250973.0,1.0404,0.0,0.0,2.3627,0.0,25.64,0.0,0.0,0.0,639,49624468085
065440,이루온,4.67,2.94,0.0,5.02,3.22,28.21,58.74,238.75,238.75,63.0,22.9,57.49,0.0,0.0,56185382635.0,0.9131,0.0,0.0,1.1768,0.0,31.51,0.0,0.0,0.0,2425,66120377084
065450,빅텍,9.03,5.67,0.0,6.96,5.14,71.33,59.31,191.61,191.61,62.77,52.28,125.57,0.0,0.0,102466113395.0,1.1034,0.0,0.0,1.6005,0.0,27.84,0.0,0.0,0.0,5560,164000000000
065500,오리엔트정공,-1.79,-0.65,0.0,0.31,-0.62,3.52,176.42,76.85,76.85,36.18,39.74,104.02,0.0,0.0,114867580122.0,1.0465,0.0,0.0,0.8549,0.0,478.02,0.0,0.0,0.0,2745,98200757575
065510,휴비츠,9.58,5.93,0.0,10.18,9.58,96.73,61.47,126.01,126.01,61.93,35.57,41.0,0.0,0.0,95018598450.0,0.6194,0.0,0.0,1.0235,0.0,16.09,0.0,0.0,0.0,8940,97255230125
065530,와이어블,3.33,1.79,0.0,4.69,3.2,36.85,85.94,112.06,112.06,53.78,-11.76,-16.76,0.0,0.0,78495698553.0,0.559,0.0,0.0,1.9577,0.0,59.32,0.0,0.0,0.0,3210,153673060884
065560,메티스,-96.63,-45.68,0.0,-34.49,-249.77,-53.29,111.54,85.36,85.36,47.27,-19.44,-150.54,0.0,0.0,15447914002.0,0.1829,0.0,0.0,0.0,0.0,0.0,0.0,0.0,0.0,0,0
065570,삼영이엔씨,0.83,0.65,0.0,2.84,1.55,11.41,26.45,316.44,316.44,79.08,13.67,143.42,0.0,0.0,40113737849.0,0.4217,0.0,0.0,3.0703,0.0,125.4,0.0,0.0,0.0,7650,123160994764
065660,안트로젠,-0.47,-0.41,0.0,-32.31,-6.82,-26.24,16.97,475.21,475.21,85.49,95.64,29.34,0.0,0.0,8121552704.0,0.0594,0.0,0.0,79.2244,0.0,0.0,0.0,0.0,0.0,64300,643424983476
065690,파커스,11.78,6.51,0.0,1.28,10.19,12.0,80.84,270.91,270.91,55.3,19.64,153.33,0.0,0.0,93681678892.0,0.6389,0.0,0.0,0.3962,0.0,85.58,0.0,0.0,0.0,3085,37118983957
065710,서호전기,20.25,17.12,0.0,19.96,23.43,148.29,18.33,442.69,442.69,84.51,13.18,31.16,0.0,0.0,74305951810.0,0.7307,0.0,0.0,1.4487,0.0,8.32,0.0,0.0,0.0,20900,107648689956
065770,CS,-11.17,-6.92,0.0,0.56,-5.8,2.28,61.48,234.87,234.87,61.93,-4.34,-37.44,0.0,0.0,41091897059.0,1.1929,0.0,0.0,1.0949,0.0,254.77,0.0,0.0,0.0,4285,44992500000
065950,웰크론,6.15,3.04,0.0,3.4,2.0,132.19,102.34,163.58,163.58,49.42,17.67,-33.27,0.0,0.0,388605882339.0,1.5235,0.0,0.0,0.3312,0.0,19.49,0.0,0.0,0.0,4565,128688073394
066110,한프,15.45,7.15,0.0,-254.02,269.08,-77.44,116.14,196.32,196.32,46.27,3.24,-41.22,0.0,0.0,3048589117.0,0.0266,0.0,0.0,0.0,0.0,0.0,0.0,0.0,0.0,0,0
066130,하츠,8.54,6.86,0.0,7.29,5.89,100.03,24.49,338.37,338.37,80.33,9.68,26.0,0.0,0.0,137185085797.0,1.1645,0.0,0.0,0.8883,0.0,14.5,0.0,0.0,0.0,9510,121859740259
066310,큐에스아이,2.11,1.93,0.0,9.21,5.31,27.05,9.4,608.18,608.18,91.41,27.72,527.77,0.0,0.0,29379599348.0,0.3634,0.0,0.0,8.2231,0.0,91.88,0.0,0.0,0.0,26050,241592741935
066350,티엔아이,-16.58,-12.16,0.0,-29.06,-52.73,-28.89,36.38,1002.42,1002.42,73.32,-2.78,25.99,0.0,0.0,9942806042.0,0.2305,0.0,0.0,0.0,0.0,0.0,0.0,0.0,0.0,0,0
066360,체리부로,-59.39,-10.12,0.0,0.57,-7.69,20.87,487.06,52.78,52.78,17.03,19.95,108.12,0.0,0.0,363566839915.0,1.3159,0.0,0.0,0.0966,0.0,126.68,0.0,0.0,0.0,1465,35125730994
066410,버킷스튜디오,35.01,16.83,0.0,-7.9,192.69,-20.85,108.05,109.83,109.83,48.06,13.51,-683.21,0.0,0.0,26399116481.0,0.0873,0.0,0.0,29.101,0.0,0.0,0.0,0.0,0.0,5550,768239375542
066430,아이로보틱스,2.06,1.01,0.0,1.12,1.06,4.2,103.93,98.78,98.78,49.04,17.29,-66.96,0.0,0.0,37301461684.0,0.9543,0.0,0.0,2.3087,0.0,252.69,0.0,0.0,0.0,2200,86118764845
066570,LG전자,7.04,2.65,0.0,5.17,1.89,38637.74,166.1,116.38,116.38,37.58,28.7,-1.06,0.0,0.0,74721629000000.0,1.3971,0.0,0.0,0.3008,0.0,14.46,0.0,0.0,0.0,138000,22478064665127
066590,스모트로닉,-12.92,-3.81,0.0,-0.23,-3.3,-7.13,239.18,61.96,61.96,29.48,35.73,88.31,0.0,0.0,310386892174.0,1.1555,0.0,0.0,0.5984,0.0,0.0,0.0,0.0,0.0,4800,185735124760
066620,국보디자인,8.59,5.66,0.0,7.97,6.05,257.46,51.82,115.39,115.39,65.87,12.11,0.01,0.0,0.0,323028432200.0,0.9355,0.0,0.0,0.4876,0.0,10.7,0.0,0.0,0.0,21000,157500000000
066670,디티씨,3.57,2.74,0.0,2.64,4.01,35.94,29.98,294.41,294.41,76.93,225.8,-7.43,0.0,0.0,135974077514.0,0.6849,0.0,0.0,1.2239,0.0,59.04,0.0,0.0,0.0,8900,166415873015
066700,테라젠이텍스,-4.86,-3.25,0.0,-4.47,-6.83,-74.41,49.4,129.8,129.8,66.93,16.46,-18.24,0.0,0.0,166566624783.0,0.4758,0.0,0.0,1.4299,0.0,0.0,0.0,0.0,0.0,6410,238172511848
066790,씨씨에스,4.89,4.1,0.0,-2.9,6.34,-5.43,19.24,358.54,358.54,83.87,-2.75,-56.41,0.0,0.0,18740525393.0,0.6468,0.0,0.0,1.6381,0.0,0.0,0.0,0.0,0.0,695,30699773242
066900,디에이피,7.13,3.63,0.0,2.5,2.65,76.93,96.44,112.35,112.35,50.9,2.18,-5.61,0.0,0.0,307896911866.0,1.3698,0.0,0.0,0.3084,0.0,26.69,0.0,0.0,0.0,4180,94967705382
066910,손오공,13.05,5.98,0.0,1.53,4.47,11.54,118.15,133.57,133.57,45.84,-11.51,184.95,0.0,0.0,75450508230.0,1.3369,0.0,0.0,0.4913,0.0,58.58,0.0,0.0,0.0,2410,37067257559
066970,엘앤에프,-17.67,-7.33,0.0,4.56,-11.56,442.52,141.22,268.81,268.81,41.46,172.6,2910.34,0.0,0.0,970760874482.0,0.6336,0.0,0.0,9.3207,0.0,224.74,0.0,0.0,0.0,222400,9048208316291
066980,한성크린텍,19.69,7.49,0.0,2.37,11.42,39.94,162.88,75.91,75.91,38.04,1142.05,1259.2,0.0,0.0,168287499305.0,0.6558,0.0,0.0,1.4787,0.0,102.1,0.0,0.0,0.0,4630,248844582043
067000,조이시티,7.26,2.97,0.0,0.0,0.0,218.01,144.4,113.4,113.4,40.92,0.0,6.49,0.0,0.0,0.0,0.0,0.0,0.0,0.0,0.0,39.3,0.0,0.0,0.0,10250,716530524505
067010,이씨에스,10.13,7.3,0.0,6.35,6.57,47.51,38.82,373.75,373.75,72.04,6.21,35.61,0.0,0.0,74770792738.0,1.111,0.0,0.0,0.8442,0.0,17.25,0.0,0.0,0.0,5790,63121442885
067080,대화제약,2.35,1.11,0.0,2.8,1.68,32.84,112.64,74.52,74.52,47.03,7.15,-16.7,0.0,0.0,117158831459.0,0.6605,0.0,0.0,1.4806,0.0,81.43,0.0,0.0,0.0,9320,173470018621
067160,SOOP,33.84,17.36,0.0,34.1,27.21,888.22,94.89,161.87,161.87,51.31,33.56,76.19,0.0,0.0,260479480423.0,0.6382,0.0,0.0,8.9445,0.0,28.47,0.0,0.0,0.0,202700,2329860756192
067170,오텍,-0.06,-0.02,0.0,0.63,-0.01,64.04,234.55,143.35,143.35,29.89,9.93,-31.2,0.0,0.0,1017614175929.0,1.5765,0.0,0.0,0.2942,0.0,117.41,0.0,0.0,0.0,10900,299360714285
067280,멀티캠퍼스,0.0,0.0,0.0,0.0,0.0,0.0,83.6,186.63,186.63,54.47,18.56,0.0,0.0,0.0,308281591459.0,1.1996,0.0,0.0,0.8885,0.0,0.0,0.0,0.0,0.0,46200,273900000000
067290,JW신약,1.52,0.91,0.0,3.39,0.83,34.26,66.72,150.56,150.56,59.98,-2.73,718.89,0.0,0.0,100966106272.0,1.0974,0.0,0.0,2.2425,0.0,76.83,0.0,0.0,0.0,4040,226415652173
067310,하나마이크론,14.88,6.24,0.0,15.64,9.6,1047.2,138.61,97.32,97.32,41.91,24.11,105.29,0.0,0.0,669511962324.0,0.6498,0.0,0.0,2.0161,0.0,18.61,0.0,0.0,0.0,20300,1349792967651
067390,아스트,-149.2,-17.49,0.0,-18.04,-84.56,-144.09,753.14,51.25,51.25,11.72,37.79,55.62,0.0,0.0,79884431060.0,0.2068,0.0,0.0,3.0002,0.0,0.0,0.0,0.0,0.0,5690,239671472708
067570,엔브이에이치코리아,6.79,2.04,0.0,4.0,1.83,427.85,233.11,78.84,78.84,30.02,11.44,51.77,0.0,0.0,1068809423659.0,1.1107,0.0,0.0,0.1686,0.0,19.95,0.0,0.0,0.0,4275,180250000000
067630,HLB생명과학,-19.99,-18.2,0.0,-34.55,-92.14,-184.8,9.81,1158.57,1158.57,91.07,-41.73,-129.09,0.0,0.0,53494248129.0,0.1975,0.0,0.0,28.3765,0.0,0.0,0.0,0.0,0.0,12450,1517977777777
067730,로지시스,11.01,7.88,0.0,3.08,6.05,10.53,39.71,343.09,343.09,71.58,4.08,158.07,0.0,0.0,34193506217.0,1.3027,0.0,0.0,1.8413,0.0,66.88,0.0,0.0,0.0,6500,62959641255
067770,세진티에스,6.32,5.93,0.0,7.88,10.62,21.27,6.59,1286.08,1286.08,93.82,-17.43,-54.05,0.0,0.0,27001637664.0,0.5589,0.0,0.0,1.5894,0.0,21.58,0.0,0.0,0.0,5120,42917647058
067830,세이브존I&C,1.62,1.31,0.0,9.02,6.07,110.23,23.22,158.0,158.0,81.16,-9.32,-24.5,0.0,0.0,122173235743.0,0.2165,0.0,0.0,1.003,0.0,20.76,0.0,0.0,0.0,2985,122535757575
067900,와이엔텍,12.13,7.89,0.0,29.0,20.79,324.18,53.65,49.47,49.47,65.08,5.43,2.28,0.0,0.0,111788910608.0,0.3796,0.0,0.0,1.7506,0.0,9.21,0.0,0.0,0.0,10750,195696046128
067920,이글루,11.64,8.6,0.0,0.0,0.0,56.64,35.38,180.95,180.95,73.87,0.0,15.9,0.0,0.0,0.0,0.0,0.0,0.0,0.0,0.0,17.81,0.0,0.0,0.0,7100,78009140767
067990,도이치모터스,10.44,3.27,0.0,3.31,2.16,563.58,218.73,38.43,38.43,31.37,17.38,25.63,0.0,0.0,1703307058226.0,1.5192,0.0,0.0,0.1304,0.0,17.59,0.0,0.0,0.0,7610,222085676037
068050,팬엔터테인먼트,5.51,3.59,0.0,4.91,13.16,14.94,53.27,102.68,102.68,65.24,22.95,-39.18,0.0,0.0,30404771218.0,0.273,0.0,0.0,4.76,0.0,122.8,0.0,0.0,0.0,5220,144726180257
068060,케이씨더블류,215.28,-21.22,0.0,-25.5,-39.96,-24.72,-1114.54,54.43,54.43,-9.86,-45.25,4.26,0.0,0.0,9696226634.0,0.531,0.0,0.0,0.0,0.0,0.0,0.0,0.0,0.0,0,0
068240,다원시스,-6.8,-2.7,0.0,-4.9,-6.18,-144.92,152.17,126.07,126.07,39.66,19.16,-188.3,0.0,0.0,295454156585.0,0.4367,0.0,0.0,3.7929,0.0,0.0,0.0,0.0,0.0,29350,1120636363636
068270,셀트리온,14.71,10.5,0.0,39.59,31.17,7568.57,40.09,253.99,253.99,71.38,3.38,5.33,0.0,0.0,1911601263030.0,0.3369,0.0,0.0,24.0941,0.0,63.0,0.0,0.0,0.0,198000,46058217046056
068290,삼성출판사,2.66,1.75,0.0,4.27,3.17,79.97,51.62,173.72,173.72,65.95,12.19,277.39,0.0,0.0,187479540147.0,0.5535,0.0,0.0,1.7682,0.0,55.87,0.0,0.0,0.0,33150,331500000000
068330,일신바이오,11.7,10.38,0.0,30.1,24.03,73.37,12.7,641.53,641.53,88.73,15.89,30.79,0.0,0.0,24378935412.0,0.432,0.0,0.0,8.0996,0.0,27.78,0.0,0.0,0.0,4465,197459386281
068400,에스케이렌터카,4.26,0.72,0.0,7.62,1.99,790.53,491.38,33.37,33.37,16.91,20.08,11.66,0.0,0.0,1036879994810.0,0.3625,0.0,0.0,0.0,0.0,0.0,0.0,0.0,0.0,0,0
068420,엔터미디어,-107.68,-28.94,0.0,-119.33,-176.44,-70.08,272.14,97.18,97.18,26.87,5.57,-47.07,0.0,0.0,5872501469.0,0.164,0.0,0.0,0.0,0.0,0.0,0.0,0.0,0.0,0,0
068760,셀트리온제약,10.42,5.42,0.0,11.99,8.67,477.98,92.15,127.4,127.4,52.04,70.72,102.28,0.0,0.0,398738209298.0,0.6251,0.0,0.0,13.853,0.0,121.96,0.0,0.0,0.0,124400,5523717985611
068790,DMS,12.36,8.37,0.0,14.2,15.62,320.1,47.65,189.52,189.52,67.73,-0.66,-5.34,0.0,0.0,225393632210.0,0.536,0.0,0.0,0.676,0.0,9.0,0.0,0.0,0.0,6750,152365145228
068930,디지털대성,13.09,8.61,0.0,12.82,10.18,252.44,51.95,78.16,78.16,65.81,32.64,77.63,0.0,0.0,196904398152.0,0.8464,0.0,0.0,1.289,0.0,13.2,0.0,0.0,0.0,9170,253816281755
068940,셀피글로벌,-152.79,-30.19,0.0,-35.59,-43.36,-98.93,406.13,141.68,141.68,19.76,0.09,-211.29,0.0,0.0,27797305155.0,0.6962,0.0,0.0,6.6526,0.0,0.0,0.0,0.0,0.0,4030,184924164524
069080,웹젠,17.17,14.12,0.0,36.17,30.5,1029.97,21.62,367.24,367.24,82.23,-3.17,-4.86,0.0,0.0,284782541747.0,0.4629,0.0,0.0,3.1423,0.0,9.75,0.0,0.0,0.0,28900,894867857142
069140,누리플랜,2.59,0.75,0.0,2.34,0.77,31.18,244.2,108.01,108.01,29.05,-4.3,-50.35,0.0,0.0,133355666222.0,0.9794,0.0,0.0,0.7956,0.0,65.0,0.0,0.0,0.0,7030,106099208443
069260,티케이지휴켐스,10.78,8.17,0.0,10.84,9.01,933.95,31.92,284.04,284.04,75.8,45.1,-1.94,0.0,0.0,861204656420.0,0.9072,0.0,0.0,1.0988,0.0,12.59,0.0,0.0,0.0,23150,946289713937
069330,유아이디,28.11,13.73,0.0,8.17,6.88,60.23,104.79,56.74,56.74,48.83,58.11,311.5,0.0,0.0,73698612055.0,1.9939,0.0,0.0,0.6128,0.0,10.64,0.0,0.0,0.0,2660,45165529010
069410,엔텔스,7.87,6.16,0.0,4.25,7.26,24.46,27.79,372.59,372.59,78.25,1.43,-42.75,0.0,0.0,57500385664.0,0.848,0.0,0.0,1.9135,0.0,51.01,0.0,0.0,0.0,10750,110027124773
069460,대호에이엘,-4.41,-2.1,0.0,1.27,-2.12,18.2,110.1,130.98,130.98,47.6,18.1,-29.79,0.0,0.0,143401758272.0,0.9888,0.0,0.0,0.4109,0.0,74.14,0.0,0.0,0.0,3385,58919360902
069540,빛과전자,-15.87,-11.59,0.0,-10.24,-19.22,-45.2,36.93,295.32,295.32,73.03,124.71,76.08,0.0,0.0,44140528668.0,0.6029,0.0,0.0,11.8212,0.0,0.0,0.0,0.0,0.0,4630,521793650793
069620,대웅제약,4.31,2.14,0.0,7.71,2.62,889.02,101.48,113.94,113.94,49.63,9.24,423.58,0.0,0.0,1152975698170.0,0.8147,0.0,0.0,1.4873,0.0,27.31,0.0,0.0,0.0,148000,1714818897637
069640,한세엠케이,-66.02,-24.01,0.0,-5.82,-14.92,-120.87,174.99,124.51,124.51,36.36,-5.7,35.92,0.0,0.0,207665255591.0,1.6091,0.0,0.0,0.4209,0.0,0.0,0.0,0.0,0.0,4025,87403181189
069730,DSR제강,4.95,3.15,0.0,2.07,3.68,42.92,57.12,148.5,148.5,63.64,17.56,21.44,0.0,0.0,207142759596.0,0.857,0.0,0.0,0.3288,0.0,36.35,0.0,0.0,0.0,4730,68105206463
069920,엑시온그룹,42.9,33.66,0.0,-36.26,132.19,-78.02,27.46,401.16,401.16,78.46,-22.92,-6554.93,0.0,0.0,21515302872.0,0.2546,0.0,0.0,2.1119,0.0,0.0,0.0,0.0,0.0,3150,45437601296
069960,현대백화점,0.0,2.6,0.0,7.4,6.53,2643.65,0.0,98.33,98.33,0.0,57.16,94.58,0.0,0.0,3572433182000.0,0.3983,0.0,0.0,0.4533,0.0,20.29,0.0,0.0,0.0,75100,1619530712788
070300,퀀텀레일,4.78,4.39,0.0,4.17,10.22,4.59,8.98,1029.04,1029.04,91.76,8.78,184.68,0.0,0.0,11006593756.0,0.4293,0.0,0.0,13.677,0.0,332.63,0.0,0.0,0.0,4240,150536806342
070590,인티큐브,0.54,0.32,0.0,-0.41,0.26,-2.44,69.51,177.86,177.86,58.99,13.07,95.58,0.0,0.0,59462033386.0,1.2186,0.0,0.0,0.7805,0.0,0.0,0.0,0.0,0.0,3340,46408057851
070960,모나용평,2.25,1.03,0.0,13.0,3.67,307.31,117.86,50.09,50.09,45.9,85.48,542.03,0.0,0.0,236330114660.0,0.2808,0.0,0.0,0.9968,0.0,22.48,0.0,0.0,0.0,4895,235571875000
071090,하이스틸,8.35,4.43,0.0,6.47,5.09,146.38,88.43,134.6,134.6,53.07,39.87,4936.52,0.0,0.0,226150662388.0,0.8708,0.0,0.0,0.2469,0.0,12.14,0.0,0.0,0.0,2765,55840390879
071200,인피니트헬스케어,19.98,15.74,0.0,9.49,28.96,74.17,26.92,409.85,409.85,78.79,11.56,1.83,0.0,0.0,78169939464.0,0.5436,0.0,0.0,2.2376,0.0,27.69,0.0,0.0,0.0,7170,174913306451
071280,로체시스템즈,11.32,7.65,0.0,12.09,8.58,133.18,47.84,207.62,207.62,67.64,-38.85,43.77,0.0,0.0,110200154977.0,0.892,0.0,0.0,0.8456,0.0,10.0,0.0,0.0,0.0,6090,93184337349
071320,지역난방공사,1.18,0.33,0.0,1.56,0.85,396.86,257.47,46.98,46.98,27.97,20.86,-70.13,0.0,0.0,2536798009719.0,0.3892,0.0,0.0,0.1769,0.0,129.59,0.0,0.0,0.0,38750,448668193717
071460,위니아,18.62,2.73,0.0,4.07,1.78,428.01,581.36,82.34,82.34,14.68,20.25,-13.95,0.0,0.0,1052893184242.0,1.5315,0.0,0.0,0.0,0.0,0.0,0.0,0.0,0.0,0,0
071670,에이테크솔루션,7.14,2.8,0.0,2.56,2.15,66.59,154.95,99.93,99.93,39.22,8.26,65.12,0.0,0.0,259943746099.0,1.3015,0.0,0.0,0.6328,0.0,42.93,0.0,0.0,0.0,16450,164500000000
071840,롯데하이마트,-3.14,-1.95,0.0,2.76,-1.48,1068.35,61.08,118.65,118.65,62.08,-4.49,-33.67,0.0,0.0,3869748651455.0,1.3147,0.0,0.0,0.1534,0.0,16.0,0.0,0.0,0.0,25150,593634165366
071850,캐스텍코리아,-16.09,-6.09,0.0,-12.47,-10.85,-176.15,164.18,78.04,78.04,37.85,2.61,-90.53,0.0,0.0,141243567304.0,0.5612,0.0,0.0,0.5579,0.0,0.0,0.0,0.0,0.0,3250,78795317220
071950,코아스,-27.66,-6.64,0.0,-4.21,-4.75,-46.66,316.49,60.99,60.99,24.01,12.77,-122.17,0.0,0.0,110769785777.0,1.3969,0.0,0.0,0.1453,0.0,0.0,0.0,0.0,0.0,1115,16095459837
071970,HD현대마린엔진,-5.08,-1.82,0.0,-6.65,-4.78,-108.97,179.56,74.49,74.49,35.77,-33.92,-569.82,0.0,0.0,163850811869.0,0.3807,0.0,0.0,0.9813,0.0,0.0,0.0,0.0,0.0,4740,160786986564
072020,중앙백신,8.18,6.73,0.0,11.1,18.58,45.41,21.49,277.44,277.44,82.31,12.66,12.66,0.0,0.0,40913902571.0,0.3622,0.0,0.0,3.3957,0.0,34.99,0.0,0.0,0.0,15000,138930481283
072130,유엔젤,27.98,23.67,0.0,10.6,49.21,31.48,18.22,559.09,559.09,84.59,9.68,162.45,0.0,0.0,29681809011.0,0.4809,0.0,0.0,2.2541,0.0,24.28,0.0,0.0,0.0,5270,66905144032
072470,우리산업홀딩스,-0.15,-0.08,0.0,-0.64,-0.08,-24.52,80.96,147.77,147.77,55.26,8.36,-120.84,0.0,0.0,384335568467.0,0.9563,0.0,0.0,0.3236,0.0,0.0,0.0,0.0,0.0,6590,124359677419
072520,제넨바이오,-38.46,-24.5,0.0,-156.26,-389.56,-138.98,57.0,39.66,39.66,63.7,-24.91,-16.7,0.0,0.0,8894669067.0,0.0629,0.0,0.0,0.0,0.0,0.0,0.0,0.0,0.0,0,0
072710,농심홀딩스,4.73,3.7,0.0,8.69,7.66,557.65,27.89,95.19,95.19,78.19,9.93,-24.64,0.0,0.0,641495585628.0,0.4828,0.0,0.0,0.548,0.0,11.5,0.0,0.0,0.0,75800,351508595387
072770,멤레이비티,4.1,2.41,0.0,2.74,2.36,24.79,70.45,195.13,195.13,58.67,8.72,60.44,0.0,0.0,90439385838.0,1.0193,0.0,0.0,0.9132,0.0,48.11,0.0,0.0,0.0,1990,82585000000
072870,메가스터디,8.95,7.09,0.0,11.9,22.3,158.97,26.18,283.02,283.02,79.25,0.5,46.28,0.0,0.0,133624054633.0,0.3179,0.0,0.0,1.1909,0.0,15.5,0.0,0.0,0.0,13350,159135155096
072950,빛샘전자,6.2,4.97,0.0,4.94,5.07,40.43,24.85,392.16,392.16,80.1,72.31,270.01,0.0,0.0,81783273565.0,0.9805,0.0,0.0,0.798,0.0,20.25,0.0,0.0,0.0,8100,65265517241
072990,에이치시티,15.15,8.73,0.0,17.48,16.58,110.58,73.51,128.53,128.53,57.63,18.53,5.88,0.0,0.0,63270616346.0,0.5266,0.0,0.0,3.7364,0.0,25.98,0.0,0.0,0.0,16300,236403973509
073010,케이에스피,8.62,4.57,0.0,4.61,5.15,20.21,88.78,134.72,134.72,52.97,11.13,-4.8,0.0,0.0,43826656221.0,0.8861,0.0,0.0,1.7339,0.0,49.1,0.0,0.0,0.0,1890,75989022298
073110,엘엠에스,1.98,0.9,0.0,-6.73,2.14,-64.47,119.12,119.73,119.73,45.64,-20.0,48.25,0.0,0.0,95727571590.0,0.4217,0.0,0.0,0.858,0.0,0.0,0.0,0.0,0.0,9240,82133333333
073190,듀오백,-16.81,-14.19,0.0,-8.39,-10.51,-32.44,18.51,270.46,270.46,84.38,-12.34,-577.57,0.0,0.0,38648443901.0,1.3499,0.0,0.0,0.8758,0.0,0.0,0.0,0.0,0.0,2830,33848335388
073240,금호타이어,-5.61,-1.65,0.0,-1.6,-2.76,-415.18,238.82,103.5,103.5,29.51,19.83,-828.65,0.0,0.0,2601223215947.0,0.5991,0.0,0.0,0.5091,0.0,0.0,0.0,0.0,0.0,4610,1324247554347
073490,LIG아큐버,12.78,10.76,0.0,14.81,16.72,134.25,18.85,426.11,426.11,84.14,-2.47,-2.69,0.0,0.0,90668655852.0,0.6433,0.0,0.0,3.732,0.0,26.87,0.0,0.0,0.0,44500,338376237623
073540,에프알텍,0.53,0.3,0.0,-9.31,1.01,-21.53,73.63,66.03,66.03,57.59,-5.08,-69.77,0.0,0.0,23116665949.0,0.3011,0.0,0.0,1.7012,0.0,0.0,0.0,0.0,0.0,3445,39327191011
073560,우리손에프앤지,11.94,6.6,0.0,14.96,11.23,379.77,80.99,132.76,132.76,55.25,7.06,17.86,0.0,0.0,253842256647.0,0.5876,0.0,0.0,0.5767,0.0,8.94,0.0,0.0,0.0,2115,146380263157
073570,리튬포어스,-41.84,-24.72,0.0,-30.0,-74.02,-53.73,69.25,185.82,185.82,59.08,-29.41,-1186.34,0.0,0.0,17911455666.0,0.334,0.0,0.0,0.874,0.0,0.0,0.0,0.0,0.0,1300,15655253837
073640,테라사이언스,-6.5,-3.28,0.0,-9.66,-14.59,-21.24,97.91,144.55,144.55,50.53,36.7,-97.09,0.0,0.0,21990446549.0,0.2251,0.0,0.0,10.3447,0.0,0.0,0.0,0.0,0.0,1955,227485474006
074430,아미노로직스,9.02,8.22,0.0,17.96,23.46,41.04,9.85,718.77,718.77,91.03,29.45,65.74,0.0,0.0,22848959782.0,0.3502,0.0,0.0,8.4699,0.0,48.58,0.0,0.0,0.0,2195,193529360210
074600,원익QnC,16.46,7.59,0.0,13.9,10.01,867.5,116.86,140.08,140.08,46.11,18.73,110.45,0.0,0.0,624119007652.0,0.7578,0.0,0.0,1.2047,0.0,13.78,0.0,0.0,0.0,28600,751880380952
074610,이엔플러스,-27.01,-19.02,0.0,-3.46,-35.29,-19.16,42.05,167.51,167.51,70.4,101.83,77.0,0.0,0.0,55395307036.0,0.5388,0.0,0.0,0.7581,0.0,0.0,0.0,0.0,0.0,4790,41994520547
075130,플랜티넷,10.84,9.4,0.0,2.03,31.01,5.8,15.25,383.03,383.03,86.77,18.91,-59.95,0.0,0.0,28556417809.0,0.3032,0.0,0.0,5.0447,0.0,269.64,0.0,0.0,0.0,8930,144059433962
075180,새론오토모티브,5.88,5.23,0.0,0.26,10.99,3.26,12.58,595.4,595.4,88.82,-5.94,111.96,0.0,0.0,127605612573.0,0.4755,0.0,0.0,0.8239,0.0,414.23,0.0,0.0,0.0,5480,105134125636
075580,세진중공업,6.92,2.46,0.0,1.48,5.62,37.15,180.72,82.65,82.65,35.62,-12.32,213.97,0.0,0.0,250380851313.0,0.439,0.0,0.0,1.3396,0.0,189.12,0.0,0.0,0.0,5900,335413294797
075970,동국알앤에스,3.71,2.28,0.0,2.66,2.85,27.7,62.85,150.23,150.23,61.4,11.52,-34.24,0.0,0.0,104140900057.0,0.8008,0.0,0.0,0.7717,0.0,47.13,0.0,0.0,0.0,4365,80364438839
076080,웰크론한텍,-0.1,-0.05,0.0,-0.09,-0.03,-2.5,95.93,174.48,174.48,51.04,33.85,-106.76,0.0,0.0,269161115700.0,2.0522,0.0,0.0,0.3802,0.0,0.0,0.0,0.0,0.0,4525,102336512261
076610,해성옵틱스,-76.71,-38.28,0.0,-5.26,-27.03,-74.07,100.37,142.79,142.79,49.91,-13.02,62.62,0.0,0.0,140844995312.0,1.4163,0.0,0.0,0.4919,0.0,0.0,0.0,0.0,0.0,1170,69286916602
077360,덕산하이메탈,11.65,9.8,0.0,6.46,34.22,59.93,18.81,217.42,217.42,84.17,67.87,-6.01,0.0,0.0,92723328726.0,0.2865,0.0,0.0,10.0691,0.0,164.33,0.0,0.0,0.0,20550,933641826923
077500,유니퀘스트,19.58,12.32,0.0,4.15,10.22,245.49,58.94,159.72,159.72,62.92,46.72,172.44,0.0,0.0,590983230900.0,1.2053,0.0,0.0,0.4422,0.0,18.05,0.0,0.0,0.0,12100,261329559748
077970,STX엔진,0.35,0.12,0.0,0.74,0.2,36.44,194.91,87.02,87.02,33.91,-15.89,-74.6,0.0,0.0,493455000000.0,0.5892,0.0,0.0,0.7811,0.0,257.66,0.0,0.0,0.0,9600,385420800000
078000,텔코웨어,1.66,1.48,0.0,3.31,5.2,11.54,11.69,705.91,705.91,89.53,-4.34,111.39,0.0,0.0,34822430276.0,0.285,0.0,0.0,2.9066,0.0,98.76,0.0,0.0,0.0,10950,101214391691
078070,유비쿼스홀딩스,12.07,10.5,0.0,21.81,24.51,329.25,14.94,637.05,637.05,87.0,24.4,52.2,0.0,0.0,150995968469.0,0.4285,0.0,0.0,1.8474,0.0,9.86,0.0,0.0,0.0,16350,278944890929
078130,국일제지,-12.16,-5.84,0.0,-6.57,-8.63,-62.75,108.36,102.87,102.87,47.99,-4.61,-1516.4,0.0,0.0,95450777784.0,0.6764,0.0,0.0,4.8012,0.0,0.0,0.0,0.0,0.0,4065,458277653631
078140,대봉엘에스,7.3,6.15,0.0,11.68,12.1,96.86,18.69,539.67,539.67,84.25,8.79,19.25,0.0,0.0,82957177173.0,0.5082,0.0,0.0,1.1244,0.0,12.28,0.0,0.0,0.0,8410,93274545454
078150,HB테크놀러지,5.17,3.35,0.0,-14.13,5.87,-224.53,54.54,262.71,262.71,64.71,-42.06,-556.96,0.0,0.0,158891163240.0,0.5696,0.0,0.0,1.6011,0.0,0.0,0.0,0.0,0.0,2680,254396650968
078160,메디포스트,-0.6,-0.38,0.0,-9.5,-1.76,-52.11,56.66,195.87,195.87,63.83,12.82,-115.95,0.0,0.0,54856207358.0,0.2159,0.0,0.0,15.295,0.0,0.0,0.0,0.0,0.0,21400,839023463687
078350,한양디지텍,28.86,14.42,0.0,9.89,7.99,300.16,100.19,114.64,114.64,49.95,89.93,333.41,0.0,0.0,303399341636.0,1.8043,0.0,0.0,0.9068,0.0,11.97,0.0,0.0,0.0,18050,275131067961
078520,에이블씨엔씨,-37.82,-22.37,0.0,-8.51,-16.49,-223.79,69.04,189.88,189.88,59.16,-14.49,67.09,0.0,0.0,262945930671.0,1.3567,0.0,0.0,0.645,0.0,0.0,0.0,0.0,0.0,6520,169590704879
078590,휴림에이텍,-519.42,-279.54,0.0,3.23,-203.48,13.78,85.81,170.91,170.91,53.82,13.72,56.75,0.0,0.0,42609779117.0,1.3738,0.0,0.0,0.5576,0.0,27.64,0.0,0.0,0.0,2380,23761300813
078600,대주전자재료,17.41,7.7,0.0,8.86,11.56,175.96,126.2,144.83,144.83,44.21,28.58,95.05,0.0,0.0,198707699319.0,0.6659,0.0,0.0,8.4246,0.0,104.6,0.0,0.0,0.0,106600,1674036225596
078650,지나인제약,590.38,-70.03,0.0,-91.48,-156.35,-217.98,-943.0,51.43,51.43,-11.86,-42.65,31.62,0.0,0.0,23829097543.0,0.4479,0.0,0.0,0.0,0.0,0.0,0.0,0.0,0.0,0,0
078860,아이오케이이엔엠,-23.85,-21.69,0.0,-34.36,-148.55,-83.53,9.97,539.45,539.45,90.93,15.93,-183.11,0.0,0.0,24307746912.0,0.146,0.0,0.0,0.3575,0.0,0.0,0.0,0.0,0.0,1410,8689534883
078890,가온그룹,10.29,4.9,0.0,5.32,3.53,283.81,109.83,171.17,171.17,47.66,10.35,206.39,0.0,0.0,533118640853.0,1.3905,0.0,0.0,0.6068,0.0,18.47,0.0,0.0,0.0,17550,323502304147
078930,GS,11.37,5.18,0.0,13.04,7.98,26402.72,119.61,97.95,97.95,45.53,31.05,186.81,0.0,0.0,20240085000000.0,0.6489,0.0,0.0,0.1795,0.0,7.81,0.0,0.0,0.0,39100,3632208497246
078940,퀀타피아,-42.95,-16.66,0.0,-11.88,-16.31,-45.23,157.74,100.24,100.24,38.8,-0.57,-70.31,0.0,0.0,38077956733.0,1.0217,0.0,0.0,0.0,0.0,0.0,0.0,0.0,0.0,0,0
079000,와토스코리아,1.92,1.81,0.0,2.02,7.1,4.05,6.13,1690.67,1690.67,94.22,9.37,158.7,0.0,0.0,20027004133.0,0.255,0.0,0.0,2.1931,0.0,119.68,0.0,0.0,0.0,6110,43920293398
079160,CJ CGV,-112.45,-8.95,0.0,-32.79,-46.01,-2414.46,1156.45,63.63,63.63,7.96,26.2,37.88,0.0,0.0,736315366659.0,0.1945,0.0,0.0,5.6334,0.0,0.0,0.0,0.0,0.0,25050,4147985294117
079170,한창산업,7.06,5.89,0.0,4.4,5.39,32.45,19.73,977.13,977.13,83.52,31.01,246.56,0.0,0.0,73739923344.0,1.0938,0.0,0.0,0.5851,0.0,16.72,0.0,0.0,0.0,8300,43148531951
079190,케스피온,-12.03,-4.93,0.0,-10.37,-7.49,-40.41,144.12,93.62,93.62,40.96,39.62,49.2,0.0,0.0,38949658749.0,0.6582,0.0,0.0,0.3667,0.0,0.0,0.0,0.0,0.0,1495,14282589285
079370,제우스,6.39,3.05,0.0,6.22,4.06,249.14,109.56,146.72,146.72,47.72,11.32,36.83,0.0,0.0,400762249538.0,0.7512,0.0,0.0,1.8149,0.0,40.39,0.0,0.0,0.0,23450,727359011627
079430,현대리바트,2.76,1.56,0.0,1.44,0.96,202.41,76.59,134.34,134.34,56.63,1.59,-45.58,0.0,0.0,1406599311907.0,1.6287,0.0,0.0,0.2167,0.0,33.56,0.0,0.0,0.0,15150,304755794701
079550,LIG디펜스앤에어로스페이스,13.76,4.08,0.0,5.33,5.77,972.01,237.59,100.32,100.32,29.62,13.86,52.49,0.0,0.0,1822194315440.0,0.7071,0.0,0.0,0.8282,0.0,34.18,0.0,0.0,0.0,68600,1509200000000
079650,서산,4.95,4.5,0.0,7.95,9.08,44.56,10.03,799.35,799.35,90.88,41.67,153.1,0.0,0.0,56085178648.0,0.4957,0.0,0.0,0.9236,0.0,13.94,0.0,0.0,0.0,2590,51800000000
079810,APS이노베이션,3.47,1.52,0.0,2.82,2.15,11.91,128.26,129.89,129.89,43.81,83.6,119.21,0.0,0.0,42257960103.0,0.7059,0.0,0.0,2.3555,0.0,111.78,0.0,0.0,0.0,4625,99540682414
079940,가비아,12.22,8.25,0.0,16.51,12.47,330.95,48.08,264.92,264.92,67.53,18.57,15.94,0.0,0.0,200442777990.0,0.6616,0.0,0.0,0.9038,0.0,8.45,0.0,0.0,0.0,13500,181167032967
079950,인베니아,22.98,8.72,0.0,6.91,9.21,92.78,163.47,102.06,102.06,37.95,-4.75,94.55,0.0,0.0,134316870549.0,0.9469,0.0,0.0,0.2755,0.0,13.47,0.0,0.0,0.0,2690,37008213552
079960,동양이엔피,6.74,4.97,0.0,2.85,3.41,148.17,35.75,274.01,274.01,73.67,12.57,-63.82,0.0,0.0,519420958620.0,1.4571,0.0,0.0,0.2718,0.0,15.86,0.0,0.0,0.0,18700,141174725274
079970,투비소프트,-50.51,-20.37,0.0,-16.98,-44.23,-64.17,147.98,123.9,123.9,40.33,-2.24,-6332.69,0.0,0.0,37795433501.0,0.4606,0.0,0.0,0.6427,0.0,0.0,0.0,0.0,0.0,1905,24291946308
079980,휴비스,0.75,0.41,0.0,0.6,0.32,64.91,80.28,103.22,103.22,55.47,17.63,-83.72,0.0,0.0,1082571526935.0,1.2836,0.0,0.0,0.2736,0.0,103.5,0.0,0.0,0.0,8590,296206896551
080000,에스엔유프리시젼,6.57,4.99,0.0,5.37,7.43,61.29,31.55,277.84,277.84,76.02,11.96,-29.15,0.0,0.0,114038747738.0,0.6725,0.0,0.0,0.0,0.0,0.0,0.0,0.0,0.0,0,0
080010,이상네트웍스,6.5,4.96,0.0,17.63,13.37,100.76,30.97,284.42,284.42,76.35,37.98,232.76,0.0,0.0,57155970394.0,0.3712,0.0,0.0,1.2004,0.0,10.42,0.0,0.0,0.0,6980,68609186351
080160,모두투어,18.18,7.16,0.0,-169.61,134.39,-233.38,153.91,95.78,95.78,39.38,-74.63,-13.42,0.0,0.0,13760351572.0,0.0533,0.0,0.0,30.0134,0.0,0.0,0.0,0.0,0.0,21850,412994394618
080220,제주반도체,10.93,7.62,0.0,10.38,6.62,200.58,43.43,250.65,250.65,69.72,52.27,205.12,0.0,0.0,193314675877.0,1.151,0.0,0.0,1.1581,0.0,13.7,0.0,0.0,0.0,6500,223875959079
080420,모다이노칩,2.98,1.18,0.0,7.55,2.81,301.52,152.59,75.98,75.98,39.59,-3.08,16.44,0.0,0.0,399500954687.0,0.4193,0.0,0.0,0.6934,0.0,28.27,0.0,0.0,0.0,3475,276995785671
080470,성창오토텍,10.0,3.95,0.0,3.11,3.16,44.91,152.95,100.69,100.69,39.53,15.2,478.07,0.0,0.0,144578592423.0,1.2532,0.0,0.0,0.4117,0.0,28.79,0.0,0.0,0.0,8170,59524285714
080520,오디텍,3.21,2.82,0.0,8.8,7.54,47.89,13.82,907.6,907.6,87.86,28.86,266.83,0.0,0.0,54427039739.0,0.3742,0.0,0.0,1.3636,0.0,19.19,0.0,0.0,0.0,6560,74218978102
080530,코디,-19.98,-10.68,0.0,-5.72,-13.39,-31.32,87.06,389.66,389.66,53.46,-6.86,-261.71,0.0,0.0,54760777538.0,0.7978,0.0,0.0,0.3047,0.0,0.0,0.0,0.0,0.0,1510,16687835051
080580,오킨스전자,4.73,2.18,0.0,4.35,2.84,25.8,116.94,152.22,152.22,46.09,31.44,217.15,0.0,0.0,59303792764.0,0.7663,0.0,0.0,9.5844,0.0,236.5,0.0,0.0,0.0,26950,568388333333
080720,한국유니온제약,-21.23,-9.33,0.0,-21.97,-23.0,-106.15,127.44,132.16,132.16,43.97,-4.12,2.01,0.0,0.0,48303582549.0,0.4058,0.0,0.0,4.1677,0.0,0.0,0.0,0.0,0.0,10150,201315352697
081000,일진다이아,2.02,1.68,0.0,4.85,5.76,90.96,19.94,721.25,721.25,83.38,11.27,-0.0,0.0,0.0,187663975968.0,0.2924,0.0,0.0,2.2971,0.0,59.12,0.0,0.0,0.0,30350,431080141129
081150,티플랙스,7.2,4.99,0.0,8.87,5.5,168.21,44.4,197.3,197.3,69.25,42.93,251.71,0.0,0.0,189544183775.0,0.906,0.0,0.0,0.5689,0.0,10.23,0.0,0.0,0.0,4440,107828571428
081580,성우전자,5.09,3.58,0.0,0.68,3.81,9.81,42.15,221.34,221.34,70.35,26.22,120.77,0.0,0.0,143583265928.0,0.9397,0.0,0.0,0.42,0.0,107.7,0.0,0.0,0.0,3890,60303493449
081660,미스토홀딩스,14.65,7.88,0.0,12.99,8.9,4928.51,85.95,194.14,194.14,53.78,21.26,44.5,0.0,0.0,3793958639955.0,0.8846,0.0,0.0,0.5017,0.0,7.88,0.0,0.0,0.0,35850,1903348028673
082210,옵트론텍,-2.39,-0.77,0.0,-2.5,-1.28,-50.25,209.97,59.48,59.48,32.26,-2.82,-216.19,0.0,0.0,200898005930.0,0.6007,0.0,0.0,1.5062,0.0,0.0,0.0,0.0,0.0,8650,302597173144
082270,젬백스,0.0,7.0,0.0,-6.01,19.97,-36.28,0.0,325.98,325.98,0.0,-8.06,-352.38,0.0,0.0,60370607820.0,0.3503,0.0,0.0,12.8323,0.0,0.0,0.0,0.0,0.0,17500,774691358024
082660,코스나인,-65.85,-30.36,0.0,-41.95,-126.19,-52.63,116.9,95.9,95.9,46.1,-40.31,-189.57,0.0,0.0,12544990249.0,0.2406,0.0,0.0,7.3824,0.0,0.0,0.0,0.0,0.0,930,92612500000
082740,한화엔진,-19.0,-4.99,0.0,-6.64,-6.63,-397.78,280.5,80.0,80.0,26.28,-27.83,-298.69,0.0,0.0,598999092899.0,0.7529,0.0,0.0,1.1619,0.0,0.0,0.0,0.0,0.0,8340,695954984193
082800,비보존 제약,-82.06,-36.52,0.0,-31.06,-123.01,-179.32,124.71,108.21,108.21,44.5,32.43,-125.8,0.0,0.0,57729536054.0,0.2969,0.0,0.0,1.1516,0.0,0.0,0.0,0.0,0.0,1095,66483308494
082850,우리바이오,22.08,6.63,0.0,2.78,2.85,428.32,233.1,117.29,117.29,30.02,-4.93,9.69,0.0,0.0,1543311500722.0,2.3231,0.0,0.0,0.1401,0.0,15.9,0.0,0.0,0.0,4460,216287625418
082920,비츠로셀,10.21,8.25,0.0,15.38,15.03,174.22,23.69,331.22,331.22,80.85,0.06,-4.05,0.0,0.0,113249924593.0,0.5491,0.0,0.0,5.7197,0.0,39.45,0.0,0.0,0.0,14350,647752325581
083310,엘오티베큠,10.7,7.85,0.0,10.15,7.97,263.62,36.43,245.65,245.65,73.3,51.6,533.61,0.0,0.0,259596872143.0,0.9841,0.0,0.0,1.1803,0.0,14.3,0.0,0.0,0.0,17200,306407185628
083420,그린케미칼,12.91,7.52,0.0,7.28,5.57,208.5,71.56,132.95,132.95,58.29,18.08,41.76,0.0,0.0,286224270189.0,1.3521,0.0,0.0,0.777,0.0,14.9,0.0,0.0,0.0,9270,222404480651
083450,GST,25.75,18.9,0.0,15.24,12.8,464.07,36.26,282.4,282.4,73.39,82.46,155.68,0.0,0.0,304487495915.0,1.4764,0.0,0.0,2.2789,0.0,16.13,0.0,0.0,0.0,37650,693884389140
083470,이엠앤아이,-24.47,-9.67,0.0,-4.23,-6.79,-10.55,153.03,115.77,115.77,39.52,68.2,57.93,0.0,0.0,24904595015.0,1.4246,0.0,0.0,2.3821,0.0,0.0,0.0,0.0,0.0,2775,59325674325
083500,에프엔에스테크,1.54,0.93,0.0,3.57,1.41,23.56,64.98,176.01,176.01,60.62,-28.1,-78.86,0.0,0.0,66085795000.0,0.6622,0.0,0.0,1.6222,0.0,62.17,0.0,0.0,0.0,12900,107204974271
083550,케이엠,5.91,4.12,0.0,5.81,5.18,83.18,43.29,223.22,223.22,69.79,-23.77,-80.47,0.0,0.0,143246155935.0,0.796,0.0,0.0,0.7893,0.0,20.13,0.0,0.0,0.0,8350,113062111801
083640,인콘,-0.76,-0.61,0.0,-6.08,-1.21,-34.36,25.14,229.82,229.82,79.91,11.81,-276.07,0.0,0.0,56485578759.0,0.5015,0.0,0.0,0.6922,0.0,0.0,0.0,0.0,0.0,1700,39098436062
083650,비에이치아이,-53.7,-8.86,0.0,-13.03,-14.73,-306.11,505.93,54.12,54.12,16.5,-3.52,-371.7,0.0,0.0,234883716342.0,0.6019,0.0,0.0,0.5428,0.0,0.0,0.0,0.0,0.0,4120,127490382165
083660,CSA 코스믹,-2.76,-0.85,0.0,3.32,-0.65,20.0,224.02,122.05,122.05,30.86,3.41,354.0,0.0,0.0,60297016695.0,1.3058,0.0,0.0,0.3775,0.0,27.35,0.0,0.0,0.0,1600,22764227642
083790,CG인바이츠,-8.55,-5.51,0.0,-11.92,-43.28,-50.5,55.12,217.95,217.95,64.47,40.21,50.2,0.0,0.0,42376294297.0,0.1273,0.0,0.0,12.0141,0.0,0.0,0.0,0.0,0.0,6620,509113163972
083930,아바코,8.01,4.75,0.0,5.46,6.97,98.1,68.54,184.29,184.29,59.33,-10.25,-57.49,0.0,0.0,179808229406.0,0.6817,0.0,0.0,1.0369,0.0,29.94,0.0,0.0,0.0,12700,186446808510
084010,대한제강,22.73,13.28,0.0,9.94,8.06,2018.01,71.12,166.44,166.44,58.44,85.22,146.68,0.0,0.0,2030305293579.0,1.6474,0.0,0.0,0.2632,0.0,5.19,0.0,0.0,0.0,15550,534417447306
084110,휴온스글로벌,3.77,2.5,0.0,12.65,5.53,733.42,50.83,178.25,178.25,66.3,10.88,-17.82,0.0,0.0,579936549949.0,0.4518,0.0,0.0,0.8405,0.0,12.54,0.0,0.0,0.0,38500,487420345489
084180,수성웹툰,0.0,0.0,0.0,-1.33,0.0,-4.79,147.27,124.45,124.45,40.44,74.05,35.01,0.0,0.0,35944237762.0,0.3854,0.0,0.0,0.9815,0.0,0.0,0.0,0.0,0.0,1960,35280000000
084370,유진테크,20.34,16.5,0.0,22.77,19.47,739.12,23.22,389.93,389.93,81.16,60.21,231.65,0.0,0.0,324575857261.0,0.8477,0.0,0.0,3.6502,0.0,17.01,0.0,0.0,0.0,51700,1184756114028
084670,동양고속,-28.33,-14.18,0.0,-27.13,-29.5,-220.23,99.76,28.34,28.34,50.06,-2.83,0.45,0.0,0.0,81175925442.0,0.4808,0.0,0.0,0.6156,0.0,0.0,0.0,0.0,0.0,17250,49970238095
084680,이월드,-5.78,-3.19,0.0,1.54,-10.98,19.34,81.36,42.93,42.93,55.14,-4.34,113.73,0.0,0.0,125777554615.0,0.2904,0.0,0.0,3.0205,0.0,296.88,0.0,0.0,0.0,2680,379912087912
084690,대상홀딩스,9.57,3.94,0.0,3.88,3.39,1630.34,143.18,151.0,151.0,41.12,12.03,-21.25,0.0,0.0,4205969181748.0,1.1599,0.0,0.0,0.0835,0.0,15.25,0.0,0.0,0.0,9700,351277708592
084730,팅크웨어,4.31,2.49,0.0,5.54,3.16,124.82,73.19,164.25,164.25,57.74,14.08,-0.08,0.0,0.0,225386525806.0,0.7892,0.0,0.0,1.0098,0.0,27.9,0.0,0.0,0.0,20500,227605740181
084850,아이티엠반도체,2.42,1.03,0.0,1.05,1.22,53.66,135.1,91.81,91.81,42.53,31.06,-78.83,0.0,0.0,512507433346.0,0.8446,0.0,0.0,1.8853,0.0,245.08,0.0,0.0,0.0,42600,966234636871
084870,티비에이치글로벌,-35.87,-16.77,0.0,2.84,-10.43,53.38,113.96,143.57,143.57,46.74,8.63,177.08,0.0,0.0,188075549588.0,1.6072,0.0,0.0,0.2455,0.0,20.33,0.0,0.0,0.0,2255,46178478260
084990,헬릭스미스,-23.39,-18.64,0.0,-2094.7,-2273.01,-485.18,25.48,460.08,460.08,79.69,-45.48,11.91,0.0,0.0,2316243855.0,0.0082,0.0,0.0,451.7645,0.0,0.0,0.0,0.0,0.0,22700,1046396774193
085310,엔케이,10.87,8.54,0.0,2.79,16.16,19.3,27.27,268.69,268.69,78.57,-0.39,714.91,0.0,0.0,69091619546.0,0.5285,0.0,0.0,0.1121,0.0,18.53,0.0,0.0,0.0,1045,7748183760
085370,루트로닉,22.8,14.86,0.0,17.15,15.94,297.87,53.4,242.72,242.72,65.19,50.26,379.65,0.0,0.0,173643347332.0,0.9322,0.0,0.0,0.0,0.0,0.0,0.0,0.0,0.0,0,0
085660,차바이오텍,-2.75,-1.42,0.0,1.06,-3.0,77.13,93.56,136.86,136.86,51.66,9.44,415.22,0.0,0.0,727476086769.0,0.4739,0.0,0.0,2.5497,0.0,336.68,0.0,0.0,0.0,19950,1854830855018
085670,뉴프렉스,5.06,1.61,0.0,0.89,1.54,15.36,214.63,65.02,65.02,31.78,15.52,115.73,0.0,0.0,171664202136.0,1.0426,0.0,0.0,1.1116,0.0,197.35,0.0,0.0,0.0,7790,190822809917
085810,알티캐스트,-7.58,-5.9,0.0,0.0,0.0,27.52,28.46,487.59,487.59,77.84,0.0,-35.71,0.0,0.0,0.0,0.0,0.0,0.0,0.0,0.0,19.14,0.0,0.0,0.0,2425,34255444379
085910,네오티스,10.41,5.36,0.0,14.63,11.7,96.52,94.14,122.5,122.5,51.51,73.78,157.88,0.0,0.0,65982605251.0,0.4583,0.0,0.0,1.0558,0.0,14.45,0.0,0.0,0.0,5050,69665662650
086040,바이오톡스텍,16.68,7.69,0.0,12.2,20.48,41.57,116.83,82.46,82.46,46.12,28.98,673.48,0.0,0.0,34086706248.0,0.3756,0.0,0.0,3.7551,0.0,42.55,0.0,0.0,0.0,8020,127999200000
086060,진바이오텍,-1.1,-0.8,0.0,-0.33,-0.77,-2.08,37.37,298.3,298.3,72.8,6.25,-112.55,0.0,0.0,62813558554.0,1.0405,0.0,0.0,0.7184,0.0,0.0,0.0,0.0,0.0,5240,45122222222
086220,광동헬스바이오,2.62,0.72,0.0,1.47,0.76,8.48,263.53,64.55,64.55,27.51,42.76,181.92,0.0,0.0,57773161412.0,0.9507,0.0,0.0,0.0,0.0,0.0,0.0,0.0,0.0,2495,0
086250,화신테크,-48.46,-23.4,0.0,-250.06,-637.42,-35.62,107.13,190.35,190.35,48.28,-74.68,51.48,0.0,0.0,1424412029.0,0.0367,0.0,0.0,0.0,0.0,0.0,0.0,0.0,0.0,0,0
086280,현대글로비스,13.47,6.43,0.0,5.17,3.6,11262.46,109.4,176.73,176.73,47.76,31.84,70.09,0.0,0.0,21779581931003.0,1.7895,0.0,0.0,0.5785,0.0,16.83,0.0,0.0,0.0,168000,12600000000000
086390,유니테스트,-4.3,-3.2,0.0,-7.9,-5.76,-90.5,34.28,497.31,497.31,74.47,-7.2,-437.85,0.0,0.0,114578529607.0,0.5566,0.0,0.0,5.4693,0.0,0.0,0.0,0.0,0.0,29650,626668498168
086450,동국제약,10.99,7.05,0.0,10.64,8.91,632.19,55.73,173.22,173.22,64.21,6.28,-25.39,0.0,0.0,594193122293.0,0.7922,0.0,0.0,1.6595,0.0,19.84,0.0,0.0,0.0,21800,986045842696
086520,에코프로,16.43,8.2,0.0,5.75,18.55,864.7,100.37,167.06,167.06,49.91,76.79,35.86,0.0,0.0,1504112975430.0,0.4423,0.0,0.0,10.6067,0.0,204.2,0.0,0.0,0.0,117500,15953745892661
086670,비엠티,7.07,3.07,0.0,4.28,5.31,46.19,129.96,165.52,165.52,43.48,20.45,-31.51,0.0,0.0,107948865273.0,0.5794,0.0,0.0,1.0663,0.0,47.72,0.0,0.0,0.0,11600,115110849056
086710,선진뷰티사이언스,3.34,1.51,0.0,7.6,3.33,37.02,121.53,216.33,216.33,45.14,4.98,4.0,0.0,0.0,48702984011.0,0.4526,0.0,0.0,3.5312,0.0,62.4,0.0,0.0,0.0,14100,171981273408
086820,바이오솔루션,-3.74,-1.78,0.0,-13.32,-14.28,-15.72,109.73,178.17,178.17,47.68,52.4,52.79,0.0,0.0,11802259024.0,0.125,0.0,0.0,47.6611,0.0,0.0,0.0,0.0,0.0,21700,562508245877
086900,메디톡스,23.11,16.14,0.0,18.66,50.45,344.92,43.15,149.11,149.11,69.86,31.27,193.05,0.0,0.0,184869547955.0,0.32,0.0,0.0,5.6814,0.0,35.5,0.0,0.0,0.0,143900,1050323802612
086960,MDS테크,-7.38,-3.86,0.0,1.4,-5.1,21.63,91.14,250.94,250.94,52.32,5.79,-46.26,0.0,0.0,155058657062.0,0.7571,0.0,0.0,7.121,0.0,555.55,0.0,0.0,0.0,25950,1104172500000
086980,쇼박스,1.64,1.4,0.0,3.78,4.41,19.24,0.0,528.79,528.79,85.64,8.83,198.59,0.0,0.0,50933935065.0,0.318,0.0,0.0,7.428,0.0,196.6,0.0,0.0,0.0,6060,378336476426
087010,펩트론,-24.15,-19.32,0.0,-236.37,-227.07,-156.59,25.02,494.79,494.79,79.98,112.28,11.06,0.0,0.0,6624511963.0,0.0851,0.0,0.0,39.0701,0.0,0.0,0.0,0.0,0.0,11100,258820251091
087260,모바일어플라이언스,5.72,3.09,0.0,4.8,5.24,22.93,85.29,158.6,158.6,53.97,14.8,-12.91,0.0,0.0,47775376076.0,0.5895,0.0,0.0,2.7999,0.0,74.59,0.0,0.0,0.0,4130,133765182186
087600,픽셀플러스,4.44,4.04,0.0,6.62,7.4,33.51,9.84,640.26,640.26,91.04,29.49,243.99,0.0,0.0,50603998186.0,0.5464,0.0,0.0,1.963,0.0,32.12,0.0,0.0,0.0,12150,99337645536
087730,이엠네트웍스,73.59,-67.05,0.0,-21.84,-104.63,-34.08,-209.75,27.3,27.3,-91.11,-12.29,61.29,0.0,0.0,15601860140.0,0.6408,0.0,0.0,0.0,0.0,0.0,0.0,0.0,0.0,0,0
088130,동아엘텍,-0.19,-0.15,0.0,3.22,-0.22,56.01,24.95,345.64,345.64,80.03,7.21,-59.29,0.0,0.0,173681310801.0,0.663,0.0,0.0,1.0423,0.0,41.66,0.0,0.0,0.0,10350,181030909090
088260,이리츠코크렙,3.6,1.28,0.0,76.83,42.17,163.68,180.31,440.36,440.36,35.67,0.37,0.59,0.0,0.0,21304182848.0,0.0305,0.0,0.0,17.718,0.0,50.55,0.0,0.0,0.0,5960,377466666666
088290,이원컴포텍,-6.03,-3.97,0.0,3.04,-7.75,11.57,51.67,155.59,155.59,65.93,16.46,141.91,0.0,0.0,38060141046.0,0.5126,0.0,0.0,1.7365,0.0,79.0,0.0,0.0,0.0,8270,66092213114
088390,이녹스,25.45,18.88,0.0,32.2,72.55,241.93,34.82,175.04,175.04,74.17,38.23,127.91,0.0,0.0,75142445345.0,0.2602,0.0,0.0,4.052,0.0,15.67,0.0,0.0,0.0,32450,304479434447
088790,진도,3.54,2.62,0.0,6.4,6.05,37.76,35.55,235.73,235.73,73.78,8.25,323.27,0.0,0.0,58961462990.0,0.4321,0.0,0.0,0.5959,0.0,18.78,0.0,0.0,0.0,2820,35132219570
088800,에이스테크,-45.18,-8.3,0.0,-15.23,-13.64,-354.61,444.55,92.05,92.05,18.36,10.45,42.21,0.0,0.0,232778818210.0,0.6083,0.0,0.0,4.8967,0.0,0.0,0.0,0.0,0.0,15100,1139853896103
088910,동우팜투테이블,-6.16,-4.12,0.0,0.63,-3.69,18.67,49.58,231.94,231.94,66.85,7.06,154.85,0.0,0.0,295684933081.0,1.1152,0.0,0.0,0.2679,0.0,89.52,0.0,0.0,0.0,3080,79221153846
089010,켐트로닉스,19.65,6.75,0.0,6.84,5.06,385.42,191.07,100.91,100.91,34.36,6.29,74.47,0.0,0.0,563381507703.0,1.3331,0.0,0.0,0.8572,0.0,19.73,0.0,0.0,0.0,28800,482953846153
089030,테크윙,7.43,3.36,0.0,14.15,6.69,362.19,120.78,156.25,156.25,45.29,12.17,-4.46,0.0,0.0,255915216713.0,0.503,0.0,0.0,3.2723,0.0,30.81,0.0,0.0,0.0,22600,837430241935
089140,넥스턴앤롤코리아,-4.78,-3.19,0.0,-14.08,-26.12,-23.9,49.83,117.88,117.88,66.74,75.24,20.82,0.0,0.0,16972440217.0,0.1221,0.0,0.0,5.625,0.0,0.0,0.0,0.0,0.0,6240,95470503597
089150,케이씨티,0.68,0.42,0.0,2.86,1.74,3.94,61.14,60.27,60.27,62.06,-32.71,-58.34,0.0,0.0,13779099775.0,0.2428,0.0,0.0,7.8082,0.0,327.42,0.0,0.0,0.0,6270,107589757127
089230,THE E&M,-14.18,-8.34,0.0,6.26,-21.38,35.27,70.02,138.77,138.77,58.82,-3.87,-21.46,0.0,0.0,56350436255.0,0.39,0.0,0.0,0.4515,0.0,24.08,0.0,0.0,0.0,645,25441666666
089470,HDC현대EP,3.34,1.76,0.0,3.3,1.2,283.71,89.46,205.53,205.53,52.78,24.71,-17.96,0.0,0.0,859757101927.0,1.475,0.0,0.0,0.2208,0.0,16.39,0.0,0.0,0.0,5950,189858407079
089530,에이티세미콘,-44.37,-14.84,0.0,-12.52,-29.17,-179.19,199.11,85.7,85.7,33.43,10.51,-90.03,0.0,0.0,143078020189.0,0.5087,0.0,0.0,0.0,0.0,0.0,0.0,0.0,0.0,0,0
089590,제주항공,-147.91,-21.49,0.0,-116.14,-99.71,-3171.59,588.12,80.0,80.0,14.53,-27.57,5.56,0.0,0.0,273079199084.0,0.2156,0.0,0.0,5.1977,0.0,0.0,0.0,0.0,0.0,17600,1419392857142
089600,KT나스미디어,12.23,5.53,0.0,26.48,21.84,328.75,121.12,164.63,164.63,45.22,11.21,21.91,0.0,0.0,124160713120.0,0.2532,0.0,0.0,3.0659,0.0,19.75,0.0,0.0,0.0,32900,380661157024
089790,제이티,30.21,18.18,0.0,17.06,21.19,111.96,66.18,212.49,212.49,60.18,47.16,110.59,0.0,0.0,65644973675.0,0.8578,0.0,0.0,1.6666,0.0,12.49,0.0,0.0,0.0,10600,109402469135
089850,유비벨록스,7.74,4.11,0.0,7.55,5.02,244.09,88.29,152.35,152.35,53.11,13.02,42.83,0.0,0.0,323287060227.0,0.819,0.0,0.0,0.7927,0.0,18.08,0.0,0.0,0.0,17400,256285714285
089860,롯데렌탈,0.0,1.85,0.0,0.0,0.0,24226.59,0.0,43.82,43.82,0.0,0.0,7.57,0.0,0.0,0.0,0.0,0.0,0.0,0.0,0.0,0.57,0.0,0.0,0.0,38100,1383347835269
089890,코세스,21.69,14.94,0.0,17.94,14.42,138.47,45.16,176.76,176.76,68.89,20.92,45.1,0.0,0.0,77180373944.0,1.0364,0.0,0.0,3.2876,0.0,20.0,0.0,0.0,0.0,15300,253738592750
089970,브이엠,40.72,31.9,0.0,30.34,26.09,540.19,27.63,472.66,472.66,78.35,91.39,82.36,0.0,0.0,178054009170.0,1.2226,0.0,0.0,3.2751,0.0,11.38,0.0,0.0,0.0,22150,583152654867
089980,상아프론테크,5.12,2.91,0.0,6.7,5.21,119.67,75.97,170.86,170.86,56.83,16.39,62.06,0.0,0.0,178480531677.0,0.5585,0.0,0.0,4.6854,0.0,81.41,0.0,0.0,0.0,52300,836248021108
090080,평화산업,0.79,0.09,0.0,1.39,0.05,59.16,746.93,87.2,87.2,11.81,25.26,182.05,0.0,0.0,424123466253.0,1.9268,0.0,0.0,0.224,0.0,48.87,0.0,0.0,0.0,1730,95015544041
090120,잘만테크,8.09,4.65,0.0,1.75,3.18,6.27,74.08,351.24,351.24,57.44,-6.9,-68.95,0.0,0.0,35869332399.0,1.4597,0.0,0.0,0.0,0.0,0.0,0.0,0.0,0.0,0,0
090150,아이윈,3.05,1.78,0.0,2.75,2.49,24.89,71.75,142.4,142.4,58.22,6.41,-22.22,0.0,0.0,90626244365.0,0.7145,0.0,0.0,0.2464,0.0,30.26,0.0,0.0,0.0,5340,22330909090
090350,노루페인트,4.19,2.15,0.0,3.49,1.98,255.25,94.4,144.69,144.69,51.44,13.69,-20.97,0.0,0.0,730931676422.0,1.0899,0.0,0.0,0.4077,0.0,24.43,0.0,0.0,0.0,14900,298000000000
090360,로보스타,1.9,1.31,0.0,0.16,1.15,2.24,44.86,232.53,232.53,69.03,7.92,101.98,0.0,0.0,142465023658.0,1.1425,0.0,0.0,1.8169,0.0,1327.74,0.0,0.0,0.0,26550,258845524296
090370,메타랩스,-25.96,-17.23,0.0,-3.62,-37.27,-14.23,50.68,142.25,142.25,66.36,-19.78,-537.6,0.0,0.0,39300730761.0,0.4622,0.0,0.0,0.6514,0.0,0.0,0.0,0.0,0.0,939,25601358695
090410,덕신이피씨,4.34,2.33,0.0,2.65,2.3,40.48,86.68,140.95,140.95,53.57,24.11,149.09,0.0,0.0,152883867652.0,1.0104,0.0,0.0,0.1472,0.0,22.92,0.0,0.0,0.0,2440,22509654350
090430,아모레퍼시픽,3.81,2.96,0.0,7.06,3.72,3433.58,28.93,174.39,174.39,77.56,9.72,140.1,0.0,0.0,4863128496699.0,0.7951,0.0,0.0,2.0086,0.0,32.45,0.0,0.0,0.0,167000,9768252038043
090460,비에이치,20.03,10.3,0.0,6.86,7.88,710.85,94.47,135.94,135.94,51.42,43.75,108.79,0.0,0.0,1036962656916.0,1.307,0.0,0.0,0.7543,0.0,16.43,0.0,0.0,0.0,23200,782156884256
090470,제이스로보틱스,4.38,3.33,0.0,-1.81,6.54,-14.84,31.49,330.47,330.47,76.05,-28.49,85.54,0.0,0.0,81838114605.0,0.5098,0.0,0.0,1.3852,0.0,0.0,0.0,0.0,0.0,6490,113358666666
090710,휴림로봇,-54.32,-40.3,0.0,-12.21,-127.88,-37.44,34.78,218.67,218.67,74.19,47.96,57.97,0.0,0.0,30670497313.0,0.3151,0.0,0.0,3.8981,0.0,0.0,0.0,0.0,0.0,1000,119557251908
090740,와이앤넥스트,50.63,26.6,0.0,1.51,13.51,28.08,90.36,118.63,118.63,52.53,-30.48,90.46,0.0,0.0,185745959123.0,1.9688,0.0,0.0,0.0,0.0,0.0,0.0,0.0,0.0,0,0
090850,현대이지웰,19.05,10.08,0.0,16.51,15.95,159.34,88.89,176.26,176.26,52.94,10.71,19.71,0.0,0.0,96521903819.0,0.6323,0.0,0.0,2.4915,0.0,19.6,0.0,0.0,0.0,10700,240485148514
091120,이엠텍,14.54,9.33,0.0,9.27,8.53,371.16,55.85,190.62,190.62,64.17,41.46,1696.52,0.0,0.0,400226889098.0,1.0937,0.0,0.0,1.3631,0.0,18.23,0.0,0.0,0.0,31850,545543172690
091340,S&K폴리텍,4.09,1.78,0.0,2.04,1.55,67.47,128.88,147.35,147.35,43.69,29.82,92.75,0.0,0.0,330997088798.0,1.1482,0.0,0.0,0.2044,0.0,34.09,0.0,0.0,0.0,5780,67649327354
091440,한울소재과학,-45.14,-13.47,0.0,-13.8,-18.48,-47.72,235.18,132.68,132.68,29.83,-13.53,17.12,0.0,0.0,34590886535.0,0.7287,0.0,0.0,2.653,0.0,0.0,0.0,0.0,0.0,2650,91768518518
091580,상신이디피,17.27,8.73,0.0,9.95,8.87,196.52,97.83,109.37,109.37,50.55,30.19,0.92,0.0,0.0,197509167045.0,0.9841,0.0,0.0,1.0525,0.0,15.63,0.0,0.0,0.0,15600,207886956521
091700,파트론,16.3,11.52,0.0,6.0,5.97,787.09,41.51,181.13,181.13,70.67,11.31,87.66,0.0,0.0,1312658128819.0,1.9303,0.0,0.0,0.5066,0.0,10.98,0.0,0.0,0.0,13300,665000000000
091810,트리니티항공,-330.04,-21.26,0.0,-69.18,-72.88,-1483.27,1452.65,42.44,42.44,6.44,-20.36,14.91,0.0,0.0,214395239315.0,0.2917,0.0,0.0,1.524,0.0,0.0,0.0,0.0,0.0,3200,326731218697
091970,LSK아이로봇,-30.52,-17.02,0.0,-22.28,-29.22,-104.85,79.29,142.72,142.72,55.78,8.67,-1242.44,0.0,0.0,47065982998.0,0.5824,0.0,0.0,0.2581,0.0,0.0,0.0,0.0,0.0,1610,12148004836
091990,셀트리온헬스케어,7.25,3.9,0.0,11.05,8.45,1994.37,85.9,225.2,225.2,53.79,10.87,-44.92,0.0,0.0,1804486220109.0,0.461,0.0,0.0,0.0,0.0,0.0,0.0,0.0,0.0,0,0
092040,아미코젠,2.04,1.15,0.0,-3.69,3.8,-46.14,76.59,77.06,77.06,56.63,7.79,-248.7,0.0,0.0,124880967146.0,0.3037,0.0,0.0,17.9668,0.0,0.0,0.0,0.0,0.0,31750,2243710855949
092070,디엔에프,8.09,6.14,0.0,8.77,9.27,111.39,31.65,196.86,196.86,75.96,33.61,-5.7,0.0,0.0,127056106754.0,0.6628,0.0,0.0,2.0805,0.0,27.87,0.0,0.0,0.0,22850,264343137254
092130,이크레더블,21.98,18.8,0.0,39.87,30.47,182.22,16.92,632.52,632.52,85.53,6.52,7.99,0.0,0.0,45703148455.0,0.617,0.0,0.0,5.1922,0.0,13.61,0.0,0.0,0.0,19700,237298548721
092190,서울바이오시스,8.12,2.69,0.0,4.56,4.27,222.7,201.37,81.5,81.5,33.18,13.31,-18.68,0.0,0.0,488676724768.0,0.63,0.0,0.0,1.2435,0.0,50.56,0.0,0.0,0.0,13250,607693181818
092200,디아이씨,22.25,4.69,0.0,4.63,5.0,272.95,374.54,50.67,50.67,21.07,19.61,138.46,0.0,0.0,590132045596.0,0.9384,0.0,0.0,0.3671,0.0,26.12,0.0,0.0,0.0,5570,216651298701
092220,KEC,3.64,2.54,0.0,9.92,3.8,265.26,43.5,205.04,205.04,69.68,33.04,1234.74,0.0,0.0,267472591083.0,0.6677,0.0,0.0,0.5568,0.0,10.19,0.0,0.0,0.0,3710,148928113879
092230,KPX홀딩스,6.01,4.54,0.0,4.37,6.65,541.44,32.53,226.52,226.52,75.46,29.95,-31.56,0.0,0.0,1238702229927.0,0.6825,0.0,0.0,0.2165,0.0,13.18,0.0,0.0,0.0,63500,268233816425
092300,현우산업,-0.63,-0.28,0.0,2.24,-0.29,41.19,125.16,123.87,123.87,44.41,20.5,6628.99,0.0,0.0,184284185278.0,0.9664,0.0,0.0,0.585,0.0,51.91,0.0,0.0,0.0,5350,107815238095
092440,기신정기,4.0,3.77,0.0,8.84,7.61,113.57,6.34,997.17,997.17,94.04,3.06,22.66,0.0,0.0,128459666433.0,0.4949,0.0,0.0,0.9641,0.0,12.27,0.0,0.0,0.0,4240,123841584158
092460,한라IMS,4.27,2.24,0.0,0.27,7.08,1.53,90.71,135.92,135.92,52.44,4.12,-92.83,0.0,0.0,56517915715.0,0.3165,0.0,0.0,1.5346,0.0,1123.76,0.0,0.0,0.0,5070,86731343283
092600,앤씨앤,-27.49,-17.86,0.0,-13.28,-17.4,-152.34,53.92,299.7,299.7,64.97,30.62,-27.99,0.0,0.0,114680131208.0,1.0267,0.0,0.0,0.1813,0.0,0.0,0.0,0.0,0.0,4125,20790884718
092730,네오팜,13.59,12.35,0.0,25.51,20.14,224.31,10.06,938.77,938.77,90.86,7.72,2.41,0.0,0.0,87930719731.0,0.6132,0.0,0.0,4.5205,0.0,18.3,0.0,0.0,0.0,24800,397493013972
092780,DYP,6.78,2.12,0.0,2.91,2.17,103.14,220.12,97.2,97.2,31.24,10.28,503.9,0.0,0.0,354590526034.0,0.9778,0.0,0.0,0.2338,0.0,32.22,0.0,0.0,0.0,6300,82919818456
092870,엑시콘,25.67,22.17,0.0,9.49,51.41,62.81,15.8,291.11,291.11,86.35,-1.83,-23.92,0.0,0.0,66186071338.0,0.4312,0.0,0.0,2.9773,0.0,34.71,0.0,0.0,0.0,15100,197055000000
093050,LF,9.09,5.36,0.0,8.86,7.59,1588.66,69.59,219.23,219.23,58.96,11.34,106.14,0.0,0.0,1793103979720.0,0.7056,0.0,0.0,0.2813,0.0,9.74,0.0,0.0,0.0,17250,504367741935
093190,빅솔론,12.94,11.33,0.0,13.96,25.76,140.12,14.27,705.69,705.69,87.51,34.82,237.68,0.0,0.0,100389818944.0,0.4398,0.0,0.0,1.2745,0.0,11.17,0.0,0.0,0.0,6650,127944444444
093240,형지엘리트,-1.28,-0.59,0.0,-0.19,-0.57,-2.6,116.65,217.05,217.05,46.16,-8.56,-113.05,0.0,0.0,135281634693.0,1.0371,0.0,0.0,1.7065,0.0,0.0,0.0,0.0,0.0,3755,230855867346
093320,케이아이엔엑스,12.02,9.81,0.0,23.37,19.42,197.34,22.52,571.32,571.32,81.62,19.9,10.98,0.0,0.0,84460348323.0,0.5051,0.0,0.0,2.8861,0.0,13.91,0.0,0.0,0.0,49950,243764256198
093370,후성,11.03,5.08,0.0,15.25,8.2,581.39,117.43,112.47,112.47,45.99,45.74,1971.39,0.0,0.0,381256774874.0,0.6186,0.0,0.0,6.4987,0.0,48.34,0.0,0.0,0.0,23100,2477664127951
093380,풍강,6.69,4.91,0.0,5.49,5.68,42.2,36.09,213.85,213.85,73.48,20.17,1793.42,0.0,0.0,76805148961.0,0.8648,0.0,0.0,0.568,0.0,15.92,0.0,0.0,0.0,4420,43625974025
093520,매커스,31.49,17.25,0.0,18.49,17.77,260.19,82.51,210.52,210.52,54.79,61.92,174.98,0.0,0.0,140726734643.0,0.9707,0.0,0.0,0.6792,0.0,6.19,0.0,0.0,0.0,8030,95583866171
093640,케이알엠,5.92,3.87,0.0,6.5,24.57,7.39,53.0,224.68,224.68,65.36,28.13,420.54,0.0,0.0,11368085052.0,0.1576,0.0,0.0,13.1458,0.0,236.13,0.0,0.0,0.0,4550,149443107221
093920,서원인텍,9.22,7.64,0.0,4.66,5.78,134.55,20.66,467.51,467.51,82.88,-8.58,-27.26,0.0,0.0,288547884243.0,1.3212,0.0,0.0,0.4395,0.0,12.21,0.0,0.0,0.0,6820,126825635808
094170,동운아나텍,-72.84,-23.53,0.0,-31.18,-29.35,-157.95,209.57,161.27,161.27,32.3,-28.36,-779.74,0.0,0.0,50661220735.0,0.8016,0.0,0.0,3.6281,0.0,0.0,0.0,0.0,0.0,8790,183802100840
094190,이엘케이,11.08,-26.37,0.0,-61.58,-105.85,-44.09,-142.02,29.05,29.05,-237.98,-60.09,54.25,0.0,0.0,7160267250.0,0.2491,0.0,0.0,0.0,0.0,0.0,0.0,0.0,0.0,0,0
094280,효성 ITX,13.93,5.96,0.0,4.26,3.02,202.88,133.65,61.64,61.64,42.8,-1.7,20.67,0.0,0.0,475904429382.0,1.9714,0.0,0.0,0.4858,0.0,18.2,0.0,0.0,0.0,20000,231177446102
094360,칩스앤미디어,16.51,13.64,0.0,26.02,31.37,51.99,20.98,595.94,595.94,82.66,29.73,118.39,0.0,0.0,19979567098.0,0.4349,0.0,0.0,25.3317,0.0,98.87,0.0,0.0,0.0,23700,506116822429
094480,갤럭시아머니트리,-0.26,-0.09,0.0,8.34,-0.3,78.74,190.16,146.13,146.13,34.46,16.29,1.8,0.0,0.0,94461899630.0,0.2981,0.0,0.0,5.6261,0.0,93.88,0.0,0.0,0.0,13550,531456125827
094820,일진파워,13.61,8.63,0.0,10.12,8.24,188.09,57.63,220.04,220.04,63.44,10.64,43.9,0.0,0.0,185899334919.0,1.0474,0.0,0.0,1.44,0.0,17.68,0.0,0.0,0.0,17750,267690008539
094840,슈프리마에이치큐,6.63,6.2,0.0,21.6,39.16,66.68,6.95,1699.01,1699.01,93.5,17.58,54.52,0.0,0.0,30866937590.0,0.1584,0.0,0.0,2.2997,0.0,12.54,0.0,0.0,0.0,7240,70985725018
094850,참좋은여행,-15.96,-14.88,0.0,0.0,0.0,-187.01,7.25,1042.37,1042.37,93.24,0.0,-55.63,0.0,0.0,0.0,0.0,0.0,0.0,0.0,0.0,0.0,0.0,0.0,0.0,13200,184678899082
094860,네오리진,-4.83,-3.88,0.0,-11.89,-9.86,-24.55,24.41,403.36,403.36,80.38,117.93,-44.34,0.0,0.0,20645100318.0,0.3934,0.0,0.0,3.0852,0.0,0.0,0.0,0.0,0.0,1200,63694267515
094940,푸른로보틱스,4.87,3.64,0.0,0.26,5.22,0.79,33.83,380.61,380.61,74.72,30.29,-22.73,0.0,0.0,30829787036.0,0.6969,0.0,0.0,2.6348,0.0,1173.69,0.0,0.0,0.0,9720,81230331753
094970,제이엠티,20.15,12.13,0.0,20.59,19.12,163.42,66.11,234.07,234.07,60.2,1.48,42.58,0.0,0.0,79362860146.0,0.6345,0.0,0.0,0.8941,0.0,7.39,0.0,0.0,0.0,4235,70960784313
095190,신화프리텍,-3.37,-1.64,0.0,-0.97,-3.05,-9.51,104.91,127.22,127.22,48.8,27.68,70.37,0.0,0.0,98025956106.0,0.5385,0.0,0.0,2.6939,0.0,0.0,0.0,0.0,0.0,4045,264075491759
095270,웨이브일렉트로,75.02,59.09,0.0,2.12,122.23,10.06,26.97,428.07,428.07,78.76,20.43,123.02,0.0,0.0,47468344901.0,0.4834,0.0,0.0,1.6473,0.0,98.47,0.0,0.0,0.0,5440,78195786864
095340,ISC,13.52,11.49,0.0,25.93,20.8,375.17,17.59,282.19,282.19,85.04,18.81,107.53,0.0,0.0,144669824213.0,0.5528,0.0,0.0,5.1795,0.0,21.02,0.0,0.0,0.0,35350,749315722713
095500,미래나노텍,9.51,5.57,0.0,5.16,5.11,236.39,70.81,206.92,206.92,58.54,13.54,-26.18,0.0,0.0,458244377896.0,1.0891,0.0,0.0,0.5637,0.0,18.31,0.0,0.0,0.0,8330,258333980582
095570,AJ네트웍스,21.17,5.66,0.0,4.39,7.47,451.1,273.79,52.16,52.16,26.75,17.75,113.9,0.0,0.0,1026749457003.0,0.7577,0.0,0.0,0.2384,0.0,27.43,0.0,0.0,0.0,5410,244796380090
095610,테스,25.09,21.96,0.0,16.57,19.72,621.85,14.24,519.79,519.79,87.54,52.54,96.29,0.0,0.0,375194330803.0,1.1135,0.0,0.0,1.5351,0.0,9.94,0.0,0.0,0.0,29750,575960000000
095660,네오위즈,12.08,9.86,0.0,8.14,21.69,212.5,22.57,404.62,404.62,81.59,-9.81,-64.78,0.0,0.0,261199905958.0,0.4545,0.0,0.0,2.9907,0.0,41.74,0.0,0.0,0.0,36100,781170529801
095700,제넥신,-9.41,-7.67,0.0,-52.6,-132.71,-193.73,22.6,96.82,96.82,81.57,98.61,50.53,0.0,0.0,36828454645.0,0.0578,0.0,0.0,72.1185,0.0,0.0,0.0,0.0,0.0,58300,2656011342155
095720,웅진씽크빅,11.83,5.73,0.0,3.29,5.43,267.89,106.57,124.61,124.61,48.41,25.96,91.44,0.0,0.0,813875932203.0,1.0547,0.0,0.0,0.2218,0.0,21.6,0.0,0.0,0.0,3175,180539215686
095910,에스에너지,-16.03,-6.31,0.0,-8.01,-8.68,-200.62,153.98,136.92,136.92,39.37,-1.7,-240.74,0.0,0.0,250473846447.0,0.7269,0.0,0.0,0.6507,0.0,0.0,0.0,0.0,0.0,4480,162973228346
096040,이트론,-23.26,-11.13,0.0,-9.52,-40.74,-38.11,108.94,108.4,108.4,47.86,-3.22,-946.51,0.0,0.0,40017483445.0,0.2733,0.0,0.0,0.0,0.0,0.0,0.0,0.0,0.0,0,0
096240,크레버스,17.99,8.06,0.0,14.8,8.8,311.95,123.09,103.29,103.29,44.83,17.06,84.35,0.0,0.0,210735912095.0,0.9168,0.0,0.0,1.6027,0.0,14.89,0.0,0.0,0.0,33000,337737397420
096350,대창솔루션,-40.7,-12.54,0.0,-16.7,-30.46,-82.21,224.43,38.69,38.69,30.82,3.57,26.64,0.0,0.0,49234175333.0,0.4118,0.0,0.0,0.3726,0.0,0.0,0.0,0.0,0.0,498,18344585987
096530,씨젠,49.61,36.08,0.0,48.63,39.21,6666.58,37.48,367.39,367.39,72.74,21.83,-1.41,0.0,0.0,1370833012026.0,0.9202,0.0,0.0,2.324,0.0,5.39,0.0,0.0,0.0,61000,3185797619047
096610,알에프세미,-26.69,-10.56,0.0,-29.98,-25.04,-110.27,152.67,118.09,118.09,39.58,8.44,47.58,0.0,0.0,36785321279.0,0.4218,0.0,0.0,2.8247,0.0,0.0,0.0,0.0,0.0,5990,103908163265
096630,에스코넥,-39.87,-11.6,0.0,-4.94,-9.15,-89.67,243.73,94.17,94.17,29.09,-2.06,67.48,0.0,0.0,181350412327.0,1.2682,0.0,0.0,0.167,0.0,0.0,0.0,0.0,0.0,1905,30290027700
096640,멜파스,-36.54,-21.65,0.0,3.87,-55.69,9.28,68.8,67.01,67.01,59.24,-52.22,-21.96,0.0,0.0,24003294188.0,0.3887,0.0,0.0,0.0,0.0,0.0,0.0,0.0,0.0,0,0
096690,에이루트,-73.73,-57.1,0.0,-10.42,-223.58,-47.81,29.12,246.7,246.7,77.45,32.36,-86.19,0.0,0.0,45891025090.0,0.2554,0.0,0.0,0.062,0.0,0.0,0.0,0.0,0.0,708,2847391304
096760,JW홀딩스,1.45,0.42,0.0,8.71,0.56,687.29,249.64,89.88,89.88,28.6,0.95,84.12,0.0,0.0,788936980895.0,0.7402,0.0,0.0,0.3214,0.0,14.76,0.0,0.0,0.0,3430,253554237288
096770,SK이노베이션,0.0,0.0,0.0,3.74,0.0,17541.71,152.42,148.02,148.02,39.62,35.58,172.48,0.0,0.0,46842929105000.0,0.9452,0.0,0.0,0.8607,0.0,40.04,0.0,0.0,0.0,238500,40319042629482
096870,엘디티,16.57,14.8,0.0,15.01,18.01,18.6,11.95,703.1,703.1,89.33,2.47,19.72,0.0,0.0,12384959098.0,0.8219,0.0,0.0,3.3792,0.0,23.37,0.0,0.0,0.0,5020,41851403887
097230,HJ중공업,-32.37,-5.86,0.0,-6.39,-8.19,-1089.91,452.13,99.9,99.9,18.11,0.63,-311.1,0.0,0.0,1706532000000.0,0.7155,0.0,0.0,0.4254,0.0,0.0,0.0,0.0,0.0,8040,725990011890
097520,엠씨넥스,13.21,7.52,0.0,2.37,3.91,238.79,75.78,132.36,132.36,56.89,-23.04,-59.64,0.0,0.0,1009273639991.0,1.9205,0.0,0.0,0.9914,0.0,51.39,0.0,0.0,0.0,57500,1000610047846
097780,에코볼트,-16.39,-12.79,0.0,-17.48,-43.52,-197.0,28.23,203.44,203.44,77.99,-47.91,-223.39,0.0,0.0,112691082415.0,0.2938,0.0,0.0,0.1781,0.0,0.0,0.0,0.0,0.0,988,20073650793
097800,윈팩,-12.55,-5.32,0.0,-6.35,-8.15,-64.46,136.15,31.89,31.89,42.35,-7.86,-220.73,0.0,0.0,101442175549.0,0.6523,0.0,0.0,0.5691,0.0,0.0,0.0,0.0,0.0,2115,57729528535
097870,효성오앤비,3.11,2.7,0.0,5.28,7.62,15.9,15.27,441.16,441.16,86.75,2.9,-22.12,0.0,0.0,30143893021.0,0.3547,0.0,0.0,2.4074,0.0,52.71,0.0,0.0,0.0,8550,72568008705
097950,CJ제일제당,8.26,3.32,0.0,5.8,3.39,15244.29,148.51,97.22,97.22,40.24,8.43,12.13,0.0,0.0,26289227767000.0,0.9789,0.0,0.0,0.2219,0.0,14.35,0.0,0.0,0.0,387500,5833485254691
098120,마이크로컨텍솔,18.09,14.67,0.0,12.92,12.34,79.33,23.29,409.4,409.4,81.11,56.29,379.61,0.0,0.0,61382432205.0,1.1895,0.0,0.0,1.9093,0.0,16.0,0.0,0.0,0.0,14100,117195683453
098460,고영,14.12,10.75,0.0,16.72,16.01,413.51,31.36,572.95,572.95,76.13,37.74,161.01,0.0,0.0,247301342081.0,0.6714,0.0,0.0,6.5363,0.0,41.22,0.0,0.0,0.0,23700,1616431634446
098660,에스티오,1.15,0.55,0.0,0.46,0.52,2.99,110.19,162.61,162.61,47.58,-5.76,127.15,0.0,0.0,64487015798.0,1.0457,0.0,0.0,0.4853,0.0,212.94,0.0,0.0,0.0,2505,31294220665
099190,아이센스,8.83,5.86,0.0,14.95,10.8,348.27,50.73,540.89,540.89,66.35,14.35,14.35,0.0,0.0,232934791026.0,0.5427,0.0,0.0,3.7346,0.0,29.13,0.0,0.0,0.0,30250,869918191902
099220,SDN,-2.77,-1.6,0.0,5.72,-2.91,53.11,72.83,146.42,146.42,57.86,16.02,2236.89,0.0,0.0,92816027115.0,0.5516,0.0,0.0,1.3001,0.0,36.07,0.0,0.0,0.0,1915,120671232876
099320,쎄트렉아이,-10.71,-5.5,0.0,1.73,-17.22,12.69,94.92,681.67,681.67,51.3,-17.68,-90.71,0.0,0.0,73449328696.0,0.3192,0.0,0.0,6.8508,0.0,484.73,0.0,0.0,0.0,45950,503187072503
099390,브레인즈컴퍼니,12.21,11.02,0.0,30.01,27.92,53.08,10.88,1121.31,1121.31,90.19,19.3,37.76,0.0,0.0,17691442129.0,0.3945,0.0,0.0,13.6663,0.0,46.37,0.0,0.0,0.0,29450,241776214833
099430,바이오플러스,13.25,12.07,0.0,48.71,28.52,182.26,9.86,725.63,725.63,91.03,53.56,47.85,0.0,0.0,37418198215.0,0.423,0.0,0.0,45.3104,0.0,93.46,0.0,0.0,0.0,27500,1695434782608
099440,스맥,-28.05,-8.62,0.0,-8.55,-12.76,-109.9,225.46,98.22,98.22,30.73,13.06,39.15,0.0,0.0,128499940215.0,0.6754,0.0,0.0,1.054,0.0,0.0,0.0,0.0,0.0,1985,135444025974
099520,DGI,-111.22,-41.7,0.0,-24.59,-36.47,-67.44,166.72,144.28,144.28,37.49,-10.4,-133.53,0.0,0.0,27428788078.0,1.1433,0.0,0.0,2.1199,0.0,0.0,0.0,0.0,0.0,1285,58145249221
099750,이지케어텍,-23.37,-14.97,0.0,-5.16,-10.3,-39.66,56.1,252.98,252.98,64.06,18.91,-86.27,0.0,0.0,76903899718.0,1.4541,0.0,0.0,7.016,0.0,0.0,0.0,0.0,0.0,39500,539555722891
100030,인지소프트,20.55,14.33,0.0,21.09,45.37,44.5,43.44,158.72,158.72,69.72,4.62,-1.09,0.0,0.0,21100956999.0,0.3157,0.0,0.0,3.0968,0.0,19.23,0.0,0.0,0.0,19900,65344711538
100090,SK오션플랜트,-48.21,-11.74,0.0,5.25,-17.26,264.32,310.59,60.77,60.77,24.36,17.75,-9.01,0.0,0.0,503060400073.0,0.6804,0.0,0.0,2.6578,0.0,71.74,0.0,0.0,0.0,21400,1337034782608
100120,뷰웍스,17.8,13.91,0.0,18.02,17.35,348.09,27.95,316.0,316.0,78.16,20.51,19.76,0.0,0.0,193139356525.0,0.8019,0.0,0.0,1.9465,0.0,12.31,0.0,0.0,0.0,41900,375942541436
100130,동국S&C,8.2,5.34,0.0,4.84,6.36,183.46,53.72,187.61,187.61,65.05,28.55,72.06,0.0,0.0,378775972995.0,0.8396,0.0,0.0,0.8075,0.0,25.27,0.0,0.0,0.0,5350,305873180873
100220,비상교육,3.02,2.22,0.0,3.59,2.8,77.42,35.8,177.2,177.2,73.64,25.11,152.11,0.0,0.0,215573813894.0,0.794,0.0,0.0,0.4702,0.0,22.34,0.0,0.0,0.0,7800,101360406091
100250,진양홀딩스,3.84,2.65,0.0,3.05,6.66,68.58,45.14,144.09,144.09,68.9,6.26,-40.78,0.0,0.0,224791427777.0,0.3971,0.0,0.0,1.0416,0.0,59.81,0.0,0.0,0.0,3665,234143127962
100590,머큐리,6.52,3.78,0.0,4.64,4.65,56.43,72.66,186.95,186.95,57.92,3.22,68.11,0.0,0.0,121604103517.0,0.8123,0.0,0.0,1.2017,0.0,37.06,0.0,0.0,0.0,8530,146126740947
100660,서암기계공업,2.04,1.74,0.0,1.26,2.84,5.66,17.08,487.24,487.24,85.41,41.1,225.32,0.0,0.0,44874160526.0,0.6148,0.0,0.0,1.4467,0.0,133.54,0.0,0.0,0.0,5150,64920195439
100700,세운메디칼,11.01,10.23,0.0,24.59,20.39,153.86,7.59,1014.98,1014.98,92.94,-1.8,6.89,0.0,0.0,62579463507.0,0.5017,0.0,0.0,2.9082,0.0,12.4,0.0,0.0,0.0,4155,181995867768
100840,SNT에너지,5.11,3.76,0.0,7.76,7.31,132.81,35.65,301.77,301.77,73.72,-27.93,-42.57,0.0,0.0,171088093279.0,0.5151,0.0,0.0,2.2423,0.0,35.46,0.0,0.0,0.0,18550,383629787234
101000,KS인더스트리,-20.92,-10.96,0.0,-6.95,-10.05,-35.57,90.87,126.41,126.41,52.39,83.42,-695.48,0.0,0.0,51155337034.0,1.0908,0.0,0.0,0.1851,0.0,0.0,0.0,0.0,0.0,953,9468516129
101140,인바이오젠,52.87,34.29,0.0,-75.68,898.07,-79.32,54.18,41.02,41.02,64.86,2.58,-50.82,0.0,0.0,10480817714.0,0.0382,0.0,0.0,3.409,0.0,0.0,0.0,0.0,0.0,3560,35729219600
101160,월덱스,23.31,15.78,0.0,21.2,17.59,403.01,47.74,259.7,259.7,67.69,22.08,12.58,0.0,0.0,190057368425.0,0.897,0.0,0.0,2.4889,0.0,13.44,0.0,0.0,0.0,28650,473040101522
101170,우림피티에스,4.3,3.8,0.0,3.35,5.82,20.28,12.98,466.54,466.54,88.51,0.72,169.23,0.0,0.0,60544381004.0,0.6536,0.0,0.0,0.903,0.0,32.21,0.0,0.0,0.0,4050,54672539489
101240,씨큐브,5.9,4.2,0.0,10.22,8.78,40.87,40.3,231.55,231.55,71.27,8.2,-1.27,0.0,0.0,40002344966.0,0.4783,0.0,0.0,1.9572,0.0,25.03,0.0,0.0,0.0,6890,78291228070
101330,모베이스,2.11,0.76,0.0,1.24,0.65,145.44,179.61,95.74,95.74,35.76,8.45,130.93,0.0,0.0,1171801185591.0,1.1583,0.0,0.0,0.082,0.0,51.29,0.0,0.0,0.0,4155,96128389830
101360,에코앤드림,14.0,8.34,0.0,9.86,12.95,76.39,67.83,531.61,531.61,59.58,-16.11,-53.38,0.0,0.0,77443553598.0,0.6443,0.0,0.0,7.0259,0.0,77.59,0.0,0.0,0.0,30600,544109324758
101390,아이엠,-15.34,-7.01,0.0,0.73,-4.1,11.1,118.84,139.14,139.14,45.7,4.49,115.66,0.0,0.0,152865883829.0,1.711,0.0,0.0,0.0,0.0,0.0,0.0,0.0,0.0,0,0
101400,엔시트론,-4.23,-2.39,0.0,4.13,-5.32,6.52,76.61,201.62,201.62,56.62,46.78,122.8,0.0,0.0,15794482679.0,0.4501,0.0,0.0,0.9601,0.0,46.58,0.0,0.0,0.0,1290,15164138678
101490,에스앤에스텍,6.59,5.82,0.0,12.76,11.63,126.11,13.19,580.24,580.24,88.34,13.13,14.27,0.0,0.0,98842798689.0,0.5006,0.0,0.0,7.9432,0.0,64.08,0.0,0.0,0.0,36800,785125783132
101530,해태제과식품,-0.12,-0.05,0.0,4.58,-0.05,260.22,152.11,47.58,47.58,39.67,0.67,-23.21,0.0,0.0,567703451336.0,0.8669,0.0,0.0,0.4089,0.0,24.1,0.0,0.0,0.0,7970,232108771929
101670,하이드로리튬,-0.12,-0.09,0.0,-0.96,-0.17,-1.73,36.04,324.33,324.33,73.51,37.98,95.05,0.0,0.0,17954149632.0,0.5193,0.0,0.0,4.523,0.0,0.0,0.0,0.0,0.0,1430,81206500956
101680,한국정밀기계,-22.49,-13.27,0.0,-73.8,-73.63,-109.09,69.54,211.73,211.73,58.98,-13.9,13.43,0.0,0.0,14782212483.0,0.1802,0.0,0.0,0.8177,0.0,0.0,0.0,0.0,0.0,1440,12087046632
101730,위메이드맥스,-5.5,-2.81,0.0,0.82,-4.23,2.92,95.53,302.74,302.74,51.14,-6.33,105.63,0.0,0.0,35521769802.0,0.6648,0.0,0.0,109.4566,0.0,13423.21,0.0,0.0,0.0,46400,3888093131548
101930,인화정공,8.05,4.19,0.0,3.29,13.82,36.3,92.33,59.98,59.98,51.99,4.47,676.46,0.0,0.0,110475018706.0,0.3029,0.0,0.0,5.7088,0.0,221.98,0.0,0.0,0.0,13800,630682422451
102120,어보브반도체,12.26,10.23,0.0,10.52,8.18,176.22,19.84,287.57,287.57,83.45,16.17,0.01,0.0,0.0,167498755290.0,1.2499,0.0,0.0,1.5122,0.0,15.63,0.0,0.0,0.0,14250,253289290681
102210,트레스,-5.49,-4.39,0.0,1.89,-15.57,5.94,24.87,339.43,339.43,80.08,-8.96,151.4,0.0,0.0,31401081525.0,0.2823,0.0,0.0,0.0,0.0,0.0,0.0,0.0,0.0,0,0
102260,동성케미컬,9.28,5.18,0.0,4.89,4.58,453.2,79.17,124.61,124.61,55.81,7.17,-30.29,0.0,0.0,925978520043.0,1.1309,0.0,0.0,0.2623,0.0,13.34,0.0,0.0,0.0,4795,242929708222
102280,쌍방울,-8.13,-4.69,0.0,-2.38,-19.13,-23.06,73.29,187.27,187.27,57.71,-0.23,-82.87,0.0,0.0,97009199390.0,0.2452,0.0,0.0,0.0,0.0,0.0,0.0,0.0,0.0,0,0
102370,케이옥션,14.77,11.03,0.0,35.58,27.4,136.27,33.97,248.38,248.38,74.64,58.31,799.3,0.0,0.0,38300247393.0,0.4025,0.0,0.0,0.0,0.0,0.0,0.0,0.0,0.0,0,0
102460,이연제약,2.26,1.16,0.0,2.62,3.88,37.39,94.9,346.93,346.93,51.31,9.82,-9.89,0.0,0.0,142801367549.0,0.2988,0.0,0.0,4.6265,0.0,238.93,0.0,0.0,0.0,35550,660673192771
102710,이엔에프테크놀로지,5.21,3.09,0.0,4.98,3.46,260.04,68.32,115.95,115.95,59.41,7.23,-61.85,0.0,0.0,521795722530.0,0.8953,0.0,0.0,0.9378,0.0,27.91,0.0,0.0,0.0,34250,489351685393
102940,코오롱생명과학,-1.38,-0.59,0.0,2.34,-0.83,38.73,136.05,102.67,102.67,42.36,27.87,114.99,0.0,0.0,165485310364.0,0.7052,0.0,0.0,3.4217,0.0,181.11,0.0,0.0,0.0,43250,566233552631
103140,풍산,14.44,7.73,0.0,8.95,6.94,3141.25,86.77,167.69,167.69,53.54,35.31,159.16,0.0,0.0,3509498278523.0,1.1147,0.0,0.0,0.2487,0.0,7.44,0.0,0.0,0.0,31150,872960683760
103160,풀무원식품,4.61,1.52,0.0,2.18,0.95,443.28,202.98,94.74,94.74,33.01,6.37,-38.13,0.0,0.0,2032595834315.0,1.6034,0.0,0.0,0.0,0.0,0.0,0.0,0.0,0.0,0,0
103230,에스앤더블류,-3.3,-2.4,0.0,-1.02,-4.27,-3.06,37.47,315.48,315.48,72.74,-10.55,64.36,0.0,0.0,29962986771.0,0.5627,0.0,0.0,0.603,0.0,0.0,0.0,0.0,0.0,2505,18068852459
103590,일진전기,0.0,0.0,0.0,2.19,0.0,204.03,159.38,97.69,97.69,38.55,31.7,48.1,0.0,0.0,932362520580.0,1.1127,0.0,0.0,0.2613,0.0,37.18,0.0,0.0,0.0,5110,243672359550
103840,우양,3.07,0.95,0.0,1.48,0.92,20.56,222.82,74.19,74.19,30.98,4.59,-68.44,0.0,0.0,139168265812.0,1.0341,0.0,0.0,0.5426,0.0,81.9,0.0,0.0,0.0,4615,75513243084
104040,디에스엠,1.74,1.14,0.0,3.26,2.9,10.71,52.29,105.22,105.22,65.66,2.38,9.77,0.0,0.0,32850559765.0,0.3938,0.0,0.0,1.7029,0.0,78.99,0.0,0.0,0.0,2085,55940943396
104200,NHN벅스,-1.62,-1.27,0.0,8.75,-1.79,56.9,28.37,161.75,161.75,77.9,-3.97,51.82,0.0,0.0,65059898590.0,0.7089,0.0,0.0,4.3566,0.0,53.38,0.0,0.0,0.0,19100,283442561205
104460,디와이피엔에프,4.82,2.74,0.0,0.0,4.65,0.0,76.0,202.83,202.83,56.82,-53.06,0.0,0.0,0.0,99632689614.0,0.5892,0.0,0.0,4.2226,0.0,0.0,0.0,0.0,0.0,40000,420707070707
104480,티케이케미칼,52.53,30.54,0.0,9.59,50.56,665.16,72.01,78.71,78.71,58.14,61.63,419.83,0.0,0.0,693903280862.0,0.6041,0.0,0.0,0.744,0.0,14.99,0.0,0.0,0.0,5680,516275469550
104540,코렌텍,1.35,0.64,0.0,8.47,1.71,37.79,109.95,382.81,382.81,47.63,10.21,-5.31,0.0,0.0,44629700360.0,0.3753,0.0,0.0,3.6371,0.0,59.44,0.0,0.0,0.0,12100,162324324324
104620,노랑풍선,0.0,0.0,0.0,-502.55,0.0,-147.17,102.17,84.73,84.73,49.46,-85.33,-132.86,0.0,0.0,2928455618.0,0.0333,0.0,0.0,83.0076,0.0,0.0,0.0,0.0,0.0,14450,243084112149
104700,한국철강,13.47,10.7,0.0,11.65,10.97,1032.87,25.83,368.28,368.28,79.47,39.99,194.15,0.0,0.0,886650133446.0,0.9757,0.0,0.0,0.3182,0.0,4.54,0.0,0.0,0.0,7740,282155378486
104830,원익머트리얼즈,13.46,11.41,0.0,16.26,16.99,505.11,18.01,199.75,199.75,84.74,12.28,9.97,0.0,0.0,310729301325.0,0.6712,0.0,0.0,1.4363,0.0,10.23,0.0,0.0,0.0,35400,446287101669
105330,케이엔더블유,1.76,0.66,0.0,10.75,1.42,77.21,168.65,103.33,103.33,37.22,157.61,198.92,0.0,0.0,71831826399.0,0.4621,0.0,0.0,3.4576,0.0,44.81,0.0,0.0,0.0,15500,248365243004
105550,엣지파운드리,-16.69,-8.59,0.0,16.24,-25.34,64.36,94.2,116.51,116.51,51.49,5.24,394.57,0.0,0.0,39640750370.0,0.3392,0.0,0.0,3.2553,0.0,28.86,0.0,0.0,0.0,8230,129043203883
105630,한세실업,14.5,5.54,0.0,6.38,4.03,1066.94,161.89,119.96,119.96,38.18,-1.55,64.49,0.0,0.0,1671997051772.0,1.3747,0.0,0.0,0.5251,0.0,15.28,0.0,0.0,0.0,21950,878000000000
105740,디케이락,9.09,5.86,0.0,9.77,10.52,83.56,55.07,240.64,240.64,64.49,20.17,233.1,0.0,0.0,85547048248.0,0.5576,0.0,0.0,1.2892,0.0,19.72,0.0,0.0,0.0,10850,110287705956
105840,우진,-3.86,-2.68,0.0,7.78,-5.73,83.7,44.01,352.59,352.59,69.44,20.68,472.66,0.0,0.0,107647372733.0,0.4685,0.0,0.0,1.5459,0.0,28.27,0.0,0.0,0.0,8240,166416905660
106080,케이이엠텍,-88.09,-51.98,0.0,-70.3,-205.06,-30.01,69.48,231.54,231.54,59.0,-39.5,-70.59,0.0,0.0,4269512680.0,0.2535,0.0,0.0,4.1939,0.0,0.0,0.0,0.0,0.0,3110,17906060606
106190,하이텍팜,-1.31,-1.0,0.0,-0.56,-1.67,-4.12,30.94,178.34,178.34,76.37,-1.58,87.6,0.0,0.0,73287282221.0,0.5961,0.0,0.0,1.9869,0.0,0.0,0.0,0.0,0.0,13700,145617137648
106240,파인테크닉스,33.53,15.97,0.0,8.3,12.36,359.49,109.95,190.81,190.81,47.63,155.19,256.93,0.0,0.0,433367771780.0,1.2926,0.0,0.0,0.8361,0.0,14.96,0.0,0.0,0.0,13650,362336814621
106520,노블엠앤비,-46.79,-18.98,0.0,-79.33,-101.09,-163.21,146.52,102.69,102.69,40.56,-37.81,23.46,0.0,0.0,20573550753.0,0.1878,0.0,0.0,0.0,0.0,0.0,0.0,0.0,0.0,0,0
107590,미원홀딩스,17.07,9.43,0.0,7.05,9.55,297.24,81.04,123.11,123.11,55.24,45.82,36.36,0.0,0.0,421385924191.0,0.9873,0.0,0.0,0.8341,0.0,18.25,0.0,0.0,0.0,151500,351480000000
107640,한중엔시에스,-10.32,-1.99,0.0,1.89,-2.08,16.89,418.37,74.33,74.33,19.29,25.85,146.19,0.0,0.0,89564029580.0,0.9594,0.0,0.0,0.9746,0.0,96.31,0.0,0.0,0.0,9630,87292033492
108230,톱텍,-33.17,-26.35,0.0,-53.76,-64.47,-886.39,25.9,297.69,297.69,79.43,-48.8,-407.08,0.0,0.0,164876776741.0,0.4087,0.0,0.0,2.1372,0.0,0.0,0.0,0.0,0.0,9270,352371686746
108320,LX세미콘,37.04,25.28,0.0,19.47,15.61,3696.22,46.51,283.58,283.58,68.26,63.43,292.27,0.0,0.0,1898845716028.0,1.6194,0.0,0.0,1.433,0.0,8.37,0.0,0.0,0.0,167300,2721139071038
108380,대양전기공업,3.9,3.4,0.0,5.31,6.47,72.59,14.7,357.43,357.43,87.19,-27.78,-55.46,0.0,0.0,136604762213.0,0.5254,0.0,0.0,1.0506,0.0,24.36,0.0,0.0,0.0,15000,143517017828
108490,로보티즈,1.04,0.91,0.0,-4.15,3.26,-9.29,14.12,550.42,550.42,87.62,16.26,47.35,0.0,0.0,22358193241.0,0.279,0.0,0.0,16.2034,0.0,0.0,0.0,0.0,0.0,24700,362279456310
108670,LX하우시스,1.47,0.5,0.0,1.94,0.36,672.73,195.04,94.15,94.15,33.89,14.28,-5.23,0.0,0.0,3472000000000.0,1.363,0.0,0.0,0.1589,0.0,33.23,0.0,0.0,0.0,61500,551550432276
108860,셀바스AI,8.59,4.89,0.0,11.52,9.9,55.94,75.69,217.73,217.73,56.92,39.63,465.63,0.0,0.0,48578321915.0,0.4937,0.0,0.0,6.5093,0.0,64.1,0.0,0.0,0.0,11750,316209503239
109070,주성코퍼레이션,-16.51,-4.8,0.0,-4.55,-3.88,-18.61,243.87,127.73,127.73,29.08,99.87,61.71,0.0,0.0,40868253685.0,1.2368,0.0,0.0,5.3009,0.0,0.0,0.0,0.0,0.0,4100,216638709677
109080,옵티시스,12.96,11.54,0.0,17.56,23.99,42.44,12.33,796.4,796.4,89.02,18.4,170.24,0.0,0.0,24166396128.0,0.4809,0.0,0.0,4.7127,0.0,28.14,0.0,0.0,0.0,20200,113888631090
109610,에스와이,4.94,2.33,0.0,3.33,2.13,141.1,112.03,124.12,124.12,47.16,36.77,213.21,0.0,0.0,424097800251.0,1.0947,0.0,0.0,0.419,0.0,27.1,0.0,0.0,0.0,3635,177693942614
109740,디에스케이,-2.51,-2.08,0.0,-12.97,-7.97,-64.6,20.87,358.86,358.86,82.73,52.79,54.16,0.0,0.0,49791112178.0,0.2606,0.0,0.0,3.8165,0.0,0.0,0.0,0.0,0.0,7390,190028571428
109820,진매트릭스,-3.06,-2.5,0.0,-10.12,-8.16,-12.25,22.31,395.11,395.11,81.76,-23.87,-157.5,0.0,0.0,12106152777.0,0.3062,0.0,0.0,16.4947,0.0,0.0,0.0,0.0,0.0,9780,199687164179
109860,동일금속,10.62,9.27,0.0,2.88,21.71,19.96,14.63,349.86,349.86,87.24,18.38,-39.74,0.0,0.0,69383015106.0,0.4268,0.0,0.0,1.8873,0.0,76.02,0.0,0.0,0.0,14400,130944519621
109960,앱토크롬,1.19,1.17,0.0,-30.65,31.45,-25.79,2.03,3602.99,3602.99,98.01,-18.44,-28.4,0.0,0.0,8416313292.0,0.0371,0.0,0.0,1.2583,0.0,0.0,0.0,0.0,0.0,701,10590376344
110020,전진바이오팜,-19.53,-8.49,0.0,-94.26,-65.59,-30.3,129.88,115.58,115.58,43.5,-16.87,-62.11,0.0,0.0,3214363898.0,0.1295,0.0,0.0,15.2036,0.0,0.0,0.0,0.0,0.0,5400,48870000000
110790,크리스에프앤씨,22.27,15.98,0.0,23.17,18.12,871.03,39.32,217.38,217.38,71.78,28.56,74.83,0.0,0.0,375939070154.0,0.8819,0.0,0.0,2.7443,0.0,13.23,0.0,0.0,0.0,44000,1031672354948
110990,디아이티,-0.87,-0.46,0.0,-7.75,-1.91,-58.95,89.65,180.45,180.45,52.73,166.12,-204.91,0.0,0.0,76092185278.0,0.2385,0.0,0.0,2.3246,0.0,0.0,0.0,0.0,0.0,9360,176883715170
111110,호전실업,9.81,3.89,0.0,5.98,3.42,206.19,152.08,146.35,146.35,39.67,17.89,1239.8,0.0,0.0,344867583539.0,1.1394,0.0,0.0,0.267,0.0,13.32,0.0,0.0,0.0,10150,92072755417
111710,남화산업,9.04,8.23,0.0,53.41,53.05,138.29,9.95,1041.22,1041.22,90.95,46.17,85.6,0.0,0.0,25893224088.0,0.1551,0.0,0.0,6.6031,0.0,13.46,0.0,0.0,0.0,8300,170974763406
111770,영원무역,13.73,9.42,0.0,15.85,11.97,4425.15,45.74,389.29,389.29,68.62,13.22,70.4,0.0,0.0,2792518463435.0,0.7872,0.0,0.0,0.6926,0.0,6.89,0.0,0.0,0.0,43650,1934184024896
111870,케이에이치미래물산,-16.58,-11.5,0.0,-6.53,-102.65,-13.08,44.21,74.81,74.81,69.34,14.29,89.01,0.0,0.0,20017205206.0,0.112,0.0,0.0,0.0,0.0,0.0,0.0,0.0,0.0,0,0
112040,위메이드,47.86,29.99,0.0,29.06,91.97,973.51,59.59,112.44,112.44,62.66,164.38,881.24,0.0,0.0,334983131724.0,0.3261,0.0,0.0,18.0283,0.0,65.98,0.0,0.0,0.0,177900,6039174834437
112240,에스에프씨,-36.62,-33.4,0.0,-2.0,-84.12,-3.54,9.66,860.41,860.41,91.19,-12.47,94.82,0.0,0.0,17681369538.0,0.3971,0.0,0.0,0.0,0.0,0.0,0.0,0.0,0.0,0,0
112610,씨에스윈드,6.84,3.65,0.0,8.39,5.38,1009.66,87.35,187.35,187.35,53.37,24.18,3.48,0.0,0.0,1203418059900.0,0.6784,0.0,0.0,2.3023,0.0,35.63,0.0,0.0,0.0,65700,2770685889570
113810,디젠스,22.26,5.81,0.0,5.14,5.39,35.85,282.96,116.77,116.77,26.11,-14.69,189.84,0.0,0.0,69804988629.0,1.0783,0.0,0.0,0.085,0.0,15.0,0.0,0.0,0.0,909,5930214168
114090,GKL,-29.53,-21.32,0.0,-171.39,-133.13,-1458.29,38.52,234.33,234.33,72.19,-53.87,-64.2,0.0,0.0,85086860671.0,0.1601,0.0,0.0,9.559,0.0,0.0,0.0,0.0,0.0,13150,813341778697
114120,크루셜텍,-68.04,-28.61,0.0,-37.26,-33.54,-155.51,137.81,108.77,108.77,42.05,-12.39,25.58,0.0,0.0,41735529897.0,0.853,0.0,0.0,0.0,0.0,0.0,0.0,0.0,0.0,0,0
114190,강원에너지,20.27,13.95,0.0,4.34,13.12,19.16,45.27,269.9,269.9,68.84,15.17,121.35,0.0,0.0,44163151085.0,1.0632,0.0,0.0,1.4789,0.0,40.83,0.0,0.0,0.0,2500,65311135371
114450,그린생명과학,-5.57,-4.36,0.0,-18.35,-12.38,-46.48,27.85,176.44,176.44,78.22,3.16,-143.49,0.0,0.0,25337689222.0,0.352,0.0,0.0,7.9723,0.0,0.0,0.0,0.0,0.0,10100,202000000000
114570,지스마트글로벌,466.05,-207.65,0.0,-2614.75,-3450.74,-459.12,-324.44,11.49,11.49,-44.55,-85.78,27.83,0.0,0.0,1755872057.0,0.0602,0.0,0.0,0.0,0.0,0.0,0.0,0.0,0.0,0,0
114630,폴라리스우노,6.17,4.11,0.0,8.72,7.05,58.39,50.02,218.52,218.52,66.66,36.96,11.13,0.0,0.0,66957794021.0,0.583,0.0,0.0,1.2223,0.0,20.57,0.0,0.0,0.0,4745,81843288590
114810,한솔아이원스,33.99,15.4,0.0,23.5,16.87,384.61,120.71,62.58,62.58,45.31,11.9,231.98,0.0,0.0,163667400665.0,0.913,0.0,0.0,1.8141,0.0,10.27,0.0,0.0,0.0,10550,296907142857
114840,아이패밀리에스씨,8.78,6.88,0.0,7.82,5.09,55.99,27.55,456.62,456.62,78.4,-9.59,-51.85,0.0,0.0,71618219782.0,1.3519,0.0,0.0,4.1232,0.0,54.78,0.0,0.0,0.0,17700,295292949354
115160,휴맥스,-11.0,-4.27,0.0,-7.81,-6.36,-502.72,157.87,133.28,133.28,38.78,-26.38,-472.84,0.0,0.0,643887901732.0,0.671,0.0,0.0,0.0321,0.0,0.0,0.0,0.0,0.0,4805,20695692883
115180,큐리언트,-43.79,-41.1,0.0,-496.18,-484.68,-242.43,6.56,1950.13,1950.13,93.85,0.0,-15.31,0.0,0.0,4885914304.0,0.0848,0.0,0.0,232.76,0.0,0.0,0.0,0.0,0.0,30300,1137245255474
115310,인포바인,5.97,5.76,0.0,32.69,29.28,63.71,3.6,2797.62,2797.62,96.52,1.7,-21.3,0.0,0.0,19485736337.0,0.1967,0.0,0.0,18.2284,0.0,56.3,0.0,0.0,0.0,23950,355192896174
115390,락앤락,2.33,1.95,0.0,5.99,2.98,325.19,19.57,534.96,534.96,83.64,8.18,12.41,0.0,0.0,543037527228.0,0.6545,0.0,0.0,0.0,0.0,0.0,0.0,0.0,0.0,0,0
115440,우리넷,3.13,1.97,0.0,3.92,3.19,23.67,58.85,215.3,215.3,62.95,15.39,172.7,0.0,0.0,60410288476.0,0.6164,0.0,0.0,1.4862,0.0,53.26,0.0,0.0,0.0,8320,89780160857
115450,HLB테라퓨틱스,-13.66,-9.36,0.0,-25.44,-40.76,-110.87,45.89,199.68,199.68,68.55,1.53,1.6,0.0,0.0,43586410995.0,0.2298,0.0,0.0,28.7584,0.0,0.0,0.0,0.0,0.0,14150,1253476415094
115480,씨유메디칼,-28.85,-19.41,0.0,20.29,-39.94,71.84,48.6,326.7,326.7,67.3,25.01,362.0,0.0,0.0,35402267064.0,0.486,0.0,0.0,0.3919,0.0,5.25,0.0,0.0,0.0,1145,13873029045
115500,케이씨에스,13.03,8.15,0.0,10.53,6.78,41.64,59.99,239.48,239.48,62.51,29.63,69.41,0.0,0.0,39548973022.0,1.2013,0.0,0.0,2.094,0.0,22.85,0.0,0.0,0.0,6900,82815181518
115530,씨엔플러스,-10.96,-4.72,0.0,-0.44,-3.43,-1.41,132.24,129.34,129.34,43.06,43.44,87.97,0.0,0.0,31621537030.0,1.3755,0.0,0.0,0.2273,0.0,0.0,0.0,0.0,0.0,839,7187524429
115570,스타플렉스,9.77,5.78,0.0,-4.41,8.19,-37.51,69.05,113.56,113.56,59.15,24.79,14.43,0.0,0.0,84992037898.0,0.7059,0.0,0.0,0.6034,0.0,0.0,0.0,0.0,0.0,6410,51280000000
115610,이미지스,10.28,7.61,0.0,2.63,4.14,5.61,35.08,329.09,329.09,74.03,19.4,115.19,0.0,0.0,21320668621.0,1.8388,0.0,0.0,1.4016,0.0,58.68,0.0,0.0,0.0,2535,29883456128
115960,연우,10.81,8.79,0.0,10.42,9.19,299.18,22.95,248.68,248.68,81.33,14.31,87.23,0.0,0.0,287098295487.0,0.9563,0.0,0.0,0.0,0.0,0.0,0.0,0.0,0.0,0,0
117580,대성에너지,3.75,1.6,0.0,2.08,1.55,160.48,133.97,93.94,93.94,42.74,3.67,-38.93,0.0,0.0,770440986512.0,1.0377,0.0,0.0,0.3267,0.0,42.18,0.0,0.0,0.0,9150,251691304347
117670,알파칩스,-16.87,-9.34,0.0,-6.72,-18.61,-50.04,80.68,83.26,83.26,55.34,15.78,28.02,0.0,0.0,74448361724.0,0.5017,0.0,0.0,0.2719,0.0,0.0,0.0,0.0,0.0,3040,20241584158
117730,티로보틱스,-45.42,-13.12,0.0,-14.89,-25.5,-65.7,246.26,70.79,70.79,28.88,-33.51,-288.22,0.0,0.0,44123037871.0,0.5143,0.0,0.0,4.8831,0.0,0.0,0.0,0.0,0.0,9550,215457317073
118000,메타케어,6.52,4.41,0.0,-9.59,41.8,-17.85,47.66,154.71,154.71,67.72,181.12,-9.52,0.0,0.0,18613345272.0,0.1056,0.0,0.0,1.782,0.0,0.0,0.0,0.0,0.0,1505,33169019607
118990,모트렉스,8.68,2.55,0.0,8.09,2.65,353.19,239.98,128.87,128.87,29.41,23.43,231.97,0.0,0.0,436702260922.0,0.9641,0.0,0.0,0.3686,0.0,13.61,0.0,0.0,0.0,6560,160947710487
119500,포메탈,4.28,3.12,0.0,3.4,3.24,21.09,37.11,153.02,153.02,72.94,18.92,9.63,0.0,0.0,62089298680.0,0.963,0.0,0.0,0.8878,0.0,34.42,0.0,0.0,0.0,4650,55125000000
119610,인터로조,8.5,6.39,0.0,21.05,13.69,226.41,33.09,304.59,304.59,75.13,21.92,49.54,0.0,0.0,107534829800.0,0.4665,0.0,0.0,2.9078,0.0,16.34,0.0,0.0,0.0,27400,312693906810
119650,KC코트렐,23.95,3.11,0.0,1.31,3.37,46.48,670.91,109.96,109.96,12.97,8.27,110.4,0.0,0.0,355034769777.0,0.922,0.0,0.0,1.9082,0.0,217.88,0.0,0.0,0.0,6170,677490196078
119830,아이텍,-7.51,-5.49,0.0,4.94,-12.56,31.96,36.75,264.91,264.91,73.13,42.07,14.64,0.0,0.0,64741204760.0,0.437,0.0,0.0,3.8045,0.0,89.51,0.0,0.0,0.0,9280,246310280373
119850,지엔씨에너지,3.26,2.27,0.0,3.8,2.56,55.62,43.44,220.71,220.71,69.71,-9.01,-18.58,0.0,0.0,146520018942.0,0.8859,0.0,0.0,0.5417,0.0,23.28,0.0,0.0,0.0,4825,79366540130
119860,커넥트웨이브,18.32,16.22,0.0,18.3,15.17,349.47,12.96,767.25,767.25,88.53,-17.66,-7.49,0.0,0.0,190999385893.0,1.0693,0.0,0.0,0.0,0.0,0.0,0.0,0.0,0.0,0,0
120030,조선선재,11.51,10.42,0.0,20.74,21.34,141.37,10.39,923.8,923.8,90.58,14.51,11.23,0.0,0.0,68155874819.0,0.4884,0.0,0.0,2.0203,0.0,10.67,0.0,0.0,0.0,109500,137694610778
120110,코오롱인더,7.99,3.64,0.0,5.42,4.37,2527.13,119.61,99.14,99.14,45.54,17.42,54.81,0.0,0.0,4662050395448.0,0.8323,0.0,0.0,0.4554,0.0,20.47,0.0,0.0,0.0,70900,2123186890756
120240,대정화금,6.25,5.18,0.0,8.88,9.5,78.99,20.66,298.17,298.17,82.88,10.9,-22.0,0.0,0.0,88928805830.0,0.5457,0.0,0.0,1.7548,0.0,23.29,0.0,0.0,0.0,21700,156049800796
121440,골프존홀딩스,22.59,14.46,0.0,17.52,32.53,731.93,56.22,61.16,61.16,64.01,43.03,143.98,0.0,0.0,417687053096.0,0.4446,0.0,0.0,0.9159,0.0,9.85,0.0,0.0,0.0,8930,382555417185
121600,나노신소재,7.44,6.13,0.0,9.37,12.17,57.22,21.47,526.71,526.71,82.33,25.85,290.87,0.0,0.0,61068879919.0,0.5037,0.0,0.0,13.7951,0.0,150.98,0.0,0.0,0.0,68700,842450588235
121800,비덴트,33.52,25.56,0.0,4.37,1262.56,7.72,31.11,176.18,176.18,76.27,65.14,111.92,0.0,0.0,17686241397.0,0.0202,0.0,0.0,105.6307,0.0,2686.97,0.0,0.0,0.0,24200,1868210843373
121850,코이즈,-296.16,-50.6,0.0,-58.14,-82.54,-94.11,485.24,77.78,77.78,17.09,-56.2,-381.74,0.0,0.0,16187125981.0,0.6131,0.0,0.0,2.0517,0.0,0.0,0.0,0.0,0.0,6620,33210702341
121890,에스디시스템,30.22,16.93,0.0,7.8,11.25,16.71,78.53,165.81,165.81,56.01,-5.2,282.19,0.0,0.0,21417406015.0,1.5051,0.0,0.0,0.4588,0.0,9.63,0.0,0.0,0.0,739,9826845878
122310,제노레이,18.17,14.41,0.0,20.15,19.28,149.68,26.08,369.07,369.07,79.32,20.43,34.61,0.0,0.0,74290405220.0,0.7476,0.0,0.0,1.9394,0.0,11.0,0.0,0.0,0.0,9900,144081694402
122350,삼기,-8.03,-2.31,0.0,-0.75,-2.18,-41.67,247.04,78.42,78.42,28.82,52.97,-53.44,0.0,0.0,554722753994.0,1.0639,0.0,0.0,0.3341,0.0,0.0,0.0,0.0,0.0,4835,185356238698
122450,KX,19.81,7.66,0.0,25.65,22.19,741.11,158.71,122.24,122.24,38.65,4.41,22.97,0.0,0.0,288948790879.0,0.3451,0.0,0.0,1.2584,0.0,11.84,0.0,0.0,0.0,8110,363603321033
122640,예스티,-25.43,-10.06,0.0,-15.33,-29.88,-111.02,152.75,82.28,82.28,39.57,9.56,-2494.83,0.0,0.0,72405194962.0,0.3368,0.0,0.0,4.1417,0.0,0.0,0.0,0.0,0.0,13850,299880574324
122690,서진오토모티브,3.32,0.66,0.0,1.23,0.34,216.5,400.88,66.82,66.82,19.96,16.97,450.54,0.0,0.0,1761584870866.0,1.9326,0.0,0.0,0.0381,0.0,36.79,0.0,0.0,0.0,2905,67051552431
122870,와이지엔터테인먼트,4.74,3.68,0.0,14.22,6.43,505.61,28.73,239.67,239.67,77.68,39.32,370.43,0.0,0.0,355630812379.0,0.5722,0.0,0.0,2.9273,0.0,23.33,0.0,0.0,0.0,55700,1041041798298
122900,아이마켓코리아,10.68,3.97,0.0,1.45,1.42,454.21,168.77,129.54,129.54,37.21,10.32,12.11,0.0,0.0,3132491779569.0,2.7965,0.0,0.0,0.1142,0.0,23.36,0.0,0.0,0.0,10700,357744860943
122990,와이솔,7.4,6.33,0.0,3.75,7.29,139.22,16.89,328.46,328.46,85.55,10.71,-18.47,0.0,0.0,370910101924.0,0.8691,0.0,0.0,0.7829,0.0,25.29,0.0,0.0,0.0,10900,290371753246
123010,MSDI,-17.77,-10.8,0.0,-35.09,-53.16,-31.81,64.52,270.91,270.91,60.78,12.58,21.01,0.0,0.0,9066228599.0,0.2031,0.0,0.0,3.771,0.0,0.0,0.0,0.0,0.0,1690,34188505747
123040,엠에스오토텍,5.81,1.54,0.0,3.37,1.32,512.82,277.18,90.8,90.8,26.51,25.09,91.11,0.0,0.0,1521785885237.0,1.1631,0.0,0.0,0.2292,0.0,25.55,0.0,0.0,0.0,5570,348769675925
123330,제닉,-22.44,-9.54,0.0,-10.27,-11.28,-39.44,135.32,188.16,188.16,42.49,-8.84,-479.12,0.0,0.0,38408413629.0,0.8458,0.0,0.0,1.282,0.0,0.0,0.0,0.0,0.0,6180,49239024390
123410,코리아에프티,3.42,1.28,0.0,2.04,1.03,94.93,166.83,114.33,114.33,37.48,13.66,53.51,0.0,0.0,465656454377.0,1.2468,0.0,0.0,0.1979,0.0,34.31,0.0,0.0,0.0,3310,92152159468
123690,한국화장품,-33.14,-15.01,0.0,-4.77,-10.87,-31.93,120.77,127.66,127.66,45.3,-7.63,81.21,0.0,0.0,66965810085.0,1.3805,0.0,0.0,2.0908,0.0,0.0,0.0,0.0,0.0,8710,140010000000
123700,에스제이엠,2.56,1.97,0.0,5.31,3.26,77.38,29.91,420.61,420.61,76.98,5.09,13.94,0.0,0.0,145725719462.0,0.604,0.0,0.0,0.525,0.0,17.07,0.0,0.0,0.0,4900,76508771929
123750,알톤,17.53,10.64,0.0,9.89,9.69,49.43,64.71,214.14,214.14,60.71,11.32,-5.88,0.0,0.0,49991547253.0,1.0978,0.0,0.0,1.1634,0.0,15.39,0.0,0.0,0.0,4205,58162154208
123840,뉴온,-46.01,-34.9,0.0,-73.56,-411.88,-74.18,31.82,105.37,105.37,75.86,-35.63,15.1,0.0,0.0,10084902430.0,0.0847,0.0,0.0,1.3827,0.0,0.0,0.0,0.0,0.0,897,13944725478
123860,아나패스,26.17,11.77,0.0,16.14,26.15,78.11,122.39,169.99,169.99,44.97,-52.08,134.83,0.0,0.0,48382080501.0,0.4499,0.0,0.0,6.7638,0.0,49.47,0.0,0.0,0.0,27000,327248120300
124500,아이티센글로벌,-1.13,-0.4,0.0,0.96,-0.08,315.38,185.03,130.35,130.35,35.08,44.21,116.58,0.0,0.0,3280884490810.0,4.7776,0.0,0.0,0.0354,0.0,17.82,0.0,0.0,0.0,5010,116248746518
124560,태웅로직스,52.45,19.38,0.0,8.44,6.8,792.92,170.62,140.75,140.75,36.95,175.13,441.12,0.0,0.0,939002259674.0,2.8504,0.0,0.0,0.3624,0.0,6.91,0.0,0.0,0.0,8790,340314074074
125210,아모그린텍,6.39,2.35,0.0,1.45,2.2,17.65,171.94,113.59,113.59,36.77,9.21,11.66,0.0,0.0,122067716364.0,1.068,0.0,0.0,1.6079,0.0,152.16,0.0,0.0,0.0,11900,196278065630
126340,비나텍,14.92,7.61,0.0,11.49,15.31,56.25,96.03,144.47,144.47,51.01,4.86,-11.58,0.0,0.0,48958076351.0,0.4971,0.0,0.0,7.0545,0.0,69.97,0.0,0.0,0.0,48100,345375040257
126560,현대퓨처넷,9.92,8.23,0.0,5.42,62.27,74.12,20.56,264.03,264.03,82.95,245.39,143.8,0.0,0.0,136700719148.0,0.1322,0.0,0.0,3.3671,0.0,85.9,0.0,0.0,0.0,4215,460290676691
126600,BGF에코머티리얼즈,0.51,0.26,0.0,10.95,0.39,222.68,96.48,174.25,174.25,50.9,34.81,92.89,0.0,0.0,203453887026.0,0.6632,0.0,0.0,3.3318,0.0,37.21,0.0,0.0,0.0,10800,677868465430
126640,화신정공,4.65,2.95,0.0,2.14,1.78,54.52,57.35,140.39,140.39,63.55,3.09,-17.47,0.0,0.0,254741944167.0,1.6557,0.0,0.0,0.2814,0.0,23.43,0.0,0.0,0.0,2045,71675794085
126700,하이비젼시스템,24.29,18.6,0.0,15.94,16.61,434.89,30.56,306.44,306.44,76.59,48.96,239.73,0.0,0.0,272896325078.0,1.1199,0.0,0.0,1.3032,0.0,9.49,0.0,0.0,0.0,23800,355647727272
126870,앤에스,-16.17,-8.49,0.0,-1.83,-16.19,-9.71,90.41,149.85,149.85,52.52,16.48,95.39,0.0,0.0,53131854358.0,0.5245,0.0,0.0,0.0,0.0,0.0,0.0,0.0,0.0,0,0
126880,제이엔케이글로벌,3.1,1.63,0.0,1.02,2.54,13.41,89.84,152.24,152.24,52.68,-31.59,-80.68,0.0,0.0,131258487411.0,0.6437,0.0,0.0,1.0476,0.0,174.48,0.0,0.0,0.0,5940,137508661417
127120,제이에스링크,-20.39,-15.09,0.0,-22.41,-26.93,-51.52,35.1,357.65,357.65,74.02,50.41,36.07,0.0,0.0,22991546533.0,0.5605,0.0,0.0,7.5292,0.0,0.0,0.0,0.0,0.0,4725,173106818181
127160,매직마이크로,0.0,0.0,0.0,0.0,0.0,0.0,0.0,0.0,0.0,0.0,-100.0,100.0,0.0,0.0,0.0,0.0,0.0,0.0,0.0,0.0,0.0,0.0,0.0,0.0,0,0
127710,아시아경제,16.02,10.69,0.0,10.05,59.21,43.07,49.87,270.63,270.63,66.73,9.39,14.22,0.0,0.0,42841714702.0,0.1805,0.0,0.0,3.4116,0.0,52.27,0.0,0.0,0.0,3320,146157434402
128540,에코캡,-17.5,-7.47,0.0,-14.37,-10.03,-122.65,134.17,116.39,116.39,42.7,17.51,-81.36,0.0,0.0,85383961430.0,0.7454,0.0,0.0,3.1888,0.0,0.0,0.0,0.0,0.0,10200,272274193548
128660,피제이메탈,31.3,21.8,0.0,10.23,7.45,251.84,43.56,271.65,271.65,69.66,92.11,290.85,0.0,0.0,246172067096.0,2.9246,0.0,0.0,0.536,0.0,6.25,0.0,0.0,0.0,5320,131943046357
128820,대성산업,-8.4,-2.34,0.0,1.71,-3.43,193.44,258.52,129.19,129.19,27.89,35.65,92.91,0.0,0.0,1129133659980.0,0.6833,0.0,0.0,0.1827,0.0,72.26,0.0,0.0,0.0,4560,206272617611
128940,한미약품,8.78,4.21,0.0,10.42,6.77,1254.16,108.64,108.48,108.48,47.93,11.84,156.07,0.0,0.0,1203185652812.0,0.6212,0.0,0.0,2.9387,0.0,36.23,0.0,0.0,0.0,276000,3535826192893
129260,인터지스,6.66,3.55,0.0,3.4,2.34,199.94,87.8,117.37,117.37,53.25,28.49,161.14,0.0,0.0,588882039942.0,1.5155,0.0,0.0,0.176,0.0,14.27,0.0,0.0,0.0,3485,103661986479
129890,앱코,-9.72,-5.72,0.0,-9.05,-6.98,-92.17,69.88,288.07,288.07,58.87,-33.52,-139.16,0.0,0.0,101831877627.0,0.8199,0.0,0.0,6.1556,0.0,0.0,0.0,0.0,0.0,13750,626838235294
130500,GH신소재,3.21,2.17,0.0,3.3,3.57,22.04,47.93,102.71,102.71,67.6,12.07,158.72,0.0,0.0,66701916607.0,0.608,0.0,0.0,1.5591,0.0,63.31,0.0,0.0,0.0,7150,103993074054
130580,나이스디앤비,17.68,13.56,0.0,19.1,15.82,169.37,30.38,349.11,349.11,76.7,7.89,20.22,0.0,0.0,88684390851.0,0.8572,0.0,0.0,1.668,0.0,10.16,0.0,0.0,0.0,9610,147925357142
130660,한전산업,10.05,5.24,0.0,5.46,2.67,175.15,91.68,167.52,167.52,52.17,-2.5,-7.98,0.0,0.0,321065449338.0,1.9659,0.0,0.0,1.2386,0.0,27.16,0.0,0.0,0.0,12200,397674037674
130740,티피씨글로벌,-2.56,-1.76,0.0,0.59,-2.89,4.77,45.21,213.01,213.01,68.87,1.32,-40.01,0.0,0.0,80394390816.0,0.6096,0.0,0.0,0.637,0.0,193.5,0.0,0.0,0.0,4550,51214975845
131030,옵투스제약,7.79,7.06,0.0,18.27,17.26,104.72,10.25,800.14,800.14,90.7,-5.77,-32.47,0.0,0.0,57316372205.0,0.4093,0.0,0.0,2.084,0.0,12.65,0.0,0.0,0.0,6770,119449738219
131090,시큐브,12.83,11.72,0.0,41.55,36.82,54.83,9.49,1217.38,1217.38,91.33,-10.3,29.95,0.0,0.0,13198408789.0,0.3182,0.0,0.0,0.807,0.0,2.6,0.0,0.0,0.0,1390,10651720047
131100,티엔엔터테인먼트,-99.45,-53.4,0.0,-62.42,-134.38,-119.47,86.23,97.79,97.79,53.7,-14.14,19.98,0.0,0.0,19138614818.0,0.3974,0.0,0.0,1.2947,0.0,0.0,0.0,0.0,0.0,3850,24779697624
131180,딜리,5.34,4.39,0.0,5.78,8.64,20.38,21.49,259.21,259.21,82.31,27.44,124.61,0.0,0.0,35276379998.0,0.5088,0.0,0.0,0.3471,0.0,12.03,0.0,0.0,0.0,2090,12242892156
131220,대한과학,12.89,9.13,0.0,8.85,7.57,58.65,41.11,272.27,272.27,70.87,7.76,62.93,0.0,0.0,66280825526.0,1.2069,0.0,0.0,1.1066,0.0,15.23,0.0,0.0,0.0,9850,73345430107
131290,티에스이,16.0,11.63,0.0,17.76,14.05,546.45,37.61,254.19,254.19,72.67,7.76,27.94,0.0,0.0,307663254437.0,0.8275,0.0,0.0,2.6498,0.0,16.78,0.0,0.0,0.0,73700,815240168776
131370,알서포트,29.41,26.11,0.0,33.27,46.73,174.56,12.62,511.22,511.22,88.79,13.19,-5.47,0.0,0.0,52469273022.0,0.5588,0.0,0.0,8.0891,0.0,24.92,0.0,0.0,0.0,7970,424431606905
131390,원익피앤이,12.38,4.94,0.0,8.48,11.03,149.57,150.49,113.05,113.05,39.92,38.16,-27.47,0.0,0.0,176418328593.0,0.448,0.0,0.0,0.0,0.0,0.0,0.0,0.0,0.0,0,0
131400,이브이첨단소재,-18.32,-7.56,0.0,3.62,-14.63,22.98,142.44,52.03,52.03,41.25,38.65,152.41,0.0,0.0,63507396502.0,0.5164,0.0,0.0,1.4298,0.0,70.95,0.0,0.0,0.0,1525,90803091397
131760,파인텍,-26.1,-9.22,0.0,2.78,-10.82,18.51,183.18,93.41,93.41,35.31,-18.07,132.01,0.0,0.0,66570972757.0,0.8514,0.0,0.0,0.2209,0.0,35.27,0.0,0.0,0.0,1690,14707421249
131970,두산테스나,17.97,8.84,0.0,26.04,22.72,540.62,103.31,49.37,49.37,49.19,56.65,76.9,0.0,0.0,207584466664.0,0.3891,0.0,0.0,4.6505,0.0,22.87,0.0,0.0,0.0,49950,965367830423
133750,메가엠디,9.99,5.8,0.0,9.68,8.37,76.91,72.04,149.84,149.84,58.13,-3.64,8.11,0.0,0.0,79434903990.0,0.6933,0.0,0.0,1.3274,0.0,19.95,0.0,0.0,0.0,4500,105440587449
133820,화인베스틸,2.99,1.3,0.0,4.46,1.91,55.35,130.5,80.44,80.44,43.38,25.78,142.59,0.0,0.0,124076835252.0,0.6771,0.0,0.0,0.9114,0.0,39.18,0.0,0.0,0.0,3045,113081950207
134060,이퓨쳐,8.73,7.48,0.0,12.6,15.68,13.67,16.79,1165.96,1165.96,85.63,1.0,43.35,0.0,0.0,10845632526.0,0.4768,0.0,0.0,3.6641,0.0,31.47,0.0,0.0,0.0,8330,39739449541
134380,미원화학,9.46,8.48,0.0,6.47,5.75,127.72,11.58,1001.2,1001.2,89.62,23.24,-20.93,0.0,0.0,197470077504.0,1.4754,0.0,0.0,9.0425,0.0,140.89,0.0,0.0,0.0,81200,1785615458937
134580,탑코미디어,-16.98,-7.04,0.0,-21.69,-17.49,-48.27,141.2,167.75,167.75,41.46,11.47,-38.97,0.0,0.0,22256958341.0,0.4025,0.0,0.0,19.4225,0.0,0.0,0.0,0.0,0.0,8770,432285039370
134780,에스엠화진,-40.34,-12.96,0.0,-26.69,-22.31,-77.87,211.31,53.98,53.98,32.12,-0.0,31.57,0.0,0.0,29177924016.0,0.5808,0.0,0.0,0.0,0.0,0.0,0.0,0.0,0.0,0,0
134790,시디즈,21.05,15.25,0.0,5.04,5.13,126.99,38.01,250.04,250.04,72.46,10.75,-35.69,0.0,0.0,251936903361.0,2.9708,0.0,0.0,0.4871,0.0,11.5,0.0,0.0,0.0,61300,122724277749
136410,아셈스,15.39,7.54,0.0,14.54,13.56,61.09,104.1,145.73,145.73,49.0,23.43,26.28,0.0,0.0,42027211286.0,0.5563,0.0,0.0,0.0,0.0,0.0,0.0,0.0,0.0,0,0
136480,하림,4.52,1.6,0.0,2.87,1.21,320.77,182.32,64.43,64.43,35.42,24.86,424.95,0.0,0.0,1118053875000.0,1.3269,0.0,0.0,0.266,0.0,26.24,0.0,0.0,0.0,2800,297415270018
136490,선진,9.87,3.51,0.0,5.02,2.47,862.62,181.46,94.07,94.07,35.53,27.47,-19.79,0.0,0.0,1718345389214.0,1.4206,0.0,0.0,0.1591,0.0,12.21,0.0,0.0,0.0,11500,273464566929
136510,스마트솔루션즈,-19.41,-7.78,0.0,-2.62,-28.74,-7.77,149.36,80.85,80.85,40.1,119.17,88.32,0.0,0.0,29624229841.0,0.2709,0.0,0.0,0.0,0.0,0.0,0.0,0.0,0.0,0,0
136540,윈스테크넷,11.54,9.95,0.0,21.74,19.48,209.68,16.05,489.07,489.07,86.17,2.74,11.98,0.0,0.0,96432485454.0,0.5106,0.0,0.0,2.1144,0.0,10.97,0.0,0.0,0.0,16600,203898113207
137080,나래나노텍,27.92,11.69,0.0,17.11,12.93,231.23,138.95,73.97,73.97,41.85,63.22,309.25,0.0,0.0,135152540052.0,0.9039,0.0,0.0,0.0,0.0,0.0,0.0,0.0,0.0,0,0
137310,에스디바이오센서,48.31,35.42,0.0,46.55,36.33,13640.41,36.39,330.57,330.57,73.32,73.76,84.76,0.0,0.0,2929960839878.0,0.975,0.0,0.0,2.3038,0.0,5.54,0.0,0.0,0.0,55900,6750016339869
137400,피엔티,29.66,9.14,0.0,14.4,13.95,544.08,224.33,120.48,120.48,30.83,-3.16,-1.61,0.0,0.0,377728397182.0,0.6554,0.0,0.0,2.747,0.0,26.4,0.0,0.0,0.0,43800,1037634266886
137940,넥스트아이,-20.04,-14.41,0.0,-40.17,-73.79,-115.26,39.09,233.64,233.64,71.9,-17.53,-11.31,0.0,0.0,28691886506.0,0.1952,0.0,0.0,0.4403,0.0,0.0,0.0,0.0,0.0,1290,12633013629
137950,제이씨케미칼,25.96,10.4,0.0,10.12,8.49,397.77,149.6,92.06,92.06,40.06,46.78,107.31,0.0,0.0,392923291184.0,1.2248,0.0,0.0,0.5191,0.0,9.96,0.0,0.0,0.0,9160,203962666666
138070,신진에스엠,6.27,4.16,0.0,6.76,7.52,41.32,50.85,314.49,314.49,66.29,26.13,2758.24,0.0,0.0,61085578003.0,0.5532,0.0,0.0,1.777,0.0,35.28,0.0,0.0,0.0,6200,108550819672
138080,오이솔루션,9.02,7.12,0.0,1.68,14.56,16.55,26.7,262.45,262.45,78.92,-4.36,-77.43,0.0,0.0,98680738387.0,0.4889,0.0,0.0,4.3901,0.0,287.49,0.0,0.0,0.0,35000,433218884120
138250,엔에스쇼핑,-9.42,-3.15,0.0,-1.43,-6.12,-83.31,199.16,41.64,41.64,33.43,8.29,-128.37,0.0,0.0,583810883091.0,0.5149,0.0,0.0,0.0,0.0,0.0,0.0,0.0,0.0,0,0
138360,앤로보틱스,3.24,2.07,0.0,7.98,17.12,6.86,56.7,168.8,168.8,63.82,1364.36,204.44,0.0,0.0,8598684058.0,0.1207,0.0,0.0,45.8299,0.0,611.65,0.0,0.0,0.0,4480,394076440387
138490,코오롱이앤피,9.86,5.89,0.0,6.83,5.37,276.82,67.35,144.76,144.76,59.75,37.3,617.97,0.0,0.0,405272224855.0,1.098,0.0,0.0,0.0,0.0,0.0,0.0,0.0,0.0,0,0
138580,비즈니스온커뮤니케이션,9.46,7.7,0.0,26.82,17.01,89.91,22.87,245.46,245.46,81.38,81.92,64.18,0.0,0.0,33526682409.0,0.4524,0.0,0.0,0.0,0.0,0.0,0.0,0.0,0.0,0,0
138610,나이벡,-20.99,-10.77,0.0,-15.47,-42.13,-21.08,94.84,458.66,458.66,51.32,114.33,30.0,0.0,0.0,13625370978.0,0.2557,0.0,0.0,24.3255,0.0,0.0,0.0,0.0,0.0,29150,331444231994
138690,엘아이에스,-226.04,-35.34,0.0,-109.43,-83.14,-602.03,539.63,34.86,34.86,15.63,-72.82,-976.46,0.0,0.0,55014879317.0,0.425,0.0,0.0,0.0,0.0,0.0,0.0,0.0,0.0,0,0
139050,비에프랩스,3.54,2.08,0.0,-8.87,4.96,-34.81,70.72,50.47,50.47,58.57,6.08,-4.63,0.0,0.0,39230984885.0,0.4184,0.0,0.0,0.0,0.0,0.0,0.0,0.0,0.0,0,0
139480,이마트,12.81,5.09,0.0,1.27,6.37,3167.91,151.95,52.85,52.85,39.69,13.16,33.58,0.0,0.0,24932680935679.0,0.798,0.0,0.0,0.1671,0.0,72.63,0.0,0.0,0.0,151000,4167030955585
139670,키네마스터,-5.37,-4.86,0.0,-6.45,-4.85,-17.03,10.37,1351.4,1351.4,90.6,-11.4,-141.5,0.0,0.0,26406395862.0,1.0028,0.0,0.0,11.0511,0.0,0.0,0.0,0.0,0.0,20700,291819512195
139990,아주스틸,13.72,5.18,0.0,5.93,3.48,553.11,165.06,120.5,120.5,37.73,63.82,94.42,0.0,0.0,933409934057.0,1.4882,0.0,0.0,0.7681,0.0,20.02,0.0,0.0,0.0,18500,716977777777
140070,서플러스글로벌,17.21,10.07,0.0,14.88,13.49,307.52,70.79,232.04,232.04,58.55,64.57,99.45,0.0,0.0,206636522341.0,0.7468,0.0,0.0,0.7843,0.0,9.0,0.0,0.0,0.0,4380,162070761670
140410,메지온,0.0,0.0,0.0,0.0,0.0,-167.98,33.67,346.95,346.95,74.81,0.0,-123.06,0.0,0.0,0.0,0.0,0.0,0.0,0.0,0.0,0.0,0.0,0.0,0.0,217100,6648077668539
140520,대창스틸,14.31,5.81,0.0,3.33,5.2,98.56,146.15,78.25,78.25,40.63,72.88,511.03,0.0,0.0,296203272275.0,1.1171,0.0,0.0,0.2208,0.0,22.61,0.0,0.0,0.0,3100,65401496259
140670,알에스오토메이션,6.16,3.31,0.0,2.47,2.19,28.01,86.02,171.47,171.47,53.76,14.87,280.38,0.0,0.0,113429729508.0,1.5101,0.0,0.0,1.6073,0.0,77.5,0.0,0.0,0.0,14200,182314146341
140860,파크시스템스,10.08,6.78,0.0,20.62,10.66,175.81,48.56,400.01,400.01,67.31,19.69,17.36,0.0,0.0,85250257554.0,0.6366,0.0,0.0,12.5671,0.0,63.43,0.0,0.0,0.0,153000,1071349714285
140910,에이자기관리부동산투자회사,9.24,3.52,0.0,62.72,45.27,45.84,162.85,188.17,188.17,38.04,-86.34,-46.81,0.0,0.0,7309518772.0,0.0777,0.0,0.0,0.0,0.0,0.0,0.0,0.0,0.0,0,0
141000,비아트론,0.0,0.0,0.0,14.35,0.0,114.6,19.56,287.66,287.66,83.64,-13.73,-31.45,0.0,0.0,79868088602.0,0.421,0.0,0.0,1.6768,0.0,14.39,0.0,0.0,0.0,11050,133924528301
141020,디에스앤엘,39.9,14.49,0.0,-162.71,20.68,-49.51,175.41,438.67,438.67,36.31,101.38,-114.61,0.0,0.0,3042844278.0,0.7003,0.0,0.0,0.0,0.0,0.0,0.0,0.0,0.0,0,0
141080,리가켐바이오,-9.04,-7.98,0.0,-86.16,-72.74,-277.07,13.32,1345.34,1345.34,88.25,-34.9,6.91,0.0,0.0,32157006379.0,0.1097,0.0,0.0,64.2379,0.0,0.0,0.0,0.0,0.0,55800,2065698652849
142210,유니트론텍,7.95,2.57,0.0,2.57,1.31,100.66,208.66,151.79,151.79,32.4,34.56,61.07,0.0,0.0,392042716521.0,1.959,0.0,0.0,0.345,0.0,26.88,0.0,0.0,0.0,6520,135257615894
142280,녹십자엠에스,-55.72,-22.1,0.0,-19.83,-20.79,-201.64,152.08,107.12,107.12,39.67,-10.32,-580.26,0.0,0.0,101674780041.0,1.0632,0.0,0.0,1.7038,0.0,0.0,0.0,0.0,0.0,7230,173236006546
142760,모아라이프플러스,-36.38,-18.94,0.0,-14.31,-35.35,-144.81,92.08,208.02,208.02,52.06,25.75,-22.31,0.0,0.0,101169654239.0,0.5357,0.0,0.0,1.7381,0.0,0.0,0.0,0.0,0.0,8350,175837927232
143160,아이디스,9.95,7.97,0.0,8.95,11.92,182.55,24.74,386.13,386.13,80.16,35.14,27.69,0.0,0.0,204054825005.0,0.6689,0.0,0.0,1.2339,0.0,17.11,0.0,0.0,0.0,23500,251775384615
143210,핸즈코퍼레이션,-24.41,-7.15,0.0,-8.92,-11.37,-501.29,241.55,80.86,80.86,29.28,-1.83,-863.36,0.0,0.0,562213390676.0,0.6282,0.0,0.0,0.249,0.0,0.0,0.0,0.0,0.0,4995,139976647206
143240,사람인,20.96,16.44,0.0,0.0,0.0,390.86,27.51,135.4,135.4,78.42,0.0,62.41,0.0,0.0,0.0,0.0,0.0,0.0,0.0,0.0,12.46,0.0,0.0,0.0,41500,445331444759
143540,영우디에스피,14.07,9.9,0.0,10.65,11.09,84.84,42.05,266.2,266.2,70.4,-21.63,7.05,0.0,0.0,79638087311.0,0.8934,0.0,0.0,1.2687,0.0,15.02,0.0,0.0,0.0,2265,101036764705
144510,지씨셀,5.83,4.66,0.0,21.59,17.86,363.43,25.19,115.23,115.23,79.88,96.71,464.99,0.0,0.0,168309996622.0,0.2607,0.0,0.0,9.547,0.0,47.79,0.0,0.0,0.0,101700,1606860000000
144620,코오롱머티리얼,-35.51,-19.44,0.0,-52.42,-425.73,-18.74,82.68,136.58,136.58,54.74,58.77,41.38,0.0,0.0,3574525366.0,0.0457,0.0,0.0,0.0,0.0,0.0,0.0,0.0,0.0,0,0
144960,뉴파워프라즈마,11.11,5.11,0.0,7.89,8.8,244.61,117.7,128.22,128.22,45.94,184.98,126.62,0.0,0.0,310050535632.0,0.5798,0.0,0.0,0.9032,0.0,23.27,0.0,0.0,0.0,6410,280051871657
145020,휴젤,7.28,5.98,0.0,39.63,24.63,971.6,21.78,1139.89,1139.89,82.12,16.17,24.47,0.0,0.0,245153111424.0,0.2428,0.0,0.0,7.8362,0.0,21.63,0.0,0.0,0.0,153500,1921064682539
145210,다이나믹디자인,-61.64,-22.2,0.0,-34.54,-48.65,-182.9,177.65,132.46,132.46,36.02,-31.03,-81.95,0.0,0.0,52955233770.0,0.4563,0.0,0.0,0.04,0.0,0.0,0.0,0.0,0.0,499,2116294642
145270,케이탑리츠,13.12,4.61,0.0,56.25,35.94,179.72,184.37,8.93,8.93,35.16,50.78,5.8,0.0,0.0,31950264577.0,0.1284,0.0,0.0,2.1215,0.0,12.75,0.0,0.0,0.0,1410,67781491002
145720,덴티움,19.07,9.73,0.0,23.97,19.04,698.82,95.88,133.32,133.32,51.05,26.89,76.49,0.0,0.0,291529687471.0,0.5113,0.0,0.0,2.0646,0.0,12.61,0.0,0.0,0.0,69800,601885026737
145990,삼양사,3.95,2.01,0.0,3.46,2.37,825.53,96.51,131.49,131.49,50.89,16.21,-26.01,0.0,0.0,2384454000000.0,0.851,0.0,0.0,0.2712,0.0,24.5,0.0,0.0,0.0,62700,646649183895
146320,비씨엔씨,24.78,10.62,0.0,14.36,11.52,92.32,133.4,89.59,89.59,42.84,35.77,47.71,0.0,0.0,64278026361.0,0.9221,0.0,0.0,0.0,0.0,0.0,0.0,0.0,0.0,0,0
147760,피엠티,14.11,11.21,0.0,16.93,12.99,102.42,25.9,304.3,304.3,79.43,18.57,107.46,0.0,0.0,60501218907.0,0.8628,0.0,0.0,2.9487,0.0,18.83,0.0,0.0,0.0,8920,178400000000
147830,제룡산업,11.16,10.23,0.0,18.18,20.14,68.03,9.03,1191.43,1191.43,91.72,40.84,119.63,0.0,0.0,37415966099.0,0.508,0.0,0.0,1.9697,0.0,11.73,0.0,0.0,0.0,3685,73700000000
148140,비디아이,-527.98,-35.22,0.0,-31.44,-56.89,-242.62,1399.13,68.24,68.24,6.67,-60.74,64.96,0.0,0.0,77163576709.0,0.6191,0.0,0.0,0.0,0.0,0.0,0.0,0.0,0.0,0,0
148150,세경하이테크,0.0,0.0,0.0,6.47,0.0,173.51,66.08,117.72,117.72,60.21,21.99,764.82,0.0,0.0,268330853849.0,1.024,0.0,0.0,3.756,0.0,64.09,0.0,0.0,0.0,28350,1007844252163
148250,알엔투테크놀로지,3.46,2.07,0.0,7.32,6.21,18.44,67.49,169.94,169.94,59.7,5.73,-54.7,0.0,0.0,25214601474.0,0.3329,0.0,0.0,8.2189,0.0,128.9,0.0,0.0,0.0,15250,207236441194
149950,아바텍,0.06,0.06,0.0,-2.96,0.11,-23.91,8.39,406.21,406.21,92.26,6.63,-164.64,0.0,0.0,80747035238.0,0.5267,0.0,0.0,3.3928,0.0,0.0,0.0,0.0,0.0,20050,273957126948
149980,하이로닉,12.09,10.63,0.0,21.26,31.07,46.31,13.74,1216.38,1216.38,87.92,67.73,274.83,0.0,0.0,21781038529.0,0.3421,0.0,0.0,6.4321,0.0,31.91,0.0,0.0,0.0,8150,140097868217
150440,피노텍,160.79,-16.97,0.0,-11.69,-19.91,-15.04,-1047.29,37.55,37.55,-10.56,48.79,-44.16,0.0,0.0,12861274714.0,0.8524,0.0,0.0,0.0,0.0,0.0,0.0,0.0,0.0,0,0
150900,파수AI,15.58,9.17,0.0,10.03,9.74,42.29,69.8,275.5,275.5,58.89,15.85,441.31,0.0,0.0,42174716141.0,0.942,0.0,0.0,3.7078,0.0,41.33,0.0,0.0,0.0,13350,156375000000
151860,KG에코솔루션,15.58,6.28,0.0,9.21,5.45,3255.97,148.2,124.26,124.26,40.29,2198.67,1608.48,0.0,0.0,3536889858339.0,1.153,0.0,0.0,0.1972,0.0,7.77,0.0,0.0,0.0,14650,697308718861
153360,하이골드오션3호선박투자회사,57.28,50.56,0.0,350.81,351.35,232.25,13.28,109.75,109.75,88.27,-11.15,1272.06,0.0,0.0,6620331604.0,0.1439,0.0,0.0,0.0,0.0,0.0,0.0,0.0,0.0,0,0
153460,네이블,10.03,8.79,0.0,15.22,16.84,24.75,14.06,730.8,730.8,87.68,37.4,519.35,0.0,0.0,16263919570.0,0.5222,0.0,0.0,3.0705,0.0,21.73,0.0,0.0,0.0,7640,49938879456
153490,우리이앤엘하루틴,25.26,14.54,0.0,8.67,11.5,135.1,73.65,199.54,199.54,57.59,27.33,300.26,0.0,0.0,155736782930.0,1.2644,0.0,0.0,0.1111,0.0,5.15,0.0,0.0,0.0,1680,17294974003
153710,옵티팜,-9.95,-7.48,0.0,-31.59,-21.6,-45.05,32.99,329.48,329.48,75.19,9.29,-30.44,0.0,0.0,14258440006.0,0.3463,0.0,0.0,9.6812,0.0,0.0,0.0,0.0,0.0,9410,138039256198
154030,아시아종묘,0.03,0.01,0.0,9.08,0.02,22.14,94.31,161.49,161.49,51.46,6.72,137.54,0.0,0.0,24378112827.0,0.5717,0.0,0.0,2.7875,0.0,40.04,0.0,0.0,0.0,5630,67954133977
154040,다산솔루에타,14.56,4.0,0.0,0.94,4.82,12.64,263.68,52.1,52.1,27.5,-10.93,-78.23,0.0,0.0,134549173118.0,0.8304,0.0,0.0,0.4818,0.0,144.25,0.0,0.0,0.0,3000,64826941066
155650,와이엠씨,11.78,9.56,0.0,7.84,6.59,140.42,23.17,313.44,313.44,81.19,22.85,32.06,0.0,0.0,179111178790.0,1.4506,0.0,0.0,0.7509,0.0,11.23,0.0,0.0,0.0,7090,134488437500
155660,DSR,7.04,4.14,0.0,4.94,4.6,134.54,69.98,160.68,160.68,58.83,17.94,11.42,0.0,0.0,272417651710.0,0.9003,0.0,0.0,0.3366,0.0,16.08,0.0,0.0,0.0,5730,91706015891
155900,바다로19호선박투자회사,32.23,30.34,0.0,67.63,126.04,77.22,6.2,1096.82,1096.82,94.17,47.42,139.6,0.0,0.0,11417628856.0,0.2407,0.0,0.0,0.0,0.0,0.0,0.0,0.0,0.0,0,0
156100,엘앤케이바이오,-55.05,-23.02,0.0,-100.17,-88.77,-153.98,139.18,301.0,301.0,41.81,-20.58,-313.51,0.0,0.0,15372574660.0,0.2593,0.0,0.0,15.6324,0.0,0.0,0.0,0.0,0.0,10750,240309789343
158310,참존글로벌,45.74,40.66,0.0,-11.66,348.09,-4.08,12.5,431.8,431.8,88.89,185.89,87.51,0.0,0.0,3499188691.0,0.1168,0.0,0.0,0.0,0.0,0.0,0.0,0.0,0.0,0,0
158430,아톤,2.88,1.56,0.0,21.12,3.52,91.42,85.06,171.74,171.74,54.04,49.03,341.48,0.0,0.0,43281463183.0,0.4423,0.0,0.0,24.8817,0.0,122.72,0.0,0.0,0.0,44000,1076916488222
159010,아스플로,8.53,4.2,0.0,6.73,6.76,39.64,103.25,111.18,111.18,49.2,31.47,-17.08,0.0,0.0,58894552605.0,0.6214,0.0,0.0,5.3888,0.0,92.2,0.0,0.0,0.0,23800,317370232558
159580,제로투세븐,1.57,1.19,0.0,2.08,1.04,23.33,31.93,261.15,261.15,75.8,-20.6,310.1,0.0,0.0,111951948634.0,1.1426,0.0,0.0,1.9606,0.0,104.27,0.0,0.0,0.0,10950,219496598639
159910,에코글로우,3.16,2.65,0.0,3.47,4.29,9.59,19.25,511.67,511.67,83.85,9.21,144.14,0.0,0.0,27611573040.0,0.6177,0.0,0.0,0.0996,0.0,10.4,0.0,0.0,0.0,263,2750110236
160550,NEW,-21.84,-10.99,0.0,-0.34,-26.14,-5.0,98.8,148.19,148.19,50.3,21.0,-126.94,0.0,0.0,146057166294.0,0.4203,0.0,0.0,2.7373,0.0,0.0,0.0,0.0,0.0,14350,399800995024
160600,이큐셀,7.0,3.07,0.0,3.44,7.36,5.32,127.93,91.68,91.68,43.87,-58.94,139.09,0.0,0.0,15440940151.0,0.417,0.0,0.0,0.0,0.0,0.0,0.0,0.0,0.0,0,0
160980,싸이맥스,16.06,10.99,0.0,13.38,9.97,324.12,46.19,195.89,195.89,68.41,40.08,41.0,0.0,0.0,242256446340.0,1.1018,0.0,0.0,0.902,0.0,8.88,0.0,0.0,0.0,20000,218512396694
161000,애경케미칼,11.22,6.21,0.0,5.94,4.92,932.6,80.66,125.51,125.51,55.35,72.76,62.23,0.0,0.0,1570089788220.0,1.2612,0.0,0.0,0.3362,0.0,11.62,0.0,0.0,0.0,10850,527829854809
161390,한국타이어앤테크놀로지,7.37,5.16,0.0,8.99,8.46,6421.93,42.64,294.74,294.74,70.11,10.66,2.22,0.0,0.0,7141136827775.0,0.6101,0.0,0.0,0.6887,0.0,13.11,0.0,0.0,0.0,39700,4917852402402
161570,더미동,-23.81,-12.83,0.0,-29.71,-41.54,-31.27,85.55,66.17,66.17,53.89,-61.01,27.22,0.0,0.0,10523948136.0,0.3089,0.0,0.0,0.0,0.0,0.0,0.0,0.0,0.0,0,0
161580,필옵틱스,-11.92,-3.71,0.0,-4.56,-4.46,-105.25,220.93,105.01,105.01,31.16,22.18,-686.66,0.0,0.0,230791827975.0,0.8331,0.0,0.0,1.0209,0.0,0.0,0.0,0.0,0.0,10050,235604395604
161890,한국콜마,3.2,1.67,0.0,5.31,2.74,842.68,91.68,99.36,99.36,52.17,19.99,-30.75,0.0,0.0,1586332710248.0,0.6087,0.0,0.0,0.5989,0.0,26.07,0.0,0.0,0.0,40250,950111180512
163560,동일고무벨트,2.9,1.93,0.0,0.31,2.19,8.72,50.13,191.73,191.73,66.61,14.12,-94.11,0.0,0.0,277512533269.0,0.8843,0.0,0.0,0.377,0.0,240.27,0.0,0.0,0.0,7530,104627368421
163730,핑거,1.89,1.22,0.0,7.83,0.92,74.25,55.13,252.24,252.24,64.46,58.64,125.34,0.0,0.0,94787590937.0,1.326,0.0,0.0,3.3974,0.0,46.79,0.0,0.0,0.0,26800,322030090270
164060,이루다,8.74,4.23,0.0,13.2,9.93,40.51,106.64,251.19,251.19,48.39,45.94,12.99,0.0,0.0,30691930664.0,0.4261,0.0,0.0,0.0,0.0,0.0,0.0,0.0,0.0,0,0
166090,하나머티리얼즈,25.94,15.03,0.0,30.35,24.59,822.7,72.65,107.89,107.89,57.92,35.09,54.94,0.0,0.0,271100564703.0,0.611,0.0,0.0,4.5815,0.0,17.37,0.0,0.0,0.0,62800,1242057915057
168330,내츄럴엔도텍,-15.41,-13.77,0.0,-40.23,-47.56,-59.12,11.85,441.52,441.52,89.4,10.93,-1771.39,0.0,0.0,14695674000.0,0.2896,0.0,0.0,9.7924,0.0,0.0,0.0,0.0,0.0,4530,143906511627
169330,엠브레인,18.99,13.02,0.0,14.28,11.17,62.49,45.94,307.6,307.6,68.52,6.42,35.26,0.0,0.0,43761437494.0,1.1656,0.0,0.0,3.6078,0.0,27.16,0.0,0.0,0.0,8610,157883449883
170030,현대공업,9.98,7.06,0.0,5.27,5.06,131.38,41.45,223.22,223.22,70.7,18.81,3.85,0.0,0.0,249322151465.0,1.3952,0.0,0.0,0.4937,0.0,13.36,0.0,0.0,0.0,8020,123093852459
170790,파이오링크,18.04,13.33,0.0,20.14,20.56,109.45,35.33,571.73,571.73,73.89,36.39,67.95,0.0,0.0,54333902646.0,0.6485,0.0,0.0,2.0792,0.0,12.32,0.0,0.0,0.0,17650,112968414779
170900,동아에스티,1.95,1.15,0.0,2.63,2.16,156.19,70.02,192.71,192.71,58.82,1.11,-54.05,0.0,0.0,593227915741.0,0.5316,0.0,0.0,1.1742,0.0,74.03,0.0,0.0,0.0,71600,696592631578
170920,엘티씨,-10.81,-5.69,0.0,-10.72,-11.58,-83.96,89.94,122.29,122.29,52.65,-17.4,-286.02,0.0,0.0,78285335654.0,0.4914,0.0,0.0,1.5654,0.0,0.0,0.0,0.0,0.0,11600,122544477611
171010,램테크놀러지,7.32,4.53,0.0,9.21,6.51,44.73,61.62,104.12,104.12,61.87,13.62,71.24,0.0,0.0,48582859654.0,0.6959,0.0,0.0,2.5306,0.0,33.44,0.0,0.0,0.0,8600,122945848375
171090,선익시스템,-12.73,-10.0,0.0,-15.39,-22.1,-71.16,27.35,280.16,280.16,78.52,-29.57,-293.48,0.0,0.0,46229294491.0,0.4524,0.0,0.0,4.9949,0.0,0.0,0.0,0.0,0.0,22800,230909957924
171120,라이온켐텍,7.35,6.05,0.0,6.27,5.66,94.31,21.5,296.69,296.69,82.3,13.46,-40.54,0.0,0.0,150416279224.0,1.0682,0.0,0.0,1.9834,0.0,34.28,0.0,0.0,0.0,8310,298339259259
172670,에이엘티,10.17,5.04,0.0,13.36,13.58,55.92,101.85,57.2,57.2,49.54,36.3,-21.5,0.0,0.0,41841806894.0,0.3712,0.0,0.0,0.0,0.0,0.0,0.0,0.0,0.0,0,0
173130,오파스넷,21.48,8.1,0.0,4.76,5.12,57.97,165.04,166.44,166.44,37.73,8.74,-5.26,0.0,0.0,121756063316.0,1.5836,0.0,0.0,0.4246,0.0,17.18,0.0,0.0,0.0,3965,51699116607
173940,에프엔씨엔터,-16.23,-7.21,0.0,-5.65,-12.69,-41.92,125.26,176.01,176.01,44.39,2.44,42.75,0.0,0.0,74189472530.0,0.5677,0.0,0.0,1.6889,0.0,0.0,0.0,0.0,0.0,8150,125301762114
174880,장원테크,-22.7,-13.83,0.0,-12.76,-27.76,-95.32,64.18,55.61,55.61,60.91,56.32,51.09,0.0,0.0,74683280128.0,0.4981,0.0,0.0,0.0,0.0,0.0,0.0,0.0,0.0,0,0
174900,앱클론,-52.88,-34.32,0.0,-338.93,-339.22,-102.29,54.08,118.37,118.37,64.9,8.91,-55.66,0.0,0.0,3018054129.0,0.1012,0.0,0.0,117.008,0.0,0.0,0.0,0.0,0.0,17700,353136585365
175140,아고스,-41.98,-14.67,0.0,-5.68,-13.2,-26.52,186.27,139.1,139.1,34.93,7.28,68.85,0.0,0.0,46673243555.0,1.1112,0.0,0.0,4.5695,0.0,0.0,0.0,0.0,0.0,8550,213273234200
175250,아이큐어,-38.89,-17.82,0.0,-44.0,-59.71,-282.83,118.28,107.26,107.26,45.81,-28.69,-82.08,0.0,0.0,64282851849.0,0.2984,0.0,0.0,10.6334,0.0,0.0,0.0,0.0,0.0,18200,683548387096
176440,미래오토스,-43.54,-26.81,0.0,-170.58,-159.22,-64.17,62.42,225.0,225.0,61.57,-66.81,42.83,0.0,0.0,3761752259.0,0.1684,0.0,0.0,0.0,0.0,0.0,0.0,0.0,0.0,0,0
177350,베셀,14.48,6.0,0.0,-30.29,22.73,-74.61,141.39,69.12,69.12,41.43,-64.58,-280.75,0.0,0.0,24634415940.0,0.2639,0.0,0.0,1.4263,0.0,0.0,0.0,0.0,0.0,3550,35135897435
177830,파버나인,9.72,5.07,0.0,4.66,5.5,58.82,91.71,136.78,136.78,52.16,-1.98,-30.6,0.0,0.0,126264806691.0,0.9225,0.0,0.0,0.4198,0.0,20.14,0.0,0.0,0.0,4685,53004025423
178320,서진시스템,10.72,3.68,0.0,9.57,6.37,580.0,191.52,121.1,121.1,34.3,88.3,1082.21,0.0,0.0,606146777369.0,0.5773,0.0,0.0,4.5364,0.0,59.3,0.0,0.0,0.0,43200,2749735384615
178780,일월지엠엘,-103.16,-64.93,0.0,-52.31,-53.61,-102.71,58.89,232.58,232.58,62.94,-44.0,-433.54,0.0,0.0,19635847535.0,1.211,0.0,0.0,1.6412,0.0,0.0,0.0,0.0,0.0,1730,32226195426
178920,PI첨단소재,19.64,13.53,0.0,25.13,21.2,758.58,45.13,180.75,180.75,68.9,15.31,26.41,0.0,0.0,301868719484.0,0.6383,0.0,0.0,5.3606,0.0,23.27,0.0,0.0,0.0,55100,1618185572139
179290,엠아이텍,18.91,15.59,0.0,26.28,24.36,132.09,21.25,480.32,480.32,82.47,25.01,103.04,0.0,0.0,50258893851.0,0.64,0.0,0.0,3.4784,0.0,14.28,0.0,0.0,0.0,5400,174822393822
179530,애드바이오텍,-52.19,-12.71,0.0,-13.13,-22.5,-15.55,310.52,68.69,68.69,24.36,20.63,-56.05,0.0,0.0,11840173054.0,0.5649,0.0,0.0,20.8524,0.0,0.0,0.0,0.0,0.0,9100,246896414342
179900,유티아이,2.1,1.36,0.0,-4.91,2.82,-22.21,54.28,134.12,134.12,64.82,-24.17,-388.98,0.0,0.0,45199738788.0,0.4824,0.0,0.0,7.0085,0.0,0.0,0.0,0.0,0.0,16000,316780684104
180400,DXVX,-23.34,-19.11,0.0,-64.07,-105.55,-47.86,22.14,102.22,102.22,81.88,-2.94,19.95,0.0,0.0,7469834503.0,0.1811,0.0,0.0,101.9785,0.0,0.0,0.0,0.0,0.0,7740,761762845849
180640,한진칼,-1.96,-0.95,0.0,-49.38,-9.03,-1951.76,105.83,31.05,31.05,48.58,-3.31,11.74,0.0,0.0,395278013105.0,0.1053,0.0,0.0,10.3705,0.0,0.0,0.0,0.0,0.0,61400,4099211729323
181340,이즈미디어,-115.16,-28.86,0.0,-37.7,-41.77,-179.22,298.99,82.14,82.14,25.06,116.42,-23.07,0.0,0.0,47540436629.0,0.691,0.0,0.0,0.0,0.0,0.0,0.0,0.0,0.0,0,0
182360,큐브엔터,-7.77,-4.71,0.0,1.64,-3.97,11.82,65.13,170.28,170.28,60.56,91.87,3.59,0.0,0.0,71943559242.0,1.1846,0.0,0.0,5.4345,0.0,350.93,0.0,0.0,0.0,25150,390980069324
182400,엔케이젠바이오텍코리아,-42.6,-28.28,0.0,-364.36,-392.3,-474.4,50.62,69.93,69.93,66.39,25.54,-15.16,0.0,0.0,13020252251.0,0.0721,0.0,0.0,124.737,0.0,0.0,0.0,0.0,0.0,22450,1624107629427
182690,테라셈,-40.48,-14.9,0.0,-143.75,-145.96,-75.75,171.6,106.74,106.74,36.82,-69.91,-1387.56,0.0,0.0,5269402992.0,0.1021,0.0,0.0,0.0,0.0,0.0,0.0,0.0,0.0,0,0
183190,아세아시멘트,10.79,4.87,0.0,14.41,11.12,1286.47,121.55,135.14,135.14,45.14,13.34,70.83,0.0,0.0,892569417094.0,0.4381,0.0,0.0,4.9173,0.0,42.81,0.0,0.0,0.0,122000,4389011373578
183300,코미코,21.24,12.54,0.0,22.89,18.34,588.34,69.39,168.34,168.34,59.03,27.99,65.35,0.0,0.0,257041930051.0,0.6835,0.0,0.0,13.4086,0.0,61.2,0.0,0.0,0.0,67100,3446580718336
183490,엔지켐생명과학,-37.32,-20.94,0.0,-90.33,-121.28,-207.54,78.25,204.74,204.74,56.1,-11.01,-8.61,0.0,0.0,22975498508.0,0.1726,0.0,0.0,202.2629,0.0,0.0,0.0,0.0,0.0,54900,4647090909090
184230,SGA솔루션즈,4.38,2.5,0.0,15.05,6.48,37.14,75.07,143.5,143.5,57.12,-39.2,-4.63,0.0,0.0,24669735159.0,0.3857,0.0,0.0,0.9332,0.0,13.58,0.0,0.0,0.0,1220,23021254536
185490,아이진,-38.85,-32.93,0.0,-1079.66,-1066.25,-350.04,18.01,922.48,922.48,84.74,-3.61,-155.98,0.0,0.0,3242116197.0,0.0309,0.0,0.0,254.7302,0.0,0.0,0.0,0.0,0.0,19100,825864779874
185750,종근당,7.49,4.05,0.0,7.05,3.15,947.59,84.99,208.33,208.33,54.06,3.11,-23.54,0.0,0.0,1343559362914.0,1.2836,0.0,0.0,1.1403,0.0,21.24,0.0,0.0,0.0,111000,1532092105263
186230,그린플러스,-7.8,-4.67,0.0,6.12,-5.7,50.96,67.18,261.18,261.18,59.82,32.81,-14.15,0.0,0.0,83237751431.0,0.8188,0.0,0.0,2.0652,0.0,41.75,0.0,0.0,0.0,15750,171900000000
187220,디티앤씨,0.23,0.11,0.0,2.07,0.23,20.28,98.62,71.98,71.98,50.35,15.81,1379.2,0.0,0.0,97790760166.0,0.4895,0.0,0.0,0.8249,0.0,88.69,0.0,0.0,0.0,6990,80667885117
187270,신화콘텍,6.57,3.68,0.0,5.37,7.65,23.57,78.34,129.79,129.79,56.07,-1.21,282.21,0.0,0.0,43877902025.0,0.4818,0.0,0.0,1.0868,0.0,37.21,0.0,0.0,0.0,4700,47685575364
187420,HLB제넥스,-21.97,-7.19,0.0,-14.82,-32.95,-38.34,205.43,71.78,71.78,32.74,37.85,18.39,0.0,0.0,25873630109.0,0.2183,0.0,0.0,10.301,0.0,0.0,0.0,0.0,0.0,8170,266523933402
187660,페니트리움바이오,5.16,4.5,0.0,14.96,12.36,20.91,14.67,789.35,789.35,87.21,6.54,-40.79,0.0,0.0,13977771687.0,0.3643,0.0,0.0,27.1803,0.0,184.08,0.0,0.0,0.0,5940,379920000000
187790,나노,-43.82,-21.48,0.0,1.71,-29.77,8.77,104.01,109.28,109.28,49.02,8.22,150.6,0.0,0.0,51270341352.0,0.7215,0.0,0.0,1.0197,0.0,100.96,0.0,0.0,0.0,1695,52280844155
187870,디바이스,24.31,16.89,0.0,28.63,25.15,358.04,43.95,385.78,385.78,69.47,-0.88,-18.1,0.0,0.0,125067663773.0,0.6715,0.0,0.0,3.347,0.0,13.28,0.0,0.0,0.0,30200,418605555555
189300,인텔리안테크,3.7,2.29,0.0,1.62,4.34,22.3,61.41,230.34,230.34,61.96,25.34,-31.34,0.0,0.0,137999647178.0,0.5278,0.0,0.0,7.1587,0.0,487.61,0.0,0.0,0.0,92000,987904761904
189330,씨이랩,-8.71,-6.81,0.0,-34.72,-36.96,-20.06,27.84,683.25,683.25,78.22,-48.24,-390.79,0.0,0.0,5777875740.0,0.1843,0.0,0.0,52.2052,0.0,0.0,0.0,0.0,0.0,32150,301634959349
189690,포시에스,7.05,6.74,0.0,19.97,17.96,47.33,4.52,1006.44,1006.44,95.68,9.24,-1.13,0.0,0.0,23704777222.0,0.3755,0.0,0.0,9.7294,0.0,49.3,0.0,0.0,0.0,8440,230634338138
189860,서전기전,-6.51,-4.8,0.0,-4.95,-4.63,-25.99,35.79,156.03,156.03,73.64,-14.54,-187.23,0.0,0.0,52454376545.0,1.036,0.0,0.0,1.4468,0.0,0.0,0.0,0.0,0.0,7830,75889395667
189980,흥국에프엔비,7.76,4.79,0.0,9.36,8.84,66.95,62.07,112.18,112.18,61.7,41.89,170.05,0.0,0.0,71531049300.0,0.5421,0.0,0.0,2.1339,0.0,30.35,0.0,0.0,0.0,3800,152641350210
190510,나무가,27.99,9.21,0.0,4.57,3.18,229.67,203.89,76.8,76.8,32.91,-1.73,1115.26,0.0,0.0,502902887746.0,2.8968,0.0,0.0,0.3726,0.0,13.23,0.0,0.0,0.0,13300,187369863013
191420,테고사이언스,0.1,0.09,0.0,-1.18,0.57,-0.98,5.46,1068.26,1068.26,94.83,-5.57,-106.48,0.0,0.0,8299613165.0,0.1627,0.0,0.0,21.1467,0.0,0.0,0.0,0.0,0.0,21650,175509333333
192250,케이사인,8.63,7.38,0.0,0.0,0.0,64.28,16.92,495.34,495.34,85.53,0.0,29.88,0.0,0.0,0.0,0.0,0.0,0.0,0.0,0.0,4.54,0.0,0.0,0.0,2455,17340873015
192390,윈하이텍,-0.23,-0.11,0.0,2.02,-0.14,19.08,112.71,134.9,134.9,47.01,24.84,123.23,0.0,0.0,94497839269.0,0.7928,0.0,0.0,0.4896,0.0,57.35,0.0,0.0,0.0,3865,46269632070
192400,쿠쿠홀딩스,16.33,13.52,0.0,15.62,21.14,1069.92,20.77,294.46,294.46,82.8,16.56,4.54,0.0,0.0,685109273863.0,0.6398,0.0,0.0,0.994,0.0,8.09,0.0,0.0,0.0,19150,680987678571
192410,오늘이엔엠,0.0,0.0,0.0,12.52,0.0,32.54,97.8,132.86,132.86,50.56,91.21,127.62,0.0,0.0,25984088210.0,0.3286,0.0,0.0,2.4861,0.0,31.87,0.0,0.0,0.0,2565,64598155339
192440,슈피겐코리아,11.79,10.15,0.0,11.53,11.69,444.4,16.18,514.48,514.48,86.07,-4.46,-44.22,0.0,0.0,385343855642.0,0.868,0.0,0.0,0.6936,0.0,7.41,0.0,0.0,0.0,43000,267281618887
192650,드림텍,20.41,10.82,0.0,7.8,6.44,961.05,88.54,117.77,117.77,53.04,29.01,235.99,0.0,0.0,1231623290602.0,1.6803,0.0,0.0,0.6474,0.0,11.88,0.0,0.0,0.0,12100,797299826689
192820,코스맥스,7.38,2.43,0.0,7.7,2.16,1226.0,203.39,100.58,100.58,32.96,15.08,83.97,0.0,0.0,1591487621503.0,1.1272,0.0,0.0,0.6233,0.0,15.81,0.0,0.0,0.0,87400,991960866666
193250,링크드,-3.43,-2.54,0.0,-5.92,-6.72,-22.71,35.07,182.11,182.11,74.04,26.56,16.19,0.0,0.0,38394217330.0,0.378,0.0,0.0,1.3501,0.0,0.0,0.0,0.0,0.0,3875,51836622807
194370,제이에스코퍼레이션,23.92,8.74,0.0,6.18,4.89,609.7,173.56,119.31,119.31,36.56,145.03,667.36,0.0,0.0,987023677957.0,1.7872,0.0,0.0,0.6291,0.0,15.93,0.0,0.0,0.0,21400,620888573456
194480,데브시스터즈,36.38,22.06,0.0,0.0,0.0,566.54,64.91,353.78,353.78,60.64,0.0,1025.24,0.0,0.0,0.0,0.0,0.0,0.0,0.0,0.0,24.42,0.0,0.0,0.0,105200,1275857318573
194700,노바렉스,18.8,10.33,0.0,10.76,9.44,300.12,81.93,124.83,124.83,54.96,25.11,11.18,0.0,0.0,278789611448.0,1.0949,0.0,0.0,2.5182,0.0,27.21,0.0,0.0,0.0,38450,702042216358
195440,퓨전,-519.92,-160.52,0.0,-13.48,-172.48,-5.26,223.89,48.47,48.47,30.87,-71.96,89.19,0.0,0.0,3902937134.0,0.9307,0.0,0.0,0.0,0.0,0.0,0.0,0.0,0.0,0,0
195500,마니커에프앤지,-0.28,-0.17,0.0,0.06,-0.21,0.48,63.52,271.56,271.56,61.16,-7.98,-98.71,0.0,0.0,84928791193.0,0.8054,0.0,0.0,0.9599,0.0,2565.35,0.0,0.0,0.0,5100,81522094926
195870,해성디에스,24.14,14.96,0.0,13.17,10.84,863.3,61.37,165.3,165.3,61.97,42.86,98.37,0.0,0.0,655373012865.0,1.3799,0.0,0.0,1.2671,0.0,11.71,0.0,0.0,0.0,48850,830450000000
195940,HK이노엔,2.15,1.35,0.0,6.54,3.21,503.23,59.65,109.94,109.94,62.64,28.63,-42.18,0.0,0.0,769785555465.0,0.4189,0.0,0.0,1.9321,0.0,43.2,0.0,0.0,0.0,52500,1487317073170
195990,루트K,-7.65,-6.26,0.0,-12.73,-31.95,-41.89,22.06,275.21,275.21,81.93,-33.21,31.84,0.0,0.0,32913986577.0,0.1961,0.0,0.0,0.4774,0.0,0.0,0.0,0.0,0.0,965,15714285714
196170,알테오젠,-6.86,-3.53,0.0,-31.12,-22.35,-127.96,94.39,172.25,172.25,51.44,-3.07,-21897.8,0.0,0.0,41123115244.0,0.158,0.0,0.0,128.2224,0.0,0.0,0.0,0.0,0.0,75700,5272905040650
196300,HLB펩,-8.62,-5.21,0.0,-3.13,-16.46,-3.21,65.36,102.59,102.59,60.48,20.56,69.29,0.0,0.0,10266848826.0,0.3167,0.0,0.0,14.2112,0.0,0.0,0.0,0.0,0.0,15350,145904487917
196450,코아시아씨엠,-12.78,-7.05,0.0,-7.35,-7.82,-131.87,81.36,115.31,115.31,55.14,128.93,2.29,0.0,0.0,179320640716.0,0.9017,0.0,0.0,0.5888,0.0,0.0,0.0,0.0,0.0,2330,105587341772
196490,디에이테크놀로지,-16.9,-10.55,0.0,-28.0,-34.49,-127.13,60.15,176.82,176.82,62.44,32.33,7.28,0.0,0.0,45400415835.0,0.306,0.0,0.0,1.8219,0.0,0.0,0.0,0.0,0.0,7290,82715763546
196700,웹스,1.26,0.75,0.0,2.51,1.49,8.8,66.6,124.46,124.46,60.02,7.63,5552.11,0.0,0.0,35049221440.0,0.5061,0.0,0.0,1.9445,0.0,108.86,0.0,0.0,0.0,4740,68152408339
197140,디지캡,0.22,0.16,0.0,0.99,0.35,2.83,37.02,240.44,240.44,72.98,-13.05,-87.39,0.0,0.0,28631983022.0,0.457,0.0,0.0,2.0491,0.0,267.23,0.0,0.0,0.0,4505,58669767441
198080,캐프,4.07,1.69,0.0,2.61,1.24,79.46,140.54,134.53,134.53,41.57,30.81,-4.79,0.0,0.0,304929049936.0,1.3704,0.0,0.0,0.2368,0.0,25.45,0.0,0.0,0.0,3350,72200913242
198440,강동씨앤엘,3.96,3.16,0.0,5.63,7.06,36.98,25.29,424.12,424.12,79.81,-6.43,-13.62,0.0,0.0,65672531640.0,0.4474,0.0,0.0,3.5728,0.0,71.47,0.0,0.0,0.0,3850,234637096774
199800,툴젠,-24.44,-23.6,0.0,-1297.88,-1295.49,-207.31,3.56,3802.57,3802.57,96.57,123.99,-38.52,0.0,0.0,1597275445.0,0.0182,0.0,0.0,510.3332,0.0,0.0,0.0,0.0,0.0,90600,815142613636
199820,제일일렉트릭,11.12,8.54,0.0,8.73,8.77,128.56,30.25,233.64,233.64,76.77,-2.72,-32.85,0.0,0.0,147231157465.0,0.974,0.0,0.0,2.754,0.0,34.27,0.0,0.0,0.0,18250,405474767596
200130,콜마비앤에이치,17.69,12.72,0.0,15.45,11.53,916.47,39.12,215.16,215.16,71.88,-2.28,-16.04,0.0,0.0,593080731909.0,1.1026,0.0,0.0,1.5401,0.0,11.62,0.0,0.0,0.0,31050,913390243902
200230,텔콘RF제약,-21.77,-13.81,0.0,-7.24,-61.33,-27.41,57.62,62.14,62.14,63.45,14.18,-31.17,0.0,0.0,37841150315.0,0.2252,0.0,0.0,0.7341,0.0,0.0,0.0,0.0,0.0,2925,27777899343
200350,아티스트스튜디오,5.22,3.23,0.0,7.69,5.69,31.54,61.78,247.19,247.19,61.81,18.4,-14.7,0.0,0.0,41024304421.0,0.568,0.0,0.0,5.8502,0.0,84.85,0.0,0.0,0.0,24000,240000000000
200470,에이팩트,3.76,2.3,0.0,8.51,5.64,40.2,63.72,77.18,77.18,61.08,-4.86,-38.58,0.0,0.0,47217098401.0,0.4068,0.0,0.0,6.088,0.0,82.75,0.0,0.0,0.0,6560,287457049180
200670,휴메딕스,7.08,4.66,0.0,14.41,9.06,159.9,52.07,327.96,327.96,65.76,12.7,-3.9,0.0,0.0,110992354033.0,0.5142,0.0,0.0,2.4235,0.0,21.44,0.0,0.0,0.0,23950,268991013384
200710,에이디테크놀로지,9.1,6.39,0.0,3.54,4.64,113.86,42.53,248.4,248.4,70.16,10.17,-15.54,0.0,0.0,322083657505.0,1.3753,0.0,0.0,1.0073,0.0,34.63,0.0,0.0,0.0,24100,324445059288
200780,비씨월드제약,-2.78,-1.21,0.0,-2.9,-3.62,-17.98,128.83,65.22,65.22,43.7,8.85,14.21,0.0,0.0,62079356724.0,0.3354,0.0,0.0,2.7217,0.0,0.0,0.0,0.0,0.0,15850,168962046204
200880,서연이화,4.26,1.66,0.0,3.03,1.36,659.69,156.62,88.8,88.8,38.97,11.09,36.12,0.0,0.0,2180065898757.0,1.2176,0.0,0.0,0.0874,0.0,19.45,0.0,0.0,0.0,7050,190568515497
201490,미투온,14.75,11.54,0.0,31.45,23.58,345.15,27.82,269.88,269.88,78.24,-16.04,-22.6,0.0,0.0,109734234195.0,0.4894,0.0,0.0,2.2952,0.0,8.71,0.0,0.0,0.0,7700,251860557768
203400,에이비온,-169.03,-121.61,0.0,-651.31,-3311.51,-106.72,39.0,351.44,351.44,71.94,-17.82,1.66,0.0,0.0,1638498054.0,0.0367,0.0,0.0,802.7448,0.0,0.0,0.0,0.0,0.0,14600,1315295857988
203450,유니온바이오메트릭스,6.58,4.2,0.0,0.86,6.02,3.36,56.49,259.11,259.11,63.9,-10.88,-85.72,0.0,0.0,39023421971.0,0.6985,0.0,0.0,1.4103,0.0,224.0,0.0,0.0,0.0,3910,55035387673
203650,드림시큐리티,20.44,4.31,0.0,9.33,7.93,176.73,374.36,86.83,86.83,21.08,19.63,35.41,0.0,0.0,189510984336.0,0.5431,0.0,0.0,2.2994,0.0,40.24,0.0,0.0,0.0,4285,435759294117
203690,아크솔루션스,-30.58,-8.74,0.0,-16.65,-14.84,-54.66,249.77,41.97,41.97,28.59,58.43,-343.86,0.0,0.0,32837392557.0,0.5892,0.0,0.0,0.0,0.0,0.0,0.0,0.0,0.0,0,0
204020,그리티,-10.59,-8.15,0.0,-6.95,-6.49,-75.56,29.97,415.92,415.92,76.94,-11.95,-451.82,0.0,0.0,108704667058.0,1.256,0.0,0.0,0.473,0.0,0.0,0.0,0.0,0.0,2645,51422663802
204210,제이케이리버스톤자기관리부동산투자회사,4.78,1.96,0.0,55.08,35.18,33.63,144.08,47.64,47.64,40.97,28.76,57.63,0.0,0.0,6105379136.0,0.0556,0.0,0.0,0.0,0.0,0.0,0.0,0.0,0.0,0,0
204270,제이앤티씨,-8.96,-5.81,0.0,-15.17,-16.59,-307.43,54.32,134.85,134.85,64.8,-41.75,-141.04,0.0,0.0,202595050531.0,0.3499,0.0,0.0,2.1616,0.0,0.0,0.0,0.0,0.0,7570,437924500000
204320,HL만도,8.74,3.13,0.0,3.78,2.91,2323.12,179.04,138.26,138.26,35.84,10.5,161.9,0.0,0.0,6147433112950.0,1.0777,0.0,0.0,0.4843,0.0,28.57,0.0,0.0,0.0,63400,2977107335907
204620,글로벌텍스프리,-28.86,-19.4,0.0,-36.1,-66.11,-137.69,48.76,211.26,211.26,67.22,274.55,-20.47,0.0,0.0,38144495124.0,0.2934,0.0,0.0,5.4352,0.0,0.0,0.0,0.0,0.0,2950,207322299651
204630,로아앤코홀딩스,13.47,6.86,0.0,-3.01,22.69,-10.39,96.46,88.79,88.79,50.9,130.76,77.9,0.0,0.0,34525693061.0,0.3023,0.0,0.0,0.0,0.0,0.0,0.0,0.0,0.0,0,0
204840,지엘팜텍,-21.36,-11.71,0.0,-21.68,-30.05,-26.94,82.47,272.75,272.75,54.8,3.65,-1.86,0.0,0.0,12425741412.0,0.3896,0.0,0.0,1.5477,0.0,0.0,0.0,0.0,0.0,1240,19231600831
205470,휴마시스,74.85,44.38,0.0,60.15,46.98,1935.93,68.67,217.44,217.44,59.29,603.96,663.43,0.0,0.0,321829140756.0,0.9446,0.0,0.0,1.2808,0.0,2.85,0.0,0.0,0.0,16700,412193979933
205500,넥써쓰,-11.94,-9.7,0.0,-130.97,-96.89,-73.59,23.09,1658.59,1658.59,81.24,-3.71,-297.5,0.0,0.0,5618853096.0,0.1001,0.0,0.0,89.9741,0.0,0.0,0.0,0.0,0.0,6210,505551219512
206400,베노티앤알,10.16,6.64,0.0,5.76,32.37,15.37,53.12,136.88,136.88,65.31,183.6,88.23,0.0,0.0,26667683520.0,0.205,0.0,0.0,6.4896,0.0,141.99,0.0,0.0,0.0,4610,173061488673
206560,덱스터,-0.72,-0.47,0.0,0.0,0.0,-5.7,51.99,186.51,186.51,65.8,0.0,-381.28,0.0,0.0,0.0,0.0,0.0,0.0,0.0,0.0,0.0,0.0,0.0,0.0,29600,753688792165
206640,바디텍메드,29.4,24.65,0.0,32.93,30.05,519.36,19.23,483.47,483.47,83.87,9.42,-21.33,0.0,0.0,157707960354.0,0.8204,0.0,0.0,2.3335,0.0,7.68,0.0,0.0,0.0,16800,368007897334
206650,유바이오로직스,-23.9,-18.63,0.0,-18.36,-71.16,-72.3,28.29,310.84,310.84,77.95,38.24,-21.25,0.0,0.0,39384938147.0,0.2618,0.0,0.0,32.7058,0.0,0.0,0.0,0.0,0.0,35050,1288116355653
207760,미스터블루,10.33,8.36,0.0,11.01,10.98,67.68,23.58,404.11,404.11,80.92,-23.84,-52.98,0.0,0.0,61454693996.0,0.7611,0.0,0.0,12.3417,0.0,114.34,0.0,0.0,0.0,9130,758455729166
207940,삼성바이오로직스,7.89,4.94,0.0,34.27,25.1,5373.09,59.68,254.96,254.96,62.62,34.62,83.52,0.0,0.0,1568006928039.0,0.1967,0.0,0.0,26.6585,0.0,83.34,0.0,0.0,0.0,903000,41800750395256
208140,정다운,13.6,6.87,0.0,13.13,7.25,201.73,97.9,157.47,157.47,50.53,23.86,1800.37,0.0,0.0,153620860443.0,0.9478,0.0,0.0,0.6265,0.0,8.75,0.0,0.0,0.0,2945,96241830065
208350,지란지교시큐리티,-7.84,-5.42,0.0,0.13,-9.87,0.72,44.81,279.38,279.38,69.06,-1.42,119.06,0.0,0.0,57332148376.0,0.5487,0.0,0.0,0.8396,0.0,1115.47,0.0,0.0,0.0,5930,48138788870
208370,셀바스헬스케어,8.81,5.05,0.0,11.73,8.5,34.12,74.57,154.0,154.0,57.28,37.52,125.25,0.0,0.0,29089193742.0,0.5939,0.0,0.0,2.6555,0.0,28.77,0.0,0.0,0.0,3000,77246963562
208640,썸에이지,30.81,28.8,0.0,-5.85,40.66,-21.21,7.0,1940.79,1940.79,93.46,417.22,82.3,0.0,0.0,36238086126.0,0.7083,0.0,0.0,0.8757,0.0,0.0,0.0,0.0,0.0,2280,31733736762
208860,다산디엠씨,-37.47,-5.64,0.0,-55.89,-46.92,-26.74,563.77,46.5,46.5,15.07,58.91,9.38,0.0,0.0,4784367295.0,0.1203,0.0,0.0,15.6318,0.0,0.0,0.0,0.0,0.0,2205,74788490853
210120,캔버스엔,-54.96,-6.16,0.0,-9.02,-5.54,-19.13,791.5,50.95,50.95,11.22,-25.23,-279.33,0.0,0.0,21203022915.0,1.1126,0.0,0.0,8.8939,0.0,0.0,0.0,0.0,0.0,19500,188578149503
210540,디와이파워,13.74,9.08,0.0,9.64,7.1,421.59,51.37,210.27,210.27,66.07,43.45,18.65,0.0,0.0,437161571106.0,1.2781,0.0,0.0,0.3272,0.0,6.15,0.0,0.0,0.0,12950,143019844693
210980,SK디앤디,0.0,0.0,0.0,16.36,0.0,1293.68,210.27,253.38,253.38,32.23,13.03,-7.47,0.0,0.0,790956438573.0,0.3988,0.0,0.0,0.7474,0.0,14.96,0.0,0.0,0.0,31750,591180387409
211050,인카금융서비스,39.53,7.63,0.0,6.72,5.21,211.34,418.09,113.28,113.28,19.3,4.52,44.11,0.0,0.0,314623455761.0,1.464,0.0,0.0,3.2883,0.0,57.16,0.0,0.0,0.0,21000,1034567441860
211270,AP위성,1.73,1.26,0.0,2.09,3.49,8.42,37.09,340.13,340.13,72.94,-11.41,-80.76,0.0,0.0,40201720460.0,0.3616,0.0,0.0,5.4386,0.0,295.33,0.0,0.0,0.0,14500,218639661426
212560,네오오토,7.37,4.48,0.0,4.16,4.61,59.23,64.54,146.21,146.21,60.78,21.16,100.32,0.0,0.0,142360251340.0,0.9714,0.0,0.0,0.6252,0.0,24.73,0.0,0.0,0.0,6600,88997787610
213420,덕산네오룩스,16.31,13.91,0.0,26.64,24.47,509.76,17.26,830.06,830.06,85.28,32.74,27.08,0.0,0.0,191358001344.0,0.5684,0.0,0.0,7.3059,0.0,28.4,0.0,0.0,0.0,56300,1398048175182
213500,한솔제지,2.01,0.72,0.0,3.31,0.75,607.28,177.9,91.24,91.24,35.98,21.48,-35.78,0.0,0.0,1834223977012.0,0.9716,0.0,0.0,0.1752,0.0,25.19,0.0,0.0,0.0,13500,321285900783
214150,클래시스,26.75,20.24,0.0,51.41,43.54,517.13,32.14,435.54,435.54,75.67,31.57,27.34,0.0,0.0,100596935574.0,0.4649,0.0,0.0,12.1914,0.0,24.73,0.0,0.0,0.0,18800,1226415361890
214180,헥토이노베이션,11.85,7.15,0.0,16.95,14.69,374.77,65.76,197.03,197.03,60.33,29.32,32.9,0.0,0.0,221041387864.0,0.4868,0.0,0.0,1.1814,0.0,11.77,0.0,0.0,0.0,20100,261149284253
214260,라파스,8.76,4.81,0.0,-10.07,23.13,-20.48,82.28,169.15,169.15,54.86,13.87,52.11,0.0,0.0,20339266562.0,0.2079,0.0,0.0,19.5319,0.0,0.0,0.0,0.0,0.0,44550,397264598540
214310,로아앤코,-10.61,-6.8,0.0,-33.41,-23.0,-73.26,56.04,37.15,37.15,64.08,-23.42,-120.33,0.0,0.0,21927544795.0,0.2956,0.0,0.0,0.0,0.0,0.0,0.0,0.0,0.0,0,0
214320,이노션,10.44,3.96,0.0,9.04,5.8,1357.32,163.74,147.09,147.09,37.92,23.01,21.73,0.0,0.0,1502034400962.0,0.6823,0.0,0.0,1.4753,0.0,26.4,0.0,0.0,0.0,55400,2216000000000
214330,금호에이치티,-5.08,-3.88,0.0,2.79,-7.61,65.26,30.78,183.09,183.09,76.46,6.54,238.53,0.0,0.0,233985567170.0,0.51,0.0,0.0,0.0946,0.0,19.94,0.0,0.0,0.0,2115,22126153846
214370,케어젠,12.0,11.11,0.0,47.73,42.62,282.04,8.09,1516.1,1516.1,92.52,-2.0,-11.8,0.0,0.0,59087882662.0,0.2606,0.0,0.0,60.4533,0.0,127.25,0.0,0.0,0.0,66500,3572055232558
214390,경보제약,-5.14,-3.16,0.0,-3.88,-4.39,-66.25,62.65,125.17,125.17,61.48,-20.73,-176.49,0.0,0.0,170659645035.0,0.7201,0.0,0.0,1.506,0.0,0.0,0.0,0.0,0.0,10750,257013761467
214420,토니모리,-9.69,-4.57,0.0,-11.8,-8.05,-135.3,112.08,99.88,99.88,47.15,1.05,47.01,0.0,0.0,114648138200.0,0.5673,0.0,0.0,0.9895,0.0,0.0,0.0,0.0,0.0,4715,113444237588
214430,아이쓰리시스템,4.58,3.12,0.0,1.77,4.21,14.11,47.01,204.64,204.64,68.02,19.83,83.53,0.0,0.0,79723131606.0,0.7404,0.0,0.0,1.7826,0.0,125.14,0.0,0.0,0.0,19450,142114666666
214450,파마리서치,14.26,10.95,0.0,34.07,30.39,524.89,30.24,430.77,430.77,76.78,41.69,57.03,0.0,0.0,154082897894.0,0.3603,0.0,0.0,5.5292,0.0,18.12,0.0,0.0,0.0,82000,851953051643
214610,롤링스톤,-20.27,-11.94,0.0,-35.95,-34.93,-108.95,69.77,594.39,594.39,58.9,-33.65,-413.42,0.0,0.0,30302075601.0,0.3417,0.0,0.0,2.5179,0.0,0.0,0.0,0.0,0.0,9100,76296943231
214680,디알텍,8.9,4.21,0.0,3.35,5.63,23.56,111.29,143.08,143.08,47.33,27.16,142.91,0.0,0.0,70277277241.0,0.7484,0.0,0.0,2.0777,0.0,82.97,0.0,0.0,0.0,1750,146015625000
214870,한울비앤씨,-180.32,-45.63,0.0,-95.57,-176.89,-280.55,295.14,99.73,99.73,25.31,-46.06,-60.97,0.0,0.0,29353914817.0,0.258,0.0,0.0,0.0,0.0,0.0,0.0,0.0,0.0,0,0
215000,골프존,26.19,15.81,0.0,24.45,17.36,1076.72,65.67,186.22,186.22,60.36,47.5,108.78,0.0,0.0,440308103513.0,0.9105,0.0,0.0,2.4916,0.0,11.97,0.0,0.0,0.0,174800,1097087292817
215090,솔디펜스,-112.11,-29.36,0.0,-109.6,-350.95,-94.9,281.86,27.65,27.65,26.19,-52.96,-3501.02,0.0,0.0,8659141443.0,0.0837,0.0,0.0,6.1999,0.0,0.0,0.0,0.0,0.0,2320,53685950413
215100,로보로보,-4.32,-4.18,0.0,-20.0,-17.17,-15.24,3.39,1918.18,1918.18,96.72,57.35,40.45,0.0,0.0,7619902700.0,0.2431,0.0,0.0,16.0409,0.0,0.0,0.0,0.0,0.0,6010,122229915560
215200,메가스터디교육,23.03,11.26,0.0,14.07,11.59,990.07,104.53,82.14,82.14,48.89,48.27,201.71,0.0,0.0,703869131483.0,0.9718,0.0,0.0,1.2133,0.0,12.36,0.0,0.0,0.0,82400,853984444444
215360,우리산업,0.45,0.22,0.0,0.0,0.19,0.0,103.13,157.27,157.27,49.23,-1.66,0.0,0.0,0.0,284249058158.0,1.166,0.0,0.0,0.6613,0.0,0.0,0.0,0.0,0.0,20600,187963133640
215380,콜마바이오텍,-6.12,-1.92,0.0,-11.29,-6.16,-35.26,218.29,66.22,66.22,31.42,-16.35,33.49,0.0,0.0,31237784039.0,0.312,0.0,0.0,3.3928,0.0,0.0,0.0,0.0,0.0,6290,105982191780
215480,토박스코리아,12.77,9.46,0.0,8.05,10.04,29.08,35.1,476.41,476.41,74.02,42.69,197.61,0.0,0.0,36131560952.0,0.9418,0.0,0.0,0.4299,0.0,8.77,0.0,0.0,0.0,1445,15534482758
215600,신라젠,-14.81,-11.87,0.0,-8000.42,-6292.62,-203.5,24.78,595.39,595.39,80.14,-84.77,40.51,0.0,0.0,254362816.0,0.0019,0.0,0.0,6591.4257,0.0,0.0,0.0,0.0,0.0,12100,1676613592233
215790,이노인스트루먼트,10.9,8.13,0.0,15.67,21.58,74.05,34.13,233.15,233.15,74.56,12.38,139.52,0.0,0.0,47240740630.0,0.3767,0.0,0.0,1.5847,0.0,14.42,0.0,0.0,0.0,1855,74860534124
216050,인크로스,22.7,9.17,0.0,41.32,40.76,214.03,147.68,158.19,158.19,40.37,31.34,44.15,0.0,0.0,51801203742.0,0.2249,0.0,0.0,12.4533,0.0,36.56,0.0,0.0,0.0,52900,645097328244
216080,제테마,19.95,7.36,0.0,6.86,32.76,22.79,171.12,319.05,319.05,36.88,60.81,140.79,0.0,0.0,33222759331.0,0.2246,0.0,0.0,22.9531,0.0,375.58,0.0,0.0,0.0,20450,762564567769
217190,제너셈,19.01,7.72,0.0,9.43,8.78,56.33,146.16,156.59,156.59,40.62,42.41,639.32,0.0,0.0,59727438928.0,0.8799,0.0,0.0,1.9198,0.0,27.51,0.0,0.0,0.0,8720,114664566929
217270,넵튠,18.01,14.97,0.0,-121.3,343.91,-246.07,20.34,179.09,179.09,83.1,3.3,-183.77,0.0,0.0,20287078208.0,0.0435,0.0,0.0,64.5217,0.0,0.0,0.0,0.0,0.0,28000,1308957055214
217330,싸이토젠,-47.25,-19.58,0.0,-3697.31,-3125.13,-128.61,141.33,641.85,641.85,41.44,-15.95,-95.25,0.0,0.0,347845637.0,0.0063,0.0,0.0,4067.0417,0.0,0.0,0.0,0.0,0.0,61200,1414702702702
217480,에스디생명공학,-92.19,-30.83,0.0,-27.93,-36.21,-348.22,199.06,94.91,94.91,33.44,-11.4,-838.05,0.0,0.0,124680967309.0,0.8513,0.0,0.0,2.8142,0.0,0.0,0.0,0.0,0.0,3195,350873747494
217500,러셀,12.15,8.42,0.0,9.78,10.59,56.48,44.27,289.64,289.64,69.32,67.59,108.22,0.0,0.0,57759768938.0,0.7953,0.0,0.0,2.5726,0.0,30.25,0.0,0.0,0.0,4670,148590909090
217600,켐온,7.41,5.44,0.0,13.99,15.0,40.77,36.25,214.95,214.95,73.39,17.66,67.47,0.0,0.0,29139837088.0,0.3628,0.0,0.0,0.0,0.0,0.0,0.0,0.0,0.0,0,0
217620,선샤인푸드,-62.11,-9.29,0.0,-9.54,-8.92,-63.54,568.47,46.9,46.9,14.96,-17.67,52.1,0.0,0.0,66625427147.0,1.0419,0.0,0.0,0.0,0.0,0.0,0.0,0.0,0.0,0,0
217730,강스템바이오텍,-33.07,-21.16,0.0,-183.28,-175.96,-227.36,56.28,290.81,290.81,63.99,35.75,-21.42,0.0,0.0,12404664762.0,0.1203,0.0,0.0,24.7981,0.0,0.0,0.0,0.0,0.0,3270,307612108559
217820,원익피앤이,14.81,6.48,0.0,5.09,17.23,23.5,128.5,143.05,143.05,43.76,-30.64,-65.52,0.0,0.0,46214637706.0,0.376,0.0,0.0,10.1829,0.0,229.62,0.0,0.0,0.0,9920,470600966183
217950,파마리서치바이오,16.43,4.66,0.0,24.81,21.84,26.25,252.7,169.35,169.35,28.35,67.67,576.11,0.0,0.0,10578985597.0,0.2133,0.0,0.0,0.0,0.0,0.0,0.0,0.0,0.0,30150,0
218150,미래생명자원,3.26,1.95,0.0,2.78,1.62,18.55,67.55,558.71,558.71,59.68,40.36,31.05,0.0,0.0,66668150529.0,1.2036,0.0,0.0,1.2178,0.0,55.8,0.0,0.0,0.0,3975,81187500000
218410,RFHIC,1.91,1.32,0.0,4.3,5.79,43.64,44.95,538.48,538.48,68.99,44.16,245.62,0.0,0.0,101561301412.0,0.2272,0.0,0.0,9.3286,0.0,248.87,0.0,0.0,0.0,35650,947423454157
219130,타이거일렉,6.12,4.44,0.0,4.58,6.27,23.04,37.96,168.23,168.23,72.49,15.54,-60.63,0.0,0.0,50317508771.0,0.708,0.0,0.0,2.6228,0.0,65.77,0.0,0.0,0.0,20900,131970458135
219420,링크제니시스,10.6,9.0,0.0,24.61,26.83,39.45,17.78,632.67,632.67,84.9,24.49,40.25,0.0,0.0,16030334530.0,0.3354,0.0,0.0,6.1874,0.0,26.97,0.0,0.0,0.0,8640,99185650224
219550,디와이디,-1209.56,-488.33,0.0,-67.02,-293.86,-94.15,147.69,335.74,335.74,40.37,-53.77,-10.63,0.0,0.0,14048423805.0,1.6618,0.0,0.0,7.4658,0.0,0.0,0.0,0.0,0.0,2535,104882256745
219750,한국비티비,-113.37,-28.48,0.0,-85.07,-96.53,-112.88,298.05,44.18,44.18,25.12,-22.68,-27.17,0.0,0.0,13269032180.0,0.295,0.0,0.0,2.0677,0.0,0.0,0.0,0.0,0.0,2100,27436532507
220100,퓨쳐켐,-6.55,-4.49,0.0,-66.8,-29.31,-78.94,45.77,362.59,362.59,68.6,7.31,-62.09,0.0,0.0,11818366832.0,0.1532,0.0,0.0,34.7267,0.0,0.0,0.0,0.0,0.0,18300,410412960609
220180,폴라리스AI핸디,5.71,4.86,0.0,6.71,21.0,11.43,17.52,552.04,552.04,85.09,-3.56,10.37,0.0,0.0,17044884247.0,0.2315,0.0,0.0,5.1624,0.0,86.58,0.0,0.0,0.0,3675,87992957746
220260,켐트로스,8.02,4.63,0.0,7.94,9.13,38.37,73.24,305.24,305.24,57.72,10.92,206.15,0.0,0.0,48294721313.0,0.5071,0.0,0.0,8.4324,0.0,116.63,0.0,0.0,0.0,12700,407242346938
220630,맘스터치앤컴퍼니,28.61,18.95,0.0,13.11,7.74,394.56,50.94,182.26,182.26,66.25,5.23,50.2,0.0,0.0,300997501643.0,2.4484,0.0,0.0,0.0,0.0,0.0,0.0,0.0,0.0,0,0
221840,하이즈항공,-27.25,-11.23,0.0,-19.33,-27.3,-120.96,142.72,143.23,143.23,41.2,23.4,-248.26,0.0,0.0,62580189936.0,0.4112,0.0,0.0,1.366,0.0,0.0,0.0,0.0,0.0,4570,85482014388
222040,코스맥스엔비티,-9.14,-1.72,0.0,2.22,-1.85,64.34,431.47,79.05,79.05,18.82,8.45,377.19,0.0,0.0,289347257809.0,0.932,0.0,0.0,0.4121,0.0,57.7,0.0,0.0,0.0,5780,119243913043
222110,팬젠,-15.69,-7.65,0.0,-41.44,-41.71,-32.88,105.12,156.66,156.66,48.75,28.18,11.13,0.0,0.0,7935564918.0,0.1834,0.0,0.0,15.9228,0.0,0.0,0.0,0.0,0.0,9350,126356425702
222800,심텍,31.03,13.8,0.0,12.76,8.66,1743.19,124.89,71.66,71.66,44.47,13.69,94.25,0.0,0.0,1365832876122.0,1.5929,0.0,0.0,1.2692,0.0,12.68,0.0,0.0,0.0,45650,1733534918793
222810,세토피아,-20.44,-12.46,0.0,-1.87,-13.61,-14.4,64.12,98.88,98.88,60.93,834.38,63.76,0.0,0.0,76826098592.0,0.915,0.0,0.0,0.0,0.0,0.0,0.0,0.0,0.0,377,0
222980,한국맥널티,4.68,2.23,0.0,3.02,3.56,16.16,109.94,167.41,167.41,47.63,8.86,-51.59,0.0,0.0,53409780309.0,0.6256,0.0,0.0,1.3739,0.0,73.09,0.0,0.0,0.0,6650,73379310344
223250,드림씨아이에스,8.5,5.69,0.0,13.83,12.35,36.17,49.3,297.24,297.24,66.98,11.34,-24.55,0.0,0.0,26153499622.0,0.4612,0.0,0.0,12.1828,0.0,93.28,0.0,0.0,0.0,12950,318623167155
223310,사토시홀딩스,-41.98,-35.83,0.0,-26.62,-50.14,-44.39,17.15,745.01,745.01,85.36,161.33,1.02,0.0,0.0,16677098599.0,0.7146,0.0,0.0,1.0337,0.0,0.0,0.0,0.0,0.0,3320,17238461538
224060,더코디,-40.27,-18.44,0.0,-14.82,-49.79,-67.2,118.42,134.14,134.14,45.78,61.78,22.12,0.0,0.0,45359981861.0,0.3703,0.0,0.0,0.024,0.0,0.0,0.0,0.0,0.0,211,1090439276
225190,LK삼양,28.41,20.17,0.0,21.22,18.41,122.37,40.82,351.39,351.39,71.01,49.51,310.92,0.0,0.0,57676416445.0,1.096,0.0,0.0,12.6503,0.0,60.87,0.0,0.0,0.0,10350,729623762376
225220,제놀루션,41.84,36.23,0.0,56.68,47.22,412.81,15.5,455.91,455.91,86.58,-14.62,-23.61,0.0,0.0,72834041419.0,0.7671,0.0,0.0,4.1651,0.0,7.66,0.0,0.0,0.0,15800,303360000000
225330,씨엠에스에듀,16.98,6.76,0.0,0.0,0.0,115.05,151.31,59.78,59.78,39.79,0.0,61.73,0.0,0.0,0.0,0.0,0.0,0.0,0.0,0.0,0.0,0.0,0.0,0.0,0,0
225430,케이엠제약,-1.53,-1.16,0.0,3.81,-2.69,8.66,32.0,131.76,131.76,75.76,-0.97,21.59,0.0,0.0,22705128224.0,0.431,0.0,0.0,0.635,0.0,31.39,0.0,0.0,0.0,2225,14416846652
225530,HC보광산업,11.42,6.7,0.0,18.38,13.62,132.14,70.43,335.12,335.12,58.68,26.36,35.92,0.0,0.0,71898463686.0,0.4922,0.0,0.0,3.3643,0.0,22.87,0.0,0.0,0.0,6660,241888619854
225570,넥슨게임즈,-12.92,-6.28,0.0,-6.3,-12.62,-39.74,105.75,209.82,209.82,48.6,-22.51,-115.58,0.0,0.0,63084058003.0,0.4976,0.0,0.0,24.4809,0.0,0.0,0.0,0.0,0.0,23450,1544356046931
225590,패션플랫폼,26.65,20.68,0.0,6.91,17.89,59.69,28.87,341.53,341.53,77.6,48.69,241.07,0.0,0.0,86375354181.0,1.1559,0.0,0.0,0.1028,0.0,4.29,0.0,0.0,0.0,1735,8875500770
226320,잇츠한불,-1.51,-1.4,0.0,0.54,-4.95,7.55,7.89,1063.53,1063.53,92.69,-4.24,-79.9,0.0,0.0,140177794033.0,0.2834,0.0,0.0,2.7693,0.0,562.27,0.0,0.0,0.0,17700,388196779964
226330,신테카바이오,-53.58,-21.81,0.0,-2807.92,-4674.69,-88.92,145.7,3081.65,3081.65,40.7,-48.06,-25.27,0.0,0.0,316658569.0,0.0047,0.0,0.0,1372.5191,0.0,0.0,0.0,0.0,0.0,17900,434619926199
226340,본느,-14.61,-4.74,0.0,-1.95,-7.36,-10.47,208.27,69.37,69.37,32.44,49.27,-22.06,0.0,0.0,53806095591.0,0.644,0.0,0.0,0.3471,0.0,0.0,0.0,0.0,0.0,2225,18676515151
226350,아이엠텍,259.26,23.87,0.0,12.89,24.14,23.75,986.35,65.49,65.49,9.21,19.24,176.98,0.0,0.0,18434615000.0,0.9885,0.0,0.0,0.0,0.0,0.0,0.0,0.0,0.0,0,0
226360,케이에이치건설,0.0,0.0,0.0,1.04,0.0,5.11,77.43,72.66,72.66,56.36,-1.27,-80.42,0.0,0.0,49141456397.0,0.2096,0.0,0.0,0.0,0.0,0.0,0.0,0.0,0.0,0,0
226400,오스테오닉,-8.03,-4.44,0.0,3.71,-18.28,5.79,80.6,161.57,161.57,55.37,23.65,154.08,0.0,0.0,15597796412.0,0.2431,0.0,0.0,4.7232,0.0,176.58,0.0,0.0,0.0,3565,73671215596
226440,시스네오텍,-8.7,-4.11,0.0,-1.29,-12.33,-3.83,111.49,105.47,105.47,47.28,53.04,-194.24,0.0,0.0,29602784098.0,0.3336,0.0,0.0,0.0,0.0,0.0,0.0,0.0,0.0,0,0
226950,올릭스,-156.01,-34.93,0.0,0.0,0.0,-254.24,346.59,129.42,129.42,22.39,0.0,-56.54,0.0,0.0,0.0,0.0,0.0,0.0,0.0,0.0,0.0,0.0,0.0,0.0,41000,863577369439
227100,프로브잇,-41.75,-30.01,0.0,-69.91,-147.38,-92.52,39.13,332.86,332.86,71.87,-47.48,-71.91,0.0,0.0,13234569861.0,0.2036,0.0,0.0,0.0,0.0,0.0,0.0,0.0,0.0,0,0
227610,아우딘퓨쳐스,-47.89,-16.56,0.0,-17.58,-19.06,-77.21,189.23,122.19,122.19,34.57,8.65,-31.25,0.0,0.0,43911332269.0,0.8689,0.0,0.0,0.6476,0.0,0.0,0.0,0.0,0.0,1465,28436117936
227840,현대코퍼레이션홀딩스,5.91,4.76,0.0,6.25,9.17,81.46,24.14,297.03,297.03,80.56,-13.95,-19.36,0.0,0.0,130441768412.0,0.5197,0.0,0.0,0.8303,0.0,19.29,0.0,0.0,0.0,11900,108305407463
227950,엔투텍,-56.33,-36.36,0.0,-7.83,-75.28,-34.93,54.92,118.71,118.71,64.55,-22.35,-309.21,0.0,0.0,44628819346.0,0.483,0.0,0.0,1.2863,0.0,0.0,0.0,0.0,0.0,1665,57405223880
228340,동양파일,2.02,1.89,0.0,11.78,3.43,81.87,6.78,824.1,824.1,93.65,48.09,301.94,0.0,0.0,69531446184.0,0.5517,0.0,0.0,1.2167,0.0,11.31,0.0,0.0,0.0,4230,84600000000
228670,레이,0.06,0.03,0.0,3.75,0.06,33.87,71.46,574.33,574.33,58.32,63.64,-26.05,0.0,0.0,90336176999.0,0.5095,0.0,0.0,4.9071,0.0,152.68,0.0,0.0,0.0,28350,443290909090
228760,지노믹트리,0.0,0.0,0.0,-191.75,0.0,-98.55,53.91,6270.67,6270.67,64.97,314.87,20.58,0.0,0.0,5139615073.0,0.029,0.0,0.0,64.3383,0.0,0.0,0.0,0.0,0.0,13300,330674047829
228850,레이언스,7.06,5.83,0.0,17.89,10.47,240.69,21.15,525.93,525.93,82.54,32.55,185.32,0.0,0.0,134567721219.0,0.5565,0.0,0.0,1.5097,0.0,10.2,0.0,0.0,0.0,12250,203162568306
229000,젠큐릭스,-113.23,-63.58,0.0,-418.29,-1153.59,-127.45,78.1,101.52,101.52,56.15,93.83,-37.54,0.0,0.0,3046945886.0,0.0551,0.0,0.0,137.6706,0.0,0.0,0.0,0.0,0.0,17900,419474747474
229640,LS에코에너지,9.21,3.2,0.0,3.76,2.11,282.0,187.3,123.94,123.94,34.81,29.5,75.35,0.0,0.0,750616895541.0,1.5156,0.0,0.0,0.3235,0.0,20.06,0.0,0.0,0.0,7930,242854099783
230240,에치에프알,20.13,8.6,0.0,10.58,9.03,218.26,134.09,157.49,157.49,42.72,124.13,184.3,0.0,0.0,206357125229.0,0.952,0.0,0.0,2.1418,0.0,25.94,0.0,0.0,0.0,33200,441979829325
230360,에코마케팅,16.33,9.87,0.0,17.44,11.81,400.62,65.41,209.13,209.13,60.45,29.73,-31.94,0.0,0.0,229662475960.0,0.836,0.0,0.0,0.0,0.0,0.0,0.0,0.0,0.0,0,0
230980,비유테크놀러지,-28.14,-12.73,0.0,-25.88,-61.91,-34.78,121.15,108.58,108.58,45.22,27.28,-715.92,0.0,0.0,13440273252.0,0.2056,0.0,0.0,0.0,0.0,0.0,0.0,0.0,0.0,0,0
232140,와이씨,15.03,11.07,0.0,17.55,16.36,546.22,35.71,468.78,468.78,73.68,81.04,119.87,0.0,0.0,311270371895.0,0.6768,0.0,0.0,1.6342,0.0,11.53,0.0,0.0,0.0,6200,508675300647
232680,라온로보틱스,30.08,15.1,0.0,14.23,15.92,52.46,99.23,210.36,210.36,50.19,100.32,397.74,0.0,0.0,36858184806.0,0.9485,0.0,0.0,14.2279,0.0,103.65,0.0,0.0,0.0,39550,524412974683
233990,질경이,-340.36,-34.41,0.0,-18.35,-21.51,-18.97,889.19,39.32,39.32,10.11,-15.83,-41.55,0.0,0.0,10335646325.0,1.6,0.0,0.0,0.0,0.0,0.0,0.0,0.0,0.0,860,0
234080,JW생명과학,9.31,5.57,0.0,16.73,7.17,284.17,67.28,76.79,76.79,59.78,-7.47,-27.97,0.0,0.0,169816950012.0,0.7764,0.0,0.0,1.2913,0.0,10.81,0.0,0.0,0.0,13850,219291666666
234100,폴라리스세원,5.78,3.86,0.0,-1.93,8.48,-18.87,49.75,257.16,257.16,66.78,35.34,-141.2,0.0,0.0,97537203981.0,0.4551,0.0,0.0,0.6366,0.0,0.0,0.0,0.0,0.0,4250,62092198581
234300,에스트래픽,-24.49,-6.23,0.0,0.98,-6.25,13.44,292.94,140.08,140.08,25.45,49.13,142.7,0.0,0.0,137398697302.0,0.998,0.0,0.0,1.0472,0.0,183.45,0.0,0.0,0.0,5290,143888000000
234340,헥토파이낸셜,15.75,7.85,0.0,13.85,20.37,152.88,100.56,168.15,168.15,49.86,41.31,43.44,0.0,0.0,110374211065.0,0.3856,0.0,0.0,4.0309,0.0,38.49,0.0,0.0,0.0,31850,444911308203
234690,녹십자웰빙,7.59,4.82,0.0,8.54,7.37,77.72,57.43,117.28,117.28,63.52,20.32,235.49,0.0,0.0,90967528802.0,0.6544,0.0,0.0,2.0039,0.0,29.98,0.0,0.0,0.0,10150,182285714285
234920,자이글,-10.16,-7.93,0.0,-25.03,-22.87,-50.68,28.21,135.87,135.87,78.0,12.22,-501.97,0.0,0.0,20245589782.0,0.3466,0.0,0.0,2.6181,0.0,0.0,0.0,0.0,0.0,3920,53004896421
235980,메드팩토,-39.13,-12.78,0.0,0.0,0.0,-294.59,206.24,12895.44,12895.44,32.65,0.0,-5.97,0.0,0.0,0.0,0.0,0.0,0.0,0.0,0.0,0.0,0.0,0.0,0.0,58600,2009443447037
236200,슈프리마,13.64,12.89,0.0,22.37,31.21,162.32,5.83,936.09,936.09,94.49,25.62,52.62,0.0,0.0,72572220105.0,0.4129,0.0,0.0,2.398,0.0,11.32,0.0,0.0,0.0,24950,174028469750
236810,엔비티,4.13,2.11,0.0,0.0,0.0,31.43,95.74,227.74,227.74,51.09,0.0,350.89,0.0,0.0,0.0,0.0,0.0,0.0,0.0,0.0,167.14,0.0,0.0,0.0,28650,485948749237
237690,에스티팜,1.04,0.68,0.0,3.37,2.04,55.78,52.92,323.94,323.94,65.39,33.47,129.64,0.0,0.0,165641947051.0,0.3322,0.0,0.0,17.5439,0.0,551.95,0.0,0.0,0.0,139200,2905998479087
237750,피앤씨테크,5.27,4.68,0.0,9.08,15.89,19.71,12.57,640.42,640.42,88.83,10.52,80.54,0.0,0.0,21708529852.0,0.2944,0.0,0.0,2.1079,0.0,27.4,0.0,0.0,0.0,7040,45760000000
237820,플레이디,4.0,2.09,0.0,9.63,8.55,33.39,91.48,202.53,202.53,52.22,18.34,203.48,0.0,0.0,34680497548.0,0.2446,0.0,0.0,2.8587,0.0,49.98,0.0,0.0,0.0,7720,99141052631
237880,클리오,5.54,3.96,0.0,5.97,3.98,139.03,39.91,229.66,229.66,71.47,6.66,123.22,0.0,0.0,232744014896.0,0.9937,0.0,0.0,1.4173,0.0,28.53,0.0,0.0,0.0,18250,329861940298
238090,앤디포스,10.39,7.62,0.0,3.13,27.9,19.79,36.46,360.39,360.39,73.28,0.89,-72.57,0.0,0.0,63314538446.0,0.273,0.0,0.0,4.6017,0.0,178.55,0.0,0.0,0.0,9550,291355932203
238120,얼라인드,20.53,16.08,0.0,18.53,47.12,21.79,27.7,1297.21,1297.21,78.31,47.82,959.62,0.0,0.0,11761977467.0,0.3412,0.0,0.0,10.3541,0.0,59.32,0.0,0.0,0.0,8570,121784210526
238170,엔에스엠,-1.95,-1.15,0.0,2.47,-1.04,13.14,69.43,161.23,161.23,59.02,12.27,-46.09,0.0,0.0,53185872794.0,1.1039,0.0,0.0,0.0,0.0,0.0,0.0,0.0,0.0,0,0
238200,비피도,8.87,8.22,0.0,-8.4,37.08,-10.17,7.91,697.77,697.77,92.67,-2.13,-70.7,0.0,0.0,12116670288.0,0.2217,0.0,0.0,7.3515,0.0,0.0,0.0,0.0,0.0,10900,89075268817
238490,힘스,-0.6,-0.52,0.0,0.0,0.0,-43.71,14.05,392.86,392.86,87.68,0.0,-117.51,0.0,0.0,0.0,0.0,0.0,0.0,0.0,0.0,0.0,0.0,0.0,0.0,9850,111237068965
239340,이스트에이드,11.01,7.29,0.0,0.0,0.0,67.39,51.03,497.67,497.67,66.21,0.0,378.63,0.0,0.0,0.0,0.0,0.0,0.0,0.0,0.0,22.85,0.0,0.0,0.0,5040,136000000000
239610,에이치엘사이언스,12.6,11.48,0.0,14.15,12.97,147.71,9.73,749.07,749.07,91.13,-27.03,-37.49,0.0,0.0,104375404099.0,0.8855,0.0,0.0,1.8437,0.0,13.74,0.0,0.0,0.0,35700,192434944237
239890,피엔에이치테크,18.78,10.62,0.0,15.19,15.11,36.53,76.8,176.26,176.26,56.56,181.73,372.69,0.0,0.0,24058981006.0,0.7032,0.0,0.0,12.0657,0.0,83.53,0.0,0.0,0.0,29200,290287390029
240810,원익IPS,18.12,12.43,0.0,13.32,11.78,1641.29,45.76,187.77,187.77,68.61,12.96,16.74,0.0,0.0,1232302198954.0,1.0554,0.0,0.0,1.6849,0.0,14.88,0.0,0.0,0.0,42300,2076266098654
241560,두산밥캣,8.93,4.5,0.0,10.24,6.63,5953.38,98.57,176.6,176.6,50.36,35.83,51.15,0.0,0.0,5816199969000.0,0.6778,0.0,0.0,0.6716,0.0,13.72,0.0,0.0,0.0,40750,3906113162118
241590,화승엔터프라이즈,-1.24,-0.51,0.0,0.62,-0.6,70.99,141.68,100.32,100.32,41.38,2.05,-88.63,0.0,0.0,1138575157941.0,0.8559,0.0,0.0,0.8969,0.0,253.69,0.0,0.0,0.0,16850,1021160804020
241690,유니테크노,10.19,7.4,0.0,9.31,11.86,74.38,37.8,212.7,212.7,72.57,5.88,23.83,0.0,0.0,79862819036.0,0.6237,0.0,0.0,2.7576,0.0,34.33,0.0,0.0,0.0,9000,220227272727
241710,코스메카코리아,8.64,4.33,0.0,5.07,4.28,201.02,99.44,135.34,135.34,50.14,16.93,102.99,0.0,0.0,396465785819.0,1.0125,0.0,0.0,0.3489,0.0,16.59,0.0,0.0,0.0,12950,138309112149
241770,메카로,5.21,4.74,0.0,4.59,9.33,37.99,10.0,591.8,591.8,90.91,13.79,2486.37,0.0,0.0,82771927992.0,0.5075,0.0,0.0,1.724,0.0,41.47,0.0,0.0,0.0,14000,142700132100
241790,티이엠씨씨엔에스,16.34,12.69,0.0,17.06,15.58,160.22,28.68,298.28,298.28,77.71,2.52,4.01,0.0,0.0,93940248864.0,0.8149,0.0,0.0,1.7671,0.0,11.96,0.0,0.0,0.0,16600,166000000000
241820,피씨엘,-190.47,-39.94,0.0,-55.83,-68.63,-257.66,376.86,137.77,137.77,20.97,-14.04,-200.35,0.0,0.0,46147521837.0,0.582,0.0,0.0,2.1427,0.0,0.0,0.0,0.0,0.0,35550,98880794701
241840,에이스토리,35.7,17.43,0.0,11.77,28.93,69.28,104.81,200.35,200.35,48.83,166.39,889.82,0.0,0.0,58860400089.0,0.6025,0.0,0.0,4.8642,0.0,48.54,0.0,0.0,0.0,30050,286308008213
242040,나무에이엑스,-2.38,-1.15,0.0,1.14,-1.05,10.77,106.0,167.06,167.06,48.54,-5.64,142.62,0.0,0.0,94465709977.0,1.0995,0.0,0.0,1.099,0.0,137.42,0.0,0.0,0.0,3000,103817034700
243070,휴온스,11.3,7.0,0.0,10.36,7.0,452.82,61.43,158.96,158.96,61.94,7.43,-16.34,0.0,0.0,436911388927.0,1.0,0.0,0.0,1.3081,0.0,16.29,0.0,0.0,0.0,47700,571508411214
243840,신흥에스이씨,9.18,4.92,0.0,8.48,7.28,310.69,86.5,122.17,122.17,53.62,30.77,16.58,0.0,0.0,366253418888.0,0.6765,0.0,0.0,6.6335,0.0,86.28,0.0,0.0,0.0,63000,2429559543230
244460,올리패스,-85.31,-55.84,0.0,-2950.71,-3020.08,-251.33,52.76,284.2,284.2,65.46,-70.23,-6.06,0.0,0.0,851776623.0,0.0185,0.0,0.0,87.5684,0.0,0.0,0.0,0.0,0.0,9190,74588734100
244920,에이플러스에셋,12.08,5.4,0.0,2.22,5.97,57.37,123.81,189.88,189.88,44.68,-9.51,-75.23,0.0,0.0,258020393571.0,0.9035,0.0,0.0,0.7755,0.0,62.42,0.0,0.0,0.0,8850,200104895104
245620,EDGC,-35.03,-11.06,0.0,-17.48,-23.15,-156.02,216.87,98.87,98.87,31.56,-3.52,-205.41,0.0,0.0,89282114475.0,0.4776,0.0,0.0,8.2088,0.0,0.0,0.0,0.0,0.0,3250,732894736842
246250,에스엘에스바이오,1.55,0.55,0.0,5.17,0.7,4.26,182.13,110.7,110.7,35.45,-5.5,159.58,0.0,0.0,8242508010.0,0.7846,0.0,0.0,16.6542,0.0,337.97,0.0,0.0,0.0,8950,137272727272
246710,티앤알바이오팹,-26.58,-13.48,0.0,-316.91,-342.64,-102.51,97.24,3810.33,3810.33,50.7,-52.47,-86.08,0.0,0.0,3234679293.0,0.0393,0.0,0.0,739.9937,0.0,0.0,0.0,0.0,0.0,50200,2393642384105
246720,아스타,-39.72,-31.94,0.0,-136.42,-137.76,-34.98,24.34,1759.28,1759.28,80.42,103.22,42.48,0.0,0.0,2563990004.0,0.2319,0.0,0.0,30.0498,0.0,0.0,0.0,0.0,0.0,4705,77047281713
246960,SCL사이언스,-49.4,-15.81,0.0,-894.52,-993.51,-45.38,212.53,1651.6,1651.6,32.0,-14.91,-22.73,0.0,0.0,507288569.0,0.0159,0.0,0.0,810.9783,0.0,0.0,0.0,0.0,0.0,12100,411400000000
247540,에코프로비엠,16.4,6.86,0.0,7.74,6.58,1150.31,139.18,120.6,120.6,41.81,73.81,110.03,0.0,0.0,1485628623826.0,1.0419,0.0,0.0,32.9782,0.0,433.13,0.0,0.0,0.0,500800,48993413245033
247660,나노씨엠에스,-2.26,-1.34,0.0,-24.06,-16.82,-9.83,68.67,161.61,161.61,59.29,-3.62,-309.36,0.0,0.0,4083262579.0,0.0796,0.0,0.0,81.259,0.0,0.0,0.0,0.0,0.0,76200,331801801801
248070,솔루엠,4.97,1.87,0.0,2.3,1.16,265.16,164.97,136.32,136.32,37.74,7.13,-53.01,0.0,0.0,1153250200869.0,1.6221,0.0,0.0,0.9309,0.0,57.18,0.0,0.0,0.0,22450,1073542569081
248170,샘표식품,11.02,7.23,0.0,6.74,6.79,235.1,52.37,203.9,203.9,65.63,9.33,-45.07,0.0,0.0,348701054310.0,1.0646,0.0,0.0,0.5861,0.0,13.48,0.0,0.0,0.0,44750,204380597014
249420,일동제약,-62.88,-14.24,0.0,-9.91,-18.03,-555.35,341.49,82.81,82.81,22.65,-0.3,-937.28,0.0,0.0,560131626305.0,0.7901,0.0,0.0,1.8979,0.0,0.0,0.0,0.0,0.0,33600,1063052132701
250000,보라티알,10.36,7.06,0.0,11.41,10.28,69.47,46.71,157.23,157.23,68.16,20.72,93.69,0.0,0.0,60871582620.0,0.6869,0.0,0.0,1.4416,0.0,16.69,0.0,0.0,0.0,13000,87755443886
250030,진코스텍,-3.62,-1.08,0.0,-18.46,-2.56,-27.48,236.03,66.39,66.39,29.76,-44.55,-170.44,0.0,0.0,14887214164.0,0.4206,0.0,0.0,0.0,0.0,0.0,0.0,0.0,0.0,6200,0
250060,모비스,-3.13,-2.31,0.0,-8.76,-10.63,-13.32,35.23,884.05,884.05,73.95,9.52,-238.8,0.0,0.0,15214261971.0,0.2176,0.0,0.0,4.9068,0.0,0.0,0.0,0.0,0.0,2320,74653465346
250930,예선테크,5.96,3.26,0.0,-2.44,3.69,-16.08,82.54,234.8,234.8,54.78,14.98,-132.39,0.0,0.0,65923294481.0,0.8843,0.0,0.0,0.208,0.0,0.0,0.0,0.0,0.0,2075,13712452211
251120,바이오에프디엔씨,18.31,12.62,0.0,26.21,24.29,31.38,45.06,135.88,135.88,68.94,38.57,7.28,0.0,0.0,11972174291.0,0.5196,0.0,0.0,0.0,0.0,0.0,0.0,0.0,0.0,0,0
251270,넷마블,4.15,2.34,0.0,6.02,9.94,1510.25,77.5,64.22,64.22,56.34,0.89,-44.49,0.0,0.0,2506906374110.0,0.2351,0.0,0.0,4.1465,0.0,99.66,0.0,0.0,0.0,125000,10394893899204
251630,브이원텍,10.7,8.04,0.0,9.72,20.83,49.64,33.06,469.67,469.67,75.15,64.34,-23.84,0.0,0.0,51090254379.0,0.3858,0.0,0.0,2.7855,0.0,35.3,0.0,0.0,0.0,8920,142313390313
251970,펌텍코리아,8.24,6.46,0.0,11.76,8.89,261.01,27.55,255.19,255.19,78.4,12.82,-4.72,0.0,0.0,222029183556.0,0.7272,0.0,0.0,0.9438,0.0,10.56,0.0,0.0,0.0,16900,209560000000
252500,세화피앤씨,13.44,11.84,0.0,13.72,12.27,54.4,13.46,641.13,641.13,88.14,8.36,4.28,0.0,0.0,39660421020.0,0.9652,0.0,0.0,1.6003,0.0,12.56,0.0,0.0,0.0,1530,63468937875
252990,샘씨엔에스,11.12,7.41,0.0,28.65,25.04,136.27,50.12,2114.84,2114.84,66.61,32.36,74.56,0.0,0.0,47572154757.0,0.2959,0.0,0.0,8.8733,0.0,34.92,0.0,0.0,0.0,7010,422121550387
253450,스튜디오드래곤,5.71,4.42,0.0,10.79,8.02,525.77,29.27,126.61,126.61,77.36,-7.35,7.04,0.0,0.0,487113525190.0,0.551,0.0,0.0,5.6153,0.0,55.83,0.0,0.0,0.0,91000,2735281250000
253590,네오셈,11.08,6.35,0.0,13.04,15.18,48.49,74.46,603.14,603.14,57.32,-23.57,-59.62,0.0,0.0,37176448111.0,0.4185,0.0,0.0,4.2716,0.0,40.57,0.0,0.0,0.0,3620,158804131455
253840,수젠텍,35.88,23.24,0.0,45.09,46.83,348.14,54.41,255.22,255.22,64.76,86.69,54.65,0.0,0.0,77201041452.0,0.4963,0.0,0.0,3.0353,0.0,8.31,0.0,0.0,0.0,14000,234330708661
254120,자비스,-52.85,-17.73,0.0,-24.8,-32.06,-39.87,198.02,131.18,131.18,33.56,30.94,-112.06,0.0,0.0,16074043240.0,0.5532,0.0,0.0,4.2752,0.0,0.0,0.0,0.0,0.0,2235,68719827586
255220,SG,-19.01,-5.6,0.0,-3.22,-18.35,-22.57,239.51,125.31,125.31,29.45,-7.65,-150.57,0.0,0.0,70102082504.0,0.3051,0.0,0.0,3.2423,0.0,0.0,0.0,0.0,0.0,2075,227294407894
255440,야스,1.3,0.94,0.0,3.02,4.23,15.0,38.8,218.32,218.32,72.05,-9.74,-36.08,0.0,0.0,49692710775.0,0.2218,0.0,0.0,4.2823,0.0,183.66,0.0,0.0,0.0,16300,212799461641
256150,한독크린텍,8.96,7.92,0.0,9.24,8.81,48.63,13.16,602.69,602.69,88.37,-13.71,-48.31,0.0,0.0,52658011274.0,0.8996,0.0,0.0,1.7233,0.0,20.06,0.0,0.0,0.0,10800,90746887966
256840,한국비엔씨,-347.92,-130.85,0.0,-44.5,-698.13,-112.35,165.9,212.11,212.11,37.61,29.89,-1285.26,0.0,0.0,25248626317.0,0.1874,0.0,0.0,75.6931,0.0,0.0,0.0,0.0,0.0,27950,1911147169811
256940,킵스파마,-26.66,-17.38,0.0,-288.86,-380.95,-123.07,53.4,209.76,209.76,65.19,-72.0,-3080.61,0.0,0.0,4260545568.0,0.0456,0.0,0.0,61.7137,0.0,0.0,0.0,0.0,0.0,13100,262934046345
257370,피엔티엠에스,-27.01,-10.0,0.0,-39.5,-41.87,-45.64,170.21,89.71,89.71,37.01,-33.84,63.88,0.0,0.0,11554370648.0,0.2387,0.0,0.0,9.9689,0.0,0.0,0.0,0.0,0.0,9210,115184008200
257990,나우코스,5.89,1.11,0.0,0.54,0.77,2.43,432.43,76.36,76.36,18.78,-5.41,-93.42,0.0,0.0,45364798105.0,1.4441,0.0,0.0,0.0,0.0,0.0,0.0,0.0,0.0,0,0
258610,케일럼,-39.72,-26.58,0.0,-12.19,-47.41,-64.51,49.43,92.97,92.97,66.92,360.57,-110.39,0.0,0.0,52923301514.0,0.5607,0.0,0.0,3.6922,0.0,0.0,0.0,0.0,0.0,5360,195402531645
258790,소프트캠프,-1.08,-0.52,0.0,5.51,-0.85,11.33,107.53,427.92,427.92,48.19,8.66,-52.7,0.0,0.0,20563915693.0,0.6162,0.0,0.0,0.7347,0.0,28.6,0.0,0.0,0.0,3025,15109062170
258830,세종메디칼,-10.67,-6.5,0.0,-8.52,-32.93,-15.36,64.13,701.79,701.79,60.93,19.36,-221.05,0.0,0.0,18020983102.0,0.1974,0.0,0.0,29.5416,0.0,0.0,0.0,0.0,0.0,7030,532368932038
259630,엠플러스,-15.56,-4.53,0.0,-18.33,-10.55,-140.19,243.71,128.38,128.38,29.09,-51.76,-239.54,0.0,0.0,76481804767.0,0.429,0.0,0.0,2.7409,0.0,0.0,0.0,0.0,0.0,17150,209631382978
259960,크래프톤,11.28,9.23,0.0,0.0,0.0,6396.39,22.28,572.52,572.52,81.78,0.0,-17.35,0.0,0.0,0.0,0.0,0.0,0.0,0.0,0.0,34.51,0.0,0.0,0.0,460000,21044088105726
260660,알리코제약,6.08,4.07,0.0,3.42,3.52,47.94,49.22,203.9,203.9,67.01,12.3,-54.77,0.0,0.0,140157244560.0,1.1577,0.0,0.0,0.8391,0.0,32.86,0.0,0.0,0.0,7680,117610041841
260930,씨티케이,-2.17,-1.86,0.0,-12.42,-3.38,-142.91,16.58,394.8,394.8,85.78,-7.36,-2809.11,0.0,0.0,115056022882.0,0.5523,0.0,0.0,1.9828,0.0,0.0,0.0,0.0,0.0,11800,228133333333
260970,에스앤디,11.16,9.25,0.0,14.95,12.53,91.78,20.67,500.98,500.98,82.87,8.6,0.59,0.0,0.0,61401611130.0,0.738,0.0,0.0,0.9024,0.0,7.59,0.0,0.0,0.0,19150,55409965635
261200,덴티스,0.38,0.11,0.0,0.71,0.19,4.69,258.5,130.59,130.59,27.89,40.72,103.91,0.0,0.0,65740648196.0,0.5671,0.0,0.0,2.1422,0.0,478.86,0.0,0.0,0.0,8900,140827309236
261780,아리바이오LAB,-46.5,-28.2,0.0,-1216.93,-3684.01,-60.85,64.87,250.33,250.33,60.65,542.7,-43.69,0.0,0.0,500000000.0,0.0077,0.0,0.0,642.8193,0.0,0.0,0.0,0.0,0.0,11100,321409638554
262260,에이프로,-2.16,-1.28,0.0,-7.85,-2.09,-48.28,68.72,181.17,181.17,59.27,25.6,-542.05,0.0,0.0,61532265490.0,0.6145,0.0,0.0,8.5227,0.0,0.0,0.0,0.0,0.0,34800,524423398328
262840,아이퀘스트,8.42,6.62,0.0,23.02,22.47,36.09,27.25,267.42,267.42,78.59,2.67,-25.98,0.0,0.0,15677472778.0,0.2945,0.0,0.0,7.2545,0.0,34.67,0.0,0.0,0.0,10750,113731884057
263020,디케이앤디,-3.67,-1.85,0.0,3.55,-2.62,26.72,98.13,129.96,129.96,50.47,6.41,-47.74,0.0,0.0,75302776961.0,0.7072,0.0,0.0,0.8366,0.0,43.32,0.0,0.0,0.0,4550,63000000000
263050,유틸렉스,-41.06,-26.01,0.0,0.0,0.0,-335.6,57.82,196.08,196.08,63.36,0.0,-34.84,0.0,0.0,0.0,0.0,0.0,0.0,0.0,0.0,0.0,0.0,0.0,0.0,22350,822685088633
263540,어스앤에어로스페이스,-485.77,-13.75,0.0,-14.59,-24.83,-29.58,3432.1,61.62,61.62,2.83,20.67,53.03,0.0,0.0,20274726202.0,0.5539,0.0,0.0,0.0,0.0,0.0,0.0,0.0,0.0,0,0
263600,덕우전자,4.03,2.29,0.0,2.95,2.4,51.86,75.71,103.32,103.32,56.91,14.54,-55.32,0.0,0.0,175683369859.0,0.9556,0.0,0.0,0.8502,0.0,44.07,0.0,0.0,0.0,9370,149358310626
263690,디알젬,20.58,14.94,0.0,14.45,14.64,123.89,37.77,307.2,307.2,72.59,-19.56,-46.11,0.0,0.0,85750357013.0,1.0203,0.0,0.0,1.586,0.0,12.84,0.0,0.0,0.0,12000,136000000000
263700,케어랩스,1.15,0.63,0.0,0.0,0.0,32.77,83.97,202.89,202.89,54.36,0.0,-45.01,0.0,0.0,0.0,0.0,0.0,0.0,0.0,0.0,86.86,0.0,0.0,0.0,10000,194006309148
263720,디앤씨미디어,22.16,17.58,0.0,22.46,22.99,151.46,26.05,380.3,380.3,79.33,16.8,10.89,0.0,0.0,67421822042.0,0.7646,0.0,0.0,7.6128,0.0,35.09,0.0,0.0,0.0,41350,513270571827
263750,펄어비스,8.26,4.38,0.0,0.0,0.0,429.82,88.68,263.25,263.25,53.0,0.0,-72.67,0.0,0.0,0.0,0.0,0.0,0.0,0.0,0.0,217.04,0.0,0.0,0.0,138300,8691454746835
263770,유에스티,9.86,7.73,0.0,11.08,8.48,73.24,27.66,277.9,277.9,78.33,30.23,29.71,0.0,0.0,66070308185.0,0.9109,0.0,0.0,1.735,0.0,17.8,0.0,0.0,0.0,4840,114631578947
263800,데이타솔루션,4.21,1.58,0.0,1.03,1.19,10.31,166.1,134.93,134.93,37.58,8.35,87.92,0.0,0.0,100481186660.0,1.3353,0.0,0.0,1.0361,0.0,146.53,0.0,0.0,0.0,6420,104108108108
263810,상신전자,5.3,3.17,0.0,1.32,2.01,13.61,67.04,247.41,247.41,59.87,19.01,-55.59,0.0,0.0,102967730280.0,1.5746,0.0,0.0,0.6479,0.0,68.29,0.0,0.0,0.0,4190,66717692307
263860,지니언스,15.01,11.71,0.0,18.51,19.34,59.07,28.16,315.88,315.88,78.03,19.03,127.92,0.0,0.0,31917740934.0,0.6056,0.0,0.0,3.6136,0.0,21.49,0.0,0.0,0.0,12700,115338270142
263920,휴엠앤씨,-16.33,-14.93,0.0,-13.7,-31.87,-26.55,9.38,747.49,747.49,91.43,-43.75,66.05,0.0,0.0,19387252300.0,0.4684,0.0,0.0,2.3077,0.0,0.0,0.0,0.0,0.0,4555,44739020771
264450,유비쿼스,22.59,17.14,0.0,22.9,20.71,318.52,31.75,410.06,410.06,75.9,25.92,67.99,0.0,0.0,139088362724.0,0.8278,0.0,0.0,2.3991,0.0,11.75,0.0,0.0,0.0,22750,333680880974
264660,씨앤지하이테크,6.44,3.57,0.0,7.23,4.91,73.27,80.43,226.3,226.3,55.42,-14.92,-38.59,0.0,0.0,101402671035.0,0.7276,0.0,0.0,1.3226,0.0,26.78,0.0,0.0,0.0,13800,134112676056
264850,이랜시스,16.88,9.93,0.0,8.8,7.98,68.87,69.99,162.99,162.99,58.83,27.99,61.91,0.0,0.0,78278088163.0,1.2448,0.0,0.0,1.347,0.0,19.07,0.0,0.0,0.0,3480,105439718804
264900,크라운제과,8.16,4.04,0.0,4.16,3.44,158.76,102.16,118.53,118.53,49.47,-0.09,-32.3,0.0,0.0,381212215741.0,1.1745,0.0,0.0,0.3016,0.0,17.57,0.0,0.0,0.0,9180,114975000000
265520,AP시스템,29.85,13.33,0.0,12.16,10.81,643.05,123.83,214.8,214.8,44.68,-10.65,38.96,0.0,0.0,528740970343.0,1.2333,0.0,0.0,0.7174,0.0,9.59,0.0,0.0,0.0,25200,379307053941
265560,영화테크,4.85,3.95,0.0,5.71,6.29,23.2,22.65,517.73,517.73,81.53,15.91,3152.85,0.0,0.0,40624175326.0,0.6291,0.0,0.0,4.8029,0.0,89.25,0.0,0.0,0.0,18250,195112834978
265740,엔에프씨,10.96,8.99,0.0,14.26,15.2,57.64,21.8,197.09,197.09,82.1,21.28,26.52,0.0,0.0,40414881817.0,0.5916,0.0,0.0,6.0094,0.0,44.26,0.0,0.0,0.0,13600,242870147255
267250,HD현대,1.56,0.52,0.0,3.85,0.66,10854.12,201.29,114.69,114.69,33.19,48.9,281.78,0.0,0.0,28158746399000.0,0.7862,0.0,0.0,0.1506,0.0,25.95,0.0,0.0,0.0,53700,4241932191780
267260,HD현대일렉트릭,-5.21,-1.52,0.0,0.54,-1.87,97.36,242.76,111.64,111.64,29.18,-0.3,-86.61,0.0,0.0,1805991746883.0,0.8154,0.0,0.0,0.3972,0.0,234.8,0.0,0.0,0.0,19900,717337669654
267270,HD건설기계,8.17,3.56,0.0,4.89,3.85,1607.09,129.63,164.73,164.73,43.55,37.39,83.8,0.0,0.0,3284339623000.0,0.924,0.0,0.0,0.5917,0.0,24.58,0.0,0.0,0.0,40550,1943236309077
267290,경동도시가스,5.9,2.45,0.0,1.86,1.52,271.32,140.93,117.42,117.42,41.51,34.07,49.61,0.0,0.0,1457154328305.0,1.611,0.0,0.0,0.0914,0.0,24.41,0.0,0.0,0.0,22600,133210114942
267320,나인테크,-22.98,-7.2,0.0,-12.1,-9.35,-76.34,219.15,108.31,108.31,31.33,-4.23,-331.79,0.0,0.0,63080213450.0,0.7702,0.0,0.0,3.8593,0.0,0.0,0.0,0.0,0.0,4240,243445879732
267790,배럴,-19.23,-13.56,0.0,-35.84,-32.47,-77.16,41.77,811.8,811.8,70.53,-19.36,-3.27,0.0,0.0,21528383164.0,0.4176,0.0,0.0,2.8535,0.0,0.0,0.0,0.0,0.0,8000,61430656934
267850,아시아나IDT,16.94,11.87,0.0,4.17,15.09,72.89,42.78,298.64,298.64,70.04,-10.79,-16.82,0.0,0.0,174722677584.0,0.7866,0.0,0.0,1.1498,0.0,36.69,0.0,0.0,0.0,18100,200894396551
267980,매일유업,14.93,7.56,0.0,5.66,4.78,877.97,97.41,326.35,326.35,50.66,6.07,1.51,0.0,0.0,1551869546714.0,1.5808,0.0,0.0,0.3392,0.0,11.51,0.0,0.0,0.0,68700,526405150214
268280,미원에스씨,24.47,18.24,0.0,17.89,15.04,950.32,34.18,301.53,301.53,74.53,42.84,93.12,0.0,0.0,531343052748.0,1.2128,0.0,0.0,2.0561,0.0,12.67,0.0,0.0,0.0,218500,1092500000000
269620,시스웍,-4901.41,-90.23,0.0,-62.38,-497.58,-105.86,5332.36,34.71,34.71,1.84,-13.42,-14555.59,0.0,0.0,16969391158.0,0.1813,0.0,0.0,0.0,0.0,0.0,0.0,0.0,0.0,1055,0
270520,앱튼,-3.17,-2.57,0.0,-4.46,-3.7,-11.2,23.63,453.55,453.55,80.89,-17.24,-199.02,0.0,0.0,25134889536.0,0.6933,0.0,0.0,2.5202,0.0,0.0,0.0,0.0,0.0,2735,63345347119
270660,에브리봇,16.53,12.53,0.0,19.81,18.54,101.23,31.92,715.52,715.52,75.8,3.96,-21.85,0.0,0.0,51110135014.0,0.6756,0.0,0.0,9.8062,0.0,51.32,0.0,0.0,0.0,39500,501197625698
270870,뉴트리,20.98,13.42,0.0,8.41,8.03,208.1,56.35,372.42,372.42,63.96,30.67,-8.95,0.0,0.0,247488887691.0,1.67,0.0,0.0,0.7978,0.0,12.05,0.0,0.0,0.0,21950,197436855670
271560,오리온,11.5,8.45,0.0,15.83,11.19,3729.1,36.11,219.62,219.62,73.47,5.64,-0.85,0.0,0.0,2355499705531.0,0.7549,0.0,0.0,1.7369,0.0,13.19,0.0,0.0,0.0,103500,4091195769230
271940,일진하이솔루스,2.92,2.61,0.0,8.33,7.62,98.03,11.85,968.82,968.82,89.41,3.67,-34.97,0.0,0.0,117690718877.0,0.3426,0.0,0.0,16.8157,0.0,205.6,0.0,0.0,0.0,54500,1979053064958
271980,제일약품,-8.95,-3.51,0.0,-1.5,-2.14,-105.3,154.85,128.26,128.26,39.24,1.36,-181.6,0.0,0.0,700693229140.0,1.6429,0.0,0.0,0.7102,0.0,0.0,0.0,0.0,0.0,33850,497607677902
272110,케이엔제이,12.63,5.89,0.0,9.44,11.88,43.93,114.34,165.61,165.61,46.65,9.2,69.25,0.0,0.0,46510956665.0,0.4962,0.0,0.0,2.9591,0.0,42.72,0.0,0.0,0.0,17150,137628750000
272210,한화시스템,4.37,2.51,0.0,5.36,4.68,1120.5,73.87,196.32,196.32,57.51,27.19,20.66,0.0,0.0,2089503039125.0,0.5366,0.0,0.0,1.4466,0.0,41.74,0.0,0.0,0.0,16000,3022710382513
272290,이녹스첨단소재,25.98,17.79,0.0,19.85,16.46,967.26,46.02,237.97,237.97,68.48,44.92,120.66,0.0,0.0,487292463999.0,1.0814,0.0,0.0,1.8884,0.0,10.98,0.0,0.0,0.0,46150,920183333333
272450,진에어,-77.33,-22.2,0.0,-74.94,-54.04,-1852.5,248.25,96.78,96.78,28.72,-9.04,-0.29,0.0,0.0,247191153629.0,0.4109,0.0,0.0,3.5272,0.0,0.0,0.0,0.0,0.0,16700,871885217391
272550,삼양패키징,9.43,4.95,0.0,11.77,7.73,461.46,90.66,103.11,103.11,52.45,6.63,-11.71,0.0,0.0,391946000000.0,0.6399,0.0,0.0,0.9612,0.0,14.48,0.0,0.0,0.0,25000,376750000000
273060,와이즈버즈,6.7,4.62,0.0,14.68,22.14,18.0,45.0,325.16,325.16,68.96,-0.07,40.53,0.0,0.0,12262077188.0,0.2087,0.0,0.0,6.9801,0.0,57.67,0.0,0.0,0.0,1740,85590277777
274090,켄코아에어로스페이스,-76.85,-18.43,0.0,-25.18,-35.93,-137.68,317.03,85.08,85.08,23.98,72.79,-85.35,0.0,0.0,54682087389.0,0.5129,0.0,0.0,3.2988,0.0,0.0,0.0,0.0,0.0,13100,180382874015
275630,에스에스알,6.45,5.85,0.0,15.26,15.47,16.28,10.26,1008.18,1008.18,90.7,3.17,481.11,0.0,0.0,10667534100.0,0.378,0.0,0.0,3.2275,0.0,22.76,0.0,0.0,0.0,6550,34429487179
276040,스코넥,806.62,-69.77,0.0,0.0,0.0,-32.54,-1256.07,57.48,57.48,-8.65,0.0,42.1,0.0,0.0,0.0,0.0,0.0,0.0,0.0,0.0,0.0,0.0,0.0,0.0,0,0
276730,한울앤제주,-14.11,-8.83,0.0,-25.14,-28.4,-72.49,59.91,182.99,182.99,62.54,33.79,-64.91,0.0,0.0,28838913173.0,0.3108,0.0,0.0,2.0695,0.0,0.0,0.0,0.0,0.0,2530,59682051282
277070,린드먼아시아,9.95,8.24,0.0,44.62,32.67,72.24,20.82,1262.28,1262.28,82.76,40.18,10.34,0.0,0.0,16192845199.0,0.2522,0.0,0.0,4.6967,0.0,12.06,0.0,0.0,0.0,5550,76052473763
277410,인산가,12.75,7.25,0.0,21.48,16.69,82.29,75.8,270.2,270.2,56.88,25.74,44.03,0.0,0.0,38307595796.0,0.4345,0.0,0.0,0.213,0.0,5.61,0.0,0.0,0.0,2120,8159578207
277810,레인보우로보틱스,-16.38,-12.28,0.0,-11.49,-87.46,-10.31,33.35,3923.61,3923.61,74.99,65.28,23.58,0.0,0.0,8969574693.0,0.1405,0.0,0.0,58.7212,0.0,0.0,0.0,0.0,0.0,27150,526704104234
277880,티에스아이,2.84,0.93,0.0,-0.19,1.72,-1.29,204.41,235.93,235.93,32.85,47.2,85.45,0.0,0.0,67319918067.0,0.5429,0.0,0.0,3.064,0.0,0.0,0.0,0.0,0.0,10400,206266666666
278280,천보,15.69,11.87,0.0,18.64,17.68,506.29,32.2,334.51,334.51,75.65,74.66,68.02,0.0,0.0,271578895592.0,0.6712,0.0,0.0,15.7291,0.0,86.32,0.0,0.0,0.0,348600,4271693950177
278470,에이피알,17.27,9.02,0.0,5.51,4.4,142.73,91.56,180.41,180.41,52.2,17.83,-1.36,0.0,0.0,259146144182.0,2.0497,0.0,0.0,0.0,0.0,0.0,0.0,0.0,0.0,0,0
278650,HLB바이오스텝,17.38,12.19,0.0,15.25,17.91,98.23,42.59,188.03,188.03,70.13,10.05,11.1,0.0,0.0,64403026842.0,0.6806,0.0,0.0,7.7637,0.0,53.78,0.0,0.0,0.0,28650,500006369426
278990,EMB,11.39,4.55,0.0,3.54,5.88,9.21,150.49,163.94,163.94,39.92,-10.75,-48.67,0.0,0.0,26027109143.0,0.7736,0.0,0.0,0.0,0.0,0.0,0.0,0.0,0.0,9000,0
279600,미디어젠,0.9,0.5,0.0,-0.46,1.07,-0.68,81.25,479.58,479.58,55.17,26.22,67.87,0.0,0.0,14995449089.0,0.4666,0.0,0.0,5.0094,0.0,0.0,0.0,0.0,0.0,16050,75118925831
280360,롯데웰푸드,2.74,1.36,0.0,5.06,1.69,1084.71,100.96,120.75,120.75,49.76,3.34,-3.62,0.0,0.0,2145407244785.0,0.8045,0.0,0.0,0.517,0.0,22.58,0.0,0.0,0.0,120500,1109145847632
281740,레이크머티리얼즈,30.82,12.03,0.0,25.27,22.09,206.87,156.1,113.21,113.21,39.05,76.08,344.47,0.0,0.0,81853769513.0,0.5448,0.0,0.0,4.3843,0.0,21.77,0.0,0.0,0.0,5460,358870098039
281820,케이씨텍,10.89,9.26,0.0,15.12,12.17,521.02,17.62,502.45,502.45,85.02,7.71,-7.19,0.0,0.0,344546239687.0,0.7605,0.0,0.0,1.382,0.0,10.44,0.0,0.0,0.0,24050,476147807017
282330,BGF리테일,18.24,5.69,0.0,2.94,2.18,1994.42,220.81,79.52,79.52,31.17,9.7,22.96,0.0,0.0,6781161259022.0,2.6118,0.0,0.0,0.3709,0.0,21.57,0.0,0.0,0.0,145500,2514846414073
282690,동아타이어공업,4.46,3.93,0.0,8.01,9.21,143.89,13.53,278.05,278.05,88.08,25.42,-15.12,0.0,0.0,179555473143.0,0.4269,0.0,0.0,0.0,0.0,0.0,0.0,0.0,0.0,0,0
282880,코윈테크,6.22,3.94,0.0,6.22,6.91,66.16,57.7,223.21,223.21,63.41,134.48,952.57,0.0,0.0,106349899896.0,0.5705,0.0,0.0,3.4249,0.0,65.36,0.0,0.0,0.0,31150,364239108910
284620,카이노스메드,-111.13,-38.67,0.0,-674.87,-976.01,-112.19,187.37,143.72,143.72,34.8,0.0,-19.54,0.0,0.0,1662425507.0,0.0396,0.0,0.0,50.6016,0.0,0.0,0.0,0.0,0.0,2540,84121435142
284740,쿠쿠홈시스,24.18,17.45,0.0,20.0,18.94,1786.36,38.55,195.81,195.81,72.18,13.55,31.51,0.0,0.0,893242238382.0,0.9214,0.0,0.0,0.9847,0.0,6.43,0.0,0.0,0.0,39200,879565473684
285130,SK케미칼,10.47,6.79,0.0,26.57,12.86,5551.86,54.11,256.21,256.21,64.89,74.31,257.36,0.0,0.0,2089631876416.0,0.5283,0.0,0.0,1.2335,0.0,7.14,0.0,0.0,0.0,149000,2577531954887
285490,노바텍,27.87,24.87,0.0,36.41,38.34,329.49,12.04,1194.19,1194.19,89.26,33.37,12.32,0.0,0.0,90500181369.0,0.6488,0.0,0.0,4.9304,0.0,14.0,0.0,0.0,0.0,42200,446204488778
286750,나노실리칸첨단소재,-22.76,-8.56,0.0,-23.34,-40.32,-16.35,165.88,115.63,115.63,37.61,-19.04,-2532.35,0.0,0.0,7004484412.0,0.2123,0.0,0.0,8.9999,0.0,0.0,0.0,0.0,0.0,3940,63040000000
286940,롯데이노베이트,8.0,4.62,0.0,4.3,3.73,399.66,73.14,165.32,165.32,57.76,9.47,3.14,0.0,0.0,929998711140.0,1.2398,0.0,0.0,0.5881,0.0,21.61,0.0,0.0,0.0,36150,546919537136
287410,제이시스메디칼,28.31,18.22,0.0,29.04,16.6,236.04,55.41,225.47,225.47,64.35,69.97,114.0,0.0,0.0,81295998521.0,1.0977,0.0,0.0,0.0,0.0,0.0,0.0,0.0,0.0,0,0
288330,파라택시스코리아,-61.05,-56.32,0.0,-1371.6,-1365.7,-263.92,8.39,1249.23,1249.23,92.26,-69.65,-34.8,0.0,0.0,1924158150.0,0.0412,0.0,0.0,782.3351,0.0,0.0,0.0,0.0,0.0,14200,1505336538461
288620,에스프리즘,6.91,4.09,0.0,4.77,10.27,22.58,69.05,235.85,235.85,59.15,0.67,6.19,0.0,0.0,47305873014.0,0.398,0.0,0.0,4.1103,0.0,107.6,0.0,0.0,0.0,27900,194443257676
288980,모아데이타,5.6,4.35,0.0,13.8,5.52,27.1,28.63,326.63,326.63,77.74,42.49,-12.18,0.0,0.0,19642515854.0,0.7895,0.0,0.0,0.0,0.0,0.0,0.0,0.0,0.0,0,0
289010,아이스크림에듀,-10.97,-8.14,0.0,-5.37,-5.68,-69.01,34.84,257.28,257.28,74.16,11.29,-342.6,0.0,0.0,128568295652.0,1.4326,0.0,0.0,0.7771,0.0,0.0,0.0,0.0,0.0,7140,99916241062
289220,자이언트스텝,-2.73,-2.42,0.0,-8.77,-10.47,-29.09,13.03,854.15,854.15,88.47,63.96,-93.51,0.0,0.0,33157055213.0,0.2307,0.0,0.0,47.0968,0.0,0.0,0.0,0.0,0.0,70000,1561590688651
290090,트윔,2.97,2.73,0.0,5.87,10.29,12.67,8.42,1034.43,1034.43,92.23,18.31,-51.41,0.0,0.0,21602999976.0,0.2657,0.0,0.0,9.372,0.0,164.74,0.0,0.0,0.0,27200,202463733650
290270,휴네시온,36.06,29.9,0.0,10.85,56.09,28.8,20.61,302.78,302.78,82.91,4.53,2.64,0.0,0.0,26542241555.0,0.5331,0.0,0.0,2.3369,0.0,24.49,0.0,0.0,0.0,6450,62027874564
290380,대유,8.16,5.66,0.0,17.72,17.82,64.38,44.26,78.38,78.38,69.32,8.0,39.82,0.0,0.0,36326640855.0,0.3175,0.0,0.0,0.0,0.0,0.0,0.0,0.0,0.0,0,0
290510,코리아센터,3.61,2.29,0.0,0.0,0.0,174.09,57.88,127.7,127.7,63.34,0.0,1.4,0.0,0.0,0.0,0.0,0.0,0.0,0.0,0.0,0.0,0.0,0.0,0.0,0,0
290520,신도기연,2.63,2.03,0.0,-7.03,4.11,-27.98,29.93,291.34,291.34,76.97,-4.28,6.72,0.0,0.0,39794110063.0,0.4927,0.0,0.0,6.4973,0.0,0.0,0.0,0.0,0.0,16400,258553745928
290550,디케이티,11.1,4.26,0.0,5.75,2.77,181.33,160.82,237.18,237.18,38.34,-8.93,25.3,0.0,0.0,315241528615.0,1.5344,0.0,0.0,1.0119,0.0,24.58,0.0,0.0,0.0,15950,319000000000
290650,엘앤씨바이오,16.71,14.51,0.0,28.83,34.11,131.7,15.16,845.31,845.31,86.84,38.53,79.81,0.0,0.0,45677013794.0,0.4253,0.0,0.0,21.6104,0.0,76.02,0.0,0.0,0.0,36600,987097175141
290660,다이나믹솔루션,-31.69,-9.26,0.0,-33.1,-21.0,-76.66,242.37,62.23,62.23,29.21,24.34,46.03,0.0,0.0,23158185846.0,0.4408,0.0,0.0,5.8006,0.0,0.0,0.0,0.0,0.0,3135,134332220367
290670,대보마그네틱,8.61,7.29,0.0,13.42,11.77,57.6,18.07,417.54,417.54,84.69,171.69,560.92,0.0,0.0,42919554645.0,0.6199,0.0,0.0,7.5792,0.0,58.32,0.0,0.0,0.0,41350,325297455968
290690,아리바이오홀딩스,8.67,5.63,0.0,7.22,5.94,50.56,54.12,107.65,107.65,64.88,21.48,-0.38,0.0,0.0,70010753724.0,0.9476,0.0,0.0,7.716,0.0,111.98,0.0,0.0,0.0,10200,540203883495
290720,푸드나무,0.48,0.37,0.0,0.78,0.14,14.94,28.66,330.27,330.27,77.72,63.2,-77.52,0.0,0.0,191195148974.0,2.7145,0.0,0.0,6.3449,0.0,822.57,0.0,0.0,0.0,31800,1213111111111
290740,액트로,3.89,2.9,0.0,-2.34,3.11,-21.57,33.92,210.21,210.21,74.67,-30.2,-158.95,0.0,0.0,92326395351.0,0.9338,0.0,0.0,0.9618,0.0,0.0,0.0,0.0,0.0,8820,88796954314
291230,컴투스엔,-29.76,-17.95,0.0,3.64,-43.48,9.06,65.79,81.18,81.18,60.32,10.01,-75.82,0.0,0.0,24871771373.0,0.4129,0.0,0.0,14.8218,0.0,433.44,0.0,0.0,0.0,15350,368644135188
291650,츌립앤사이언스,-12.18,-11.52,0.0,-1510.39,-1422.73,-40.67,5.72,5748.28,5748.28,94.59,17.84,-3.67,0.0,0.0,269275078.0,0.0081,0.0,0.0,1932.2953,0.0,0.0,0.0,0.0,0.0,17050,520318965517
293480,하나제약,11.12,9.23,0.0,18.33,14.26,360.1,20.48,343.87,343.87,83.0,10.77,13.69,0.0,0.0,196406570950.0,0.6471,0.0,0.0,1.8239,0.0,11.38,0.0,0.0,0.0,20150,358222222222
293780,압타바이오,-17.33,-16.47,0.0,-5081.88,-4778.8,-113.67,5.26,3019.02,3019.02,95.0,-34.41,-87.43,0.0,0.0,223676750.0,0.0034,0.0,0.0,4672.3117,0.0,0.0,0.0,0.0,0.0,37200,1045087500000
293940,신한알파리츠,0.86,0.15,0.0,0.0,0.0,220.73,454.21,29.56,29.56,18.04,0.0,-3.25,0.0,0.0,0.0,0.0,0.0,0.0,0.0,0.0,114.31,0.0,0.0,0.0,7950,961489130434
294090,이오플로우,-158.52,-47.86,0.0,-3878.98,-4325.59,-268.92,231.23,1142.84,1142.84,30.19,3101.49,-109.14,0.0,0.0,693267504.0,0.0111,0.0,0.0,2955.269,0.0,0.0,0.0,0.0,0.0,49000,2048791946308
294140,레몬,-184.72,-113.71,0.0,-39.06,-155.64,-130.53,62.46,142.62,142.62,61.55,-58.31,-180.8,0.0,0.0,33416382819.0,0.7305,0.0,0.0,4.1397,0.0,0.0,0.0,0.0,0.0,5550,138334047109
294570,쿠콘,5.52,3.55,0.0,27.38,11.65,168.25,55.77,179.32,179.32,64.2,19.6,49.7,0.0,0.0,61441577577.0,0.3042,0.0,0.0,11.9241,0.0,47.84,0.0,0.0,0.0,72600,732634797891
294630,서남,-40.49,-18.45,0.0,-319.48,-351.41,-36.33,119.51,126.36,126.36,45.56,-19.03,23.01,0.0,0.0,1137169357.0,0.0525,0.0,0.0,88.6727,0.0,0.0,0.0,0.0,0.0,3805,100835879218
294870,IPARK현대산업개발,6.11,2.68,0.0,8.13,5.24,2734.35,127.58,174.07,174.07,43.94,-8.35,-53.32,0.0,0.0,3363905605791.0,0.5123,0.0,0.0,0.4487,0.0,18.98,0.0,0.0,0.0,22900,1509247008547
297090,씨에스베어링,-2.03,-0.83,0.0,0.52,-1.19,4.99,143.99,79.24,79.24,40.98,-7.69,-94.75,0.0,0.0,95558016880.0,0.7016,0.0,0.0,5.2069,0.0,1157.92,0.0,0.0,0.0,18250,497562189054
297570,아틀라스링크,21.95,13.35,0.0,18.97,14.97,69.56,64.43,905.76,905.76,60.82,43.12,58.71,0.0,0.0,36672802384.0,0.8919,0.0,0.0,2.7627,0.0,16.88,0.0,0.0,0.0,2925,101314729574
297890,HB솔루션,5.86,3.83,0.0,1.43,13.01,6.68,53.13,523.63,523.63,65.3,121.86,137.64,0.0,0.0,46773127251.0,0.2941,0.0,0.0,34.0974,0.0,2470.98,0.0,0.0,0.0,21800,1594842105263
298000,효성화학,14.04,2.3,0.0,6.06,2.87,1485.73,509.47,73.64,73.64,16.41,34.99,143.85,0.0,0.0,2452990221917.0,0.8026,0.0,0.0,0.4791,0.0,25.11,0.0,0.0,0.0,310000,1175327586206
298020,효성티앤씨,57.15,22.27,0.0,16.56,11.73,14236.51,156.66,115.82,115.82,38.96,66.54,434.08,0.0,0.0,8596030165373.0,1.8991,0.0,0.0,0.2623,0.0,3.52,0.0,0.0,0.0,521000,2254735583684
298040,효성중공업,7.38,1.9,0.0,3.88,2.47,1200.66,287.86,80.33,80.33,25.78,3.71,172.41,0.0,0.0,3094698644786.0,0.7693,0.0,0.0,0.1757,0.0,29.39,0.0,0.0,0.0,58300,543620445494
298050,HS효성첨단소재,45.74,11.35,0.0,12.16,9.17,4373.1,303.09,77.67,77.67,24.81,50.24,1178.37,0.0,0.0,3597777100369.0,1.2369,0.0,0.0,0.7421,0.0,11.11,0.0,0.0,0.0,596000,2670066740823
298060,풍전약품,-50.48,-41.67,0.0,-2767.18,-5126.47,-121.55,21.14,233.22,233.22,82.55,37.27,24.45,0.0,0.0,439262616.0,0.0081,0.0,0.0,426.6536,0.0,0.0,0.0,0.0,0.0,19450,187412955465
298380,에이비엘바이오,-77.85,-66.55,0.0,-980.96,-816.91,-523.05,16.98,519.66,519.66,85.49,-34.21,12.31,0.0,0.0,5332068943.0,0.0815,0.0,0.0,232.0537,0.0,0.0,0.0,0.0,0.0,22100,1237326409903
298540,더네이쳐홀딩스,26.49,15.42,0.0,18.6,15.74,688.98,71.77,172.11,172.11,58.22,26.3,26.46,0.0,0.0,370323448510.0,0.9795,0.0,0.0,1.158,0.0,8.52,0.0,0.0,0.0,29600,428836940836
298690,에어부산,-203.75,-26.34,0.0,-115.56,-150.68,-2039.64,673.56,31.29,31.29,12.93,-7.06,-8.1,0.0,0.0,176501762277.0,0.1748,0.0,0.0,2.0863,0.0,0.0,0.0,0.0,0.0,2260,368241872561
299030,하나기술,-4.2,-1.52,0.0,-4.39,-2.54,-49.62,176.77,176.69,176.69,36.13,28.35,-10.0,0.0,0.0,113001413089.0,0.5975,0.0,0.0,3.6023,0.0,0.0,0.0,0.0,0.0,50900,407067620286
299170,더블유에스아이,21.51,13.69,0.0,21.63,25.81,60.09,57.17,264.6,264.6,63.62,5.27,6.84,0.0,0.0,27775612551.0,0.5302,0.0,0.0,3.625,0.0,19.93,0.0,0.0,0.0,2425,100686000000
299660,셀리드,-33.72,-22.44,0.0,-1431.2,-1437.76,-130.11,50.3,1127.06,1127.06,66.53,0.0,-146.11,0.0,0.0,909090909.0,0.0156,0.0,0.0,1592.7036,0.0,0.0,0.0,0.0,0.0,49100,1447912408759
299900,위지윅스튜디오,-6.92,-4.93,0.0,-3.29,-15.19,-39.55,40.32,196.36,196.36,71.26,9.16,-313.85,0.0,0.0,120283764981.0,0.3247,0.0,0.0,0.0,0.0,0.0,0.0,0.0,0.0,39800,0
299910,애닉,737.23,-332.07,0.0,-97.1,-86.43,-441.22,-322.01,76.42,76.42,-45.04,-33.47,-30.11,0.0,0.0,45439137725.0,3.842,0.0,0.0,0.0,0.0,0.0,0.0,0.0,0.0,0,0
300080,플리토,-33.65,-20.71,0.0,-65.79,-61.9,-61.44,62.44,1385.36,1385.36,61.56,25.54,-80.15,0.0,0.0,9338274470.0,0.3346,0.0,0.0,86.6171,0.0,0.0,0.0,0.0,0.0,49000,808854282536
300120,라온피플,-11.88,-7.21,0.0,-34.44,-31.27,-68.03,64.82,1121.06,1121.06,60.67,31.31,-48.1,0.0,0.0,19751768258.0,0.2306,0.0,0.0,9.2832,0.0,0.0,0.0,0.0,0.0,18550,183359615384
300720,한일시멘트,5.9,3.63,0.0,9.47,6.76,1203.97,62.53,122.38,122.38,61.53,30.54,-9.34,0.0,0.0,1271853626333.0,0.5366,0.0,0.0,1.2143,0.0,20.4,0.0,0.0,0.0,21000,1544444444444
301300,바이브컴퍼니,-27.76,-9.51,0.0,-20.5,-21.28,-91.46,191.85,190.62,190.62,34.26,74.48,-172.74,0.0,0.0,44617204859.0,0.4469,0.0,0.0,15.8015,0.0,0.0,0.0,0.0,0.0,53600,705020103388
302430,이노메트리,7.21,5.72,0.0,5.41,8.32,25.15,25.91,255.28,255.28,79.42,124.25,156.73,0.0,0.0,46471488827.0,0.6875,0.0,0.0,3.2679,0.0,65.91,0.0,0.0,0.0,15450,151862195121
302550,리메드,2.88,0.97,0.0,5.56,3.73,11.23,195.8,889.7,889.7,33.81,21.42,-33.3,0.0,0.0,20195049000.0,0.2616,0.0,0.0,40.6441,0.0,776.3,0.0,0.0,0.0,26550,820809694793
303030,지니틱스,-0.35,-0.24,0.0,4.14,-0.27,16.07,44.19,314.54,314.54,69.35,-3.86,3.34,0.0,0.0,38833025056.0,0.8954,0.0,0.0,0.7586,0.0,26.6,0.0,0.0,0.0,3220,29457907542
303530,이노뎁,-2.17,-1.59,0.0,-2.52,-1.46,-15.14,36.56,329.69,329.69,73.23,-10.03,-126.86,0.0,0.0,60038612325.0,1.0855,0.0,0.0,3.2403,0.0,0.0,0.0,0.0,0.0,26500,194545454545
304100,솔트룩스,-9.43,-6.39,0.0,0.0,0.0,-38.78,47.46,205.02,205.02,67.81,0.0,-1190.76,0.0,0.0,0.0,0.0,0.0,0.0,0.0,0.0,0.0,0.0,0.0,0.0,16500,207766355140
304840,피플바이오,-25.99,-9.62,0.0,-1253.81,-856.37,-72.36,170.02,137.17,137.17,37.03,13.63,-58.87,0.0,0.0,577083506.0,0.0112,0.0,0.0,688.9397,0.0,0.0,0.0,0.0,0.0,16400,397575757575
305090,마이크로디지탈,-61.39,-21.65,0.0,-149.42,-177.21,-64.32,183.59,315.82,315.82,35.26,87.96,38.81,0.0,0.0,4304627977.0,0.1222,0.0,0.0,90.2221,0.0,0.0,0.0,0.0,0.0,20700,388372686662
306040,에스제이그룹,22.13,14.43,0.0,19.44,15.46,291.11,53.4,335.54,335.54,65.19,39.8,61.46,0.0,0.0,149730739502.0,0.9328,0.0,0.0,1.3394,0.0,8.81,0.0,0.0,0.0,21550,200544164037
306200,세아제강,13.45,7.44,0.0,8.81,6.1,1319.46,80.72,205.25,205.25,55.33,30.15,146.34,0.0,0.0,1497360775818.0,1.2192,0.0,0.0,0.1811,0.0,6.21,0.0,0.0,0.0,95600,271118848920
306620,지아이에스,-12.71,-6.05,0.0,-5.81,-8.94,-28.99,110.32,126.86,126.86,47.55,27.49,-303.31,0.0,0.0,49880481256.0,0.6759,0.0,0.0,3.9024,0.0,0.0,0.0,0.0,0.0,4060,194651743883
307180,아이엘,-49.8,-10.53,0.0,5.27,-15.78,25.65,372.68,84.4,84.4,21.16,177.08,149.91,0.0,0.0,48634791598.0,0.6675,0.0,0.0,5.0105,0.0,117.38,0.0,0.0,0.0,6600,243683274021
307280,원바이오젠,-2.48,-1.73,0.0,11.51,-3.72,20.4,43.23,210.02,210.02,69.82,47.46,-18.15,0.0,0.0,17720824355.0,0.4658,0.0,0.0,0.8124,0.0,12.69,0.0,0.0,0.0,2030,14396930533
307750,국전,4.86,3.77,0.0,7.19,4.73,61.35,28.67,351.98,351.98,77.72,5.87,5.94,0.0,0.0,85354220498.0,0.7978,0.0,0.0,6.9236,0.0,100.22,0.0,0.0,0.0,10950,590960088691
307870,비투엔,-9.74,-6.0,0.0,8.72,-6.86,22.47,62.29,543.42,543.42,61.62,3.65,-34.55,0.0,0.0,25775165233.0,0.8744,0.0,0.0,11.7126,0.0,139.4,0.0,0.0,0.0,4065,301893545683
307950,현대오토에버,5.19,3.04,0.0,4.64,3.45,961.06,70.53,203.92,203.92,58.64,32.5,10.7,0.0,0.0,2070382112277.0,0.8825,0.0,0.0,1.8279,0.0,49.47,0.0,0.0,0.0,138000,3784506761565
308080,바이젠셀,-10.6,-9.5,0.0,0.0,0.0,-131.36,11.53,654.83,654.83,89.66,0.0,-66.01,0.0,0.0,0.0,0.0,0.0,0.0,0.0,0.0,0.0,0.0,0.0,0.0,36850,755272727272
308100,형지글로벌,0.0,0.0,0.0,-5.81,0.0,-43.35,65.86,219.24,219.24,60.29,11.0,-157.54,0.0,0.0,74674920153.0,0.6433,0.0,0.0,3.6975,0.0,0.0,0.0,0.0,0.0,10650,276111111111
309930,조이웍스앤코,14.1,9.17,0.0,11.34,11.39,36.65,53.73,413.86,413.86,65.05,16.27,-8.59,0.0,0.0,32328893862.0,0.8058,0.0,0.0,2.8243,0.0,28.74,0.0,0.0,0.0,4750,91305555555
310200,애니플러스,46.08,21.02,0.0,26.53,43.44,130.09,119.27,412.57,412.57,45.6,208.68,1359.99,0.0,0.0,49036805412.0,0.4839,0.0,0.0,5.5338,0.0,25.1,0.0,0.0,0.0,5200,271359223300
310870,디와이씨,-2.97,-1.18,0.0,-0.49,-1.38,-4.3,150.98,142.77,142.77,39.84,11.85,-130.91,0.0,0.0,87268255843.0,0.8613,0.0,0.0,0.6773,0.0,0.0,0.0,0.0,0.0,2700,59107551487
311060,엘에이티,-29.67,-7.63,0.0,-10.39,-10.46,-9.76,288.95,126.79,126.79,25.71,-15.12,-250.26,0.0,0.0,9389326539.0,0.7295,0.0,0.0,0.0,0.0,0.0,0.0,0.0,0.0,4275,0
311320,지오엘리먼트,12.73,11.41,0.0,28.19,24.49,61.17,11.53,971.8,971.8,89.66,64.66,112.87,0.0,0.0,21701626166.0,0.4661,0.0,0.0,21.57,0.0,77.31,0.0,0.0,0.0,37100,468104460093
311390,네오크레마,4.3,3.5,0.0,4.58,6.0,13.69,23.04,391.56,391.56,81.27,0.22,8.7,0.0,0.0,29886729419.0,0.5827,0.0,0.0,6.9771,0.0,159.37,0.0,0.0,0.0,16500,208523622047
311690,CJ 바이오사이언스,-21.94,-16.56,0.0,-231.68,-441.72,-101.08,32.44,342.14,342.14,75.5,-17.86,-18.73,0.0,0.0,4363027299.0,0.0375,0.0,0.0,145.901,0.0,0.0,0.0,0.0,0.0,48700,636570024570
311960,인터로이드,5.14,3.31,0.0,13.21,10.54,11.12,55.35,182.6,182.6,64.37,49.66,30.6,0.0,0.0,8415717764.0,0.314,0.0,0.0,0.0,0.0,0.0,0.0,0.0,0.0,0,0
312610,에이에프더블류,-6.14,-5.99,0.0,-34.74,-59.41,-24.91,2.58,2761.15,2761.15,97.48,-36.64,-594.19,0.0,0.0,7169493344.0,0.1008,0.0,0.0,18.2218,0.0,0.0,0.0,0.0,0.0,6430,130641269841
313760,캐리,-0.82,-0.51,0.0,-3.51,-0.82,-12.66,61.68,196.13,196.13,61.85,-42.91,-1048.82,0.0,0.0,36106050652.0,0.6203,0.0,0.0,7.0471,0.0,0.0,0.0,0.0,0.0,22900,254444444444
314130,지놈앤컴퍼니,-31.75,-26.24,0.0,-7997.2,-7978.71,-360.87,21.0,832.28,832.28,82.64,199.67,-35.52,0.0,0.0,451245828.0,0.0033,0.0,0.0,4022.0533,0.0,0.0,0.0,0.0,0.0,34700,1814934753661
314930,바이오다인,-28.2,-23.69,0.0,-62.25,-288.5,-23.43,19.03,382.72,382.72,84.02,2.51,-28.26,0.0,0.0,3763250582.0,0.0821,0.0,0.0,264.2203,0.0,0.0,0.0,0.0,0.0,33400,994327027027
317120,라닉스,-13.81,-5.92,0.0,-24.23,-28.98,-22.33,133.36,1097.22,1097.22,42.85,0.96,-35.45,0.0,0.0,9214694242.0,0.2042,0.0,0.0,18.7692,0.0,0.0,0.0,0.0,0.0,11350,172952380952
317240,TS트릴리온,-45.92,-10.43,0.0,-15.32,-13.69,-76.4,340.14,56.66,56.66,22.72,-19.1,-308.7,0.0,0.0,49870571653.0,0.7621,0.0,0.0,0.4557,0.0,0.0,0.0,0.0,0.0,779,22726306913
317330,덕산테코피아,10.05,7.11,0.0,19.56,15.46,219.81,41.25,591.44,591.44,70.8,43.38,56.48,0.0,0.0,112383155917.0,0.46,0.0,0.0,5.62,0.0,31.98,0.0,0.0,0.0,30850,631592756836
317400,자이에스앤디,11.85,6.71,0.0,11.66,8.39,508.22,76.54,267.52,267.52,56.65,22.32,85.88,0.0,0.0,435730829464.0,0.8005,0.0,0.0,0.8233,0.0,11.7,0.0,0.0,0.0,9250,358727312013
317530,에피소드컴퍼니,-16.3,-11.83,0.0,-34.14,-30.08,-22.83,37.73,173.82,173.82,72.61,7.23,6.55,0.0,0.0,6686099596.0,0.3934,0.0,0.0,34.7942,0.0,0.0,0.0,0.0,0.0,13300,232637288135
317690,퀀타매트릭스,-31.02,-28.41,0.0,-3349.63,-3295.13,-184.15,9.21,2184.38,2184.38,91.57,-67.46,-24.17,0.0,0.0,549772571.0,0.0086,0.0,0.0,395.3504,0.0,0.0,0.0,0.0,0.0,10800,217352818371
317770,엑스페릭스,7.23,6.83,0.0,20.7,22.42,30.05,5.88,1766.17,1766.17,94.45,73.22,2340.41,0.0,0.0,14518263633.0,0.3046,0.0,0.0,42.7923,0.0,207.62,0.0,0.0,0.0,16950,621269387755
317830,에스피시스템스,-1.98,-0.89,0.0,-1.32,-1.69,-4.75,123.36,106.62,106.62,44.77,15.5,-203.5,0.0,0.0,35904071545.0,0.5254,0.0,0.0,3.0627,0.0,0.0,0.0,0.0,0.0,10200,109963636363
317850,대모,9.65,5.76,0.0,1.06,9.3,5.24,67.36,274.08,274.08,59.75,20.15,584.46,0.0,0.0,49539646760.0,0.6196,0.0,0.0,0.892,0.0,145.63,0.0,0.0,0.0,5310,44188754325
317860,노드메이슨,1.33,0.97,0.0,5.14,0.74,9.57,36.72,364.29,364.29,73.14,-4.31,-41.94,0.0,0.0,18631230346.0,1.3227,0.0,0.0,0.0,0.0,0.0,0.0,0.0,0.0,8100,0
317870,엔바이오니아,-12.8,-6.1,0.0,-8.64,-26.65,-7.67,109.77,165.91,165.91,47.67,8.31,22.47,0.0,0.0,8871109245.0,0.2289,0.0,0.0,11.5241,0.0,0.0,0.0,0.0,0.0,11550,102231638418
318000,KBG,12.67,9.53,0.0,21.65,14.72,58.9,32.87,564.04,564.04,75.26,37.47,72.63,0.0,0.0,27201365651.0,0.6476,0.0,0.0,2.769,0.0,14.55,0.0,0.0,0.0,8630,75321908127
318010,팜스빌,0.0,0.0,0.0,15.78,0.0,61.59,25.3,672.4,672.4,79.81,-0.97,43.02,0.0,0.0,39027506833.0,0.5252,0.0,0.0,2.78,0.0,20.05,0.0,0.0,0.0,13700,108496644295
318020,포인트모바일,-5.48,-3.33,0.0,0.54,-3.64,4.13,64.37,256.68,256.68,60.84,55.92,257.1,0.0,0.0,76307736704.0,0.9156,0.0,0.0,2.8616,0.0,607.1,0.0,0.0,0.0,17750,218358490566
318410,비비씨,4.87,3.88,0.0,8.47,9.47,31.17,25.5,358.36,358.36,79.68,-2.04,-69.47,0.0,0.0,36791403623.0,0.4096,0.0,0.0,2.1311,0.0,31.01,0.0,0.0,0.0,14100,78404545454
319400,현대무벡스,6.42,3.85,0.0,6.42,3.39,154.07,66.66,230.02,230.02,60.0,21.58,-6.93,0.0,0.0,240087700147.0,1.1369,0.0,0.0,1.4589,0.0,28.22,0.0,0.0,0.0,3145,350272702127
319660,피에스케이,26.54,18.57,0.0,21.1,17.21,940.85,42.96,289.0,289.0,69.95,67.77,198.18,0.0,0.0,445803726054.0,1.0787,0.0,0.0,3.4307,0.0,17.58,0.0,0.0,0.0,52800,1529422083007
320000,한울반도체,3.18,2.72,0.0,3.75,4.35,5.78,16.64,558.34,558.34,85.74,37.06,162.72,0.0,0.0,15405210799.0,0.6259,0.0,0.0,1.2098,0.0,38.33,0.0,0.0,0.0,2695,18636610169
321260,프로이천,-1.32,-1.11,0.0,5.77,-1.03,20.06,18.83,602.69,602.69,84.16,20.49,-24.46,0.0,0.0,34750746631.0,1.0808,0.0,0.0,2.5051,0.0,45.93,0.0,0.0,0.0,3090,87055160142
321550,티움바이오,-35.71,-28.36,0.0,0.0,0.0,-326.96,25.91,938.02,938.02,79.42,0.0,-145.77,0.0,0.0,0.0,0.0,0.0,0.0,0.0,0.0,0.0,0.0,0.0,0.0,19300,579908235294
321820,아티스트컴퍼니,-31.04,-12.81,0.0,-15.46,-22.45,-54.76,142.42,399.77,399.77,41.25,22.09,-35.76,0.0,0.0,35420948949.0,0.5705,0.0,0.0,8.1387,0.0,0.0,0.0,0.0,0.0,18500,288282208588
322000,HD현대에너지솔루션,-2.08,-1.1,0.0,1.6,-1.12,94.95,89.05,174.09,174.09,52.9,50.4,8.13,0.0,0.0,593163581874.0,0.9795,0.0,0.0,0.4041,0.0,55.29,0.0,0.0,0.0,21400,239686015460
322180,LS티라유텍,-44.85,-28.22,0.0,-20.07,-22.12,-78.93,58.93,134.77,134.77,62.92,13.59,-493.03,0.0,0.0,39326882182.0,1.2758,0.0,0.0,6.8296,0.0,0.0,0.0,0.0,0.0,12500,268585131894
322310,오로스테크놀로지,2.79,2.41,0.0,4.9,4.55,19.37,15.93,617.09,617.09,86.26,125.41,9.68,0.0,0.0,39530355925.0,0.529,0.0,0.0,7.4388,0.0,157.09,0.0,0.0,0.0,31400,294059678653
322510,제이엘케이,-31.63,-18.97,0.0,-196.1,-202.68,-74.24,66.73,559.84,559.84,59.98,-15.68,1.46,0.0,0.0,3786050431.0,0.0936,0.0,0.0,51.851,0.0,0.0,0.0,0.0,0.0,7630,196310323886
322780,코퍼스코리아,16.57,7.44,0.0,30.4,23.9,102.92,122.59,101.76,101.76,44.92,56.37,92.37,0.0,0.0,33859196914.0,0.3115,0.0,0.0,0.7936,0.0,8.43,0.0,0.0,0.0,2990,26871168831
323230,엠에프엠코리아,-55.38,-17.07,0.0,-13.44,-15.15,-155.19,224.42,190.26,190.26,30.82,17.54,-308.3,0.0,0.0,115427668518.0,1.1267,0.0,0.0,0.0,0.0,0.0,0.0,0.0,0.0,0,0
323990,박셀바이오,-15.83,-15.23,0.0,0.0,0.0,-59.04,3.98,7187.7,7187.7,96.18,0.0,-38.76,0.0,0.0,0.0,0.0,0.0,0.0,0.0,0.0,0.0,0.0,0.0,0.0,43400,1008873907615
326030,에스케이바이오팜,14.6,10.07,0.0,22.68,15.49,949.58,44.91,317.74,317.74,69.01,1510.23,139.65,0.0,0.0,418644529122.0,0.6504,0.0,0.0,18.1825,0.0,82.26,0.0,0.0,0.0,97200,7611995876288
327260,RF머트리얼즈,-0.88,-0.52,0.0,-0.07,-0.98,-0.28,69.06,237.62,237.62,59.15,107.38,95.51,0.0,0.0,37771227715.0,0.5298,0.0,0.0,7.0011,0.0,0.0,0.0,0.0,0.0,14700,264440000000
329180,HD현대중공업,-14.56,-5.4,0.0,-9.63,-9.8,-8002.63,169.55,111.88,111.88,37.1,-0.01,-2561.66,0.0,0.0,8311275924000.0,0.5512,0.0,0.0,1.2023,0.0,0.0,0.0,0.0,0.0,95200,9992314838709
330350,위더스제약,5.27,3.58,0.0,8.51,7.43,48.86,47.06,318.77,318.77,68.0,119.02,258.63,0.0,0.0,57418806107.0,0.4826,0.0,0.0,2.4126,0.0,36.15,0.0,0.0,0.0,10500,138530534351
330590,롯데리츠,1.6,0.77,0.0,58.32,32.76,327.66,108.48,8.43,8.43,47.97,15.5,12.86,0.0,0.0,56179895055.0,0.0234,0.0,0.0,28.5474,0.0,87.12,0.0,0.0,0.0,5550,1603787801778
330730,스톤브릿지벤처스,35.01,27.66,0.0,64.81,52.76,274.86,26.56,280.31,280.31,79.01,73.05,87.22,0.0,0.0,42411460417.0,0.5243,0.0,0.0,0.0,0.0,0.0,0.0,0.0,0.0,0,0
330860,네패스아크,12.24,5.89,0.0,23.57,21.54,269.19,107.73,101.2,101.2,48.14,68.34,211.11,0.0,0.0,114206894182.0,0.2735,0.0,0.0,5.3553,0.0,30.76,0.0,0.0,0.0,50200,611616406250
331380,포커스에이아이,-0.08,-0.04,0.0,8.54,-0.03,41.1,93.01,225.14,225.14,51.81,46.68,74.65,0.0,0.0,48150106982.0,1.4441,0.0,0.0,2.1865,0.0,29.52,0.0,0.0,0.0,2880,105277916875
331920,셀레믹스,-22.4,-19.47,0.0,-73.96,-64.79,-59.8,15.02,1134.22,1134.22,86.94,53.54,-22.18,0.0,0.0,8084278965.0,0.3006,0.0,0.0,21.2247,0.0,0.0,0.0,0.0,0.0,15350,171586457536
332370,아이디피,10.35,9.2,0.0,15.03,16.37,39.22,12.48,809.34,809.34,88.91,39.28,94.39,0.0,0.0,26092880717.0,0.562,0.0,0.0,3.9742,0.0,27.76,0.0,0.0,0.0,7810,103699444444
332570,PS일렉트로닉스,-8.85,-6.98,0.0,0.27,-12.72,1.6,26.76,542.97,542.97,78.89,60.63,104.31,0.0,0.0,60002097873.0,0.5489,0.0,0.0,5.5973,0.0,2247.22,0.0,0.0,0.0,7190,335849933949
332710,하나금융14호기업인수목적,-0.4,-0.35,0.0,0.0,0.0,-0.74,14.08,229647.83,229647.83,87.66,0.0,-129.11,0.0,0.0,0.0,0.0,0.0,0.0,0.0,0.0,0.0,0.0,0.0,0.0,0,0
333430,일승,-9.59,-6.67,0.0,6.8,-13.52,28.5,43.86,221.17,221.17,69.51,12.9,-39.49,0.0,0.0,41895287923.0,0.4931,0.0,0.0,1.9291,0.0,37.45,0.0,0.0,0.0,2630,80820982735
333620,엔시스,8.82,6.92,0.0,18.03,11.31,76.99,27.54,398.95,398.95,78.41,17.32,3.82,0.0,0.0,42688764598.0,0.6115,0.0,0.0,5.2401,0.0,31.01,0.0,0.0,0.0,20350,223694656488
334890,이지스밸류플러스리츠,0.0,0.0,0.0,0.0,0.0,0.0,0.51,642.3,642.3,99.49,0.0,0.0,0.0,0.0,0.0,0.0,0.0,0.0,0.0,0.0,0.0,0.0,0.0,0.0,5880,408313043478
334970,프레스티지바이오로직스,-36.86,-19.04,0.0,-831.68,-1220.33,-268.37,93.55,193.22,193.22,51.67,0.0,-18.74,0.0,0.0,3226838191.0,0.0156,0.0,0.0,231.3927,0.0,0.0,0.0,0.0,0.0,9600,746666666666
335810,프리시젼바이오,-10.83,-7.45,0.0,-26.87,-26.14,-42.69,45.28,1547.39,1547.39,68.83,82.93,-148.44,0.0,0.0,15887167812.0,0.2851,0.0,0.0,15.3292,0.0,0.0,0.0,0.0,0.0,11100,243538363982
335890,비올메디컬,16.73,14.84,0.0,29.46,24.15,54.12,12.76,858.04,858.04,88.69,51.16,58.49,0.0,0.0,18372722945.0,0.6145,0.0,0.0,0.0,0.0,0.0,0.0,0.0,0.0,0,0
336260,두산퓨얼셀,1.68,1.24,0.0,0.0,2.28,0.0,34.87,641.94,641.94,74.15,-17.41,0.0,0.0,0.0,381412347810.0,0.5458,0.0,0.0,8.2421,0.0,0.0,0.0,0.0,0.0,48000,3143654485049
336370,솔루스첨단소재,0.03,0.02,0.0,0.54,0.04,20.4,93.72,134.82,134.82,51.62,31.36,-93.29,0.0,0.0,381167016240.0,0.3768,0.0,0.0,16.4494,0.0,3313.11,0.0,0.0,0.0,89300,6269952559300
337930,젝시믹스,11.37,7.02,0.0,6.28,4.5,108.38,62.13,199.25,199.25,61.68,24.68,34.73,0.0,0.0,172653692453.0,1.5604,0.0,0.0,1.6664,0.0,30.46,0.0,0.0,0.0,9700,287703041144
338100,NH프라임리츠,4.11,4.1,0.0,93.33,93.41,38.71,0.27,1166.1,1166.1,99.73,52.75,93.14,0.0,0.0,4147810676.0,0.0439,0.0,0.0,21.4938,0.0,23.1,0.0,0.0,0.0,4780,89152269779
338220,뷰노,-86.56,-54.92,0.0,-792.42,-869.96,-178.13,57.61,315.88,315.88,63.45,78.8,-83.23,0.0,0.0,2247879936.0,0.0631,0.0,0.0,117.7711,0.0,0.0,0.0,0.0,0.0,18900,264735241502
339770,교촌에프앤비,16.6,11.72,0.0,8.07,5.88,409.62,41.67,137.46,137.46,70.59,13.4,-0.16,0.0,0.0,507628215445.0,1.9928,0.0,0.0,1.6342,0.0,22.08,0.0,0.0,0.0,16600,829566579634
339950,아이비김영,10.89,5.35,0.0,9.87,5.04,78.45,103.6,96.65,96.65,49.11,32.63,93.14,0.0,0.0,79442494615.0,1.0602,0.0,0.0,2.1865,0.0,27.0,0.0,0.0,0.0,3865,173699416342
340360,다보링크,-61.12,-28.45,0.0,0.38,-17.35,2.96,114.86,179.55,179.55,46.54,22.19,-91.25,0.0,0.0,77545506754.0,1.6399,0.0,0.0,1.5431,0.0,489.94,0.0,0.0,0.0,2300,119660460021
340440,세림B&G,-11.84,-7.06,0.0,4.41,-6.5,21.01,67.65,164.94,164.94,59.65,20.88,-12.44,0.0,0.0,47675469341.0,1.087,0.0,0.0,1.7543,0.0,48.22,0.0,0.0,0.0,2945,83638000000
340570,티앤엘,21.74,19.92,0.0,31.06,27.24,223.27,9.13,749.02,749.02,91.64,76.94,132.76,0.0,0.0,71895885464.0,0.7313,0.0,0.0,10.5719,0.0,34.41,0.0,0.0,0.0,47300,760077480314
340930,성원에너텍,-5.1,-2.66,0.0,-19.82,-8.04,-58.17,92.02,158.56,158.56,52.08,-50.26,-175.4,0.0,0.0,29355057248.0,0.3304,0.0,0.0,44.9204,0.0,0.0,0.0,0.0,0.0,19150,1318641439205
341160,하나금융15호기업인수목적,0.04,0.03,0.0,0.0,0.0,-0.18,16.76,0.0,0.0,85.64,0.0,25.15,0.0,0.0,0.0,0.0,0.0,0.0,0.0,0.0,0.0,0.0,0.0,0.0,0,0
343510,하나금융16호기업인수목적,-0.07,-0.06,0.0,0.0,0.0,-0.18,12.92,0.0,0.0,88.56,0.0,39.51,0.0,0.0,0.0,0.0,0.0,0.0,0.0,0.0,0.0,0.0,0.0,0.0,0,0
344820,케이씨씨글라스,8.44,6.24,0.0,13.65,9.97,1604.51,35.26,205.52,205.52,73.93,65.9,347.7,0.0,0.0,1175659965172.0,0.626,0.0,0.0,0.8138,0.0,9.01,0.0,0.0,0.0,59900,956739405940
347000,센코,6.81,3.92,0.0,9.57,10.42,26.4,73.7,837.63,837.63,57.57,37.09,124.46,0.0,0.0,27589913370.0,0.3764,0.0,0.0,22.5533,0.0,247.49,0.0,0.0,0.0,16450,622242940863
347700,스피어,-47.6,-18.67,0.0,-130.28,-134.12,-60.38,154.89,1169.39,1169.39,39.23,73.87,-65.07,0.0,0.0,4634373189.0,0.1392,0.0,0.0,106.5671,0.0,0.0,0.0,0.0,0.0,9580,493871809523
347740,피엔케이피부임상연구센타,11.56,10.87,0.0,36.95,41.71,64.61,6.38,1411.95,1411.95,94.0,19.15,-10.47,0.0,0.0,17487132739.0,0.2606,0.0,0.0,31.5032,0.0,85.89,0.0,0.0,0.0,18350,550900655021
347770,핌스,12.58,8.34,0.0,10.85,11.04,72.79,50.77,150.0,150.0,66.33,65.67,77.27,0.0,0.0,67113800410.0,0.7555,0.0,0.0,9.7367,0.0,93.89,0.0,0.0,0.0,28800,653470225872
347860,알체라,-83.77,-18.51,0.0,-111.4,-138.68,-111.4,352.63,1734.57,1734.57,22.09,118.84,-117.58,0.0,0.0,10000675139.0,0.1335,0.0,0.0,143.9117,0.0,0.0,0.0,0.0,0.0,34150,1439214390602
347890,엠엑스온,15.25,13.57,0.0,29.3,25.53,115.1,12.32,828.18,828.18,89.03,18.25,6.33,0.0,0.0,39286972303.0,0.5318,0.0,0.0,3.9672,0.0,14.24,0.0,0.0,0.0,9160,155859694989
348030,모비릭스,13.51,12.35,0.0,0.0,0.0,100.3,9.36,1314.19,1314.19,91.44,0.0,-2.23,0.0,0.0,0.0,0.0,0.0,0.0,0.0,0.0,23.67,0.0,0.0,0.0,24000,230481586402
348080,큐라티스,-242.57,-24.89,0.0,-1069.04,-1282.64,-169.82,874.65,214.56,214.56,10.26,1344.13,-28.58,0.0,0.0,1588548000.0,0.0194,0.0,0.0,0.0,0.0,0.0,0.0,0.0,0.0,0,0
348150,고바이오랩,-16.98,-14.61,0.0,-564.66,-531.63,-163.37,16.22,1441.79,1441.79,86.04,-36.98,-32.34,0.0,0.0,2893328683.0,0.0275,0.0,0.0,138.2726,0.0,0.0,0.0,0.0,0.0,20600,400068143100
348210,넥스틴,27.54,23.79,0.0,38.64,31.65,220.64,15.77,625.06,625.06,86.38,15.5,21.91,0.0,0.0,57108751854.0,0.7516,0.0,0.0,11.0433,0.0,29.05,0.0,0.0,0.0,60200,630666666666
348350,위드텍,10.97,8.7,0.0,12.91,15.95,88.15,26.11,405.14,405.14,79.3,22.82,-0.34,0.0,0.0,68307379198.0,0.5452,0.0,0.0,2.6759,0.0,23.68,0.0,0.0,0.0,18700,182784836065
348370,엔켐,-8.99,-4.78,0.0,-12.12,-9.08,-259.67,88.1,172.88,172.88,53.16,54.32,-307.32,0.0,0.0,214329713630.0,0.5261,0.0,0.0,10.1933,0.0,0.0,0.0,0.0,0.0,99700,2184730434782
348950,제이알글로벌리츠,2.11,0.9,0.0,52.05,36.77,240.82,133.85,651.36,651.36,42.76,-14.84,2.9,0.0,0.0,46271022113.0,0.0246,0.0,0.0,22.7361,0.0,88.48,0.0,0.0,0.0,5330,1052021150592
350520,이지스레지던스리츠,7.14,4.82,0.0,97.37,88.46,89.2,48.2,2734.75,2734.75,67.48,207.15,244.81,0.0,0.0,9160588948.0,0.0545,0.0,0.0,20.9992,0.0,27.7,0.0,0.0,0.0,5220,192365217391
351320,넥사다이내믹스,-24.19,-12.43,0.0,4.63,-18.5,17.51,94.63,212.6,212.6,51.38,4.69,-31.67,0.0,0.0,37855500675.0,0.6721,0.0,0.0,4.2617,0.0,107.76,0.0,0.0,0.0,5430,161327427597
351330,이삭엔지니어링,-10.2,-8.2,0.0,-7.87,-10.65,-33.87,24.33,336.77,336.77,80.43,-4.01,-163.94,0.0,0.0,43047122495.0,0.7705,0.0,0.0,2.5494,0.0,0.0,0.0,0.0,0.0,13250,109743767313
352480,씨앤씨인터내셔널,-5.01,-3.7,0.0,2.47,-6.47,22.52,35.47,211.31,211.31,73.82,1.88,-84.32,0.0,0.0,91293592207.0,0.5715,0.0,0.0,2.7398,0.0,129.63,0.0,0.0,0.0,18350,250124615384
352700,씨앤투스,28.64,23.43,0.0,32.96,27.1,563.17,22.26,386.91,386.91,81.79,8.2,-18.0,0.0,0.0,170875361674.0,0.8646,0.0,0.0,1.1791,0.0,4.22,0.0,0.0,0.0,7670,201472535211
352770,셀레스트라,27.05,15.45,0.0,41.36,28.6,229.24,75.02,189.75,189.75,57.14,464.42,287.0,0.0,0.0,55426003735.0,0.5403,0.0,0.0,0.5959,0.0,3.36,0.0,0.0,0.0,12750,33028571428
352820,하이브,4.88,2.98,0.0,15.15,11.21,1902.48,63.82,341.47,341.47,61.04,57.72,30.74,0.0,0.0,1255926483000.0,0.2656,0.0,0.0,11.9787,0.0,88.76,0.0,0.0,0.0,349000,15044351170568
352910,오비고,-21.44,-17.03,0.0,0.0,0.0,-60.71,25.9,955.95,955.95,79.43,0.0,-528.1,0.0,0.0,0.0,0.0,0.0,0.0,0.0,0.0,0.0,0.0,0.0,0.0,19000,240258064516
352940,인바이오,10.51,5.79,0.0,3.35,15.67,11.22,81.52,184.91,184.91,55.09,-3.17,-72.61,0.0,0.0,33466014504.0,0.3694,0.0,0.0,2.5775,0.0,113.17,0.0,0.0,0.0,7950,86257500000
353190,휴럼,-20.88,-15.7,0.0,1.83,-10.53,12.64,32.93,372.53,372.53,75.23,-10.02,-83.02,0.0,0.0,69077004663.0,1.492,0.0,0.0,0.1947,0.0,19.72,0.0,0.0,0.0,1705,13452293577
353200,대덕전자,9.24,6.7,0.0,7.24,6.3,724.67,38.0,204.39,204.39,72.46,63.84,721.5,0.0,0.0,1000931518781.0,1.0637,0.0,0.0,1.2293,0.0,20.56,0.0,0.0,0.0,24900,1230484205856
353590,오토앤,10.7,4.32,0.0,5.84,3.48,29.4,147.49,146.28,146.28,40.4,1.81,-38.02,0.0,0.0,50341205173.0,1.2429,0.0,0.0,0.0,0.0,0.0,0.0,0.0,0.0,0,0
353810,이지바이오,23.87,9.21,0.0,12.96,8.37,167.79,159.16,102.59,102.59,38.59,46.91,10.41,0.0,0.0,129457805008.0,1.1,0.0,0.0,1.2097,0.0,13.64,0.0,0.0,0.0,4735,156608565153
354200,엔젠바이오,-24.8,-19.22,0.0,-121.9,-117.7,-87.32,29.03,339.85,339.85,77.5,188.92,-43.05,0.0,0.0,7163197293.0,0.1633,0.0,0.0,20.2144,0.0,0.0,0.0,0.0,0.0,16200,144799566630
356860,티엘비,14.91,9.93,0.0,7.51,6.97,133.8,50.18,194.28,194.28,66.59,-3.27,-11.72,0.0,0.0,178099830441.0,1.4249,0.0,0.0,5.4166,0.0,75.22,0.0,0.0,0.0,40700,964686904761
356890,싸이버원,7.35,6.55,0.0,7.62,8.9,16.9,12.34,699.47,699.47,89.02,7.7,-22.45,0.0,0.0,22185766040.0,0.7357,0.0,0.0,7.2593,0.0,97.24,0.0,0.0,0.0,13450,161053648068
357120,코람코라이프인프라리츠,5.6,2.05,0.0,74.83,49.4,306.7,173.22,485.08,485.08,36.6,69.15,61.97,0.0,0.0,40987464527.0,0.0415,0.0,0.0,15.4129,0.0,41.01,0.0,0.0,0.0,6490,631734441805
357230,에이치피오,12.15,10.55,0.0,14.33,11.98,228.41,15.17,458.68,458.68,86.83,11.66,-11.02,0.0,0.0,159434998431.0,0.8805,0.0,0.0,3.5216,0.0,25.63,0.0,0.0,0.0,13600,561467889908
357250,미래에셋맵스리츠,0.63,0.2,0.0,52.87,9.99,30.88,214.3,259.12,259.12,31.82,0.96,-15.85,0.0,0.0,5841383961.0,0.0199,0.0,0.0,20.9489,0.0,104.41,0.0,0.0,0.0,4900,122370370370
357550,석경에이티,13.03,11.67,0.0,32.06,34.24,29.04,11.66,964.5,964.5,89.56,34.76,100.64,0.0,0.0,9059662646.0,0.3407,0.0,0.0,10.7464,0.0,34.48,0.0,0.0,0.0,17850,97358925979
357580,아모센스,-21.88,-9.73,0.0,-5.54,-13.06,-31.44,124.92,136.15,136.15,44.46,30.15,69.24,0.0,0.0,56759468520.0,0.7448,0.0,0.0,4.499,0.0,0.0,0.0,0.0,0.0,21650,255358974358
357780,솔브레인,23.34,18.34,0.0,0.0,14.87,0.0,27.26,253.3,253.3,78.58,117.82,0.0,0.0,0.0,1023913370455.0,1.2337,0.0,0.0,2.1158,0.0,0.0,0.0,0.0,0.0,278500,2166364087591
357880,SKAI,3.49,3.31,0.0,7.21,7.1,11.83,5.5,2105.55,2105.55,94.79,41.8,237.66,0.0,0.0,16414865507.0,0.4657,0.0,0.0,50.17,0.0,697.79,0.0,0.0,0.0,15200,823534391534
359090,씨엔알리서치,-10.84,-4.64,0.0,13.47,-7.65,58.13,133.9,97.52,97.52,42.75,26.51,17.77,0.0,0.0,43171233227.0,0.6057,0.0,0.0,0.5496,0.0,11.1,0.0,0.0,0.0,2065,23727295534
361390,제노코,18.73,9.26,0.0,9.39,12.8,42.85,102.32,175.4,175.4,49.43,33.88,71.47,0.0,0.0,45639344424.0,0.7229,0.0,0.0,6.2283,0.0,73.79,0.0,0.0,0.0,29200,284255850234
361570,알비더블유,13.79,7.51,0.0,16.06,12.82,95.78,83.49,100.76,100.76,54.5,59.94,25.58,0.0,0.0,59620243030.0,0.586,0.0,0.0,13.1164,0.0,86.48,0.0,0.0,0.0,27200,782000000000
361610,SK아이이테크놀로지,4.3,2.99,0.0,14.77,15.79,891.76,43.69,247.41,247.41,69.59,28.65,-28.78,0.0,0.0,603767421000.0,0.1896,0.0,0.0,22.7569,0.0,164.94,0.0,0.0,0.0,168000,13739888820259
361670,삼영에스앤씨,-5.55,-4.96,0.0,-4.64,-11.53,-5.82,11.76,1305.04,1305.04,89.48,-7.61,-419.22,0.0,0.0,12525690131.0,0.4302,0.0,0.0,5.9617,0.0,0.0,0.0,0.0,0.0,13150,74674515235
363250,진시스템,8.06,7.01,0.0,17.12,26.83,22.66,14.91,1570.18,1570.18,87.03,-0.16,-31.53,0.0,0.0,13236859527.0,0.2613,0.0,0.0,7.3654,0.0,45.92,0.0,0.0,0.0,11450,97495049504
363260,모비데이즈,-0.27,-0.24,0.0,0.0,0.0,-0.69,15.34,72742.39,72742.39,86.7,0.0,-245.8,0.0,0.0,0.0,0.0,0.0,0.0,0.0,0.0,0.0,0.0,0.0,0.0,2810,90496724890
363280,티와이홀딩스,11.14,7.44,0.0,3.81,53.72,112.35,49.77,52.54,52.54,66.77,217.78,599.28,0.0,0.0,295210018480.0,0.1385,0.0,0.0,4.346,0.0,177.26,0.0,0.0,0.0,28200,1282992366412
365270,큐라클,-12.14,-10.19,0.0,0.0,0.0,-68.7,19.11,1951.07,1951.07,83.96,0.0,12.52,0.0,0.0,0.0,0.0,0.0,0.0,0.0,0.0,0.0,0.0,0.0,0.0,22650,501781309297
365550,ESR켄달스퀘어리츠,1.35,0.66,0.0,49.0,31.55,147.3,104.89,74.68,74.68,48.81,26.79,81.78,0.0,0.0,30062669527.0,0.0208,0.0,0.0,51.8146,0.0,155.9,0.0,0.0,0.0,6330,1557686400000
365900,브이씨,21.62,11.92,0.0,15.69,13.13,84.19,81.47,340.3,340.3,55.11,31.71,29.92,0.0,0.0,53670328596.0,0.9078,0.0,0.0,0.0,0.0,0.0,0.0,0.0,0.0,0,0
366030,나인앤컴퍼니,32.32,27.78,0.0,21.82,18.52,103.27,16.34,461.66,461.66,85.95,44.78,91.98,0.0,0.0,47319807509.0,1.4998,0.0,0.0,0.0,0.0,0.0,0.0,0.0,0.0,0,0
367000,플래티어,9.59,7.99,0.0,9.89,9.96,41.43,20.03,538.7,538.7,83.31,6.39,13.92,0.0,0.0,41893366448.0,0.8022,0.0,0.0,4.4103,0.0,46.7,0.0,0.0,0.0,22000,184761904761
369370,블리츠웨이엔터테인먼트,-67.69,-53.68,0.0,19.32,-69.62,30.63,26.1,634.3,634.3,79.3,24.86,-5.56,0.0,0.0,15850396278.0,0.771,0.0,0.0,3.0706,0.0,17.28,0.0,0.0,0.0,4880,48670557029
370090,퓨런티어,20.66,15.0,0.0,5.5,11.92,12.2,37.76,310.96,310.96,72.59,47.01,181.18,0.0,0.0,22171955626.0,1.2589,0.0,0.0,0.0,0.0,0.0,0.0,0.0,0.0,0,0
371950,풍원정밀,9.92,4.29,0.0,7.3,6.78,30.62,131.43,56.48,56.48,43.21,13.03,407.81,0.0,0.0,41953096064.0,0.6325,0.0,0.0,0.0,0.0,0.0,0.0,0.0,0.0,0,0
372290,하나머스트7호기업인수목적,-0.05,-0.05,0.0,0.0,0.0,-0.15,9.81,0.0,0.0,91.07,0.0,-350.47,0.0,0.0,0.0,0.0,0.0,0.0,0.0,0.0,0.0,0.0,0.0,0.0,0,0
372800,아이티아이즈,-8.67,-5.31,0.0,-3.77,-3.9,-25.23,63.28,297.9,297.9,61.25,30.38,-182.64,0.0,0.0,66921953542.0,1.3618,0.0,0.0,2.5595,0.0,0.0,0.0,0.0,0.0,24300,171288364249
372910,한컴라이프케어,4.14,2.26,0.0,3.95,3.99,47.87,83.3,119.86,119.86,54.56,-20.22,-87.64,0.0,0.0,121140356659.0,0.5657,0.0,0.0,2.0267,0.0,71.62,0.0,0.0,0.0,8870,245513193322
373200,엑스플러스,-0.97,-0.82,0.0,0.0,0.0,-0.86,18.0,0.0,0.0,84.75,0.0,-616.31,0.0,0.0,0.0,0.0,0.0,0.0,0.0,0.0,0.0,0.0,0.0,0.0,2375,59514377934
376180,피코그램,9.21,5.0,0.0,12.3,9.5,32.52,84.19,93.92,93.92,54.29,8.9,9.26,0.0,0.0,26431821057.0,0.5261,0.0,0.0,15.2942,0.0,131.39,0.0,0.0,0.0,21750,404253926701
376190,엘비루셈,9.88,7.86,0.0,8.32,8.02,193.9,25.68,342.41,342.41,79.57,11.07,-6.64,0.0,0.0,232984900905.0,0.9801,0.0,0.0,0.0,0.0,0.0,0.0,0.0,0.0,0,0
376270,HEM파마,-51.31,-40.43,0.0,-589.84,-587.92,-109.55,26.91,1075.03,1075.03,78.8,185.67,-119.34,0.0,0.0,1857259307.0,0.0688,0.0,0.0,0.0,0.0,0.0,0.0,0.0,0.0,0,0
376290,씨유테크,15.08,11.19,0.0,7.54,5.8,198.96,34.78,390.53,390.53,74.2,19.01,23.64,0.0,0.0,263845323563.0,1.9288,0.0,0.0,0.473,0.0,8.05,0.0,0.0,0.0,7070,124807142857
376300,디어유,-20.42,-18.89,0.0,33.1,-63.08,132.41,8.08,1145.59,1145.59,92.53,206.57,3016.47,0.0,0.0,40000767156.0,0.2995,0.0,0.0,48.6051,0.0,147.59,0.0,0.0,0.0,81900,1944242456896
376930,노을,-663.06,-61.69,0.0,-775.29,-834.61,-114.38,974.9,96.42,96.42,9.3,399.66,-57.42,0.0,0.0,1475308837.0,0.0739,0.0,0.0,0.0,0.0,0.0,0.0,0.0,0.0,0,0
376980,원티드랩,9.1,6.59,0.0,0.0,0.0,60.7,38.11,632.71,632.71,72.41,0.0,215.81,0.0,0.0,0.0,0.0,0.0,0.0,0.0,0.0,62.17,0.0,0.0,0.0,37350,364737536656
377030,비트맥스,-27.81,-23.27,0.0,-181.57,-182.46,-42.98,19.49,855.28,855.28,83.69,19.4,-70.88,0.0,0.0,2367271535.0,0.1276,0.0,0.0,413.094,0.0,0.0,0.0,0.0,0.0,68300,977905670971
377190,디앤디플랫폼리츠,0.76,0.33,0.0,0.0,0.0,50.86,131.67,392.28,392.28,43.16,0.0,-39.56,0.0,0.0,0.0,0.0,0.0,0.0,0.0,0.0,179.03,0.0,0.0,0.0,5400,477409090909
377220,프롬바이오,13.36,11.7,0.0,8.46,8.35,114.24,14.2,615.83,615.83,87.57,25.04,-45.74,0.0,0.0,135103272421.0,1.4013,0.0,0.0,0.4579,0.0,6.46,0.0,0.0,0.0,10900,61864864864
377300,카카오페이,-1.89,-0.99,0.0,0.0,0.0,-272.27,91.17,271.42,271.42,52.31,0.0,-52.03,0.0,0.0,0.0,0.0,0.0,0.0,0.0,0.0,0.0,0.0,0.0,0.0,174500,23605022604951
377450,리파인,12.52,11.47,0.0,0.0,0.0,210.06,9.12,1434.3,1434.3,91.64,0.0,3.82,0.0,0.0,0.0,0.0,0.0,0.0,0.0,0.0,12.43,0.0,0.0,0.0,14350,248698982645
377480,마음AI,4.96,4.18,0.0,-81.88,17.94,-67.5,18.69,887.71,887.71,84.25,-17.67,-130.67,0.0,0.0,8244246526.0,0.233,0.0,0.0,26.9424,0.0,0.0,0.0,0.0,0.0,31250,222120098039
378850,화승알앤에이,9.44,1.42,0.0,1.61,1.13,81.3,566.83,63.56,63.56,15.0,0.0,0.0,0.0,0.0,505757693153.0,1.2579,0.0,0.0,0.1931,0.0,54.06,0.0,0.0,0.0,5140,97677076411
381970,케이카,16.98,8.5,0.0,3.74,2.46,711.09,99.67,144.51,144.51,50.08,43.78,88.63,0.0,0.0,1902394224458.0,3.4587,0.0,0.0,0.8751,0.0,27.27,0.0,0.0,0.0,34100,1664850863422
382480,지아이텍,8.19,6.71,0.0,21.76,21.94,42.53,22.08,695.12,695.12,81.91,13.7,-19.59,0.0,0.0,19543532232.0,0.3057,0.0,0.0,46.414,0.0,216.0,0.0,0.0,0.0,23050,907092739475
382800,지앤비에스 에코,18.48,15.22,0.0,20.38,19.84,106.2,21.37,663.32,663.32,82.4,22.93,45.29,0.0,0.0,52112857344.0,0.7675,0.0,0.0,12.2483,0.0,61.23,0.0,0.0,0.0,20050,638295880149
382840,원준,6.98,4.58,0.0,19.89,10.81,123.48,52.27,268.73,268.73,65.67,-3.03,398.89,0.0,0.0,62091186942.0,0.4242,0.0,0.0,24.77,0.0,128.63,0.0,0.0,0.0,100700,1537998116760
383220,F&F,42.37,20.23,0.0,29.63,21.29,3226.84,109.43,103.61,103.61,47.75,0.0,0.0,0.0,0.0,1089172086930.0,0.95,0.0,0.0,33.2359,0.0,114.04,0.0,0.0,0.0,945000,36199573991031
383310,에코프로에이치엔,18.3,8.91,0.0,15.27,12.64,138.77,105.5,145.05,145.05,48.66,0.0,0.0,0.0,0.0,90904348393.0,0.7048,0.0,0.0,17.8124,0.0,121.46,0.0,0.0,0.0,77200,1619220512820
383800,LX홀딩스,10.1,9.9,0.0,79.21,76.89,1471.84,1.97,1358.76,1358.76,98.07,0.0,0.0,0.0,0.0,185812000000.0,0.1288,0.0,0.0,4.1054,0.0,5.37,0.0,0.0,0.0,10000,762836185819
388050,지투파워,3.01,2.03,0.0,7.94,1.44,29.68,48.14,255.23,255.23,67.5,28.28,-0.73,0.0,0.0,37374927594.0,1.4067,0.0,0.0,0.0,0.0,0.0,0.0,0.0,0.0,0,0
388220,하나금융19호기업인수목적,0.01,0.01,0.0,0.0,0.0,-0.1,15.27,0.0,0.0,86.76,0.0,0.0,0.0,0.0,0.0,0.0,0.0,0.0,0.0,0.0,0.0,0.0,0.0,0.0,0,0
388720,유일로보틱스,18.45,10.13,0.0,9.13,11.02,31.96,82.14,178.88,178.88,54.9,21.45,18.13,0.0,0.0,34988701763.0,0.9194,0.0,0.0,0.0,0.0,0.0,0.0,0.0,0.0,0,0
389030,지니너스,-17.38,-15.53,0.0,-93.69,-110.88,-76.21,11.86,890.25,890.25,89.4,114.37,-102.42,0.0,0.0,8134300266.0,0.1401,0.0,0.0,61.7721,0.0,0.0,0.0,0.0,0.0,12750,502472812014
395400,SK리츠,1.13,0.47,0.0,81.83,47.23,152.03,142.63,626.53,626.53,41.22,8.72,12.72,0.0,0.0,18579453134.0,0.0099,0.0,0.0,99.8048,0.0,194.82,0.0,0.0,0.0,6160,1854317948717
396300,세아메카닉스,15.61,11.54,0.0,5.07,5.92,53.11,35.23,199.03,199.03,73.95,26.73,6.91,0.0,0.0,104796480868.0,1.9508,0.0,0.0,0.0,0.0,0.0,0.0,0.0,0.0,0,0
400560,하나금융20호기업인수목적,-0.1,-0.09,0.0,0.0,0.0,-0.05,15.17,0.0,0.0,86.82,0.0,0.0,0.0,0.0,0.0,0.0,0.0,0.0,0.0,0.0,0.0,0.0,0.0,0.0,2885,0
400760,NH올원리츠,0.0,0.0,0.0,59.46,0.0,100.75,158.29,513.09,513.09,38.72,4.36,14.84,0.0,0.0,16943224423.0,0.0328,0.0,0.0,16.8262,0.0,59.76,0.0,0.0,0.0,5190,285089583333
404990,신한서부티엔디리츠,0.61,0.28,0.0,53.52,15.62,56.64,118.02,331.59,331.59,45.87,10.39,59.27,0.0,0.0,10582768613.0,0.0179,0.0,0.0,29.1141,0.0,111.03,0.0,0.0,0.0,5000,308108108108
406760,하나금융21호기업인수목적,-1.01,-0.54,0.0,0.0,0.0,-0.14,86.86,70033.22,70033.22,53.52,0.0,0.0,0.0,0.0,0.0,0.0,0.0,0.0,0.0,0.0,0.0,0.0,0.0,0.0,0,0
900070,글로벌에스엠,3.22,2.35,0.0,7.43,2.77,0.5,37.25,389.15,389.15,72.86,15.0,78.42,0.0,0.0,667561818.0,0.8465,0.0,0.0,40.2733,0.0,546.12,0.0,0.0,0.0,1000,26884920634
900100,파이온엑스,9.38,7.18,0.0,1.89,6.08,0.01,30.57,303.53,303.53,76.59,13.63,220.73,0.0,0.0,71406175.0,1.1822,0.0,0.0,263.6565,0.0,13968.24,0.0,0.0,0.0,3585,18826699834
900110,딥커머스,1.12,1.08,0.0,8.84,5.14,0.25,4.47,2571.55,2571.55,95.72,30.45,926.75,0.0,0.0,286588297.0,0.2094,0.0,0.0,9.3744,0.0,108.31,0.0,0.0,0.0,146,2686594504
900120,씨엑스아이,1.39,1.35,0.0,4.33,4.86,0.26,3.46,500.65,500.65,96.65,63.42,107.24,0.0,0.0,609727667.0,0.277,0.0,0.0,6.8751,0.0,161.56,0.0,0.0,0.0,252,4191923076
900140,엘브이엠씨,-4.69,-3.07,0.0,-7.11,-9.56,-0.13,52.86,115.69,115.69,65.42,-22.96,-2347.07,0.0,0.0,179008457.0,0.3208,0.0,0.0,3929.6716,0.0,0.0,0.0,0.0,0.0,3640,703444444444
900250,크리스탈신소재,3.04,2.89,0.0,23.75,15.73,0.83,5.14,1274.41,1274.41,95.11,-33.95,-54.17,0.0,0.0,351118416.0,0.1836,0.0,0.0,136.6199,0.0,576.33,0.0,0.0,0.0,1340,47969747899
900260,로스웰,-2.62,-1.94,0.0,-8.37,-17.78,-0.14,34.76,351.78,351.78,74.2,-50.99,32.88,0.0,0.0,166077166.0,0.1092,0.0,0.0,96.1119,0.0,0.0,0.0,0.0,0.0,347,15962000000
900270,헝셩그룹,0.2,0.17,0.0,2.42,0.5,0.17,19.18,528.81,528.81,83.91,-18.22,-43.13,0.0,0.0,686721451.0,0.34,0.0,0.0,3.1642,0.0,150.03,0.0,0.0,0.0,425,2172932330
900280,케이만금세기차륜집단유한공사,5.72,5.13,0.0,21.93,13.39,1.45,11.42,701.22,701.22,89.75,-12.18,-16.39,0.0,0.0,659933642.0,0.383,0.0,0.0,0.0,0.0,0.0,0.0,0.0,0.0,0,0
900290,GRT,6.94,5.34,0.0,15.41,12.01,3.3,30.08,389.28,389.28,76.87,6.1,-17.27,0.0,0.0,2144140338.0,0.4445,0.0,0.0,48.1039,0.0,315.56,0.0,0.0,0.0,1235,103141567695
900300,오가닉티코스메틱,2.07,1.86,0.0,6.25,2.93,0.95,11.62,1079.36,1079.36,89.59,-13.8,17.64,0.0,0.0,1524539260.0,0.6348,0.0,0.0,7.9466,0.0,129.77,0.0,0.0,0.0,589,12114976303
900310,컬러레이,11.2,10.16,0.0,51.91,42.98,1.65,10.18,805.78,805.78,90.76,-26.32,-5.28,0.0,0.0,317950372.0,0.2364,0.0,0.0,56.8442,0.0,110.26,0.0,0.0,0.0,1410,18073636363
900340,윙입푸드,12.73,10.16,0.0,14.37,12.38,1.24,25.23,322.59,322.59,79.85,13.28,22.74,0.0,0.0,864804396.0,0.821,0.0,0.0,16.4012,0.0,115.86,0.0,0.0,0.0,1125,14183808891
950110,SBI핀테크솔루션즈,16.17,2.0,0.0,14.93,7.8,13.84,709.26,121.18,121.18,12.36,12.31,24.32,0.0,0.0,9265637000.0,0.2561,0.0,0.0,0.0,0.0,0.0,0.0,0.0,0.0,0,0
950130,엑세스바이오,67.89,44.55,0.0,51.5,37.63,2.27,52.39,237.39,237.39,65.62,327.63,290.39,0.0,0.0,441369161.0,1.1838,0.0,0.0,1275.1266,0.0,2476.62,0.0,0.0,0.0,16000,562801556420
950140,잉글우드랩,19.19,12.12,0.0,10.54,9.33,0.15,58.34,314.4,314.4,63.15,20.89,122.13,0.0,0.0,140522222.0,1.2996,0.0,0.0,1215.8638,0.0,11537.02,0.0,0.0,0.0,8600,170855875831
950160,코오롱티슈진,-126.97,-79.92,0.0,-1171.65,-1183.31,-0.41,58.87,269.15,269.15,62.94,16.08,-16.38,0.0,0.0,3497973.0,0.0675,0.0,0.0,194576.3165,0.0,0.0,0.0,0.0,0.0,8010,680622701475
950170,JTC,-84.7,-27.92,0.0,-574.19,-611.44,-94.59,203.42,251.56,251.56,32.96,-96.82,-1361.33,0.0,0.0,1647418085.0,0.0457,0.0,0.0,128.9524,0.0,0.0,0.0,0.0,0.0,4105,212438479262
950180,에스앤케이,-4.57,-4.11,0.0,-10.8,-15.85,-7.14,11.34,982.6,982.6,89.81,-14.73,-134.09,0.0,0.0,6612289204.0,0.259,0.0,0.0,0.0,0.0,0.0,0.0,0.0,0.0,0,0
950190,고스트스튜디오,25.98,23.7,0.0,38.86,32.16,2.49,9.61,1129.63,1129.63,91.23,-13.6,-19.98,0.0,0.0,641496219.0,0.7369,0.0,0.0,476.0166,0.0,1225.21,0.0,0.0,0.0,23450,305362823061
950200,소마젠,-21.42,-14.77,0.0,-27.05,-24.7,-0.07,45.08,273.73,273.73,68.93,55.12,22.38,0.0,0.0,24983530.0,0.5979,0.0,0.0,6840.2128,0.0,0.0,0.0,0.0,0.0,8890,170892661870
950210,프레스티지바이오파마,-1.28,-1.22,0.0,0.0,0.0,-0.16,5.08,3274.39,3274.39,95.17,0.0,-77.97,0.0,0.0,0.0,0.0,0.0,0.0,0.0,0.0,0.0,0.0,0.0,0.0,20850,1252924615384
950220,네오이뮨텍,-33.55,-29.07,0.0,0.0,0.0,-0.45,15.42,816.82,816.82,86.64,0.0,-71.16,0.0,0.0,0.0,0.0,0.0,0.0,0.0,0.0,0.0,0.0,0.0,0.0,10350,354089820359
